{"file_name": "./NewsDiscourseData/json_annotations/train/Business/Anyt_corpus_data_2007_01_19_1819828.json", "sentences": [{"sentence_index": "title", "sentence_text": "From Ethics Overseer to Hedge Fund Boss", "sentence_label": "title"}, {"sentence_index": 1, "sentence_text": "As the court-appointed guardian and self-described fixer of some of America's most wayward companies, Richard C. Breeden, the former top securities regulator, is considered a pillar of corporate ethics and governance.", "sentence_label": "Distant_Evaluation"}, {"sentence_index": 2, "sentence_text": "Now he trying to become another paragon -- that of savvy investor in troubled companies.", "sentence_label": "Main"}, {"sentence_index": 3, "sentence_text": "And in the coming months he will face his first major test: taking on the Applebee's International restaurant chain in a proxy fight.", "sentence_label": "Distant_Expectations_Consequences"}, {"sentence_index": 4, "sentence_text": "Mr. Breeden's fledgling advocacy hedge fund, Breeden Partners, which owns a 5.2 percent stake in Applebee's, began its battle last month, when Mr. Breeden nominated four close friends to its board.", "sentence_label": "Cause_General"}, {"sentence_index": 5, "sentence_text": "Hedge funds, the lucrative private investment pools for institutions like endowments and pensions, and for the wealthy, are nearly always managed by former Wall Street traders or money managers.", "sentence_label": "Distant_Evaluation"}, {"sentence_index": 6, "sentence_text": "Mr. Breeden -- a Harvard-trained securities lawyer -- has no investing experience.", "sentence_label": "Cause_General"}, {"sentence_index": 7, "sentence_text": "But he is seeking to bring his knowledge of securities laws and corporate governance into investing in underperforming companies.", "sentence_label": "Main"}, {"sentence_index": 8, "sentence_text": "Some in the business are skeptical.", "sentence_label": "Distant_Evaluation"}, {"sentence_index": 9, "sentence_text": "''I guess I wonder, how does a guy with no investment management experience run a hedge fund?''", "sentence_label": "Distant_Evaluation"}, {"sentence_index": 10, "sentence_text": "asked Philip Goldstein of Bulldog Investors, which runs hedge funds similar in style and intent to that of Mr. Breeden.", "sentence_label": "Distant_Evaluation"}, {"sentence_index": 11, "sentence_text": "''You get the guys leaving Goldman Sachs and raising $2 billion, but this is even more astonishing -- he doesn't have a track record.''", "sentence_label": "Distant_Evaluation"}, {"sentence_index": 12, "sentence_text": "Mr. Goldstein added that ''it's kind of like starting at the top -- you'd think you'd want to work at a hedge fund for a while.''", "sentence_label": "Distant_Evaluation"}, {"sentence_index": 13, "sentence_text": "But what Mr. Breeden may lack in investing experience, he makes up for in other ways, according to his friends, who cite his hard-driving nature, his intellect, his attention to detail and his decisiveness, if marred at times by a divalike attitude.", "sentence_label": "Distant_Evaluation"}, {"sentence_index": 14, "sentence_text": "''If it's a bad idea, Richard will kick it down the toilet and flush,'' said Laurence E. Harris, a lawyer in Washington who is one of four close friends that Mr. Breeden nominated last month to the board of directors at Applebee's, with a view to gaining a say in how the company is run.", "sentence_label": "Distant_Anecdotal"}, {"sentence_index": 15, "sentence_text": "Mr. Breeden ''knows what to look for,'' Mr. Harris said.", "sentence_label": "Distant_Anecdotal"}, {"sentence_index": 16, "sentence_text": "''He's a lot less likely to be fooled than a lot of people who are pure investors, because he understands the mechanics of corporate governance and securities laws.''", "sentence_label": "Distant_Anecdotal"}, {"sentence_index": 17, "sentence_text": "Mr. Breeden, 57, declined to comment for this article.", "sentence_label": "Cause_General"}, {"sentence_index": 18, "sentence_text": "He has not only has a new professional life, but a new personal one as well.", "sentence_label": "Distant_Historical"}, {"sentence_index": 19, "sentence_text": "Last year, Mr. Breeden married a trust administrator of the Bennett Funding Group, which he had overseen as the court-appointed monitor.", "sentence_label": "Distant_Historical"}, {"sentence_index": 20, "sentence_text": "(He and his first wife, Holly, were divorced in 2005 after 27 years of marriage.)", "sentence_label": "Distant_Historical"}, {"sentence_index": 21, "sentence_text": "Mr. Breeden is now perhaps the most senior former government official ever to run a hedge fund.", "sentence_label": "Distant_Evaluation"}, {"sentence_index": 22, "sentence_text": "Mr. Breeden oversaw the Securities and Exchange Commission from 1989 to 1993.", "sentence_label": "Distant_Historical"}, {"sentence_index": 23, "sentence_text": "He then ran one of the world's largest accounting firms, Coopers & Lybrand, before establishing his private firm, Richard C. Breeden & Company, in Greenwich, Conn., to advise companies hobbled by ethics and governance problems.", "sentence_label": "Distant_Historical"}, {"sentence_index": 24, "sentence_text": "In recent years, he has served as the high-profile outside monitor for scandal-plagued firms like WorldCom, which filed for bankruptcy in 2002 and Conrad Black's former company, Hollinger International.", "sentence_label": "Distant_Historical"}, {"sentence_index": 25, "sentence_text": "It was when he was overseeing the bankruptcy of WorldCom, later MCI, that Mr. Breeden first began thinking about starting a hedge fund, according to friends and associates.", "sentence_label": "Cause_Specific"}, {"sentence_index": 26, "sentence_text": "Seeing the roles played by the Mexican tycoon Carlos Slim Hel\u00fa and Mark Neporent of the hedge fund Cerberus Capital as investors in MCI, he asked Mr. Harris, ''I'm thinking of starting a hedge fund -- what do you think?''", "sentence_label": "Distant_Anecdotal"}, {"sentence_index": 27, "sentence_text": "Mr. Harris, who recalled the conversation, said Mr. Breeden told him, ''The one thing I don't want to do is fail.''", "sentence_label": "Distant_Anecdotal"}, {"sentence_index": 28, "sentence_text": "Mr. Breeden's right-hand man at Breeden Partners is his friend Steven J. Quamme, a one-time mergers-and-acquisitions lawyer with whom Mr. Breeden once worked at Baker Botts, the Washington law firm.", "sentence_label": "Distant_Evaluation"}, {"sentence_index": 29, "sentence_text": "When asked who was running the hedge fund -- in other words, picking companies in which to invest, Mr. Harris replied, ''I don't think you can actually separate Richard and Steve -- they're joined at the hip.''", "sentence_label": "Distant_Anecdotal"}, {"sentence_index": 30, "sentence_text": "Mr. Quamme did not return calls requesting comment.", "sentence_label": "Cause_General"}, {"sentence_index": 31, "sentence_text": "An entrepreneur as well as an investor, Mr. Quamme has picked some winners in his past jobs, including a chain of video stores that was sold to Blockbuster Video early last decade and a chunk of the Einstein Brothers Bagels franchises.", "sentence_label": "Distant_Historical"}, {"sentence_index": 32, "sentence_text": "Mr. Quamme, whom Mr. Breeden also nominated to serve on the Applebee's board, has also endured some setbacks.", "sentence_label": "Distant_Evaluation"}, {"sentence_index": 33, "sentence_text": "His 50 percent stake in Boston Chicken, through Mayfair Partners, an investing partnership that he ran in the mid-1990s, went stale in 1998 when the restaurant and the partnership both filed for bankruptcy.", "sentence_label": "Distant_Historical"}, {"sentence_index": 34, "sentence_text": "It is, of course, far too early to tell whether Mr. Breeden's knowledge and experience will make his hedge fund, whose philosophy is to invest in American companies with fixable problems in policy and governance, a winner.", "sentence_label": "Distant_Evaluation"}, {"sentence_index": 35, "sentence_text": "Some analysts do not see his fund making an impact on Applebee's.", "sentence_label": "Distant_Evaluation"}, {"sentence_index": 36, "sentence_text": "''We do not see a dramatic shift near-term in the company's strategic direction that would lead to the 'value creating' programs proposed by the activist,'' Andrew Barish, an analyst with Banc of America Securities wrote earlier this month.", "sentence_label": "Distant_Evaluation"}, {"sentence_index": 37, "sentence_text": "Applebee's declined to comment on Mr. Breeden's proposals.", "sentence_label": "Cause_General"}, {"sentence_index": 38, "sentence_text": "The fund sought to raise $1.25 billion but has so far brought in only around $500 million, including $400 million from Calpers, the California pension fund.", "sentence_label": "Cause_General"}, {"sentence_index": 39, "sentence_text": "The hedge fund earned 7.73 percent in the third quarter of 2006, according to the most recent available data from Calpers.", "sentence_label": "Distant_Historical"}, {"sentence_index": 40, "sentence_text": "To some, Mr. Breeden's leap into the hedge fund business on the heels of serving as a court-appointed monitor for so many large companies raises questions.", "sentence_label": "Distant_Evaluation"}, {"sentence_index": 41, "sentence_text": "''It's an appearances problem, and it bothers me,'' said Michael Feiner, an ethics professor at Columbia Business School, adding that he thought government officials should be required to wait two years before working at hedge funds or lobbying groups.", "sentence_label": "Distant_Evaluation"}, {"sentence_index": 42, "sentence_text": "''I'm disappointed that he is doing this.''", "sentence_label": "Distant_Evaluation"}, {"sentence_index": 43, "sentence_text": "Mr. Breeden's spokesmen declined to answer questions on whether Breeden Partners would prohibit itself from investing in companies for which Mr. Breeden had served as a court-appointed monitor.", "sentence_label": "Cause_General"}, {"sentence_index": 44, "sentence_text": "And the transparency that Mr. Breeden championed at the troubled companies he has overseen may go by the wayside with his new venture.", "sentence_label": "Distant_Expectations_Consequences"}, {"sentence_index": 45, "sentence_text": "Like many hedge funds, Breeden Partners has affiliated entities registered in the Cayman Islands, to take advantage of generous offshore tax benefits.", "sentence_label": "Cause_General"}, {"sentence_index": 46, "sentence_text": "STREET SCENE", "sentence_label": "NA"}, {"sentence_index": 47, "sentence_text": "Correction:  January 23, 2007, Tuesday  An article on the Street Scene page of Business Day on Friday about Richard C. Breeden, the former top securities regulator who is started a hedge fund aimed at troubled companies, misstated his former position at the accounting firm Coopers & Lybrand.", "sentence_label": "Distant_Historical"}, {"sentence_index": 48, "sentence_text": "He was a co-chairman of the firm's international business; he did not run the firm.", "sentence_label": "Distant_Historical"}]}