{"file_name": "./NewsDiscourseData/json_annotations/train/Business/Anyt_corpus_data_2007_01_14_1818829.json", "sentences": [{"sentence_index": "title", "sentence_text": "When Those Blue Chips Aren\u2019t Made in the U.S.A.", "sentence_label": "title"}, {"sentence_index": 1, "sentence_text": "MANY investors have been heeding market strategists' advice to reduce portfolio risk by putting more money into stable, high-quality, dividend-paying stocks.", "sentence_label": "Distant_Evaluation"}, {"sentence_index": 2, "sentence_text": "But instead of plowing this money into large-capitalization companies based in the United States, investors have redirected much of it into shares of blue-chip foreign companies based largely in Western Europe and Japan.", "sentence_label": "Main"}, {"sentence_index": 3, "sentence_text": "Indeed, foreign large-cap blend funds -- which primarily invest in blue-chip growth and value stocks in developed markets -- were the most popular category of funds through the first 11 months of 2006, according to the Financial Research Corporation in Boston.", "sentence_label": "Cause_Specific"}, {"sentence_index": 4, "sentence_text": "Foreign large-blend funds attracted $43.8 billion of net new money during this stretch.", "sentence_label": "Cause_General"}, {"sentence_index": 5, "sentence_text": "By comparison, highflying diversified emerging-market stock funds attracted $6.6 billion and domestic large-blend funds drew $4 billion, according to Financial Research.", "sentence_label": "Cause_General"}, {"sentence_index": 6, "sentence_text": "But does investing in blue chips abroad achieve the same results for a portfolio as investing in big, high-quality domestic stocks?", "sentence_label": "Distant_Evaluation"}, {"sentence_index": 7, "sentence_text": "The answer is still no, given the currency risks that you inevitably take on when investing abroad.", "sentence_label": "Distant_Evaluation"}, {"sentence_index": 8, "sentence_text": "Yet a growing number of people argue that foreign and domestic stocks are becoming more alike, given the increased correlation among the world's markets.", "sentence_label": "Distant_Evaluation"}, {"sentence_index": 9, "sentence_text": "Since 1970, for example, the Morgan Stanley Capital International EAFE index, for European, Australian and Far Eastern stocks, has returned 11.6 percent a year, on average.", "sentence_label": "Cause_General"}, {"sentence_index": 10, "sentence_text": "That is nearly identical to the annualized gain of 11.2 percent for the Standard & Poor's 500-stock index of domestic blue chips.", "sentence_label": "Cause_General"}, {"sentence_index": 11, "sentence_text": "But keep in mind that those slightly higher gains came with slightly higher risk, as foreign stocks on their own are still more volatile than domestic equities.", "sentence_label": "Distant_Evaluation"}, {"sentence_index": 12, "sentence_text": "Sometimes, a modest dose of a risky asset can make an entire portfolio less volatile.", "sentence_label": "Distant_Evaluation"}, {"sentence_index": 13, "sentence_text": "From 1970 to 2005, a 100 percent stock portfolio invested in the S.& P. 500 would have earned 11.1 percent, annualized, according to S.& P. And that is with a so-called standard deviation -- a popular measure of volatility -- of 16.8.", "sentence_label": "Cause_General"}, {"sentence_index": 14, "sentence_text": "But by moving 25 percent of that money from the S.& P. 500 to the EAFE index, the portfolio would have earned 11.4 percent a year, on average, with a slightly lower standard deviation of 16.4.", "sentence_label": "Cause_General"}, {"sentence_index": 15, "sentence_text": "Add too much, however, and more volatility enters the mix.", "sentence_label": "Cause_General"}, {"sentence_index": 16, "sentence_text": "In this case, had 75 percent of the equity stake been invested in the EAFE index and 25 percent in the S.& P. 500, the portfolio would have earned the same 11.4 percent, annualized, from 1970 to 2005.", "sentence_label": "Cause_General"}, {"sentence_index": 17, "sentence_text": "But the portfolio's volatility would have shot up to 19.1.", "sentence_label": "Cause_General"}, {"sentence_index": 18, "sentence_text": "This shows that while the global markets may be moving more in sync, ''the world markets aren't completely integrated yet,'' said James D. Peterson, vice president of the Schwab Center for Investment Research in San Francisco.", "sentence_label": "Distant_Evaluation"}, {"sentence_index": 19, "sentence_text": "Consider the recent performance of foreign and domestic blue chips.", "sentence_label": "Cause_General"}, {"sentence_index": 20, "sentence_text": "Over the last five years, the average foreign large-blend fund returned 13.8 percent a year, on average, according to Morningstar Inc., the fund tracker, as many foreign economies have grown faster than that of the United States and as the dollar has weakened of late.", "sentence_label": "Cause_General"}, {"sentence_index": 21, "sentence_text": "By comparison, domestic large-cap blend funds advanced only 6.3 percent a year, on average, during this stretch.", "sentence_label": "Cause_General"}, {"sentence_index": 22, "sentence_text": "And last year, foreign blue-chip funds soared 25.1 percent, beating the returns of domestic blue-chip funds by more than 10 percentage points.", "sentence_label": "Cause_General"}, {"sentence_index": 23, "sentence_text": "Arguably, much of the investor interest in foreign blue chips can be attributed to their outperformance, not to their similarities to their domestic counterparts.", "sentence_label": "Cause_Specific"}, {"sentence_index": 24, "sentence_text": "''A lot of people just want to be exposed to foreign because it's been doing so well,'' said Ronald W. Rog\u00e9, a financial planner in Bohemia, N.Y. ''It's performance chasing.''", "sentence_label": "Distant_Anecdotal"}, {"sentence_index": 25, "sentence_text": "To be sure, the correlation between the S.& P. 500 and the EAFE index has been 0.8 over the last three years, according to Morningstar.", "sentence_label": "Cause_General"}, {"sentence_index": 26, "sentence_text": "On paper, that is fairly high, because a correlation of 1.0 implies that two assets are moving in perfect tandem.", "sentence_label": "Cause_General"}, {"sentence_index": 27, "sentence_text": "But consider that over this same stretch, the correlation between the S.& P. 500 and the Russell 2000 index of small domestic stocks was actually greater, 0.83, according to Morningstar.", "sentence_label": "Cause_General"}, {"sentence_index": 28, "sentence_text": "Yet investors take it on faith that large-cap and small-cap stocks are entirely different asset classes.", "sentence_label": "Distant_Evaluation"}, {"sentence_index": 29, "sentence_text": "There are several reasons for continuing to treat foreign and domestic blue-chip stocks separately.", "sentence_label": "Distant_Evaluation"}, {"sentence_index": 30, "sentence_text": "''A big reason is the issue of currency,'' Mr. Peterson said.", "sentence_label": "Distant_Evaluation"}, {"sentence_index": 31, "sentence_text": "Investors who put money to work in a foreign market should consider that market's volatility, as well as that of the currency in which its stocks trade.", "sentence_label": "Distant_Evaluation"}, {"sentence_index": 32, "sentence_text": "In 2006, the EAFE index rose 13.8 percent when measured in local currencies, according to MSCI.", "sentence_label": "Cause_General"}, {"sentence_index": 33, "sentence_text": "But for Americans to make an investment abroad, money must first be converted from dollars to those local currencies to buy the securities.", "sentence_label": "Cause_General"}, {"sentence_index": 34, "sentence_text": "And when it comes time to sell, the money has to be reconverted back into dollars.", "sentence_label": "Cause_General"}, {"sentence_index": 35, "sentence_text": "In dollar terms, the EAFE index actually returned much more last year: 23.5 percent.", "sentence_label": "Cause_General"}, {"sentence_index": 36, "sentence_text": "That is because the dollar lost value against the euro.", "sentence_label": "Cause_General"}, {"sentence_index": 37, "sentence_text": "A weakening dollar is a tailwind for Americans investing abroad because each share of their foreign stock becomes worth that much more in dollars.", "sentence_label": "Distant_Evaluation"}, {"sentence_index": 38, "sentence_text": "SO isn't this good news for domestic investors?", "sentence_label": "Distant_Evaluation"}, {"sentence_index": 39, "sentence_text": "It certainly was last year.", "sentence_label": "Distant_Evaluation"}, {"sentence_index": 40, "sentence_text": "But what happens if the dollar turns around this year and appreciates, as it did in 2005?", "sentence_label": "Distant_Expectations_Consequences"}, {"sentence_index": 41, "sentence_text": "In that case, investors could see a big chunk of their foreign stock market gains evaporate -- even if the global stock markets are highly correlated -- simply because the dollar gained value.", "sentence_label": "Distant_Expectations_Consequences"}, {"sentence_index": 42, "sentence_text": "This is one reason that investors should always assess several factors in the risk and return of a particular stock, said Francis M. Kinniry Jr., a principal in the investment counseling and research department at the Vanguard Group.", "sentence_label": "Distant_Evaluation"}, {"sentence_index": 43, "sentence_text": "These include its industry, its value or growth orientation, its market cap and the region where it operates.", "sentence_label": "Distant_Evaluation"}, {"sentence_index": 44, "sentence_text": "''While issues of style and cap size are always important, in many cases they would be secondary to geographic regions,'' Mr. Kinniry said, because stocks will always be affected by their regional economies and local currencies.", "sentence_label": "Distant_Evaluation"}, {"sentence_index": 45, "sentence_text": "In other words, while geography may not be as important a subject as it used to be for investors, it is still one to be studied.", "sentence_label": "Distant_Evaluation"}, {"sentence_index": 46, "sentence_text": "FUNDAMENTALLY Paul J. Lim is a financial writer at U.S. News & World Report.", "sentence_label": "NA"}, {"sentence_index": 47, "sentence_text": "E-mail: fund@nytimes.com.", "sentence_label": "NA"}]}