{"file_name": "./NewsDiscourseData/json_annotations/train/Business/Anyt_corpus_data_2007_01_12_1818219.json", "sentences": [{"sentence_index": "title", "sentence_text": "Like Them or Loathe Them, Hedge Funds Aren\u2019t Going Away", "sentence_label": "title"}, {"sentence_index": 1, "sentence_text": "SOMETIMES it feels as if there is a red state-blue state divide when it comes to hedge funds.", "sentence_label": "Distant_Evaluation"}, {"sentence_index": 2, "sentence_text": "Some people believe that if permitted to remain free from the shackles of dangerous government oversight, hedge funds can help solve problems from underfunded pensions to inept corporate management.", "sentence_label": "Distant_Expectations_Consequences"}, {"sentence_index": 3, "sentence_text": "This group tends to include hedge fund employees and hedge fund investors.", "sentence_label": "Distant_Evaluation"}, {"sentence_index": 4, "sentence_text": "Others believe that hedge funds are sinister forces that capitalize on superior information -- possibly obtained illegally -- and are hell-bent on pillaging the financial system to corner the market on luxury cars and palatial real estate.", "sentence_label": "Distant_Evaluation"}, {"sentence_index": 5, "sentence_text": "This group includes much of the news media and the Connecticut attorney general.", "sentence_label": "Distant_Evaluation"}, {"sentence_index": 6, "sentence_text": "Yet hedge funds are neither saviors nor Satan.", "sentence_label": "Distant_Evaluation"}, {"sentence_index": 7, "sentence_text": "There are more than 9,000 funds that vary greatly in the kinds of investments they make, returns they seek and strategies they employ.", "sentence_label": "Cause_General"}, {"sentence_index": 8, "sentence_text": "One of the few things they have in common -- other than gigantic paychecks when their returns are good -- is that the funds have become a more accepted fixture in the financial landscape.", "sentence_label": "Main"}, {"sentence_index": 9, "sentence_text": "A number of recent studies show that hedge fund investors are satisfied with the performance of their investments, even if that performance appears on paper to be less than stellar.", "sentence_label": "Cause_General"}, {"sentence_index": 10, "sentence_text": "Widespread demand for risk-adjusted returns of 8 to 10 percent ensures that the money spigot will stay turned on.", "sentence_label": "Distant_Expectations_Consequences"}, {"sentence_index": 11, "sentence_text": "(Risk adjusted means that the portfolio is hedged.", "sentence_label": "Cause_General"}, {"sentence_index": 12, "sentence_text": "If the market slumps, the fund's returns should not.)", "sentence_label": "Cause_General"}, {"sentence_index": 13, "sentence_text": "For example, the top performers of the 2007 Commonfund Benchmarks Study of Educational Endowments, a survey of college, university and other educational endowments and foundations in the United States, were almost 50 percent invested in ''alternatives'' -- hedge funds, private equity, real estate, distressed debt, energy and natural resources and venture capital.", "sentence_label": "Cause_General"}, {"sentence_index": 14, "sentence_text": "Hedge funds constituted the largest portion -- 44 to 70 percent -- of the alternatives category.", "sentence_label": "Cause_General"}, {"sentence_index": 15, "sentence_text": "Average returns for the foundations and endowments that responded to the survey were 10.6 percent, while the leaders posted returns of more than 16.8 percent.", "sentence_label": "Cause_General"}, {"sentence_index": 16, "sentence_text": "The top 10 percent of performers among the endowments allocated 49 percent of their money to alternatives, compared with 11 percent for fixed income, 18 percent for domestic equity and 21 percent for international equity.", "sentence_label": "Cause_General"}, {"sentence_index": 17, "sentence_text": "The top quartile of performers also show a heavy weighting to alternatives: 46 percent, compared with 11 percent for fixed income, 20 percent for international equity and 21 percent for domestic equity.", "sentence_label": "Cause_General"}, {"sentence_index": 18, "sentence_text": "Even though hedge funds represented the bulk of investment dollars, their returns were lackluster.", "sentence_label": "Distant_Evaluation"}, {"sentence_index": 19, "sentence_text": "In 2006, the Standard & Poor's 500-stock index had a total return, when dividends were reinvested, of 15.8 percent.", "sentence_label": "Distant_Historical"}, {"sentence_index": 20, "sentence_text": "Overall returns for alternatives averaged 14.6 percent.", "sentence_label": "Distant_Historical"}, {"sentence_index": 21, "sentence_text": "Energy and natural resources produced a stunning return of 40 percent; distressed debt, 26 percent; and private equity, 19 percent.", "sentence_label": "Distant_Historical"}, {"sentence_index": 22, "sentence_text": "Hedge funds turned out only 10.6 percent.", "sentence_label": "Distant_Historical"}, {"sentence_index": 23, "sentence_text": "But investors did not seem to be bothered.", "sentence_label": "Distant_Evaluation"}, {"sentence_index": 24, "sentence_text": "''It was nice to see hedge funds were doing what they are supposed to do,'' said John S. Griswold Jr. executive director of the Commonfund Institute, a research organization dedicated to educating the nonprofit community about investing.", "sentence_label": "Distant_Evaluation"}, {"sentence_index": 25, "sentence_text": "''They should lag a rapidly rising stock market,'' he explained, ''because hedging has a cost.''", "sentence_label": "Distant_Evaluation"}, {"sentence_index": 26, "sentence_text": "The money continues to flow into hedge funds.", "sentence_label": "Distant_Evaluation"}, {"sentence_index": 27, "sentence_text": "Hedge Fund Research, a Chicago-based research firm, estimates that $110 billion flowed into new funds through November.", "sentence_label": "Cause_General"}, {"sentence_index": 28, "sentence_text": "A study released by Deutsche Bank yesterday surveyed investors who represent $900 billion of the total $1.4 trillion in the industry and predicted that $110 billion will flow into the sector in 2007.", "sentence_label": "Distant_Expectations_Consequences"}, {"sentence_index": 29, "sentence_text": "''I don't think demand will slow down anytime soon unless we see a lot of disasters,'' Mr. Griswold said.", "sentence_label": "Distant_Expectations_Consequences"}, {"sentence_index": 30, "sentence_text": "''There's a bit of a herd mentality here.", "sentence_label": "Distant_Evaluation"}, {"sentence_index": 31, "sentence_text": "If you are not in hedge funds, people look funny at you, like, 'Why aren't you?'", "sentence_label": "Distant_Evaluation"}, {"sentence_index": 32, "sentence_text": "''", "sentence_label": "Distant_Evaluation"}, {"sentence_index": 33, "sentence_text": "Heavy investments in alternatives and hedge funds in particular have paid off for endowments.", "sentence_label": "Distant_Evaluation"}, {"sentence_index": 34, "sentence_text": "More than 79 percent of the growth in endowments with assets of $500 million to $1 billion resulted from investment returns (as opposed to gifts, for example).", "sentence_label": "Cause_General"}, {"sentence_index": 35, "sentence_text": "Institutions with more than $1 billion derived more than 75 percent of their returns from their investments, according to the Commonfund survey.", "sentence_label": "Cause_General"}, {"sentence_index": 36, "sentence_text": "A separate study conducted by Casey, Quirk & Associates last fall also showed satisfied customers.", "sentence_label": "Cause_General"}, {"sentence_index": 37, "sentence_text": "About 72 percent of respondents said that hedge fund returns came within 1 percentage point of their target.", "sentence_label": "Cause_General"}, {"sentence_index": 38, "sentence_text": "A surprising 25 percent of investors said they did better than expected: 19 percent exceeded their target by 1 to 5 percentage point.", "sentence_label": "Cause_General"}, {"sentence_index": 39, "sentence_text": "Only 3 percent said their investment underperformed.", "sentence_label": "Cause_General"}, {"sentence_index": 40, "sentence_text": "There are other reasons to expect robust growth.", "sentence_label": "Distant_Evaluation"}, {"sentence_index": 41, "sentence_text": "Pension funds are wading in, raising their investments in alternatives in general and hedge funds in particular.", "sentence_label": "Distant_Evaluation"}, {"sentence_index": 42, "sentence_text": "The Casey, Quirk study estimated that institutions globally will add $1 trillion in money by 2010, compared with $360 billion today.", "sentence_label": "Distant_Expectations_Consequences"}, {"sentence_index": 43, "sentence_text": "The growing role of institutions has tempered expectations about returns: 80 percent of those surveyed by Casey, Quick said they expected returns below 10 percent, with the bulk anticipating 8 to 9 percent.", "sentence_label": "Distant_Expectations_Consequences"}, {"sentence_index": 44, "sentence_text": "Only 20 percent expected more than 10 percent.", "sentence_label": "Distant_Expectations_Consequences"}, {"sentence_index": 45, "sentence_text": "Megabucks compensation, meanwhile, still draws talent to hedge funds.", "sentence_label": "Cause_General"}, {"sentence_index": 46, "sentence_text": "''Hedge funds are here to stay because of the compensation,'' Mr. Griswold said.", "sentence_label": "Cause_Specific"}, {"sentence_index": 47, "sentence_text": "''This is where the best and brightest managers are gravitating to.''", "sentence_label": "Distant_Evaluation"}, {"sentence_index": 48, "sentence_text": "The unforgiving nature of the industry means that those who do not perform will be booted out.", "sentence_label": "Distant_Evaluation"}, {"sentence_index": 49, "sentence_text": "According to Hedge Fund Research, since the beginning of 2005 almost 1,300 hedge funds have closed.", "sentence_label": "Cause_General"}, {"sentence_index": 50, "sentence_text": "During that time, more than 3,000 have been started.", "sentence_label": "Cause_General"}, {"sentence_index": 51, "sentence_text": "There will be more Amaranth Advisors (which was based in Greenwich, Conn.) -- funds that blow up because of bad and greedy bets.", "sentence_label": "Distant_Expectations_Consequences"}, {"sentence_index": 52, "sentence_text": "There will be frauds and there may be a market meltdown.", "sentence_label": "Distant_Expectations_Consequences"}, {"sentence_index": 53, "sentence_text": "But alternative investing -- in private companies, with hedge fund managers who more aggressively try to time the markets, and in forests and wineries, is thriving.", "sentence_label": "Distant_Evaluation"}, {"sentence_index": 54, "sentence_text": "STREET SCENE: INSIDER", "sentence_label": "NA"}]}