{"file_name": "./NewsDiscourseData/json_annotations/train/Business/Anyt_corpus_data_2007_01_14_1818831.json", "sentences": [{"sentence_index": "title", "sentence_text": "How to Catch a Falling Dollar (and Even Make a Profit)", "sentence_label": "title"}, {"sentence_index": 1, "sentence_text": "THE dollar fell against many currencies in 2006, and many Wall Street analysts are predicting more of the same this year.", "sentence_label": "Main"}, {"sentence_index": 2, "sentence_text": "That needn't worry investors, who could profit from a continued decline in many ways.", "sentence_label": "Distant_Evaluation"}, {"sentence_index": 3, "sentence_text": "But some strategists caution that it may be wiser to try to benefit indirectly from a weaker dollar -- by holding stocks or stock funds focused on certain industries and countries -- than by betting directly on foreign currencies.", "sentence_label": "Distant_Evaluation"}, {"sentence_index": 4, "sentence_text": "''You've got to know your limitations,'' said Sam Stovall, the chief investment strategist at Standard & Poor's.", "sentence_label": "Distant_Evaluation"}, {"sentence_index": 5, "sentence_text": "''Unless you make millions of dollars on Wall Street, you probably shouldn't be speculating in currencies.''", "sentence_label": "Distant_Evaluation"}, {"sentence_index": 6, "sentence_text": "In 2006, the dollar fell 10.2 percent against the euro and 12 percent against the British pound, although it rose 1.1 percent against the Japanese yen.", "sentence_label": "Cause_General"}, {"sentence_index": 7, "sentence_text": "Mr. Stovall said the best move for most individual investors would be to stock up on the shares of American multinational corporations that earn a lot of their revenues abroad, as well as on foreign stocks.", "sentence_label": "Distant_Evaluation"}, {"sentence_index": 8, "sentence_text": "''We feel that many foreign economies are not as far along in their economic cycle, and they have good growth potential now,'' he said.", "sentence_label": "Distant_Expectations_Consequences"}, {"sentence_index": 9, "sentence_text": "He recommended that individual investors allocate 40 percent of their total portfolios to domestic stocks, 20 percent to foreign stocks, 25 percent to domestic bonds and 15 percent to cash instruments like money market accounts and certificates of deposit.", "sentence_label": "Distant_Evaluation"}, {"sentence_index": 10, "sentence_text": "In terms of domestic stocks, he favors large stocks like those in the S.& P. 500- stock index.", "sentence_label": "Distant_Evaluation"}, {"sentence_index": 11, "sentence_text": "On average, the companies in this index earn 41 percent of their revenue in foreign countries.", "sentence_label": "Cause_General"}, {"sentence_index": 12, "sentence_text": "''If you believe that international economies are going to do fairly well, and the dollar is likely to weaken,'' Mr. Stovall said, ''then you could get a good bit of tailwind if you transfer those foreign profits back to U.S.", "sentence_label": "Distant_Expectations_Consequences"}, {"sentence_index": 13, "sentence_text": "dollars.''", "sentence_label": "Distant_Expectations_Consequences"}, {"sentence_index": 14, "sentence_text": "But averages can hide wide variances.", "sentence_label": "Distant_Evaluation"}, {"sentence_index": 15, "sentence_text": "Some industries represented in the S.& P. 500 draw much more of their revenue abroad than others.", "sentence_label": "Cause_General"}, {"sentence_index": 16, "sentence_text": "Companies in the energy and technology sectors, for example, generate well over half of their sales outside the United States, while the utilities and telecommunications companies in the index produce a vast majority of their revenue at home.", "sentence_label": "Cause_General"}, {"sentence_index": 17, "sentence_text": "For example, the handful of telecommunications providers in the index get just 3 percent of their revenue, on average, in foreign countries.", "sentence_label": "Cause_General"}, {"sentence_index": 18, "sentence_text": "Stuart A. Schweitzer, global markets strategist at JPMorgan Asset Management, has recommended European stocks for a few years.", "sentence_label": "Distant_Evaluation"}, {"sentence_index": 19, "sentence_text": "He said that individual investors should now focus on developed markets -- and that if they have made a lot of money in emerging markets funds in recent years, they may want to consider rebalancing their portfolios.", "sentence_label": "Distant_Expectations_Consequences"}, {"sentence_index": 20, "sentence_text": "''You have to be a little bit concerned that emerging-markets debt and equity may have gotten a bit ahead of themselves,'' he said.", "sentence_label": "Distant_Evaluation"}, {"sentence_index": 21, "sentence_text": "Mr. Schweitzer said that any further appreciation of the euro could be modest this year.", "sentence_label": "Distant_Expectations_Consequences"}, {"sentence_index": 22, "sentence_text": "Still, he added, European stocks were appealing investments for a host of other reasons.", "sentence_label": "Distant_Evaluation"}, {"sentence_index": 23, "sentence_text": "He pointed out that the average dividend yield in the S.& P. 500 index was now 1.8 percent, compared with 3.2 percent for the MSCI United Kingdom index and 2.5 percent for the MSCI Europe index, excluding Britain.", "sentence_label": "Cause_General"}, {"sentence_index": 24, "sentence_text": "For Americans investing in Britain or on the continent, a further slide by the dollar against the pound or the euro could bolster those dividend advantages.", "sentence_label": "Distant_Expectations_Consequences"}, {"sentence_index": 25, "sentence_text": "''Meanwhile, European companies are cutting costs and restructuring, and that's starting to show up in their earnings growth,'' Mr. Schweitzer said.", "sentence_label": "Distant_Evaluation"}, {"sentence_index": 26, "sentence_text": "Earnings per share for European stocks, he said, grew almost twice as fast in the first five years of this decade as they did during the last five years of the 1990s.", "sentence_label": "Cause_General"}, {"sentence_index": 27, "sentence_text": "On the fixed-income side of their portfolios, some investors may be tempted to profit directly from a falling dollar by buying foreign bonds or CDs.", "sentence_label": "Distant_Expectations_Consequences"}, {"sentence_index": 28, "sentence_text": "But Martin J. Mauro, the fixed-income strategist at Merrill Lynch, said he didn't think the time was ripe for investing in foreign bonds.", "sentence_label": "Distant_Evaluation"}, {"sentence_index": 29, "sentence_text": "Interest rates are likely to fall in the United States this year but rise in many other countries, Mr. Mauro said.", "sentence_label": "Distant_Expectations_Consequences"}, {"sentence_index": 30, "sentence_text": "Bond prices move in the opposite direction of interest rates, so both European and Asian bonds would generally be unattractive for American investors, he said.", "sentence_label": "Distant_Evaluation"}, {"sentence_index": 31, "sentence_text": "Many economists predict that the dollar will fall further against the Japanese yen than it will against the euro -- largely because the dollar rose slightly against the yen in 2006.", "sentence_label": "Main"}, {"sentence_index": 32, "sentence_text": "S.& P. forecasts a dollar decline of 6.8 percent against the yen this year; Merrill Lynch sees a decline of 10 percent.", "sentence_label": "Main"}, {"sentence_index": 33, "sentence_text": "But Mr. Mauro said American investors would be giving up too much yield if they bought Japanese bonds or CDs.", "sentence_label": "Distant_Evaluation"}, {"sentence_index": 34, "sentence_text": "Short-term interest rates are less than 1 percent in Japan, versus 5 percent in the United States.", "sentence_label": "Cause_General"}, {"sentence_index": 35, "sentence_text": "And Mr. Mauro said he expected the dollar to fall by only an additional 1 percent or so against the euro -- which he said wouldn't be quite enough to make up for the yield that Americans would sacrifice by buying European bonds or CDs.", "sentence_label": "Main"}, {"sentence_index": 36, "sentence_text": "One-year government bills in the United States currently pay around 5 percent, versus 3.9 percent in Germany.", "sentence_label": "Cause_General"}, {"sentence_index": 37, "sentence_text": "For now, he recommends high-quality domestic bonds.", "sentence_label": "Distant_Evaluation"}, {"sentence_index": 38, "sentence_text": "He said typical individual investors should put at most 5 percent of their bond portfolios into high-yield bonds, and none into emerging-market debt.", "sentence_label": "Distant_Evaluation"}, {"sentence_index": 39, "sentence_text": "Although short-term rates are relatively high, he recommends intermediate maturities -- 5 to 15 years -- because he expects domestic interest rates to be lower next year.", "sentence_label": "Distant_Expectations_Consequences"}, {"sentence_index": 40, "sentence_text": "''If we're right, and the economy weakens and the Fed cuts rates, then what investors will earn on short-term rates will be a lot less next year,'' he said.", "sentence_label": "Distant_Expectations_Consequences"}, {"sentence_index": 41, "sentence_text": "''It's a tough move to make now, but they'll be better off a year from now'' if they buy longer-maturity bonds or CDs today.", "sentence_label": "Distant_Evaluation"}, {"sentence_index": 42, "sentence_text": "FINALLY, if investors are really worried about the dollar, Michael Metz, the chief investment strategist at Oppenheimer & Company, advises them to put about 5 percent of their portfolios into gold.", "sentence_label": "Distant_Evaluation"}, {"sentence_index": 43, "sentence_text": "He recommends buying the metal through an exchange-traded fund like StreetTracks Gold Shares or the iShares Comex Gold Trust  -- both of which are backed by bars of gold in a vault.", "sentence_label": "Distant_Evaluation"}, {"sentence_index": 44, "sentence_text": "He predicted that gold could rise as much as 20 percent in 2007, to around $750 an ounce.", "sentence_label": "Distant_Expectations_Consequences"}, {"sentence_index": 45, "sentence_text": "A falling dollar, Mr. Metz said, may prompt foreign central banks to sell some their dollar reserves to buy gold.", "sentence_label": "Distant_Expectations_Consequences"}, {"sentence_index": 46, "sentence_text": "He also said that rising incomes across Asia could become a factor.", "sentence_label": "Distant_Expectations_Consequences"}, {"sentence_index": 47, "sentence_text": "''The great theme of this century,'' he said, ''will be the enormous transfer of wealth to developing nations, where they have traditionally used gold as a store of value.''", "sentence_label": "Distant_Expectations_Consequences"}, {"sentence_index": 48, "sentence_text": "SUNDAY MONEY: INVESTING", "sentence_label": "NA"}]}