{"file_name": "./NewsDiscourseData/json_annotations/train/Business/AReuters_23.json", "sentences": [{"sentence_index": "title", "sentence_text": "Neiman Marcus bondholder says company may be in default", "sentence_label": "title"}, {"sentence_index": 1, "sentence_text": "NEW YORK (Reuters) - Distressed investor Marble Ridge Capital LP said in a letter to Neiman Marcus Group Ltd LLC that the luxury department store company may be in default on its debt after it moved its Mytheresa business into an entity belonging to the retailer\u2019s private equity owners.", "sentence_label": "Main"}, {"sentence_index": 2, "sentence_text": "\u201cThese recent actions threaten the viability of a storied franchise that includes marquee brands such as Neiman Marcus and Bergdorf Goodman,\u201d another luxury department store also owned by the retailer, said Dan Kamensky, managing partner of Marble Ridge, in a statement about the letter, parts of which were made public on Friday.", "sentence_label": "Distant_Evaluation"}, {"sentence_index": 3, "sentence_text": "Marble Ridge is working with law firm Brown Rudnick LLP and plans to organize with other creditors to look into the Mytheresa move, according to a person familiar with the matter.", "sentence_label": "Distant_Expectations_Consequences"}, {"sentence_index": 4, "sentence_text": "The hedge fund last year pursued a similar strategy with Singapore-based Global A&T Electronics Ltd.", "sentence_label": "Distant_Historical"}, {"sentence_index": 5, "sentence_text": "\u201cWe believe a more responsible board would have engaged in a strategic review to maximize value for the benefit of all of the company\u2019s stakeholders,\u201d Kamensky said.", "sentence_label": "Distant_Evaluation"}, {"sentence_index": 6, "sentence_text": "Buyout firm Ares Management LP and the Canada Pension Plan Investment Board (CPPIB) acquired Neiman Marcus for $6 billion in 2013, saddling the retailer with about $4.7 billion in debt.", "sentence_label": "Distant_Historical"}, {"sentence_index": 7, "sentence_text": "Neiman Marcus said on Tuesday it moved the Mytheresa online business to an entity called Neiman Marcus Group Inc, owned by Ares and CPPIB.", "sentence_label": "Cause_Specific"}, {"sentence_index": 8, "sentence_text": "\u201cAs publicly disclosed, Mytheresa was already an unrestricted, non-guarantor subsidiary not part of our lenders\u2019 collateral and it will remain outside of the collateral,\u201d Neiman Marcus said in a statement.", "sentence_label": "Cause_General"}, {"sentence_index": 9, "sentence_text": "\u201cThis reorganization was expressly permitted by the company\u2019s credit documents.\u201d", "sentence_label": "Cause_General"}, {"sentence_index": 10, "sentence_text": "Ares and CPPIB did not immediately respond to requests for comment.", "sentence_label": "Cause_General"}, {"sentence_index": 11, "sentence_text": "The transfer may have made the company insolvent, Marble Ridge said in the letter dated Sept. 18 and seen by Reuters.", "sentence_label": "Main"}, {"sentence_index": 12, "sentence_text": "Marble Ridge owns bonds and a portion of the term loan of Neiman Marcus.", "sentence_label": "Cause_General"}, {"sentence_index": 13, "sentence_text": "Moving Mytheresa strips \u201can important and valuable asset away from the creditors of the company and (gifts it) to Ares and CPPIB,\u201d for nothing in return, according to the letter.", "sentence_label": "Main"}, {"sentence_index": 14, "sentence_text": "Mytheresa\u2019s earnings growth has outpaced Neiman Marcus, its outlet stores Last Call and Bergdorf Goodman online, Thomson Reuters IFR reported in a story this week, citing a JPMorgan analyst report.", "sentence_label": "Cause_General"}, {"sentence_index": 15, "sentence_text": "Brick-and-mortar retailers including department stores have been hit hard by the rise in popularity of online shopping, with dozens filing for bankruptcy over the past several years.", "sentence_label": "Distant_Evaluation"}, {"sentence_index": 16, "sentence_text": "Reuters reported last year that Neiman Marcus was working with an investment bank to address its debt load.", "sentence_label": "Distant_Historical"}, {"sentence_index": 17, "sentence_text": "J.", "sentence_label": "Cause_General"}, {"sentence_index": 18, "sentence_text": "Crew Group Inc, another upscale fashion retailer, faced litigation from its creditors after it moved its intellectual property to an affiliated company in a debt restructuring deal.", "sentence_label": "Cause_General"}]}