{"file_name": "./NewsDiscourseData/json_annotations/train/Business/AReuters_26.json", "sentences": [{"sentence_index": "title", "sentence_text": "Brazil space station open for small satellite business", "sentence_label": "title"}, {"sentence_index": 1, "sentence_text": "ALCANTARA SPACE CENTER, Brazil (Reuters) - Brazil is ready to launch small commercial rockets from its space base near the equator as soon as it agrees to safeguard U.S. technology that is dominant in the industry, the Brazilian Air Force officer managing the space program said on Friday.", "sentence_label": "Main"}, {"sentence_index": 2, "sentence_text": "A view of Alcantara space center during a media members visit in Alcantara, Maranhao State, Brazil September 14, 2018.", "sentence_label": "NA"}, {"sentence_index": 3, "sentence_text": "REUTERS/Adriano Machado", "sentence_label": "NA"}, {"sentence_index": 4, "sentence_text": "Brig.", "sentence_label": "Distant_Evaluation"}, {"sentence_index": 5, "sentence_text": "Major Luiz Fernando Aguiar said Brazil wants to get a piece of the $300 billion-a-year space launch business by drawing U.S. companies interested in launching small satellites at a lower cost from the Alcantara base on its north coast.", "sentence_label": "Distant_Evaluation"}, {"sentence_index": 6, "sentence_text": "\u201cThe microsatellite market is most attractive today and we are interested in the 50 to 500-kilo niche,\u201d Aguiar told Reuters at the base\u2019s main launch pad.", "sentence_label": "Distant_Evaluation"}, {"sentence_index": 7, "sentence_text": "\u201cWe are developing a rocket for microsatellites.", "sentence_label": "Distant_Evaluation"}, {"sentence_index": 8, "sentence_text": "For that this tower is totally ready.\u201d", "sentence_label": "Distant_Evaluation"}, {"sentence_index": 9, "sentence_text": "Space cooperation between the United States and Brazil took a big step forward when they signed a Space Situational Awareness (SSA) agreement last month during a visit to Brasilia by U.S. Defense Secretary James Mattis.", "sentence_label": "Cause_Specific"}, {"sentence_index": 10, "sentence_text": "The accord on sharing real-time tracking data on objects and debris in space is needed to develop a satellite launching business without the risk of collision.", "sentence_label": "Cause_General"}, {"sentence_index": 11, "sentence_text": "Boeing Co (BA.N) and Lockheed Martin Corp (LMT.N) in December visited the Alcantara space center, which is especially attractive to smaller firms, such as Tucson, Arizona-based rocket-maker Vector Launch Inc, because its equatorial location cuts fuel costs by a third allowing heavier payloads.", "sentence_label": "Distant_Historical"}, {"sentence_index": 12, "sentence_text": "But Brazil\u2019s plan to become a new hub in the space industry will depend on concluding a technology safeguard agreement (TSA) with the United States to protect sensitive American space launch and satellite technology, Aguiar said.", "sentence_label": "Distant_Expectations_Consequences"}, {"sentence_index": 13, "sentence_text": "Without it, no U.S. rocket can blast off from the South American country.", "sentence_label": "Distant_Expectations_Consequences"}, {"sentence_index": 14, "sentence_text": "A previous attempt at a U.S.-Brazilian space partnership was scuttled in 2003 when the TSA ran into resistance from the leftist government of former president Luiz Inacio Lula da Silva and was thwarted by Brazilian lawmakers.", "sentence_label": "Distant_Historical"}, {"sentence_index": 15, "sentence_text": "Aguiar said that agreement floundered because it allowed the U.S. unverified access to the Alcantara base that was not acceptable on sovereignty grounds.", "sentence_label": "Distant_Evaluation"}, {"sentence_index": 16, "sentence_text": "A new Brazilian proposal under consideration by the U.S. government will be more \u201cpalatable\u201d to the Brazilian Congress.", "sentence_label": "Distant_Evaluation"}, {"sentence_index": 17, "sentence_text": "The TSA is seen by Washington as opening opportunities for greater cooperation in aerospace and defense between the two countries.", "sentence_label": "Distant_Evaluation"}, {"sentence_index": 18, "sentence_text": "The market for small satellite launches is expected to grow fast in the next few years and the U.S. space industry is keen to see new launch capacity in the world and a quick resolution to the negotiation of the TSA with Brazil.", "sentence_label": "Distant_Expectations_Consequences"}, {"sentence_index": 19, "sentence_text": "\u201cDemand for launch services has outstripped supply globally and another launch site is needed.", "sentence_label": "Distant_Evaluation"}, {"sentence_index": 20, "sentence_text": "Because of its location, Alcantara offers advantages no other site in the world provides,\u201d an industry source said.", "sentence_label": "Distant_Evaluation"}, {"sentence_index": 21, "sentence_text": "Aguiar said the government will set up a company called Alada to market the launch site.", "sentence_label": "Distant_Expectations_Consequences"}, {"sentence_index": 22, "sentence_text": "He said the Air Force has been in talks with Brazilian aerospace company Embraer SA on how to manage the business going forward.", "sentence_label": "Cause_General"}, {"sentence_index": 23, "sentence_text": "One possibility, Brazilian Air Force officials said, is a joint venture with Embraer\u2019s satellite company Visiona, which is not part of the planned $4.75 billion tie-up between Boeing and Embraer\u2019s commercial aviation arm.", "sentence_label": "Distant_Expectations_Consequences"}]}