{"file_name": "./NewsDiscourseData/json_annotations/train/Business/AReuters_33.json", "sentences": [{"sentence_index": "title", "sentence_text": "Coca-Cola moving ahead with takeover of Nigeria's Chi juice", "sentence_label": "title"}, {"sentence_index": 1, "sentence_text": "LAGOS (Reuters) - Coca-Cola (KO.N) is moving ahead with plans to take over Nigeria\u2019s leading juice company Chi Ltd and aims to complete the deal early next year, a senior executive told Reuters.", "sentence_label": "Main"}, {"sentence_index": 2, "sentence_text": "Coca-Cola crates are pictured in Abuja, Nigeria September 19, 2018.", "sentence_label": "NA"}, {"sentence_index": 3, "sentence_text": "REUTERS/Afolabi Sotunde", "sentence_label": "NA"}, {"sentence_index": 4, "sentence_text": "The acquisition for an undisclosed price is one of several steps the U.S. company is taking in a global strategy to diversify from its core business of sugary sodas.", "sentence_label": "Cause_Specific"}, {"sentence_index": 5, "sentence_text": "Last month it agreed to buy Costa coffee for $5.1 billion, and sources familiar with the matter say it is also bidding for GlaxoSmithKline\u2019s (GSK.L) Indian Horlicks nutrition business.", "sentence_label": "Cause_General"}, {"sentence_index": 6, "sentence_text": "\u201cWe are still on track to complete the acquisition (of Chi Ltd) by the end of the first quarter of 2019,\u201d Peter Njonjo, president of Coca-Cola\u2019s west Africa business, said on Wednesday.", "sentence_label": "Distant_Expectations_Consequences"}, {"sentence_index": 7, "sentence_text": "Coca-Cola bought a 40 percent stake in the Nigerian juice and snack producer in January 2016, and said at the time it aimed to increase ownership within three years.", "sentence_label": "Cause_Specific"}, {"sentence_index": 8, "sentence_text": "Juice sales form a central plank of the U.S. company\u2019s attempt to offer drinks at a range of price points in Nigeria to improve affordability in a country where Njonjo sees high inflation and modest economic growth in the coming year.", "sentence_label": "Distant_Expectations_Consequences"}, {"sentence_index": 9, "sentence_text": "Focusing on smaller bottles and cans is another way the company is trying to woo cash-strapped consumers in Nigeria, which emerged from its first recession in 25 years in 2017 but continues to suffer from sluggish growth and high inflation.", "sentence_label": "Distant_Evaluation"}, {"sentence_index": 10, "sentence_text": "\u201cAffordability will start becoming a bigger issue in this market than it was in the past.", "sentence_label": "Distant_Expectations_Consequences"}, {"sentence_index": 11, "sentence_text": "As a company, that is what we need to factor in as we are thinking about the future of our business in Nigeria,\u201d Njonjo said in an interview.", "sentence_label": "Distant_Expectations_Consequences"}, {"sentence_index": 12, "sentence_text": "He pointed to the introduction of a 30 centilitre bottle of Coke Zero for 60 naira ($0.20), compared with the standard 50 centilitre bottle for 80 naira, as just one example.", "sentence_label": "Distant_Evaluation"}, {"sentence_index": 13, "sentence_text": "Slideshow (2 Images)", "sentence_label": "NA"}, {"sentence_index": 14, "sentence_text": "Njonjo said the company\u2019s drive to diversify its product range could also give it more flexibility in a market where unemployment is high and the United Nations estimates most of the population of 190 million lives on less than $2 a day.", "sentence_label": "Distant_Expectations_Consequences"}, {"sentence_index": 15, "sentence_text": "\u201cWe realize that in certain pack formats you can only go down so low,\u201d he said in an interview at his office in the commercial capital Lagos.", "sentence_label": "Distant_Evaluation"}, {"sentence_index": 16, "sentence_text": "\u201cBut once you start looking at pouches and still products, like juice and drinking yoghurts, that allows you to start accessing much lower price points.\u201d", "sentence_label": "Distant_Evaluation"}, {"sentence_index": 17, "sentence_text": "DIVERSIFYING", "sentence_label": "Distant_Expectations_Consequences"}, {"sentence_index": 18, "sentence_text": "Njonjo said the purchase of Costa could present a \u201csignificant opportunity\u201d in Nigeria, despite the absence of a culture of hot-coffee drinking there.", "sentence_label": "Distant_Expectations_Consequences"}, {"sentence_index": 19, "sentence_text": "\u201cThere definitely could be opportunity around ready-to-drink coffee here in Nigeria ... Having iced coffee, blends of dairy and coffee, packaged in different formats,\u201d he said.", "sentence_label": "Distant_Expectations_Consequences"}, {"sentence_index": 20, "sentence_text": "Njonjo said Horlicks, a malt-based hot beverage, was an \u201cinteresting proposition\u201d that could be \u201ca significant opportunity on the (African) continent\u201d.", "sentence_label": "Distant_Expectations_Consequences"}, {"sentence_index": 21, "sentence_text": "But while the company was researching drinks from locally relevant ingredients, such as ginger, he said he could not see a market for marijuana drinks - something the company has said it was closely watching in the past.", "sentence_label": "Distant_Evaluation"}, {"sentence_index": 22, "sentence_text": "In January, Coca-Cola announced a global goal to help collect and recycle its packaging.", "sentence_label": "Distant_Historical"}, {"sentence_index": 23, "sentence_text": "Njonjo said the company was working in Nigeria to collect bottles and find a way for them to be re-used through a partnership with cement-maker Lafarge in which bottles would be burned in kilns as an energy source.", "sentence_label": "Cause_General"}, {"sentence_index": 24, "sentence_text": "A memorandum of understanding was being formalized and would be signed in the next few weeks, he said, adding that implementation would begin in the last quarter of this year.", "sentence_label": "Distant_Expectations_Consequences"}, {"sentence_index": 25, "sentence_text": "He said the company was also working with Lagos state government on marine collection to remove waste from waterways in the city, which is built on a lagoon.", "sentence_label": "Cause_General"}, {"sentence_index": 26, "sentence_text": "($1 = 305.2800 naira)", "sentence_label": "NA"}]}