{"file_name": "./NewsDiscourseData/json_annotations/train/Business/AReuters_42.json", "sentences": [{"sentence_index": "title", "sentence_text": "Santander UK says Susan Allen to head retail and business banking ops", "sentence_label": "title"}, {"sentence_index": 1, "sentence_text": "The logo of Santander bank is seen on rental bicycles in the City of London financial district in London September 4, 2017.", "sentence_label": "NA"}, {"sentence_index": 2, "sentence_text": "REUTERS/Toby Melville", "sentence_label": "NA"}, {"sentence_index": 3, "sentence_text": "(Reuters) - Santander UK (SANS_pa.L) said on Monday it had appointed Susan Allen as head of its retail and business banking operations in the United Kingdom.", "sentence_label": "Main"}, {"sentence_index": 4, "sentence_text": "Santander UK, owned by Spain\u2019s Banco Santander (SAN.MC), said Allen would replace Javier San Felix, who is returning to the Santander Group after three years in the role.", "sentence_label": "Main_Consequence"}, {"sentence_index": 5, "sentence_text": "Allen, currently head of customer interactions within the bank\u2019s retail division, will start her new role by the end of the year, subject to regulatory approval, the London-based financial services provider said.", "sentence_label": "Distant_Expectations_Consequences"}]}