{"file_name": "./NewsDiscourseData/json_annotations/train/Business/AReuters_28.json", "sentences": [{"sentence_index": "title", "sentence_text": "Metro puts struggling Real hypermarket chain on the block", "sentence_label": "title"}, {"sentence_index": 1, "sentence_text": "BERLIN (Reuters) - German retailer Metro AG plans to sell its struggling Real hypermarkets and is confident of interest in the chain, though bankers played down talk it might attract Amazon and a price tag of up to 1 billion euros ($1.2 billion).", "sentence_label": "Main"}, {"sentence_index": 2, "sentence_text": "FILE PHOTO: German retailer Metro AG sign is seen on the headquarters in Duesseldorf, Germany March 02, 2018.", "sentence_label": "NA"}, {"sentence_index": 3, "sentence_text": "REUTERS/Thilo Schmuelgen/File Photo", "sentence_label": "NA"}, {"sentence_index": 4, "sentence_text": "Industry bankers contacted by Reuters said private equity firms were the most likely bidders and that Metro might have to effectively pay a buyer to take the chain off its hands.", "sentence_label": "Distant_Expectations_Consequences"}, {"sentence_index": 5, "sentence_text": "Foreign players have shunned the cut-throat German grocery market, which is dominated by discounters Aldi and Lidl, since Walmart took a loss of $1 billion when it sold its stores to Metro and pulled out of the country in 2006.", "sentence_label": "Cause_General"}, {"sentence_index": 6, "sentence_text": "Metro says it wants to focus on its wholesale business which serves independent traders, hotels and restaurants and is more shielded from ecommerce, while doing more delivery to customers.", "sentence_label": "Distant_Expectations_Consequences"}, {"sentence_index": 7, "sentence_text": "\u201cThe fact that we repeatedly had expressions of interest shows that we can take up the journey again,\u201d Metro\u2019s chief executive Olaf Koch told journalists on Friday.", "sentence_label": "Distant_Evaluation"}, {"sentence_index": 8, "sentence_text": "Metro previously tried to sell Real in 2012 and a consortium of Apollo and Towerbrook made an offer, as did KKR, before the retailer opted instead to restructure the chain.", "sentence_label": "Distant_Historical"}, {"sentence_index": 9, "sentence_text": "Koch expected the sales process to take up to eight months.", "sentence_label": "Distant_Expectations_Consequences"}, {"sentence_index": 10, "sentence_text": "HSBC\u2019s European retail analyst, Andrew Porteous, welcomed the plan and raised his price target for Metro shares to 14 euros from 11.50 euros.", "sentence_label": "Distant_Evaluation"}, {"sentence_index": 11, "sentence_text": "\u201cIncreased focus is a positive,\u201d he said in a note.", "sentence_label": "Distant_Evaluation"}, {"sentence_index": 12, "sentence_text": "\u201cWe have consistently held that Metro needed to simplify in order to create value.\u201d", "sentence_label": "Distant_Evaluation"}, {"sentence_index": 13, "sentence_text": "Large European retailers such as Ahold, Carrefour, Auchan, Tesco are unlikely to bid for Real, people familiar with the industry said.", "sentence_label": "Distant_Expectations_Consequences"}, {"sentence_index": 14, "sentence_text": "The chain may attract more interest from investors such as Apollo-backed Alteri, owner of Babywalz and CBR Fashion Group or from other private equity firms.", "sentence_label": "Distant_Expectations_Consequences"}, {"sentence_index": 15, "sentence_text": "Buyout groups, have had mixed results though with retail in Germany and several deals - such as Sun Capital\u2019s Neckermann investment - have turned sour.", "sentence_label": "Distant_Evaluation"}, {"sentence_index": 16, "sentence_text": "Some analysts speculated Amazon could be interested after its acquisition of U.S. grocery chain Whole Foods last year.", "sentence_label": "Distant_Expectations_Consequences"}, {"sentence_index": 17, "sentence_text": "Germany is its second biggest market after the United States.", "sentence_label": "Cause_General"}, {"sentence_index": 18, "sentence_text": "\u201cGermany\u2019s grocery ecommerce is very underdeveloped and Germany is a very important country for Amazon,\u201d said Bernstein analyst Bruno Monteyne, adding a price of around 1 billion euros would be no hurdle for the ecommerce giant.", "sentence_label": "Distant_Evaluation"}, {"sentence_index": 19, "sentence_text": "An Amazon spokesman declined to comment and the buyout groups named either declined to comment or were not immediately available.", "sentence_label": "Cause_General"}, {"sentence_index": 20, "sentence_text": "FINDING A BUYER", "sentence_label": "Cause_General"}, {"sentence_index": 21, "sentence_text": "Real has suffered from tough competition from the advance of online players like Amazon and has sought to build up an online grocery business in recent years.", "sentence_label": "Distant_Evaluation"}, {"sentence_index": 22, "sentence_text": "Its ecommerce still only accounts for 2 percent of its 7.2 billion euro sales.", "sentence_label": "Cause_General"}, {"sentence_index": 23, "sentence_text": "The business posted a loss and saw sales slide 7.2 percent in the latest quarter, which it blamed on an early Easter and unusually hot weather.", "sentence_label": "Cause_General"}, {"sentence_index": 24, "sentence_text": "Bankers do not view Real as high on Amazon\u2019s shopping list.", "sentence_label": "Distant_Evaluation"}, {"sentence_index": 25, "sentence_text": "One said Real could be sold for \u201cnear zero at best\u201d, while another said Metro may have to pay to offload the business.", "sentence_label": "Distant_Expectations_Consequences"}, {"sentence_index": 26, "sentence_text": "Koch said selling Real was not connected to Daniel Kretinsky buying a stake in Metro last month, although he said the company had met the Czech billionaire, whose move prompted speculation he could make a full bid and take Metro private.", "sentence_label": "Distant_Expectations_Consequences"}, {"sentence_index": 27, "sentence_text": "Analysts said a financial investor might be interested in the real estate value of the 65 hypermarkets that Real owns, while other options could be a sale of parcels of stores to chains like Lidl or dominant supermarket group Edeka.", "sentence_label": "Distant_Expectations_Consequences"}, {"sentence_index": 28, "sentence_text": "However, peers need to tread carefully to avoid anti-trust concerns like those that dogged Edeka\u2019s purchase of loss-making chain Kaiser\u2019s in 2015.", "sentence_label": "Distant_Expectations_Consequences"}, {"sentence_index": 29, "sentence_text": "One of the bankers said fellow German supermarket chain Kaufland, held by Lidl owner Schwarz Group, could show an interest in some sites.", "sentence_label": "Distant_Expectations_Consequences"}, {"sentence_index": 30, "sentence_text": "Koch told journalists the aim was to sell Real as a whole rather than as a bundle of stores.", "sentence_label": "Distant_Evaluation"}, {"sentence_index": 31, "sentence_text": "Trade union Verdi criticized Metro\u2019s treatment of Real\u2019s 34,000 workers in recent years and said the company should be sold as a whole.", "sentence_label": "Distant_Expectations_Consequences"}, {"sentence_index": 32, "sentence_text": "FILE PHOTO: German retailer Metro AG supermarket in Duesseldorf, Germany March 02, 2018.", "sentence_label": "NA"}, {"sentence_index": 33, "sentence_text": "REUTERS/Thilo Schmuelgen/File Photo", "sentence_label": "NA"}, {"sentence_index": 34, "sentence_text": "\u201cFirst the workforce forwent part of their wages ... then the company shredded the collective bargaining agreement, and now Real is going to be sold,\u201d said Stefanie Nutzenberger from Verdi.", "sentence_label": "Distant_Evaluation"}, {"sentence_index": 35, "sentence_text": "In focusing its business, Metro has already sold its Kaufhof department stores and split from consumer electronics retailer Ceconomy.", "sentence_label": "Cause_General"}, {"sentence_index": 36, "sentence_text": "Real\u2019s stores in eastern Europe were sold to French retailer Auchan in 2012.", "sentence_label": "Distant_Historical"}, {"sentence_index": 37, "sentence_text": "Metro\u2019s shares closed down 1.2 percent in Frankfurt at 13.51 euros.", "sentence_label": "Cause_General"}]}