{"file_name": "./NewsDiscourseData/json_annotations/train/Business/AReuters_40.json", "sentences": [{"sentence_index": "title", "sentence_text": "Naspers frees cash-rich Multichoice to take on Netflix & co", "sentence_label": "title"}, {"sentence_index": 1, "sentence_text": "JOHANNESBURG (Reuters) - South African media and e-commerce group Naspers\u2019 plan to spin off Multichoice, Africa\u2019s biggest pay-TV business by subscribers, will free up cash for the unit to compete with fast-growing Netflix and other streaming services.", "sentence_label": "Main"}, {"sentence_index": 2, "sentence_text": "FILE PHOTO: A satellite dish connecting residents to South Africa's DSTV television network, owned by telecommunications giant Naspers, adorns a shack in Khayelitsha township, Cape Town, May 25, 2017.", "sentence_label": "NA"}, {"sentence_index": 3, "sentence_text": "REUTERS/Mike Hutchings/File Photo", "sentence_label": "NA"}, {"sentence_index": 4, "sentence_text": "The group, which owns a $155 billion one-third stake in Chinese technology giant Tencent, unveiled plans on Monday to hive off Multichoice to help close a more than 60 percent discount in its share price to the value of its holding in Tencent.", "sentence_label": "Main"}, {"sentence_index": 5, "sentence_text": "This leaves Multichoice free to fend for itself in an increasingly competitive market where Netflix is already supplying thousands of viewers with original TV content and Hollywood hits such as \u201cStranger Things\u201d and \u201cHouse of Cards\u201d.", "sentence_label": "Distant_Expectations_Consequences"}, {"sentence_index": 6, "sentence_text": "\u201cThe intention is to basically have absolutely minimal debt going to Multichoice to provide them with flexibility to make any strategic move they want to make,\u201d said Naspers\u2019 chief executive Bob van Dijk.", "sentence_label": "Cause_Specific"}, {"sentence_index": 7, "sentence_text": "\u201cWe\u2019re not going to suck any cash out of Multichoice.\u201d", "sentence_label": "Distant_Expectations_Consequences"}, {"sentence_index": 8, "sentence_text": "Although streaming is still rare on a continent hobbled by slow internet speeds, reaching fewer than 2 million of sub-Saharan Africa\u2019s billion citizens, it is increasingly challenging more popular satellite-TV services.", "sentence_label": "Distant_Evaluation"}, {"sentence_index": 9, "sentence_text": "Multichoice\u2019s fledgling internet-streaming service, Showmax, is betting a blend of Hollywood blockbusters and local content such as \u201cReal Househelps of Kawangware\u201d and \u201cThe Bachelor South Africa\u201d will set it apart from rivals.", "sentence_label": "Distant_Evaluation"}, {"sentence_index": 10, "sentence_text": "It launched Showmax in 2016.", "sentence_label": "Distant_Historical"}, {"sentence_index": 11, "sentence_text": "Naspers does not provide subscriber numbers for Showmax, but London-based Digital TV Research estimates it had 334,000 at the end of last year, fewer than half as many as Netflix and mostly in South Africa.", "sentence_label": "Cause_General"}, {"sentence_index": 12, "sentence_text": "SHOWMAX", "sentence_label": "Distant_Expectations_Consequences"}, {"sentence_index": 13, "sentence_text": "Multichoice had 7.5 billion rand ($503 million) cash at the end of the latest financial disclosure period in March, generated largely from subscription fees of as much as 809 rand a month from some of its 13.5 million households across the continent.", "sentence_label": "Cause_General"}, {"sentence_index": 14, "sentence_text": "\u201cThe listing of Multichoice Group will create a leading entertainment business on the JSE that is profitable and cash generative,\u201d Patel said in e-mail reply to questions.", "sentence_label": "Distant_Expectations_Consequences"}, {"sentence_index": 15, "sentence_text": "The company did not provide details on how it would deploy the money but said its balance sheet would allow it to pursue growth opportunities in African video entertainment and pay a \u201cmeaningful dividend\u201d to shareholders.", "sentence_label": "Distant_Expectations_Consequences"}, {"sentence_index": 16, "sentence_text": "Analysts also expect it to scale up Showmax.", "sentence_label": "Distant_Expectations_Consequences"}, {"sentence_index": 17, "sentence_text": "\u201cI expect them to be quite a good dividend paying stock but on the other hand it is an industry that is facing structural change so I expect them to continue to invest in Showmax to defend the position,\u201d said Renier de Bruyn, a portfolio manager at Sanlam Private Wealth.", "sentence_label": "Distant_Expectations_Consequences"}, {"sentence_index": 18, "sentence_text": "Multichoice\u2019s dominant position in most of its markets makes it unlikely to seek to acquire rivals.", "sentence_label": "Distant_Expectations_Consequences"}, {"sentence_index": 19, "sentence_text": "Founded in 1915, Naspers has transformed itself from an apartheid-era newspaper publisher into a $100 billion behemoth thanks largely to cash flow from Multichoice that enabled it to pursue private-equity style investments in e-commerce platforms across the world.", "sentence_label": "Cause_General"}, {"sentence_index": 20, "sentence_text": "According to Digital TV Research the number of pay TV users in sub-Saharan Africa - a region of more than a billion people - is expected to jump by three quarters between 2017 and 2023 to nearly 41 million, with more than half of that signing up for satellite TV offerings.", "sentence_label": "Distant_Expectations_Consequences"}, {"sentence_index": 21, "sentence_text": "Over the same period, subscriptions for streaming services - which also include Kwese, Cell C\u2019s Black and Vodacom\u2019s VideoPlay - are forecast to grow more than six-fold to nearly 10 million.", "sentence_label": "Distant_Expectations_Consequences"}, {"sentence_index": 22, "sentence_text": "CUTTING EDGE", "sentence_label": "Distant_Evaluation"}, {"sentence_index": 23, "sentence_text": "\u201cWe\u2019re quite confident.", "sentence_label": "Distant_Evaluation"}, {"sentence_index": 24, "sentence_text": "The combination of Multichoice\u2019s reach, Showmax and DSTV Now cutting edge internet television services will provide unique and unmatched offering,\u201d said Multichoice Chief Executive Imtiaz Patel.", "sentence_label": "Distant_Evaluation"}, {"sentence_index": 25, "sentence_text": "DSTV Now is an app that allows Multichoice subscribers to live stream channels on the satellite platform.", "sentence_label": "Cause_General"}, {"sentence_index": 26, "sentence_text": "The company has invested heavily in infrastructure that allows it to beam television content since its launch more than 20 years ago.", "sentence_label": "Distant_Evaluation"}, {"sentence_index": 27, "sentence_text": "Video offering via satellite is expected to remain at the heart of video entertainment for the majority of Africans for at least the next five years despite a rapid uptake of video on demand offerings from internet streaming services.", "sentence_label": "Distant_Expectations_Consequences"}, {"sentence_index": 28, "sentence_text": "The bulk of internet users rely on mobile phones to connect but hardly use their data to stream videos because of the cost.", "sentence_label": "Distant_Evaluation"}, {"sentence_index": 29, "sentence_text": "In South Africa, for example, a 1GB data bundle costs around 149 rand, a stiff price in a country where the minimum wage is 20 rand an hour.", "sentence_label": "Cause_General"}, {"sentence_index": 30, "sentence_text": "The listing of Multichoice is likely to fetch between 9 and 12 times its $627 million annual core earnings, or EBITDA, valuing it at least $5.6 billion, bankers and analysts said and making it a blue-chip Top-40 stock on the Johannesburg bourse similar in size to drugmaker Aspen Pharmacare.", "sentence_label": "Distant_Expectations_Consequences"}, {"sentence_index": 31, "sentence_text": "\u201cWe endorse this decision.", "sentence_label": "Distant_Evaluation"}, {"sentence_index": 32, "sentence_text": "Naspers recently raised 140 billion rand, twice the size of Multichoice, by selling 2 percent of Tencent and 33 billion rand from the sale of their Flipkart stake,\u201d said Byron Lotter, a portfolio manager at Vestact, which owns shares in Naspers.", "sentence_label": "Cause_General"}, {"sentence_index": 33, "sentence_text": "FILE PHOTO: Satellite dishes connect township residents to South Africa's DSTV television network, owned by media and e-commerce giant Naspers, in Khayelitsha township, Cape Town, May 19, 2017.", "sentence_label": "NA"}, {"sentence_index": 34, "sentence_text": "REUTERS/Mike Hutchings/File Photo", "sentence_label": "NA"}, {"sentence_index": 35, "sentence_text": "\u201cHistorically Naspers used the Multichoice cash cow to fund new acquisitions.", "sentence_label": "Distant_Evaluation"}, {"sentence_index": 36, "sentence_text": "They no longer need the cash from Multichoice.\u201d", "sentence_label": "Distant_Evaluation"}, {"sentence_index": 37, "sentence_text": "($1 = 14.9056 rand)", "sentence_label": "NA"}, {"sentence_index": 38, "sentence_text": "(1 South African rand = $0.0670)", "sentence_label": "NA"}]}