{"file_name": "./NewsDiscourseData/json_annotations/train/Business/AReuters_27.json", "sentences": [{"sentence_index": "title", "sentence_text": "Businesses pledge climate change action at New York summit", "sentence_label": "title"}, {"sentence_index": 1, "sentence_text": "NEW YORK (Thomson Reuters Foundation) - A new investment fund for green businesses and a tool to measure emissions were among the pledges to help governments curb global warming at a summit on climate financing convened by the French president on Wednesday.", "sentence_label": "Main"}, {"sentence_index": 2, "sentence_text": "French President Emmanuel Macron speaks at the One Planet Summit in New York, U.S., September 26, 2018.", "sentence_label": "NA"}, {"sentence_index": 3, "sentence_text": "REUTERS/Shannon Stapleton", "sentence_label": "NA"}, {"sentence_index": 4, "sentence_text": "Emmanuel Macron called on government and business leaders to invest more in slowing down climate change as he opened the second annual \u201cOne Planet\u201d summit in New York.", "sentence_label": "Distant_Expectations_Consequences"}, {"sentence_index": 5, "sentence_text": "\u201cWe have to shift one third of the global financing to financing of climate change and new climate action,\u201d he said.", "sentence_label": "Distant_Expectations_Consequences"}, {"sentence_index": 6, "sentence_text": "\u201cSo governments, the World Bank, all the development banks, business leaders and investors, it is our job.", "sentence_label": "Distant_Evaluation"}, {"sentence_index": 7, "sentence_text": "Everybody is waiting for us and everybody today wants us just to accelerate.\u201d", "sentence_label": "Distant_Evaluation"}, {"sentence_index": 8, "sentence_text": "BlackRock, the world\u2019s largest asset manager, said it would help structure a climate fund for investment in green sectors such as renewable energy and low-carbon transportation across Latin America, Asia, and Africa.", "sentence_label": "Distant_Expectations_Consequences"}, {"sentence_index": 9, "sentence_text": "The French and German governments and large philanthropic organizations including The Hewlett Foundation have pledged initial funds to the Climate Finance Partnership, which organizers said would be set up next year.", "sentence_label": "Distant_Expectations_Consequences"}, {"sentence_index": 10, "sentence_text": "The one-day gathering in New York, where world leaders were gathered for the United Nations General Assembly, drew the leaders of global companies as well as more than two dozen heads of state and government.", "sentence_label": "Cause_General"}, {"sentence_index": 11, "sentence_text": "The World Bank, which lends to developing countries, announced a platform to pledge $1 billion toward developing battery-storage technology.", "sentence_label": "Distant_Expectations_Consequences"}, {"sentence_index": 12, "sentence_text": "Energy storage is becoming increasingly important as production of renewable energy rises, because the wind might not blow or the sun shine during the peak hours when most consumers turns on their lights and appliances.", "sentence_label": "Distant_Evaluation"}, {"sentence_index": 13, "sentence_text": "Tech giant Google announced the launch of a tool to generate data on greenhouse gas emissions from road traffic and on the solar capacity of cities, which it captures through its popular mapping service Google Earth.", "sentence_label": "Cause_General"}, {"sentence_index": 14, "sentence_text": "\u201cIf you cannot measure it you can\u2019t manage it,\u201d said Michael Bloomberg, the former New York mayor who is now the U.N. Secretary General\u2019s special envoy for Cities and Climate Change.", "sentence_label": "Distant_Evaluation"}, {"sentence_index": 15, "sentence_text": "Cities worldwide account for more than 70 percent of carbon dioxide emissions.", "sentence_label": "Cause_General"}, {"sentence_index": 16, "sentence_text": "Climate change is causing more frequent and severe flooding, droughts, storms and heatwaves as average global temperatures rise to new records, sea ice melts in the Arctic and sea levels rise.", "sentence_label": "Cause_Specific"}, {"sentence_index": 17, "sentence_text": "The second \u201cOne Planet\u201d summit took place nearly three years after almost 200 governments agreed the Paris accord to end the fossil-fuel era this century and limit further global warming to well below 2 degrees above pre-industrial times.", "sentence_label": "Cause_General"}, {"sentence_index": 18, "sentence_text": "U.S. President Donald Trump weakened the pact last year when he said the United States, the world\u2019s second biggest greenhouse gas polluter after China, would pull out.", "sentence_label": "Distant_Historical"}]}