{"file_name": "./NewsDiscourseData/json_annotations/train/Business/AReuters_22.json", "sentences": [{"sentence_index": "title", "sentence_text": "'Despondent' Musk's Tesla resembles Lehman, Greenlight's Einhorn says", "sentence_label": "title"}, {"sentence_index": 1, "sentence_text": "NEW YORK (Reuters) - Hedge fund manager David Einhorn lambasted Tesla Inc (TSLA.O) and its \u201cdespondent\u201d Chief Executive Elon Musk on Friday, comparing the electric car company to Lehman Brothers Holdings Inc, where he had flagged accounting problems several months before its 2008 collapse.", "sentence_label": "Main"}, {"sentence_index": 2, "sentence_text": "FILE PHOTO: David Einhorn, President of Greenlight Capital, Inc., presents during the 2018 Sohn Investment Conference in New York City, U.S., April 23, 2018.", "sentence_label": "NA"}, {"sentence_index": 3, "sentence_text": "REUTERS/Brendan McDermid", "sentence_label": "NA"}, {"sentence_index": 4, "sentence_text": "\u201cLike Lehman, we think the deception is about to catch up to TSLA,\u201d Einhorn\u2019s firm Greenlight Capital, which has sold Tesla shares short, said in a quarterly investor letter obtained by Reuters.", "sentence_label": "Main"}, {"sentence_index": 5, "sentence_text": "\u201cElon Musk\u2019s erratic behavior suggests that he sees it the same way.\u201d", "sentence_label": "Main"}, {"sentence_index": 6, "sentence_text": "Greenlight\u2019s letter came one day after Musk, a longtime critic of short-sellers, appeared to taunt the U.S. Securities and Exchange Commission by calling it the \u201cShortseller Enrichment Commission\u201d on Twitter.", "sentence_label": "Cause_General"}, {"sentence_index": 7, "sentence_text": "That came just five days after Musk settled SEC fraud charges, in an accord that lets him remain Tesla\u2019s chief executive but requires he step aside as chairman.", "sentence_label": "Cause_General"}, {"sentence_index": 8, "sentence_text": "A judge has yet to approve the settlement.", "sentence_label": "Cause_General"}, {"sentence_index": 9, "sentence_text": "Tesla did not immediately respond to requests for comment.", "sentence_label": "Cause_General"}, {"sentence_index": 10, "sentence_text": "Its shares were down 7 percent at $262.05 in late afternoon trading.", "sentence_label": "Cause_General"}, {"sentence_index": 11, "sentence_text": "Greenlight is having a difficult year, with its main fund down 25.7 percent through September, but said its Tesla short position was its second biggest winner in the third quarter.", "sentence_label": "Cause_General"}, {"sentence_index": 12, "sentence_text": "In an investor presentation in May 2008, four months before Lehman went bankrupt, Einhorn had questioned the investment bank\u2019s accounting, including for real estate, and said it needed to raise large amounts of capital.", "sentence_label": "Distant_Historical"}, {"sentence_index": 13, "sentence_text": "Einhorn said Tesla has \u201cmany parallels\u201d to Lehman, which he said \u201cthreatened short sellers, refused to raise capital (it even bought back stock), and management publicly suggested it would go private.\u201d", "sentence_label": "Main"}, {"sentence_index": 14, "sentence_text": "\u201cMonths later, shareholders, creditors, employees and the global economy paid a big price when management\u2019s reckless behavior led to bankruptcy,\u201d Einhorn said.", "sentence_label": "Main"}, {"sentence_index": 15, "sentence_text": "He said a big problem for Musk is that Tesla would lose too much money targeting a mass audience by selling its Model 3 at a $35,000 starting price, and yet \u201ccan\u2019t bring himself\u201d to cancel the program and refund customer deposits.", "sentence_label": "Main"}, {"sentence_index": 16, "sentence_text": "\u201cHis conduct suggests that he is doing his best to be relieved of his position as CEO to avoid accountability,\u201d Einhorn said.", "sentence_label": "Main"}, {"sentence_index": 17, "sentence_text": "Musk, for his part, has used Twitter to mock Einhorn, saying on Aug. 1 he would \u201csend Einhorn a box of short shorts to comfort him through this difficult time.\u201d", "sentence_label": "Distant_Historical"}, {"sentence_index": 18, "sentence_text": "Greenlight said it also sold its last Apple Inc (AAPL.O) shares in August at $228 per share, eight years after buying the iPhone maker at less than one-sixth that price, on growing fear of \u201cChinese retaliation against America\u2019s trade policies.", "sentence_label": "Distant_Historical"}, {"sentence_index": 19, "sentence_text": "Apple did not immediately respond to a request for comment.", "sentence_label": "Cause_General"}, {"sentence_index": 20, "sentence_text": "Its shares were down 1.4 percent at $224.71 late Friday.", "sentence_label": "Cause_General"}]}