{"file_name": "./NewsDiscourseData/json_annotations/train/Business/AReuters_30.json", "sentences": [{"sentence_index": "title", "sentence_text": "EU regulators want to know if merchants hurt by Amazon copies", "sentence_label": "title"}, {"sentence_index": 1, "sentence_text": "BRUSSELS (Reuters) - EU antitrust regulators are asking retailers and manufacturers whether Amazon\u2019s (AMZN.O) sales of own brand products similar to theirs have harmed their business, a move which could lead to a formal case and possibly fines against the U.S. tech giant.", "sentence_label": "Main"}, {"sentence_index": 2, "sentence_text": "FILE PHOTO: Workers collect customer orders during Black Friday deals week at an Amazon fulfilment centre in Hemel Hempstead, Britain November 25, 2015.", "sentence_label": "NA"}, {"sentence_index": 3, "sentence_text": "REUTERS/Neil Hall/File Photo", "sentence_label": "NA"}, {"sentence_index": 4, "sentence_text": "European Competition Commissioner Margrethe Vestager said last week she was looking into whether the world\u2019s largest online retailer was using merchants\u2019 data illegally.", "sentence_label": "Cause_Specific"}, {"sentence_index": 5, "sentence_text": "The European Commission\u2019s focus is on Amazon\u2019s dual function, as a company hosting merchants on its site and as a rival to these same retailers via its own products, made or improved based on the retailers\u2019 data.", "sentence_label": "Cause_General"}, {"sentence_index": 6, "sentence_text": "In a questionnaire sent to retailers, the Commission asked whether Amazon\u2019s own brand products launched in the past five years were identical or very similar to rival products offered on its platform.", "sentence_label": "Main"}, {"sentence_index": 7, "sentence_text": "Merchants were asked how Amazon\u2019s products have affected their business, their investment, marketing, pricing, sales strategy and business decisions, and whether the number of sellers increased or decreased following Amazon\u2019s entry.", "sentence_label": "Cause_General"}, {"sentence_index": 8, "sentence_text": "Regulators also wanted to know if Amazon had contacted retailers or their suppliers before launching new products.", "sentence_label": "Cause_General"}, {"sentence_index": 9, "sentence_text": "Merchants were asked to provide documents such as exchanges with Amazon or their suppliers and screenshots of websites to prove their claims.", "sentence_label": "Cause_General"}, {"sentence_index": 10, "sentence_text": "Retailers were given until Oct. 9 to reply to the 16-page questionnaire.", "sentence_label": "Cause_General"}, {"sentence_index": 11, "sentence_text": "One of the companies surveyed by the Commission posted the questionnaire online.", "sentence_label": "Cause_General"}, {"sentence_index": 12, "sentence_text": "Amazon declined to comment.", "sentence_label": "Cause_General"}, {"sentence_index": 13, "sentence_text": "Vestager has said she wants to check whether all the data gathered by Amazon gives it an edge.", "sentence_label": "Cause_Specific"}, {"sentence_index": 14, "sentence_text": "\u201cIs that giving you as the big guy, and in some member states a very big guy, an advantage that cannot be matched because you have this special access to data?,\u201d she told reporters in Washington on Thursday.", "sentence_label": "Cause_Specific"}, {"sentence_index": 15, "sentence_text": "The issue has two competition angles, said an antitrust lawyer who declined to be named because of the sensitivity of the issue.", "sentence_label": "Distant_Evaluation"}, {"sentence_index": 16, "sentence_text": "\u201cIs there an abuse of dominance in the market and the way Amazon deals with sensitive data?\u201d the lawyer said.", "sentence_label": "Distant_Evaluation"}, {"sentence_index": 17, "sentence_text": "Vestager can levy fines of up to 10 percent of a company\u2019s global turnover for breaching EU rules as well as force them to change their business practices.", "sentence_label": "Distant_Expectations_Consequences"}]}