{"file_name": "./NewsDiscourseData/json_annotations/train/Business/AReuters_35.json", "sentences": [{"sentence_index": "title", "sentence_text": "UK distribution company Electrocomponents targets U.S. and German deals", "sentence_label": "title"}, {"sentence_index": 1, "sentence_text": "(Reuters) - British industrial distribution company Electrocomponents (ECM.L) is looking at Germany and the United States for potential bolt-on acquisitions and views China as one of its \u201cgreatest investment opportunities\u201d over the next five years.", "sentence_label": "Cause_Specific"}, {"sentence_index": 2, "sentence_text": "Electrocomponents made its first acquisition in nearly two decades with its 88 million pound ($114.2 million) purchase of IESA and CEO Lindsley Ruth has now set his sights on gaining increased penetration in the United States and Germany.", "sentence_label": "Main"}, {"sentence_index": 3, "sentence_text": "\u201cThey\u2019re two of the biggest markets in the world for the products that we sell,\u201d Ruth told Reuters on Thursday after the company gave an upbeat results outlook.", "sentence_label": "Distant_Evaluation"}, {"sentence_index": 4, "sentence_text": "The company, which owns the RS Components, IESA and Allied Electronics & Automation brands, forecast a 27 percent jump in half-year adjusted pretax profit led by strong sales in its RS Pro business.", "sentence_label": "Distant_Expectations_Consequences"}, {"sentence_index": 5, "sentence_text": "Ruth\u2019s turnaround plan since taking the helm in 2015 has propelled the company\u2019s share price to levels last seen around the dot-com bubble, having plunged by 87 percent to 113 pence in 2009.", "sentence_label": "Cause_General"}, {"sentence_index": 6, "sentence_text": "The shares were up 3.2 percent at 741.4 pence at 1056 GMT on Thursday.", "sentence_label": "Cause_General"}, {"sentence_index": 7, "sentence_text": "Electrocomponents has been cutting costs and simplifying its structure, especially in the Asia-Pacific region, and finance chief David Egan said it plans to invest in both digital and customer acquisitions in the region.", "sentence_label": "Distant_Expectations_Consequences"}, {"sentence_index": 8, "sentence_text": "\u201cThe investment is across Asia-Pacific, but with an emphasis on China,\u201d he told Reuters.", "sentence_label": "Cause_General"}, {"sentence_index": 9, "sentence_text": "The company has been beefing up RS Pro, its high-margin electric and automation tools business, and said the unit outperformed the group in the half year to Sept. 30, with like-for-like revenue growth of 12 percent.", "sentence_label": "Cause_General"}, {"sentence_index": 10, "sentence_text": "The FTSE 250 company said it was on track to deliver 4 million pounds of cost savings in the current financial year.", "sentence_label": "Distant_Expectations_Consequences"}, {"sentence_index": 11, "sentence_text": "Ruth, whose efforts have brought a threefold increase in like-for-like revenue and saw its Asia-Pacific operations return to profit in the second half of last year, said that the second phase of the turnaround process was almost complete.", "sentence_label": "Cause_General"}, {"sentence_index": 12, "sentence_text": "\u201cWe are quite happy with where we are, but we are still not where we need to be,\u201d Ruth said, adding that there is significant room for improvement, especially in China.", "sentence_label": "Distant_Expectations_Consequences"}, {"sentence_index": 13, "sentence_text": "Asia-Pacific accounts for 13 percent of the company\u2019s total revenue.", "sentence_label": "Cause_General"}, {"sentence_index": 14, "sentence_text": "($1 = 0.7704 pounds)", "sentence_label": "NA"}]}