{"file_name": "./NewsDiscourseData/json_annotations/train/Business/AReuters_24.json", "sentences": [{"sentence_index": "title", "sentence_text": "Prudential, Sun Life among bidders for CBA's Indonesia insurance business: sources", "sentence_label": "title"}, {"sentence_index": 1, "sentence_text": "HONG KONG (Reuters) - At least five insurers, including Britain\u2019s Prudential (PRU.L) and Canada\u2019s Sun Life (SLF.TO), have bid for Commonwealth Bank of Australia\u2019s (CBA) (CBA.AX) majority stake in an Indonesian insurance venture, people with knowledge of the process said.", "sentence_label": "Main"}, {"sentence_index": 2, "sentence_text": "FILE PHOTO: A man walks past a branch of the Commonwealth Bank of Australia in central Sydney, Australia, February 7, 2018.", "sentence_label": "NA"}, {"sentence_index": 3, "sentence_text": "REUTERS/Daniel Munoz", "sentence_label": "NA"}, {"sentence_index": 4, "sentence_text": "The stake sale, which could value the venture at between $250 million and $300 million, has also received second-round bids from insurer FWD Group, Singapore-listed Great Eastern Holdings (GELA.SI), and Indonesia\u2019s Sequis Life, three people said.", "sentence_label": "Main"}, {"sentence_index": 5, "sentence_text": "Australia\u2019s biggest lender is selling its 80 percent stake in PT Commonwealth Life, which has a presence in 20 Indonesian cities with more than 500,000 individual and group customers, Reuters reported in January.", "sentence_label": "Distant_Historical"}, {"sentence_index": 6, "sentence_text": "The interest in PT Commonwealth Life is the latest case of foreign insurers wanting to expand their life business in Southeast Asia, a region of more than 600 million people.", "sentence_label": "Distant_Evaluation"}, {"sentence_index": 7, "sentence_text": "In March, CBA confirmed that it was undertaking a strategic review of its Indonesian life insurance business, and that it has engaged external advisers for guidance on a possible sale of the venture.", "sentence_label": "Distant_Historical"}, {"sentence_index": 8, "sentence_text": "The second-round bids were submitted last week, the people said, adding potential buyers are likely to be further short-listed within the next few weeks before a decision is made by CBA.", "sentence_label": "Distant_Expectations_Consequences"}, {"sentence_index": 9, "sentence_text": "Representatives of CBA, FWD, Great Eastern, Prudential, and Sun Life declined to comment.", "sentence_label": "Cause_General"}, {"sentence_index": 10, "sentence_text": "Sequis said it could not comment now as it was \u201cbound by NDA\u201d, or non-disclosure agreement.", "sentence_label": "Cause_General"}, {"sentence_index": 11, "sentence_text": "The people declined to be named as they were not allowed to talk to the media about the deal process.", "sentence_label": "Cause_General"}, {"sentence_index": 12, "sentence_text": "The Australian lender has been selling some of its businesses over the past year after suffering a string of scandals including rate-rigging charges, breaches of anti-money laundering laws, and fees charged to dead clients.", "sentence_label": "Cause_General"}, {"sentence_index": 13, "sentence_text": "CBA sold its insurance business in Australia and New Zealand to AIA Group (1299.HK) for $3.1 billion last year.", "sentence_label": "Distant_Historical"}, {"sentence_index": 14, "sentence_text": "It also said this year its loss-making digital banking unit in South Africa was being sold for an undisclosed sum.", "sentence_label": "Distant_Expectations_Consequences"}, {"sentence_index": 15, "sentence_text": "The Indonesian stake sale, if completed, will also be another instance of Asian banks exiting the insurance sector to free up capital and focus on their core banking businesses amid tougher regulatory capital buffer requirements.", "sentence_label": "Distant_Expectations_Consequences"}, {"sentence_index": 16, "sentence_text": "GROWING MARKET", "sentence_label": "Cause_General"}, {"sentence_index": 17, "sentence_text": "Asia is a battleground for foreign insurers including Aviva (AV.L), Prudential and Sun Life, attracted by the region\u2019s lower insurance penetration levels and faster growth rates for insurance premiums.", "sentence_label": "Distant_Evaluation"}, {"sentence_index": 18, "sentence_text": "The people said the foreign insurers competing for CBA\u2019s stake in the Indonesian venture were looking to bolster their presence in Southeast Asia, which has seen a handful of M&A deals in the last couple of years in the insurance sector.", "sentence_label": "Cause_Specific"}, {"sentence_index": 19, "sentence_text": "Swiss group Zurich Insurance (ZURN.S) said on Thursday it was acquiring an 80 percent stake in Indonesia\u2019s Adira Insurance from PT Bank Danamon Indonesia (BDMN.JK) and a minority investor for at least $414 million.", "sentence_label": "Cause_General"}, {"sentence_index": 20, "sentence_text": "FWD, owned by Hong Kong billionaire tycoon Richard Li, has agreed to buy HSBC Holdings\u2019 (HSBA.L) stake in a Malaysian insurance joint venture as part of a plan to expand its presence in Asia, sources told Reuters last month.", "sentence_label": "Cause_General"}, {"sentence_index": 21, "sentence_text": "Sun Life, which operates in seven Asian markets including China, Hong Kong, India, the Philippines and Malaysia, has in recent years made a series of deals in the region to acquire businesses or raise its ownership in several of those markets.", "sentence_label": "Cause_General"}, {"sentence_index": 22, "sentence_text": "CBA raised its holding in Commonwealth Life to 80 percent in 2007 in what was then a 50:50 joint venture.", "sentence_label": "Distant_Historical"}, {"sentence_index": 23, "sentence_text": "The remaining 20 percent is owned by an Indonesian firm, PT Gala Arta Jaya, according to the insurer\u2019s website.", "sentence_label": "Cause_General"}, {"sentence_index": 24, "sentence_text": "Besides the insurance joint venture, CBA also has a retail and business banking presence in Indonesia.", "sentence_label": "Cause_General"}]}