{"file_name": "./NewsDiscourseData/json_annotations/train/Business/AReuters_31.json", "sentences": [{"sentence_index": "title", "sentence_text": "Vitol to halt business with Iran after U.S. sanctions start: executive", "sentence_label": "title"}, {"sentence_index": 1, "sentence_text": "(Corrects paragraph 11 to show Mercuria, Trafigura forecast that oil \u2018could\u2019 spike to $100 a barrel)", "sentence_label": "NA"}, {"sentence_index": 2, "sentence_text": "A sign is pictured in front of Vitol Group trading commodities company building in Geneva October 4, 2011.", "sentence_label": "NA"}, {"sentence_index": 3, "sentence_text": "REUTERS/Denis Balibouse", "sentence_label": "NA"}, {"sentence_index": 4, "sentence_text": "By Jessica Jaganathan", "sentence_label": "NA"}, {"sentence_index": 5, "sentence_text": "SINGAPORE (Reuters) - Energy trader Vitol [VITOLV.UL] will stop doing business with Iran after the United States re-imposes sanctions on Tehran\u2019s oil trade from Nov. 4, a senior company executive said on Tuesday.", "sentence_label": "Main"}, {"sentence_index": 6, "sentence_text": "\u201cBusiness with Iran or anything to do with Iran has to come to an end,\u201d said Mike Muller, who handles business development for Vitol, on the sidelines of the Asia Pacific Petroleum Conference (APPEC) in Singapore.", "sentence_label": "Distant_Evaluation"}, {"sentence_index": 7, "sentence_text": "\u201cWe have a long-standing relationship with Iran and clearly I look forward to when trade can be resumed, but for now, one needs explicit waivers from the U.S., and not just the U.S. but the global banking community and everything else,\u201d he said.", "sentence_label": "Cause_Specific"}, {"sentence_index": 8, "sentence_text": "The United States announced in May that it would re-impose sanctions on Iran, the third-largest producer in the Organization of the Petroleum Exporting Countries, to force the country to renegotiate an agreement limiting Iran\u2019s nuclear program.", "sentence_label": "Distant_Historical"}, {"sentence_index": 9, "sentence_text": "The sanctions started on Aug. 7 with limitations on the country\u2019s access to the global financial system and in November will be extended to Iran\u2019s petroleum sector.", "sentence_label": "Distant_Expectations_Consequences"}, {"sentence_index": 10, "sentence_text": "Some traders are forecasting that the sanctions could remove up to 1.5 million barrels per day of crude from the market.", "sentence_label": "Distant_Expectations_Consequences"}, {"sentence_index": 11, "sentence_text": "Global benchmark Brent crude jumped more than 3 percent on Monday to a four-year high above $80 a barrel after Saudi Arabia and Russia ruled out any immediate increase in production despite calls by U.S. President Donald Trump for action to raise global supply.", "sentence_label": "Cause_General"}, {"sentence_index": 12, "sentence_text": "<O/R>", "sentence_label": "NA"}, {"sentence_index": 13, "sentence_text": "Any push towards higher oil prices will need new drivers, with the current oil prices having already factored in market risks, Muller said in comments during APPEC.", "sentence_label": "Distant_Expectations_Consequences"}, {"sentence_index": 14, "sentence_text": "\u201cAnything leading to higher numbers will require some new evidence coming to light,\u201d he said.", "sentence_label": "Distant_Expectations_Consequences"}, {"sentence_index": 15, "sentence_text": "Substantial additions of non-OPEC supply of up to 2 million barrels per day could flow to global markets next year, with half of that to come from the United States, he added.", "sentence_label": "Distant_Expectations_Consequences"}, {"sentence_index": 16, "sentence_text": "He declined to provide an oil price forecast but his comments appear to be less bullish than commodity traders such as Mercuria and Trafigura which said oil could spike to $100 a barrel by early 2019.", "sentence_label": "Distant_Expectations_Consequences"}, {"sentence_index": 17, "sentence_text": "Separately, Muller added that a deal to acquire stakes in Nigerian offshore fields that are held by Brazil\u2019s Petrobras and its partners, is not yet finalised.", "sentence_label": "Distant_Evaluation"}, {"sentence_index": 18, "sentence_text": "\u201cIt\u2019s a deal that\u2019s going to be rather big for Vitol... there is a transaction being finalised,\u201d he said.", "sentence_label": "Distant_Expectations_Consequences"}, {"sentence_index": 19, "sentence_text": "Reuters reported in June that a consortium led by Vitol has entered exclusive talks to acquire the assets which are estimated to be worth up to $2.5 billion.", "sentence_label": "Distant_Historical"}]}