{"file_name": "./NewsDiscourseData/json_annotations/train/Business/AReuters_38.json", "sentences": [{"sentence_index": "title", "sentence_text": "Drugmaker Aspen sells baby milk business to dairy giant Lactalis", "sentence_label": "title"}, {"sentence_index": 1, "sentence_text": "JOHANNESBURG (Reuters) - Aspen Pharmacare has agreed to sell its infant formula business to Lactalis for 12.9 billion rand ($865 million) to focus on core activities while the French buyer looks to revive its baby milk expansion after a health scandal.", "sentence_label": "Main"}, {"sentence_index": 2, "sentence_text": "Investors in the South African drugmaker appeared unimpressed, however, after expectations that the deal could top $1 billion.", "sentence_label": "Distant_Evaluation"}, {"sentence_index": 3, "sentence_text": "The company\u2019s share price tumbled after the deal\u2019s announcement on Thursday alongside full-year earnings, dropping 26 percent before paring losses to stand 16.3 percent down at 228.06 rand by 1430 GMT.", "sentence_label": "Cause_General"}, {"sentence_index": 4, "sentence_text": "Rising incomes in emerging markets coupled with global population growth have made infant formula an attractive proposition in a market dominated by Nestle, Danone and Reckitt Benckiser, which acquired Mead Johnson of the United States last year.", "sentence_label": "Distant_Evaluation"}, {"sentence_index": 5, "sentence_text": "\u201cThe market expected Aspen to get $1 billion to $1.5 billion dollars,\u201d Cratos Capital equity trader Greg Davies said, adding that there is also some doubt over Aspen\u2019s stated growth expectations.", "sentence_label": "Distant_Expectations_Consequences"}, {"sentence_index": 6, "sentence_text": "FNB Wealth and Investments portfolio manager Wayne McCurrie said a \u201csecond disappointment\u201d concerned Aspen\u2019s rising debt levels and whether Africa\u2019s biggest manufacturer of generic drugs had been forced to sell the infant milk business to reduce gearing levels.", "sentence_label": "Distant_Evaluation"}, {"sentence_index": 7, "sentence_text": "\u201cThe market is worried that they took a decision just on debt and not on the growth prospects of the business, because this business looked quite good,\u201d McCurrie said.", "sentence_label": "Distant_Evaluation"}, {"sentence_index": 8, "sentence_text": "\u201cThey were pumping it massively over the last year or so and all of a sudden say they are selling it.\u201d", "sentence_label": "Distant_Evaluation"}, {"sentence_index": 9, "sentence_text": "Aspen CEO Stephen Saad said the disposal was in line with \u201cour strategic intention to focus attention on our core pharmaceutical business, which includes the anesthetics, thrombosis and high potency and cytotoxic portfolios\u201d.", "sentence_label": "Distant_Evaluation"}, {"sentence_index": 10, "sentence_text": "After 1.1 billion rand to be paid to partners in Asia-Pacific, Aspen will receive 11.8 billion rand, representing 23 times the unit\u2019s earnings of 512 million rand, Deputy Chief Executive Gus Attridge said.", "sentence_label": "Distant_Expectations_Consequences"}, {"sentence_index": 11, "sentence_text": "CHANCE TO REBUILD", "sentence_label": "Cause_General"}, {"sentence_index": 12, "sentence_text": "For Lactalis, meanwhile, the deal represents an opportunity to rebuild its baby milk business after a salmonella outbreak at its production site in northwest France caused dozens of babies to fall sick and led to a global product recall.", "sentence_label": "Cause_General"}, {"sentence_index": 13, "sentence_text": "Lactalis is the world\u2019s largest dairy firm, with annual sales of 18.4 billion euros ($21.4 billion), but baby milk has been a relatively small part of its activities and is now at a standstill after the health scare.", "sentence_label": "Cause_General"}, {"sentence_index": 14, "sentence_text": "The company\u2019s head of communications, Michel Nalet, said the production halt in France was \u201cone of the factors\u201d behind the move for the Aspen business", "sentence_label": "Distant_Evaluation"}, {"sentence_index": 15, "sentence_text": "\u201cIn infant formula, we didn\u2019t have a base outside France.", "sentence_label": "Distant_Evaluation"}, {"sentence_index": 16, "sentence_text": "We had the desire to be a global player in all dairy businesses,\u201d he said.", "sentence_label": "Distant_Evaluation"}, {"sentence_index": 17, "sentence_text": "Aspen\u2019s nutritionals business sells infant milk formula in the Asia-Pacific region, sub-Saharan Africa and Latin America, and has been building a growing presence in the Middle East and China.", "sentence_label": "Cause_General"}, {"sentence_index": 18, "sentence_text": "Privately owned Lactalis, which said the crisis could cost it hundreds of million of euros, decided the production line linked to the contamination should be closed permanently and is now awaiting permission from French authorities to restart output at its other production line.", "sentence_label": "Cause_General"}, {"sentence_index": 19, "sentence_text": "The acquisition will be funded with cash, Aspen said, adding that the proceeds will reduce its debt and that the deal is expected to close in the next six months.", "sentence_label": "Distant_Expectations_Consequences"}, {"sentence_index": 20, "sentence_text": "Lactalis will also receive any intellectual property and goodwill presently owned by Aspen Holdings and Pharmacare Ltd and Aspen Global Incorporated.", "sentence_label": "Distant_Expectations_Consequences"}, {"sentence_index": 21, "sentence_text": "Aspen\u2019s infant formula business contributed 3.1 billion rand to group revenue in the year to June 30.", "sentence_label": "Cause_General"}, {"sentence_index": 22, "sentence_text": "The drugmaker posted full-year normalized earnings before interest, tax, depreciation and amortization of 12 billion rand, up 5 percent, helped by strong growth in China, inclusion of anesthetics portfolios acquired the previous year and positive organic growth in commercial pharmaceuticals.", "sentence_label": "Cause_General"}, {"sentence_index": 23, "sentence_text": "Aspen declared a dividend of 315 cents per share, up 10 percent.", "sentence_label": "Cause_General"}, {"sentence_index": 24, "sentence_text": "($1 = 0.8601 euros)", "sentence_label": "NA"}, {"sentence_index": 25, "sentence_text": "($1 = 14.9147 rand)", "sentence_label": "NA"}]}