{"file_name": "./NewsDiscourseData/json_annotations/train/Business/AReuters_43.json", "sentences": [{"sentence_index": "title", "sentence_text": "LG Display struggles for footing after LCD forecasting error leads to crisis", "sentence_label": "title"}, {"sentence_index": 1, "sentence_text": "SEOUL (Reuters) - The chief executive of South Korea\u2019s LG Display (034220.KS), Han Sang-beom, was determined to deliver a strong message when he appeared before 1,000 employees at the firm\u2019s main manufacturing plant last spring.", "sentence_label": "Distant_Historical"}, {"sentence_index": 2, "sentence_text": "FILE PHOTO: A woman looks at a LG Electronics' organic light-emitting diode (OLED) TV, which is made with LG Display flat screens, at its store in Seoul, South Korea, April 26, 2016.", "sentence_label": "NA"}, {"sentence_index": 3, "sentence_text": "REUTERS/Kim Hong-Ji/File Photo", "sentence_label": "NA"}, {"sentence_index": 4, "sentence_text": "So he donned a pair of goggles, picked up a hammer, and smashed a liquid-crystal display screen to bits.", "sentence_label": "Distant_Historical"}, {"sentence_index": 5, "sentence_text": "The symbolism was impossible to miss: LCD panels, the company\u2019s mainstay for years, were being relegated to the industrial dustbin.", "sentence_label": "Distant_Evaluation"}, {"sentence_index": 6, "sentence_text": "The company\u2019s future would depend on a newer technology, organic light-emitting diode, or OLED.", "sentence_label": "Distant_Expectations_Consequences"}, {"sentence_index": 7, "sentence_text": "\u201cI\u2019ve never seen him do such a thing,\u201d said one company official who was present.", "sentence_label": "Distant_Evaluation"}, {"sentence_index": 8, "sentence_text": "\u201cHis performance showed a grim determination to weather this crisis.\u201d", "sentence_label": "Distant_Evaluation"}, {"sentence_index": 9, "sentence_text": "Yet LG Display\u2019s predicament was in many ways one of its own making.", "sentence_label": "Distant_Evaluation"}, {"sentence_index": 10, "sentence_text": "Less than a year earlier, the company had showered employees with perks and bonuses as profits rolled in, driven by the company\u2019s leadership in LCD screens for TVs, computer monitors and smartphones.", "sentence_label": "Distant_Historical"}, {"sentence_index": 11, "sentence_text": "But LG Display had misread the market: Chinese competitors were coming on strong, and by early this year prices for LCD screens were plummeting.", "sentence_label": "Main"}, {"sentence_index": 12, "sentence_text": "The fat profits of 2017 turned into big losses in 2018 - and the company abruptly announced in July that it would slash $2.7 billion in capital spending it had planned through 2020.", "sentence_label": "Cause_General"}, {"sentence_index": 13, "sentence_text": "It did not reveal its total or previous targets but made about $6 billion in capital expenditures in 2017, according to Eikon data.", "sentence_label": "Distant_Historical"}, {"sentence_index": 14, "sentence_text": "The company\u2019s troubles stand as a stark example of the risks inherent in hotly competitive technology businesses that require massive capital investment.", "sentence_label": "Distant_Evaluation"}, {"sentence_index": 15, "sentence_text": "\u201cIt seems that LG Display made a major miscalculation on its LCD business, not accurately judging the timing to pull away when they could see China\u2019s rapid catch-up,\u201d said Lee Won-sik, an analyst at Shinyoung Securities.", "sentence_label": "Main"}, {"sentence_index": 16, "sentence_text": "\u201cWe knew from last year LCD prices would go down but we did not expect this big and fast fall,\u201d acknowledged one LG Display official, who, like others in this article, declined to be identified because he was not authorized to speak to the media.", "sentence_label": "Distant_Evaluation"}, {"sentence_index": 17, "sentence_text": "\u201cCustomers had been asking for price cuts, but we didn\u2019t act until it got too late.\u201d", "sentence_label": "Distant_Evaluation"}, {"sentence_index": 18, "sentence_text": "PRICES IN FREE-FALL", "sentence_label": "Cause_General"}, {"sentence_index": 19, "sentence_text": "LG Display posted five straight years of strong profits after Han took the helm in 2012, riding a tide of LCD screen orders from Apple Inc (AAPL.O) and strong demand for both phone and TV screens from LG Electronics (066570.KS), which owns more than a third of the display-maker.", "sentence_label": "Distant_Historical"}, {"sentence_index": 20, "sentence_text": "LG Display also began to invest in OLED displays, which unlike LCD screens don\u2019t require backlighting and can deliver more natural-looking colors.", "sentence_label": "Distant_Historical"}, {"sentence_index": 21, "sentence_text": "OLED screens also consume less energy and can be bent and folded.", "sentence_label": "Cause_General"}, {"sentence_index": 22, "sentence_text": "But the technology is expensive, and LG Display was earning the vast majority of its revenue from LCDs.", "sentence_label": "Distant_Historical"}, {"sentence_index": 23, "sentence_text": "Until its recent cutbacks, it was running eight LCD production lines in South Korea and another in China.", "sentence_label": "Cause_General"}, {"sentence_index": 24, "sentence_text": "While LG Display hummed along, Chinese companies, led by BOE Technology Group Co Ltd (000725.SZ), were pouring huge sums into LCD production.", "sentence_label": "Cause_Specific"}, {"sentence_index": 25, "sentence_text": "LG Display Vice Chairman Han Sang-beom smashes a discarded 55-inch LCD panel with a hammer during an event at their factory in Paju, South Korea, April 26, 2018.", "sentence_label": "NA"}, {"sentence_index": 26, "sentence_text": "LG Display/Handout via REUTERS", "sentence_label": "NA"}, {"sentence_index": 27, "sentence_text": "By January 2017, BOE had become the No.", "sentence_label": "Distant_Historical"}, {"sentence_index": 28, "sentence_text": "1 supplier of LCDs larger than 9 inches, according to market tracker IHS Markit, taking 22.3 percent of unit shipments versus 21.6 percent for LG Display.", "sentence_label": "Distant_Historical"}, {"sentence_index": 29, "sentence_text": "It was the first time a Chinese display maker had taken the top spot.", "sentence_label": "Cause_General"}, {"sentence_index": 30, "sentence_text": "By early 2018, prices for many types of LCDs were in free-fall.", "sentence_label": "Distant_Historical"}, {"sentence_index": 31, "sentence_text": "Prices for 50-inch LCD television panels, for example, slid 32 percent in August versus the same month last year, according to IHS Markit.", "sentence_label": "Cause_General"}, {"sentence_index": 32, "sentence_text": "LG Display\u2019s big South Korean rival, the display unit of Samsung Electronics (005930.KS), had begun pulling back from LCD years earlier, shutting down older LCD production lines in South Korea beginning in 2010, according to a Samsung Display official.", "sentence_label": "Distant_Historical"}, {"sentence_index": 33, "sentence_text": "The company now has just two LCD factories in South Korea and one in China.", "sentence_label": "Cause_General"}, {"sentence_index": 34, "sentence_text": "But LG Display was caught flat-footed and is now furiously slashing LCD capacity.", "sentence_label": "Main_Consequence"}, {"sentence_index": 35, "sentence_text": "It has closed three LCD production lines since last year and abandoned plans for a new one.", "sentence_label": "Main_Consequence"}, {"sentence_index": 36, "sentence_text": "The company in April also rolled out an \u201cemergency management system,\u201d with employees being told to use cheaper flights and cut back on group meals, company sources told Reuters.", "sentence_label": "Distant_Historical"}, {"sentence_index": 37, "sentence_text": "Cash flow has become a concern: it was negative 838.2 billion won ($743.93 million) in the second quarter, according to Eikon data, and has been negative for three straight quarters.", "sentence_label": "Cause_General"}, {"sentence_index": 38, "sentence_text": "Three company sources say the company is not planning layoffs for fear of losing talent to China, but some employees are frustrated with cuts in benefits.", "sentence_label": "Distant_Expectations_Consequences"}, {"sentence_index": 39, "sentence_text": "\u201cExecutives are trying to keep the morale up, telling us media reports about a voluntary redundancy program are false,\u201d a company source with knowledge of the matter said.", "sentence_label": "Distant_Evaluation"}, {"sentence_index": 40, "sentence_text": "OLED A GAME CHANGER?", "sentence_label": "Distant_Expectations_Consequences"}, {"sentence_index": 41, "sentence_text": "LG Display is now betting the house on OLED, and says it can fund $17.6 billion in OLED investments over the next three years.", "sentence_label": "Distant_Expectations_Consequences"}, {"sentence_index": 42, "sentence_text": "It expects the newer technology to account for 40 percent of revenue by 2020, up from just 10 percent today.", "sentence_label": "Distant_Expectations_Consequences"}, {"sentence_index": 43, "sentence_text": "As OLED becomes more prevalent, LG Display\u2019s fortunes could turn, analysts say.", "sentence_label": "Distant_Expectations_Consequences"}, {"sentence_index": 44, "sentence_text": "LG Display\u2019s OLED panels have helped its sibling, LG Electronics, take the lead in high-end televisions.", "sentence_label": "Distant_Evaluation"}, {"sentence_index": 45, "sentence_text": "Some analysts believe LG Display has been pressured to supply those panels cheaply, hurting its profitability, though the company denies that is the case.", "sentence_label": "Distant_Evaluation"}, {"sentence_index": 46, "sentence_text": "But the OLED market promises to be tough.", "sentence_label": "Distant_Expectations_Consequences"}, {"sentence_index": 47, "sentence_text": "Samsung boasts that it has been investing in OLED since 2005.", "sentence_label": "Cause_General"}, {"sentence_index": 48, "sentence_text": "BOE is getting into OLED too.", "sentence_label": "Cause_General"}, {"sentence_index": 49, "sentence_text": "LG Display has costly process for durable OLED TVs, but there are no better alternatives, said Ross Young, chief executive of research provider Display Supply Chain Consultants.", "sentence_label": "Distant_Evaluation"}, {"sentence_index": 50, "sentence_text": "\u201cLG Display\u2019s current approach is the best solution for the market,\u201d Young said.", "sentence_label": "Distant_Evaluation"}, {"sentence_index": 51, "sentence_text": "Son Young-jun, LG Display\u2019s vice president of public relations, said in a statement that the company is the only producer of large-size OLED displays and had \u201cunmatched technological expertise\u201d in OLED.", "sentence_label": "Distant_Evaluation"}, {"sentence_index": 52, "sentence_text": "\u201cThe potential and outlook ahead is promising,\u201d he said.", "sentence_label": "Distant_Expectations_Consequences"}, {"sentence_index": 53, "sentence_text": "LG Display says its OLED division will turn a profit in the third quarter.", "sentence_label": "Distant_Expectations_Consequences"}, {"sentence_index": 54, "sentence_text": "It also expects LCD prices to stabilize, enabling it to squeeze profits from the older technology until the newer one matures.", "sentence_label": "Distant_Expectations_Consequences"}, {"sentence_index": 55, "sentence_text": "\u201cGiven OLED is our answer and solution to the crisis, there\u2019s nothing else we can do other than tightening our belts and pushing for OLED,\u201d a company official said.", "sentence_label": "Distant_Evaluation"}, {"sentence_index": 56, "sentence_text": "Graphic: tmsnrt.rs/2OaszIW", "sentence_label": "NA"}]}