{"file_name": "./NewsDiscourseData/json_annotations/train/Business/AReuters_36.json", "sentences": [{"sentence_index": "title", "sentence_text": "Allergan says revenue from aesthetics unit may double by 2025", "sentence_label": "title"}, {"sentence_index": 1, "sentence_text": "The Allergan logo is seen in this photo illustration November 23, 2015.", "sentence_label": "NA"}, {"sentence_index": 2, "sentence_text": "REUTERS/Thomas White/Illustration/File Photo", "sentence_label": "NA"}, {"sentence_index": 3, "sentence_text": "NEW YORK (Reuters) - Allergan Plc (AGN.N) said revenue from its medical aesthetics business could double by 2025, even as it faces increasing competition for its blockbuster wrinkle treatment, Botox.", "sentence_label": "Main"}, {"sentence_index": 4, "sentence_text": "The drugmaker announced earlier on Friday the acquisition of Bonti Inc, which makes a shorter-acting neurotoxin than Botox.", "sentence_label": "Cause_General"}, {"sentence_index": 5, "sentence_text": "Allergan is also doubling its investment in direct-to-consumer ad spending and beefing up its sales force as companies like Revance Therapeutics Inc (RVNC.O) and Evolus Inc (EOLS.O) vie to wrest market share with rival treatments to Botox.", "sentence_label": "Cause_General"}, {"sentence_index": 6, "sentence_text": "The company made the announcements at its Medical Aesthetics Day in New York.", "sentence_label": "Cause_General"}, {"sentence_index": 7, "sentence_text": "Chief Commercial Officer Bill Meury said Allergan expects revenue at its medical aesthetics unit to grow to $7 billion to $8 billion.", "sentence_label": "Main"}, {"sentence_index": 8, "sentence_text": "That compares with revenue of $3.8 billion from the business in 2017.", "sentence_label": "Distant_Historical"}, {"sentence_index": 9, "sentence_text": "Beyond Botox, the unit includes dermal filler Juvederm, the CoolSculpting fat-freezing systems, and other treatments.", "sentence_label": "Cause_General"}, {"sentence_index": 10, "sentence_text": "He said the forecast implied an 8 to 10 percent compound annual growth rate.", "sentence_label": "Distant_Expectations_Consequences"}, {"sentence_index": 11, "sentence_text": "Meury said the Bonti acquisition would allow the company to market a new \u201cstarter toxin.\u201d Patients could test drive the treatment, which lasts for two to four weeks, to help them decide if they want to use longer-term Botox.", "sentence_label": "Distant_Expectations_Consequences"}, {"sentence_index": 12, "sentence_text": "Shares of Allergan fell 0.9 percent to $188.21 on Friday, while shares of Revance were down 1.1 percent and Evolus fell around 2.5 percent.", "sentence_label": "Cause_General"}, {"sentence_index": 13, "sentence_text": "(The story corrects Allergan company stock price in final paragraph.)", "sentence_label": "NA"}]}