{"file_name": "./NewsDiscourseData/json_annotations/train/Business/AReuters_29.json", "sentences": [{"sentence_index": "title", "sentence_text": "UK regulator fines Equifax Ltd 500,000 pounds for 2017 security breach", "sentence_label": "title"}, {"sentence_index": 1, "sentence_text": "(Reuters) - A British regulator on Thursday fined credit reference company Equifax Inc\u2019s UK arm, Equifax Ltd, 500,000 pounds for failing to protect the personal information of up to 15 million people in Britain during a 2017 cyber attack.", "sentence_label": "Main"}, {"sentence_index": 2, "sentence_text": "The Information Commissioner\u2019s Office (ICO) said in a statement its investigation found that although Equifax systems in the United States were compromised, Equifax Ltd was responsible for the personal information of its customers in Britain.", "sentence_label": "Cause_Specific"}, {"sentence_index": 3, "sentence_text": "Equifax said its UK office received the Monetary Penalty Notice from the ICO on Wednesday and was evaluating the notice and its response.", "sentence_label": "Main_Consequence"}, {"sentence_index": 4, "sentence_text": "Equifax added that it cooperated fully throughout the investigation.", "sentence_label": "Cause_General"}, {"sentence_index": 5, "sentence_text": "The cyber attack, which took place between May 13 and July 30, 2017, affected 146 million Equifax customers globally, the ICO said.", "sentence_label": "Cause_General"}, {"sentence_index": 6, "sentence_text": "bit.ly/2xv5cTk", "sentence_label": "NA"}, {"sentence_index": 7, "sentence_text": "The British arm of the company failed to take appropriate steps to ensure its American parent company, Equifax Inc, which was processing the data on its behalf, was protecting the information, the ICO said.", "sentence_label": "Cause_Specific"}, {"sentence_index": 8, "sentence_text": "It said the investigation, carried out in parallel with the Financial Conduct Authority, revealed multiple failures at the company, which led to personal information being retained for longer than necessary and vulnerable to unauthorized access.", "sentence_label": "Cause_Specific"}, {"sentence_index": 9, "sentence_text": "The personal information lost or compromised ranged from names and dates of birth to addresses, passwords, driving license and financial details.", "sentence_label": "Cause_General"}, {"sentence_index": 10, "sentence_text": "Equifax contravened five out of eight data protection principles of the Data Protection Act 1998, including failure to secure personal data, poor retention practices and lack of legal basis for international transfers of UK citizens\u2019 data, the ICO said.", "sentence_label": "Cause_Specific"}, {"sentence_index": 11, "sentence_text": "The ICO found that measures that should have been in place to manage the personal information were inadequate and ineffective.", "sentence_label": "Cause_Specific"}, {"sentence_index": 12, "sentence_text": "Investigators found significant problems with data retention, IT system patching and audit procedures.", "sentence_label": "Cause_Specific"}, {"sentence_index": 13, "sentence_text": "The investigation also found that the U.S. Department of Homeland Security had warned Equifax about a critical vulnerability as far back as March 2017 and that sufficient steps to address the vulnerability were not taken, the ICO said.", "sentence_label": "Cause_Specific"}, {"sentence_index": 14, "sentence_text": "As a credit reporting agency, Equifax keeps vast amounts of consumer data for banks and other creditors to use to determine the chances of their customers\u2019 defaulting.", "sentence_label": "Cause_General"}, {"sentence_index": 15, "sentence_text": "Equifax first disclosed in September 2017 that it had been the target of a massive data breach, mostly in the United States.", "sentence_label": "Distant_Historical"}]}