{"file_name": "./NewsDiscourseData/json_annotations/train/Business/AReuters_44.json", "sentences": [{"sentence_index": "title", "sentence_text": "Kinder Morgan hires TD to sell Canadian business: sources", "sentence_label": "title"}, {"sentence_index": 1, "sentence_text": "TORONTO/NEW YORK (Reuters) - Kinder Morgan Inc (KMI.N) has hired investment bank TD Securities (TD.TO) to facilitate a potential sale of its Canadian business, which could fetch as much as C$2.4 billion ($1.8 billion), people familiar with the situation told Reuters this week.", "sentence_label": "Main"}, {"sentence_index": 2, "sentence_text": "Should the move succeed, it would mark the exit of the U.S. pipeline giant from Canada, having closed its sale of the Trans Mountain pipeline to the Canadian government for about C$4.5 billion at the end of last month.", "sentence_label": "Distant_Expectations_Consequences"}, {"sentence_index": 3, "sentence_text": "After the Reuters report on the hiring of the bank, shares in Kinder Morgan Canada Ltd (KML.TO), which completed its initial public offering just last year, turned positive and jumped 3.7 percent to a three-month high.", "sentence_label": "Cause_General"}, {"sentence_index": 4, "sentence_text": "They ended up 2.1 percent in a flat market.", "sentence_label": "Cause_General"}, {"sentence_index": 5, "sentence_text": "Shares in Houston-based Kinder Morgan closed down 1.3 percent.", "sentence_label": "Cause_General"}, {"sentence_index": 6, "sentence_text": "Spokeswomen for TD and Kinder Morgan declined to comment on the hiring of the investment bank and the valuation.", "sentence_label": "Cause_General"}, {"sentence_index": 7, "sentence_text": "Sources declined to be identified as the process is private.", "sentence_label": "Cause_General"}, {"sentence_index": 8, "sentence_text": "Pipeline companies in Canada have faced opposition from environmental groups and First Nations groups in recent times", "sentence_label": "Distant_Evaluation"}, {"sentence_index": 9, "sentence_text": "in getting approval for new projects.", "sentence_label": "Distant_Evaluation"}, {"sentence_index": 10, "sentence_text": "Last month, a Canadian court overturned approval of the Trans Mountain expansion, saying that Ottawa failed to adequately consider aboriginal concerns.", "sentence_label": "Cause_General"}, {"sentence_index": 11, "sentence_text": "On the flip side though, this makes established pipelines highly prized assets by those operating in the country.", "sentence_label": "Distant_Evaluation"}, {"sentence_index": 12, "sentence_text": "At a conference earlier this month in New York, Kinder Morgan Chief Executive Steven Kean indicated his willingness to sell the rest of the Canadian business, noting that the original purpose of these assets was to support the Trans Mountain project.", "sentence_label": "Distant_Expectations_Consequences"}, {"sentence_index": 13, "sentence_text": "Kinder Morgan bought Terasen Inc in 2005, a deal in which it acquired the Trans Mountain pipeline and dramatically broadened its footprint in Canada.", "sentence_label": "Distant_Historical"}, {"sentence_index": 14, "sentence_text": "Kinder Morgan\u2019s remaining Canadian business includes the Edmonton, Alberta and Vancouver Wharves terminal businesses, as well as the Canadian portion of the Cochin pipeline.", "sentence_label": "Cause_General"}, {"sentence_index": 15, "sentence_text": "The unit has earnings before interest, tax, depreciation and amortization (EBITDA) of about C$200 million, Kean said at the time.", "sentence_label": "Cause_General"}, {"sentence_index": 16, "sentence_text": "The assets, which could be sold separately or in one swoop, are expected to go for a multiple of 10 to 12 times EBITDA, the sources said, taking the total deal value to C$2.4 billion.", "sentence_label": "Distant_Expectations_Consequences"}, {"sentence_index": 17, "sentence_text": "The bidding for the business is expected to come from midstream companies, private equity firms and infrastructure funds, the sources added.", "sentence_label": "Distant_Expectations_Consequences"}, {"sentence_index": 18, "sentence_text": "Kinder Morgan would likely keep the assets if it does not get a good price as they generate solid cash flows, the sources added.", "sentence_label": "Distant_Expectations_Consequences"}, {"sentence_index": 19, "sentence_text": "In a note following the Reuters report, RBC analyst Robert Kwan said \u201cwe would view a sale process as positive for Kinder Morgan Canada\u2019s share price.\u201d", "sentence_label": "Distant_Evaluation"}, {"sentence_index": 20, "sentence_text": "In 2016, Williams Cos Inc (WMB.N), another U.S. pipeline company, sold its Canadian business.", "sentence_label": "Distant_Historical"}, {"sentence_index": 21, "sentence_text": "Enbridge Inc (ENB.TO) said in July it would sell its Canadian natural gas gathering and processing business to Brookfield Infrastructure Partners LP (BIP.N) and its institutional partners for about C$4.31 billion.", "sentence_label": "Cause_General"}, {"sentence_index": 22, "sentence_text": "In February, Canadian oil sands producer MEG Energy (MEG.TO) agreed to sell some pipeline and storage assets in Alberta to Wolf Midstream Inc for C$1.61 billion.", "sentence_label": "Distant_Historical"}]}