{"file_name": "./NewsDiscourseData/json_annotations/train/Business/AReuters_41.json", "sentences": [{"sentence_index": "title", "sentence_text": "S&P sector reshuffle may do little for telecom stocks", "sentence_label": "title"}, {"sentence_index": 1, "sentence_text": "(Reuters) - The S&P 500\u2019s three-company telecommunications services index .SPLRCL is about to be folded into a much higher-profile group, but a brighter spotlight may not be enough to boost the stocks as investors continue to favor growth sectors.", "sentence_label": "Main"}, {"sentence_index": 2, "sentence_text": "FILE PHOTO: The AT&T logo is seen on a monitor near traders on the floor of the New York Stock Exchange (NYSE) in New York City, U.S. June 13, 2018.", "sentence_label": "NA"}, {"sentence_index": 3, "sentence_text": "REUTERS/Brendan McDermid/File Photo", "sentence_label": "NA"}, {"sentence_index": 4, "sentence_text": "The three telecom stocks - Verizon Communications Inc (VZ.N), AT&T Inc (T.N) and CenturyLink Inc (CTL.N) - will be included a newly-minted S&P 500 Communications Services Sector on Monday, along with high-flyers including Netflix Inc (NFLX.O), Alphabet Inc (GOOGL.O) and Facebook Inc (FB.O).", "sentence_label": "Main"}, {"sentence_index": 5, "sentence_text": "The telecom sector has been the biggest loser among the S&P\u2019s 11 major sectors with an 4.4-percent decline so far in 2018, driven by AT&T\u2019s 13.3-percent drop.", "sentence_label": "Cause_General"}, {"sentence_index": 6, "sentence_text": "In comparison, many of the other companies joining the group have shown strong gains for the year with Netflix rising 91.5 percent, Twitter (TWTR.N) rising 21.7 percent and Alphabet rising 10.8 percent.", "sentence_label": "Cause_General"}, {"sentence_index": 7, "sentence_text": "GRAPHIC: S&P 500 future communications services - reut.rs/2CFLIBk", "sentence_label": "NA"}, {"sentence_index": 8, "sentence_text": "To be sure, passive investors will end up with telecom exposure by default if they invest in exchange-traded funds (ETFs) that mirror the new communications index.", "sentence_label": "Distant_Expectations_Consequences"}, {"sentence_index": 9, "sentence_text": "But many active investors may still ignore telecom stocks, which are typically viewed as defensive investments because of slower, though relatively predictable, growth rates and high dividends.", "sentence_label": "Distant_Expectations_Consequences"}, {"sentence_index": 10, "sentence_text": "Instead, they may look to faster-growing internet or media companies for exposure to the growth oriented communications sector.", "sentence_label": "Distant_Expectations_Consequences"}, {"sentence_index": 11, "sentence_text": "\u201cTelecoms are likely to fade into the background,\u201d according to Patrick Palfrey, equity strategist at Credit Suisse.", "sentence_label": "Distant_Expectations_Consequences"}, {"sentence_index": 12, "sentence_text": "\u201cInvestors aren\u2019t going to look to communications for dividend yield.", "sentence_label": "Distant_Expectations_Consequences"}, {"sentence_index": 13, "sentence_text": "They\u2019re going to look to it for businesses that have a tremendous opportunity to grow.\u201d", "sentence_label": "Distant_Expectations_Consequences"}, {"sentence_index": 14, "sentence_text": "With interest rates rising and an economic expansion still intact, investors are putting more money into growth sectors than dividend stocks, which tend to do better in times of economic weakness.", "sentence_label": "Cause_General"}, {"sentence_index": 15, "sentence_text": "And investors looking to balance their portfolio across different sectors with some defensive bets would be unlikely to seek safety in the communications index.", "sentence_label": "Distant_Expectations_Consequences"}, {"sentence_index": 16, "sentence_text": "\u201cIf you wanted to own safety or dividend yield you\u2019d go to real estate investment trusts or utilities.", "sentence_label": "Distant_Expectations_Consequences"}, {"sentence_index": 17, "sentence_text": "Those sectors are uniformly one theme.", "sentence_label": "Distant_Evaluation"}, {"sentence_index": 18, "sentence_text": "That\u2019s dividend yield,\u201d said Palfrey.", "sentence_label": "Distant_Evaluation"}, {"sentence_index": 19, "sentence_text": "Wall Street expects the S&P 500 communications sector to generate 21 percent earnings growth and 11.1 percent revenue growth for 2018, compared with 16.7 percent earnings growth and 7.4 percent revenue growth for the telecom stocks, according to data collected by Thomson Reuters.", "sentence_label": "Distant_Expectations_Consequences"}, {"sentence_index": 20, "sentence_text": "Estimates for the next 12 months imply a trading multiple of 18.4 for the communications sector compared with the telecom sector\u2019s multiple of 10.6, according to Thomson Reuters data.", "sentence_label": "Distant_Expectations_Consequences"}, {"sentence_index": 21, "sentence_text": "GRAPHIC: S&P 500 current telecoms - reut.rs/2CHvx6F", "sentence_label": "NA"}, {"sentence_index": 22, "sentence_text": "State Street Global advisors created the Communication Services Select Sector SPDR Fund (XLC.P) ETF to mirror the reclassified sector while Vanguard created the Vanguard Communication Services index fund (VOX.P).", "sentence_label": "Main_Consequence"}, {"sentence_index": 23, "sentence_text": "While the new ETFs will give some support to telecom stocks, the decisions of active investors, could have a bigger impact on performance after the reshuffle as passive investments represent a much smaller portion of equity investments.", "sentence_label": "Distant_Expectations_Consequences"}, {"sentence_index": 24, "sentence_text": "According to a 2017 estimate from BlackRock, less than 18 percent of the global stock market is owned by index-tracking investors.", "sentence_label": "Distant_Historical"}, {"sentence_index": 25, "sentence_text": "Growth funds with large-cap investments have been sharply outperforming large-cap value funds with a 16.4-percent increase in value so far in 2018 while value counterparts gained 4.4 percent.", "sentence_label": "Cause_General"}, {"sentence_index": 26, "sentence_text": "In the last five years, growth funds rose 14.9 percent versus 10 percent for value funds, according to Lipper data.", "sentence_label": "Cause_General"}, {"sentence_index": 27, "sentence_text": "Some stock pickers may take a fresh look at the telephone companies when they join the bigger index, which will make up 10 percent of the S&P 500 compared with the current telecom sector\u2019s a 2 percent weighting, according to Todd Rosenbluth, Director of ETF and mutual fund research at CFRA.", "sentence_label": "Distant_Expectations_Consequences"}, {"sentence_index": 28, "sentence_text": "And value investors seeking high dividends would still opt for telecom stocks over their faster growing counterparts in the sector because they are cheaper, he said.", "sentence_label": "Distant_Expectations_Consequences"}, {"sentence_index": 29, "sentence_text": "But even the strategists who were most hopeful for a boost from the reclassification sounded cautious.", "sentence_label": "Distant_Evaluation"}, {"sentence_index": 30, "sentence_text": "\u201cTelecoms is probably one of those areas where people have been leaning too heavily on the negative side,\u201d said Sameer Samana, global equity and technical strategist at Wells Fargo Investment Institute in St. Louis.", "sentence_label": "Distant_Evaluation"}, {"sentence_index": 31, "sentence_text": "\u201cIt\u2019s not so much that we like it.", "sentence_label": "Distant_Evaluation"}, {"sentence_index": 32, "sentence_text": "It may just be a good time to not be as negative on it.\u201d", "sentence_label": "Distant_Evaluation"}, {"sentence_index": 33, "sentence_text": "GRAPHIC: Telecom services stocks vs S&P 500 - tmsnrt.rs/2pluDmK", "sentence_label": "NA"}]}