{"file_name": "./NewsDiscourseData/json_annotations/train/Business/AReuters_32.json", "sentences": [{"sentence_index": "title", "sentence_text": "Bertelsmann targets life-long learning with OnCourse deal", "sentence_label": "title"}, {"sentence_index": 1, "sentence_text": "FRANKFURT (Reuters) - German publishing group Bertelsmann (BTGGg.F) said on Monday it was buying U.S. online education provider OnCourse Learning from private equity firm CIP Capital in a deal worth around $500 million.", "sentence_label": "Main"}, {"sentence_index": 2, "sentence_text": "FILE PHOTO: Pencils with the logo of German media group Bertelsmann CEO are seen at the annual news conference Berlin, Germany, March 22, 2016.", "sentence_label": "NA"}, {"sentence_index": 3, "sentence_text": "REUTERS/Fabrizio Bensch", "sentence_label": "NA"}, {"sentence_index": 4, "sentence_text": "The acquisition backs Bertelsmann\u2019s push into digital education and training, and will boost its presence in the United States, a growth market which already contributes around a fifth of its sales.", "sentence_label": "Distant_Evaluation"}, {"sentence_index": 5, "sentence_text": "\u201cWe are expanding our education business to include a company with significant growth potential,\u201d said Bertelsmann\u2019s chairman and CEO, Thomas Rabe.", "sentence_label": "Distant_Evaluation"}, {"sentence_index": 6, "sentence_text": "\u201cAt the same time, the transaction will further strengthen our presence in the U.S., where we already generate more than 20 percent of our revenues.", "sentence_label": "Distant_Evaluation"}, {"sentence_index": 7, "sentence_text": "In the future, we expect this share to rise to around 30 percent.\u201d", "sentence_label": "Distant_Expectations_Consequences"}, {"sentence_index": 8, "sentence_text": "OnCourse Learning, founded in 2007, is based in Brookfield, Wisconsin, and employs 375 people.", "sentence_label": "Cause_General"}, {"sentence_index": 9, "sentence_text": "It provides digital corporate and advanced training courses for healthcare and financial services customers and has a smaller real-estate business.", "sentence_label": "Cause_General"}, {"sentence_index": 10, "sentence_text": "\u201cThere\u2019s certainly a significant opportunity for expanding into life-long learning,\u201d Sarah Simon, media analyst at Berenberg, said of the deal.", "sentence_label": "Distant_Evaluation"}, {"sentence_index": 11, "sentence_text": "\u201cWe\u2019re all going to have to work for ever, so there\u2019s going to be more demand for people to re-skill themselves and change jobs.\u201d", "sentence_label": "Distant_Expectations_Consequences"}, {"sentence_index": 12, "sentence_text": "Bertelsmann is one of the few larger companies to invest in the field, along with U.S. publisher John Wiley (JWa.N), while Britain\u2019s Pearson (PSON.L) is more focused on the school and college segment of the U.S. market, added Simon.", "sentence_label": "Distant_Evaluation"}, {"sentence_index": 13, "sentence_text": "PORTFOLIO RESTRUCTURING", "sentence_label": "Cause_General"}, {"sentence_index": 14, "sentence_text": "The acquisition is part of Rabe\u2019s strategic push to invest in growth areas - Bertelsmann\u2019s education division achieved revenue growth of 21 percent in the first half of the year, albeit from a small base.", "sentence_label": "Cause_Specific"}, {"sentence_index": 15, "sentence_text": "The education division\u2019s top line was just 111 million euros ($129 million) out of total revenues of 8.2 billion euros.", "sentence_label": "Cause_General"}, {"sentence_index": 16, "sentence_text": "Bertelsmann\u2019s largest business, television broadcaster RTL Group (RRTL.DE), is nearly 30 times bigger.", "sentence_label": "Cause_General"}, {"sentence_index": 17, "sentence_text": "The publisher - which spans eight divisions - is meanwhile close to selling its Arvato CRM call-centre unit to free up capital to invest in growth projects while strengthening its established units, some of which face headwinds.", "sentence_label": "Cause_General"}, {"sentence_index": 18, "sentence_text": "OnCourse Learning, which has an online library of around 22,000 courses, is used by around 750,000 people and 19,000 business customers.", "sentence_label": "Cause_General"}, {"sentence_index": 19, "sentence_text": "The U.S. market for continuing education in healthcare and financial services is estimated at $3.6 billion.", "sentence_label": "Cause_General"}, {"sentence_index": 20, "sentence_text": "Its healthcare division will be folded into Bertelsmann subsidiary Relias, which was acquired in 2014 and also operates in the industry, Bertelsmann said.", "sentence_label": "Distant_Expectations_Consequences"}, {"sentence_index": 21, "sentence_text": "The company also has a stake in Udacity, a life-long learning platform founded by German computer scientist Sebastian Thrun.", "sentence_label": "Cause_General"}]}