{"file_name": "./NewsDiscourseData/json_annotations/train/Business/AReuters_37.json", "sentences": [{"sentence_index": "title", "sentence_text": "Business groups ask U.S. court to not undo AT&T merger with Time Warner", "sentence_label": "title"}, {"sentence_index": 1, "sentence_text": "FILE PHOTO: Smartphone with AT&T logo is seen in front of displayed Time Warner logo in this picture illustration taken June 13, 2018.", "sentence_label": "NA"}, {"sentence_index": 2, "sentence_text": "REUTERS/Dado Ruvic/Illustration/File Photo", "sentence_label": "NA"}, {"sentence_index": 3, "sentence_text": "WASHINGTON (Reuters) - The U.S. Chamber of Commerce and other powerful business groups asked an appeals court on Thursday to not undo AT&T Inc\u2019s (T.N) purchase of movie and TV show maker Time Warner, despite the protests of the Justice Department.", "sentence_label": "Main"}, {"sentence_index": 4, "sentence_text": "The chamber, backed by the National Association of Manufacturers, Business Roundtable and others, argued that stopping the merger would \u201cundermine myriad transactions that generally benefit consumers.\u201d", "sentence_label": "Cause_Specific"}, {"sentence_index": 5, "sentence_text": "The business groups argued that companies had long assumed that if they bought a supplier or distributor \u2014 generally called a vertical merger \u2014 that the deal would be considered good for the consumer and would be allowed.", "sentence_label": "Distant_Evaluation"}, {"sentence_index": 6, "sentence_text": "\u201cThe vague legal standard that the government ... advocate(s) would cloud the business community\u2019s ability to ascertain whether vertical mergers are lawful, making it more difficult to invest in transactions with enormous potential to lower prices and enhance innovation\u2014all of which benefit a diverse array of customers,\u201d the business groups said in a brief court filing.", "sentence_label": "Distant_Evaluation"}, {"sentence_index": 7, "sentence_text": "The Justice Department lost a lawsuit in district court to prevent AT&T, which owns satellite company DirecTV, from buying Time Warner over concerns that AT&T would seek to raise prices when licensing Time Warner\u2019s news, sports and other programing to DirecTV\u2019s cable and satellite rivals.", "sentence_label": "Cause_General"}, {"sentence_index": 8, "sentence_text": "AT&T closed the Time Warner deal in June and has said it would manage Time Warner\u2019s Turner cable television networks as part of a separate business unit until February 2019 or the conclusion of the government\u2019s appeal to the U.S. Court of Appeals for the District of Columbia.", "sentence_label": "Distant_Expectations_Consequences"}, {"sentence_index": 9, "sentence_text": "No date has been set for an oral argument.", "sentence_label": "Cause_General"}, {"sentence_index": 10, "sentence_text": "The merger, announced in October 2016, was opposed by President Donald Trump.", "sentence_label": "Distant_Historical"}, {"sentence_index": 11, "sentence_text": "The merged company includes CNN, a frequent target of Trump\u2019s ire.", "sentence_label": "Cause_General"}, {"sentence_index": 12, "sentence_text": "A group of nine state attorneys general asked the court on Wednesday also to let the lower court stand.", "sentence_label": "Cause_General"}]}