{"file_name": "./NewsDiscourseData/json_annotations/train/Business/AReuters_34.json", "sentences": [{"sentence_index": "title", "sentence_text": "Sears' same-store sales losses narrow but warns it may go out of business", "sentence_label": "title"}, {"sentence_index": 1, "sentence_text": "(Reuters) - Sears Holdings Corp SHLD.O reported a smaller decline in quarterly same-store sales on Thursday, but warned again that there is doubt about the company\u2019s continued operation as it awaits approval to sell some of its businesses to its chief executive\u2019s hedge fund.", "sentence_label": "Main"}, {"sentence_index": 2, "sentence_text": "FILE PHOTO: A Sears logo is seen inside a department store in Garden City, New York, U.S., May 23, 2016.", "sentence_label": "NA"}, {"sentence_index": 3, "sentence_text": "REUTERS/Shannon Stapleton", "sentence_label": "NA"}, {"sentence_index": 4, "sentence_text": "\u201cIt is imperative that the Company reduce debt, adjust its debt maturity profile and eliminate the associated cash interest obligations,\u201d Chief Executive Edward Lampert said in a blog post on the company\u2019s website.", "sentence_label": "Distant_Evaluation"}, {"sentence_index": 5, "sentence_text": "\u201cWe continue to believe that it is in the best interests of all our stakeholders to accomplish this as a going concern, rather than alternatives that could result in significant reductions in value.\u201d", "sentence_label": "Distant_Evaluation"}, {"sentence_index": 6, "sentence_text": "Sears is working to transform its business by selling brands like tool line Craftsman and building a stronger online presence.", "sentence_label": "Cause_General"}, {"sentence_index": 7, "sentence_text": "Its market share has been hurt by discount chains including Walmart (WMT.N), and the surge in popularity of online shopping has added to its woes.", "sentence_label": "Distant_Evaluation"}, {"sentence_index": 8, "sentence_text": "It was the second time in two years that Sears has expressed doubt about its business continuing as its losses mount.", "sentence_label": "Cause_General"}, {"sentence_index": 9, "sentence_text": "\u201cThis year\u2019s statement regarding its ability to remain a going concern is more dire,\u201d Ken Perkins, president of Retail Metrics Inc. \u201cIt has liquidated its best assets and the cupboard is bare.", "sentence_label": "Distant_Evaluation"}, {"sentence_index": 10, "sentence_text": "These losses are unsustainable.\u201d", "sentence_label": "Distant_Evaluation"}, {"sentence_index": 11, "sentence_text": "Sears declined to comment.", "sentence_label": "Cause_General"}, {"sentence_index": 12, "sentence_text": "Sales at Sears\u2019 established stores, including Kmart discount shops, fell 3.9 percent in its second quarter, compared with a drop of 11.9 percent in the first quarter, a positive sign sending the 125-year-old retailer\u2019s shares up 28 percent in extended trading.", "sentence_label": "Main"}, {"sentence_index": 13, "sentence_text": "\u201cSears has closed hundreds of underperforming stores so its same-store sales should be much better than they have been as only their \u2018stronger\u2019 performing stores are in the mix,\u201d said Perkins.", "sentence_label": "Distant_Expectations_Consequences"}, {"sentence_index": 14, "sentence_text": "Sears said 149 stores will close in the second half of this year.", "sentence_label": "Distant_Expectations_Consequences"}, {"sentence_index": 15, "sentence_text": "The company\u2019s net loss widened to $508 million in the fiscal second quarter ended Aug. 4, from $250 million a year before.", "sentence_label": "Cause_General"}, {"sentence_index": 16, "sentence_text": "To shore up its finances, the company is considering selling its storied Kenmore appliance brand and home improvement business to Lampert\u2019s hedge fund, ESL Investments Inc, for as much as $480 million.", "sentence_label": "Cause_General"}, {"sentence_index": 17, "sentence_text": "Last month, Lampert said he could close on a deal for the businesses with an unnamed partner by late August.", "sentence_label": "Cause_General"}, {"sentence_index": 18, "sentence_text": "Sears\u2019 special committee and a majority of disinterested shareholders must approve the sale to ESL.", "sentence_label": "Cause_General"}, {"sentence_index": 19, "sentence_text": "The company has tried to sell these assets before without success.", "sentence_label": "Cause_General"}, {"sentence_index": 20, "sentence_text": "The company said that some of its efforts to raise cash, including the sale of Kenmore and its home improvement business to Lampert, were at too early a stage to be counted for its quarterly earnings released on Thursday.", "sentence_label": "Distant_Evaluation"}, {"sentence_index": 21, "sentence_text": "However, it said if it finalizes its plans to bolster liquidity, and completes discussions with lenders, it will be able to remain in business.", "sentence_label": "Distant_Expectations_Consequences"}, {"sentence_index": 22, "sentence_text": "Sears\u2019 stock, which traded at about $100 a share more than a decade ago, closed down 9 percent at $1.21 while investors awaited the results, which had been expected to be released earlier on Thursday.", "sentence_label": "Cause_General"}, {"sentence_index": 23, "sentence_text": "The company\u2019s quarterly sales fell 25.6 percent to $3.18 billion as it shut more stores due to declining foot traffic.", "sentence_label": "Cause_General"}]}