{"file_name": "./NewsDiscourseData/json_annotations/train/Business/AReuters_25.json", "sentences": [{"sentence_index": "title", "sentence_text": "Toyota, sensing an opening, debates building Lexus cars in China", "sentence_label": "title"}, {"sentence_index": 1, "sentence_text": "BEIJING (Reuters) - Toyota Motor Corp, long opposed to producing its premium Lexus cars in China because of concerns over quality and profitability, is now considering it to ignite growth and narrow sales gaps with its German rivals, four company insiders told Reuters.", "sentence_label": "Main"}, {"sentence_index": 2, "sentence_text": "The company, which imports Lexus models made in Japan to sell in China, has spent the last two years researching how to produce them locally.", "sentence_label": "Cause_General"}, {"sentence_index": 3, "sentence_text": "Toyota also talked to its Chinese joint-venture partners \u2013 Guangzhou Automobile Group Co and FAW Group - last year about Lexus models.", "sentence_label": "Distant_Historical"}, {"sentence_index": 4, "sentence_text": "It wasn\u2019t clear whether Toyota approached the Chinese companies about a partnership or vice versa.", "sentence_label": "Distant_Historical"}, {"sentence_index": 5, "sentence_text": "Local production would be a major shift for the world\u2019s largest automaker, encouraged by improved China-Japan ties, as well as new Chinese investment rules that might allow foreign automakers to fully own or majority-control China operations.", "sentence_label": "Distant_Evaluation"}, {"sentence_index": 6, "sentence_text": "\u201cWe\u2019re torn over this,\u201d said one of the insiders.", "sentence_label": "Distant_Evaluation"}, {"sentence_index": 7, "sentence_text": "\u201cBut it makes little sense to let this opportunity slip by,\u201d another told Reuters.", "sentence_label": "Distant_Evaluation"}, {"sentence_index": 8, "sentence_text": "All four insiders declined to be identified because they are not authorized to speak to the media.", "sentence_label": "Cause_General"}, {"sentence_index": 9, "sentence_text": "China\u2019s planned scrapping of foreign ownership restrictions in the auto industry is in part a response to criticism that Chinese companies have been largely allowed to invest freely in outside markets while Beijing limits foreign firms\u2019 access to the world\u2019s second-largest economy.", "sentence_label": "Cause_Specific"}, {"sentence_index": 10, "sentence_text": "The rule changes - affecting electric carmakers this year and others by 2022 - led Tesla Inc to gain Beijing\u2019s approval for a wholly-owned China manufacturing and sales company in Shanghai.", "sentence_label": "Cause_General"}, {"sentence_index": 11, "sentence_text": "That marked the first time a foreign carmaker established itself in China without a partner.", "sentence_label": "Cause_General"}, {"sentence_index": 12, "sentence_text": "Toyota already produces numerous Toyota-brand models, including the Camry, Highlander, Corolla, Levin and Crown, in China with partners.", "sentence_label": "Cause_General"}, {"sentence_index": 13, "sentence_text": "Last year it sold 1.29 million cars there, including imported Lexuses.", "sentence_label": "Distant_Historical"}, {"sentence_index": 14, "sentence_text": "Toyota had contemplated moving Lexus production to China before - as far back as 2011-12, according to one of the four insiders.", "sentence_label": "Distant_Historical"}, {"sentence_index": 15, "sentence_text": "But it had until now considered a potential erosion of quality too much of a risk, and didn\u2019t want to sacrifice the brand\u2019s relatively high margins by sharing profits with a local partner.", "sentence_label": "Distant_Evaluation"}, {"sentence_index": 16, "sentence_text": "Two of the Toyota insiders said the automaker had identified specific scenarios for localizing Lexus.", "sentence_label": "Cause_General"}, {"sentence_index": 17, "sentence_text": "\u201cAll the preparation has been more or less completed,\u201d one said.", "sentence_label": "Distant_Evaluation"}, {"sentence_index": 18, "sentence_text": "\u201cAll we\u2019re waiting is a \u2018go\u2019 from management.\u201d", "sentence_label": "Distant_Evaluation"}, {"sentence_index": 19, "sentence_text": "TRICKY TIMING", "sentence_label": "Distant_Evaluation"}, {"sentence_index": 20, "sentence_text": "Toyota\u2019s preferred option is to own all or most of a localized Lexus unit, which it could do immediately by building only electric cars.", "sentence_label": "Distant_Evaluation"}, {"sentence_index": 21, "sentence_text": "(Lexus has plans for electric battery and plug-in electric hybrid versions of existing models.)", "sentence_label": "Distant_Expectations_Consequences"}, {"sentence_index": 22, "sentence_text": "FILE PHOTO: Toyota workers inspect the new Lexus ES vehicles at a Toyota plant in Miyawaka, southern Japan, July 6, 2012.", "sentence_label": "NA"}, {"sentence_index": 23, "sentence_text": "REUTERS/Yoko Kubota/File Photo", "sentence_label": "NA"}, {"sentence_index": 24, "sentence_text": "But China might not let another brand in when the market has slowed down significantly, with sales of some foreign vehicles, including Groupe PSA, Ford and Hyundai, all falling in the gutter in recent months.", "sentence_label": "Distant_Expectations_Consequences"}, {"sentence_index": 25, "sentence_text": "\u201cYou\u2019d still need a good political follow-wind to execute this,\u201d one of the sources said, pointing to help from Japanese Prime Minister Shinzo Abe, who has a state visit to China planned for this month.", "sentence_label": "Distant_Evaluation"}, {"sentence_index": 26, "sentence_text": "Even as other premium brands - such as Audi, BMW, Mercedes-Benz and Cadillac - have opened assembly plants in China to gain market share, Toyota has resisted.", "sentence_label": "Cause_General"}, {"sentence_index": 27, "sentence_text": "That reluctance reflects the company\u2019s unwillingness to share with a Chinese partner a brand painstakingly built since 1989 into a top premium car in the United States.", "sentence_label": "Distant_Evaluation"}, {"sentence_index": 28, "sentence_text": "Opponents inside Toyota also point to China\u2019s lowering tariffs on passenger cars to 15 percent from 25 percent in July as a reason to keep importing Lexuses.", "sentence_label": "Cause_General"}, {"sentence_index": 29, "sentence_text": "They also note that the nearest Lexus plant to China is at the northern tip of Japan\u2019s southernmost main island of Kyushu -only two days from Shanghai by sea.", "sentence_label": "Cause_General"}, {"sentence_index": 30, "sentence_text": "A Toyota spokesman in Tokyo said \u201cthe most important task\u201d for Lexus is to become a distinguished brand in China.", "sentence_label": "Distant_Evaluation"}, {"sentence_index": 31, "sentence_text": "\u201cWe always weigh the need for localizing production as part of the consideration for the Lexus brand\u2019s future in China,\u201d he said.", "sentence_label": "Distant_Evaluation"}, {"sentence_index": 32, "sentence_text": "\u201cBut at this point in time, we don\u2019t have any specific plans for producing Lexus cars in China.\u201d", "sentence_label": "Distant_Evaluation"}, {"sentence_index": 33, "sentence_text": "Nonetheless, support for localization is growing among Toyota leaders.", "sentence_label": "Distant_Evaluation"}, {"sentence_index": 34, "sentence_text": "China has typically been a difficult market for Japanese companies, but there is new optimism, especially after an official visit to Japan by Chinese Premier Li Keqiang in May.", "sentence_label": "Distant_Evaluation"}, {"sentence_index": 35, "sentence_text": "During his visit, Li toured Toyota facilities on the northern island of Hokkaido, escorted by the company\u2019s family scion and chief executive, Akio Toyoda.", "sentence_label": "Distant_Historical"}, {"sentence_index": 36, "sentence_text": "Toyoda has since sought to boost his company\u2019s presence in China, including an effort to significantly expand its manufacturing capacity and distribution networks, and share more technologies with Chinese companies.", "sentence_label": "Cause_General"}, {"sentence_index": 37, "sentence_text": "NEED FOR SPEED", "sentence_label": "Distant_Expectations_Consequences"}, {"sentence_index": 38, "sentence_text": "China has also proposed limiting new production capacity for automakers, adding an incentive for Toyota to move quickly if it wants to build Lexus models there.", "sentence_label": "Distant_Expectations_Consequences"}, {"sentence_index": 39, "sentence_text": "Nissan Motor Co and Toyota have each recently revealed plans to boost capacity, much of which will be used to produce electric cars.", "sentence_label": "Cause_General"}, {"sentence_index": 40, "sentence_text": "Alan Kang, a Shanghai-based analyst for consultancy LMC Automotive, thinks localizing production is exactly what Lexus needs to start narrowing the big sales gap with German premium brands.", "sentence_label": "Distant_Evaluation"}, {"sentence_index": 41, "sentence_text": "Slideshow (2 Images)", "sentence_label": "NA"}, {"sentence_index": 42, "sentence_text": "Mercedes-Benz, for example, last year sold about 610,000 vehicles, compared to 130,000 for Lexus during the same year, according to LMC.", "sentence_label": "Distant_Historical"}, {"sentence_index": 43, "sentence_text": "\u201cIf Lexus doesn\u2019t want to remain a niche, it needs to start investing more,\u201d Kang said.", "sentence_label": "Distant_Evaluation"}]}