{"file_name": "./NewsDiscourseData/json_annotations/train/Business/AXinhua_1028.json", "sentences": [{"sentence_index": "title", "sentence_text": "U.S. stocks open higher amid tech stock gains, upbeat job data - Xinhua", "sentence_label": "title"}, {"sentence_index": 1, "sentence_text": "Source: Xinhua| 2019-01-05 00:29:42|Editor: Yurou", "sentence_label": "NA"}, {"sentence_index": 2, "sentence_text": "Video Player Close", "sentence_label": "NA"}, {"sentence_index": 3, "sentence_text": "NEW YORK, Jan. 4 (Xinhua) -- U.S. stocks opened higher on Friday, amid gains in major tech stocks and stronger-than-expected job growth reported by U.S. Labor Department on Friday, which helped restore confidence in investors concerned over weakening economic growth.", "sentence_label": "Main"}, {"sentence_index": 4, "sentence_text": "Shortly after the opening bell, the Dow Jones Industrial Average surged 625.56 points, or 2.76 percent, to 22,894.92.", "sentence_label": "Main"}, {"sentence_index": 5, "sentence_text": "The S&P 500 rose 66.68 points, or 2.72 percent, to 2,474.33.", "sentence_label": "Main"}, {"sentence_index": 6, "sentence_text": "The Nasdaq Composite Index rallied 203.63 points, or 3.15 percent, to 6,567.14.", "sentence_label": "Main"}, {"sentence_index": 7, "sentence_text": "Rebounds in tech shares offset some of the steep tumbles the U.S. stock markets suffered in previous sessions this week.", "sentence_label": "Cause_General"}, {"sentence_index": 8, "sentence_text": "Shares of Netflix bounced nearly four percent, after Goldman sachs reportedly added the media-service provider to its \"conviction buy\" list, regarding it as \"one of the best risk/reward propositions in the Internet sector.\"", "sentence_label": "Cause_General"}, {"sentence_index": 9, "sentence_text": "Shares of Tesla rebounded roughly two percent, as it announced earlier Friday its plan to deliver the Model 3 to China in March, according to the Chinese official website of the company.", "sentence_label": "Cause_General"}, {"sentence_index": 10, "sentence_text": "Tesla shares clawed back some of the sharp losses of more than three percent on Wednesday and nearly 10 percent on Tuesday, after it has reportedly left over 3,000 Model 3s in inventory in the U.S. by Dec. 30, 2018.", "sentence_label": "Cause_General"}, {"sentence_index": 11, "sentence_text": "Shares of Intel also rose over four percent after Bank of America Merrill Lynch upgraded the company's stock from \"neutral\" to \"buy.\"", "sentence_label": "Cause_General"}, {"sentence_index": 12, "sentence_text": "All of the 11 primary sectors rallied on Friday, with the information technology sector up over 3.5 percent and the energy sector up over 2.5 percent, leading the winners.", "sentence_label": "Cause_General"}, {"sentence_index": 13, "sentence_text": "On the economic front, upbeat job market data helped recover some momentum for the U.S. economic growth.", "sentence_label": "Cause_Specific"}, {"sentence_index": 14, "sentence_text": "Total nonfarm payroll employment increased by 312,000 in December, exceeding market expectations, the Bureau of Labor Statistics, under Labor Department, reported on Friday.", "sentence_label": "Cause_General"}, {"sentence_index": 15, "sentence_text": "Yet the unemployment rate went up to 3.9 percent, which was highest level since July, 2018.", "sentence_label": "Cause_General"}, {"sentence_index": 16, "sentence_text": "Job gains occurred in health care, food services and drinking places, construction, manufacturing, and retail trade, the bureau said.", "sentence_label": "Cause_General"}]}