{"file_name": "./NewsDiscourseData/json_annotations/train/Business/AXinhua_1016.json", "sentences": [{"sentence_index": "title", "sentence_text": "Vietnam records highest GDP growth in decade - Xinhua", "sentence_label": "title"}, {"sentence_index": 1, "sentence_text": "Source: Xinhua| 2018-12-27 17:51:10|Editor: Yamei", "sentence_label": "NA"}, {"sentence_index": 2, "sentence_text": "Video Player Close", "sentence_label": "NA"}, {"sentence_index": 3, "sentence_text": "HANOI, Dec. 27 (Xinhua) -- Vietnam achieved gross domestic product (GDP) growth of 7.08 percent in 2018, the highest rate over the past 10 years, up from the annualized target of 6.5-6.7 percent, its General Statistics Office said on Thursday.", "sentence_label": "Main"}, {"sentence_index": 4, "sentence_text": "In the fourth quarter alone, the GDP expanded 7.31 percent against the same period last year.", "sentence_label": "Cause_Specific"}, {"sentence_index": 5, "sentence_text": "Vietnam's top legislature has set a target of attaining GDP growth of 6.6-6.8 percent next year.", "sentence_label": "Distant_Expectations_Consequences"}, {"sentence_index": 6, "sentence_text": "In October, the World Bank predicted Vietnam's economy would expand 6.6 percent in 2019 and 6.5 percent in 2020.", "sentence_label": "Distant_Expectations_Consequences"}, {"sentence_index": 7, "sentence_text": "In 2018, Vietnam reaped export turnovers of over 244.7 billion U.S. dollars, up 13.8 percent against 2017, and import turnovers of more than 237.5 billion U.S. dollars, up 11.5 percent, posting a trade surplus of 7.2 billion U.S. dollars.", "sentence_label": "Cause_General"}, {"sentence_index": 8, "sentence_text": "Meanwhile, its consumer price index (CPI), which measures changes in the prices paid by consumers for a basket of 11 goods and services, rose 3.54 percent, far below the target of 4 percent, said the office.", "sentence_label": "Cause_General"}]}