{"file_name": "./NewsDiscourseData/json_annotations/train/Business/AXinhua_24.json", "sentences": [{"sentence_index": "title", "sentence_text": "ADB unveils new tool to boost access to trade finance - Xinhua", "sentence_label": "title"}, {"sentence_index": 1, "sentence_text": "Source: Xinhua| 2018-09-04 15:57:02|Editor: xuxin", "sentence_label": "NA"}, {"sentence_index": 2, "sentence_text": "Video Player Close", "sentence_label": "NA"}, {"sentence_index": 3, "sentence_text": "MANILA, Sept. 4 (Xinhua) -- The Asian Development Bank (ADB) launched on Tuesday its first Trade Finance Scorecard, a new tool to address market gaps stemming from the unintended consequences of global measures to fight money-laundering and terrorism.", "sentence_label": "Main"}, {"sentence_index": 4, "sentence_text": "\"Preventing criminals and terrorists from exploiting the global financial system is critically important,\" said ADB's Head of Trade and Supply Chain Finance Steven Beck.", "sentence_label": "Distant_Evaluation"}, {"sentence_index": 5, "sentence_text": "\"But these regulations can also undermine jobs and growth at small businesses and developing countries.", "sentence_label": "Distant_Evaluation"}, {"sentence_index": 6, "sentence_text": "This new scorecard will open a channel of dialogue among stakeholders to help prevent crime and terrorism while financing growth and job creation,\" Beck said.", "sentence_label": "Distant_Expectations_Consequences"}, {"sentence_index": 7, "sentence_text": "The ADB said the Trade Finance Scorecard focuses on issues related to the interpretation, implementation, and compliance with regulations designed to curb money laundering and the financing of terrorism in the context of correspondent banking and trade financing.", "sentence_label": "Distant_Evaluation"}, {"sentence_index": 8, "sentence_text": "\"The scores are assigned on two levels.", "sentence_label": "Cause_General"}, {"sentence_index": 9, "sentence_text": "Firstly, at a macro level, to identify characteristics of effective regulation that could be strengthened.", "sentence_label": "Cause_General"}, {"sentence_index": 10, "sentence_text": "Secondly, at a micro transactional level, to highlight specific challenges that can be addressed in the shorter term,\" the ADB said.", "sentence_label": "Cause_General"}, {"sentence_index": 11, "sentence_text": "The ADB added \"Elements of effective regulation outlined in the first level are scored out of 10 on seven criteria: consistency (4), risk alignment (3), design (2), stakeholder communication (5), technology and data (5), enforcement (4), and quality control (3).", "sentence_label": "Cause_General"}, {"sentence_index": 12, "sentence_text": "These criteria are used to assess five working-level issues in the second level.\"", "sentence_label": "Cause_General"}, {"sentence_index": 13, "sentence_text": "The ADB said the scorecard is based on feedback from industry leaders and regulators and will complement existing tools such as the Financial Action Task Force's recommendations against money laundering and terrorist financing.", "sentence_label": "Distant_Expectations_Consequences"}, {"sentence_index": 14, "sentence_text": "\"The scores are illustrative and directional,\" said Beck, stressing the need to have \"better ways of addressing these issues, and we see the scorecard as the start of a process of engagement on this difficult subject.\"", "sentence_label": "Distant_Evaluation"}, {"sentence_index": 15, "sentence_text": "ADB's Trade Finance Program (TFP) closes market gaps by providing guarantees and loans to over 200 partner banks to support trade, helping companies across Asia to engage in import and export activities.", "sentence_label": "Distant_Evaluation"}, {"sentence_index": 16, "sentence_text": "In 2017, TFP supported 4.5 billion U.S. dollars in trade through 3,505 transactions.", "sentence_label": "Distant_Historical"}, {"sentence_index": 17, "sentence_text": "Its financial support is complemented by regular workshops and seminars to increase knowledge and expertise in trade finance products, anti-money laundering, and risk management.", "sentence_label": "Cause_General"}]}