{"file_name": "./NewsDiscourseData/json_annotations/train/Business/AXinhua_1026.json", "sentences": [{"sentence_index": "title", "sentence_text": "U.S. soybean futures rise amid dry Brazilian weather - Xinhua", "sentence_label": "title"}, {"sentence_index": 1, "sentence_text": "Source: Xinhua| 2019-01-04 07:20:27|Editor: ZD", "sentence_label": "NA"}, {"sentence_index": 2, "sentence_text": "Video Player Close", "sentence_label": "NA"}, {"sentence_index": 3, "sentence_text": "CHICAGO, Jan. 3 (Xinhua) -- Chicago Board of Trade (CBOT) agricultural futures closed much higher on Thursday, with soybeans posting more gains amid dry weather that has prevailed in parts of Brazil and hopes for new purchases by China.", "sentence_label": "Main"}, {"sentence_index": 4, "sentence_text": "Dry weather conditions are reportedly impacting more than a third of Brazil's soybean and corn growing area, pushing up the CBOT futures in the past two days.", "sentence_label": "Cause_Specific"}, {"sentence_index": 5, "sentence_text": "CBOT soybeans, following a brief overnight retreat on profit-taking, returned to the positive territory and posted more gains, along with U.S.-China trade optimism, even after a partial shutdown of the U.S. federal government has made it difficult for traders to follow official export sales reports.", "sentence_label": "Cause_General"}, {"sentence_index": 6, "sentence_text": "Meanwhile, CBOT wheat prices were boosted by technical buying, with the weakening U.S. dollar as an additional supporting factor, said market watchers.", "sentence_label": "Cause_Specific"}, {"sentence_index": 7, "sentence_text": "At the end of the session, CBOT March corn was up 4 cents, or 1.06 percent to close at 3.7975 U.S. dollars per bushel.", "sentence_label": "Cause_Specific"}, {"sentence_index": 8, "sentence_text": "March wheat was up 7 cents, or 1.38 percent to settle at 5.1375 dollars.", "sentence_label": "Cause_Specific"}, {"sentence_index": 9, "sentence_text": "March soybeans were up 5.75 cents, or 0.63 percent to settle at 9.1275 dollars per bushel.", "sentence_label": "Cause_Specific"}]}