{"file_name": "./NewsDiscourseData/json_annotations/train/Business/AXinhua_1015.json", "sentences": [{"sentence_index": "title", "sentence_text": "Index indicates moderation in trend of U.S. economic growth - Xinhua", "sentence_label": "title"}, {"sentence_index": 1, "sentence_text": "Source: Xinhua| 2018-12-28 10:49:58|Editor: Chengcheng", "sentence_label": "NA"}, {"sentence_index": 2, "sentence_text": "Video Player Close", "sentence_label": "NA"}, {"sentence_index": 3, "sentence_text": "WASHINGTON, Dec. 27 (Xinhua) -- An index indicated a moderation in the upward trend of U.S. economic growth, though the economy is still expanding, the Federal Reserve Bank (Fed) of Philadelphia said on Thursday.", "sentence_label": "Main"}, {"sentence_index": 4, "sentence_text": "The Philadelphia Fed's U.S. index, a coincident index to summarize multiple economic indicators with one single reading, rose by 0.18 percent to hit 124.8 in November.", "sentence_label": "Cause_Specific"}, {"sentence_index": 5, "sentence_text": "The November growth rate of the index was lower than the growth rate of 0.21 percent in the previous month, signaling that the upward trend in U.S. gross domestic product (GDP) was moderating.", "sentence_label": "Cause_Specific"}, {"sentence_index": 6, "sentence_text": "The coincident index combines four key economic indicators, including nonfarm payroll employment, average hours worked in manufacturing by production workers, the unemployment rate, and wage and salary disbursements deflated by the consumer price index.", "sentence_label": "Cause_General"}, {"sentence_index": 7, "sentence_text": "At the state level, the coincident indexes rose in 43 states in November, dropped in three states, and remained flat in four others.", "sentence_label": "Cause_General"}, {"sentence_index": 8, "sentence_text": "Over the past three months, the index increased in 47 states and dropped in three states.", "sentence_label": "Cause_General"}, {"sentence_index": 9, "sentence_text": "The Federal Reserve recently revised down its forecast for U.S. economic growth in 2019 to 2.3 percent from the previous projection of 2.5 percent.", "sentence_label": "Distant_Expectations_Consequences"}]}