{"file_name": "./NewsDiscourseData/json_annotations/train/Business/AXinhua_1027.json", "sentences": [{"sentence_index": "title", "sentence_text": "U.S. stocks post weekly gain amid choppy sessions, mixed data - Xinhua", "sentence_label": "title"}, {"sentence_index": 1, "sentence_text": "Source: Xinhua| 2019-01-06 04:15:10|Editor: WX", "sentence_label": "NA"}, {"sentence_index": 2, "sentence_text": "Video Player Close", "sentence_label": "NA"}, {"sentence_index": 3, "sentence_text": "NEW YORK, Jan. 5 (Xinhua) -- U.S. stocks started off the first week of 2019 on an upbeat note as investors restored some confidence amid vertiginous ups and downs in stock prices, positive Fed signals and a batch of economic data.", "sentence_label": "Main"}, {"sentence_index": 4, "sentence_text": "In the week ending Jan. 4, the Dow rallied 1.69 percent, the S&P 500 was up 1.93 percent, and the Nasdaq gained 2.45 percent.", "sentence_label": "Main"}, {"sentence_index": 5, "sentence_text": "The equities continued their weekly gain following the first December weekly gain last week, but are still on course to a strenuous recovery from their worst monthly performance in December since 1931.", "sentence_label": "Cause_General"}, {"sentence_index": 6, "sentence_text": "This week marked capricious trading sessions for the market.", "sentence_label": "Distant_Evaluation"}, {"sentence_index": 7, "sentence_text": "On Friday, the three major indices ended higher, closing out the week positively after sharp gains offset sudden losses.", "sentence_label": "Cause_General"}, {"sentence_index": 8, "sentence_text": "Friday notched solid gains throughout the day, as tech stocks surged, job market retained strength and U.S. Federal Reserve chair hinted at slower monetary tightening.", "sentence_label": "Cause_General"}, {"sentence_index": 9, "sentence_text": "The Dow Jones Industrial Average closed 746.94 points dramatically higher on Friday, marking its biggest daily rebound in the week.", "sentence_label": "Cause_Specific"}, {"sentence_index": 10, "sentence_text": "The S&P 500 jumped up 85.05 points, posting its biggest intraday reversal in the week.", "sentence_label": "Cause_Specific"}, {"sentence_index": 11, "sentence_text": "The Nasdaq Composite Index surged 275.35 points, also winning its biggest intraday turnaround in the week.", "sentence_label": "Cause_Specific"}, {"sentence_index": 12, "sentence_text": "Rebounds in the tech sector on the final trading day this week eroded some of the deep slumps of U.S. stocks bore in previous sessions.", "sentence_label": "Cause_General"}, {"sentence_index": 13, "sentence_text": "Shares of major tech giants and trade-related multinationals extended gains, including Netflix, Tesla, Intel, and Boeing.", "sentence_label": "Cause_General"}, {"sentence_index": 14, "sentence_text": "The information technology sector has frequently led the winners in the 11 primary sectors, most of which rallied in the week except Thursday.", "sentence_label": "Cause_General"}, {"sentence_index": 15, "sentence_text": "U.S. Federal Reserve chairman Jerome Powell quelled growing market fears on Friday in the wake of Apple's slash of quarterly revenue forecast on Thursday.", "sentence_label": "Cause_General"}, {"sentence_index": 16, "sentence_text": "Powell stressed Fed officials are patient and keeping a close eye on the voices of financial market, calling Fed policy as flexible and clung to real-time economic developments.", "sentence_label": "Distant_Evaluation"}, {"sentence_index": 17, "sentence_text": "\"As always, there is no preset path for policy,\" Powell said.", "sentence_label": "Distant_Evaluation"}, {"sentence_index": 18, "sentence_text": "\"And particularly with muted inflation readings that we've seen coming in, we will be patient as we watch to see how the economy evolves.\"", "sentence_label": "Distant_Evaluation"}, {"sentence_index": 19, "sentence_text": "Tang Yao, an associate professor of applied economics at Peking University, has predicted that the Fed would continue to send dovish signals and likely reduce interest rate hikes later this year.", "sentence_label": "Distant_Expectations_Consequences"}, {"sentence_index": 20, "sentence_text": "\"If it happens, the market will see a combination of 'no rate hikes/decreases plus declining stocks' in the future,\" Tang told Xinhua, adding that downside risks for equities markets came from investors' expectations of slowing growth and high valuation of U.S. stocks.", "sentence_label": "Distant_Expectations_Consequences"}, {"sentence_index": 21, "sentence_text": "Thursday was a day to mourn for Wall Street due to broad losses in the wake of Apple's dire slash of its first-quarter revenue forecast, which had fuelled persistent anxieties over ebbing global economic growth.", "sentence_label": "Distant_Evaluation"}, {"sentence_index": 22, "sentence_text": "The Dow plunged more than 600 points, or 2.83 percent.", "sentence_label": "Cause_General"}, {"sentence_index": 23, "sentence_text": "The S&P 500 slumped 62.14 points, or 2.48 percent.", "sentence_label": "Cause_General"}, {"sentence_index": 24, "sentence_text": "The Nasdaq plummeted 202.43 points, or 3.04 percent.", "sentence_label": "Cause_General"}, {"sentence_index": 25, "sentence_text": "Apple downwardly revised revenue forecast in the first quarter in fiscal 2019 on Thursday, and blamed China for the shortfall due to declining sales, as well as shrinking retail stores and channel partners across the country.", "sentence_label": "Distant_Evaluation"}, {"sentence_index": 26, "sentence_text": "Analysts said that trade tensions between the U.S. and China could take an increasing toll on companies in both nations.", "sentence_label": "Distant_Expectations_Consequences"}, {"sentence_index": 27, "sentence_text": "Meanwhile, weakness in emerging market currencies, caused by the stronger U.S. dollar, would also undermine Apple's global sales.", "sentence_label": "Distant_Evaluation"}, {"sentence_index": 28, "sentence_text": "\"Weakness in emerging market (EM) currencies, such as India's, Turkey's and Russia's, also weighed on sales and forced Apple to raise prices, curbing demand.", "sentence_label": "Distant_Evaluation"}, {"sentence_index": 29, "sentence_text": "This could have broader implications for U.S. firms with outsized EM revenue,\" UBS Global Wealth Management said Thursday in a research note.", "sentence_label": "Distant_Expectations_Consequences"}, {"sentence_index": 30, "sentence_text": "Wall Street also digested a slew of key economic data.", "sentence_label": "Cause_General"}, {"sentence_index": 31, "sentence_text": "Stronger-than expected employment data helped regain steam for the U.S. economy on Friday.", "sentence_label": "Cause_General"}, {"sentence_index": 32, "sentence_text": "Total nonfarm payroll employment increased by 312,000 in December, beating a market expectation of 176,000 jobs, said the Bureau of Labor Statistics under Labor Department on Friday.", "sentence_label": "Cause_General"}, {"sentence_index": 33, "sentence_text": "The ISM manufacturing index, indicating expansion pace of economic activity in the manufacturing sector, dipped to 54.1 in December, its lowest level since November 2016, which was weaker than market expectations, according to a report by the U.S. management association Institute for Supply Management.", "sentence_label": "Cause_General"}, {"sentence_index": 34, "sentence_text": "The number of weekly jobless claims, or Americans applying for unemployment benefits, reached 231,000 with a seasonally adjusted increase of 10,000 for the week ending Dec. 29, said the U.S. Labor Department on Thursday.", "sentence_label": "Cause_General"}, {"sentence_index": 35, "sentence_text": "The seasonally adjusted IHS Markit final U.S. Manufacturing Purchasing Managers' Index (PMI) posted 53.8 in December, down from 55.3 in November, marking a 15-month low of U.S. manufacturing growth, according to the London-based global information provider IHS Markit on Wednesday.", "sentence_label": "Cause_General"}]}