{"file_name": "./NewsDiscourseData/json_annotations/train/Business/AXinhua_1013.json", "sentences": [{"sentence_index": "title", "sentence_text": "S. Korea picks 11 banks as liquidity provider in won-yuan direct trading market - Xinhua", "sentence_label": "title"}, {"sentence_index": 1, "sentence_text": "Source: Xinhua| 2018-12-28 16:16:15|Editor: Xiang Bo", "sentence_label": "NA"}, {"sentence_index": 2, "sentence_text": "Video Player Close", "sentence_label": "NA"}, {"sentence_index": 3, "sentence_text": "SEOUL, Dec. 28 (Xinhua) -- South Korea's central bank said Friday that it has picked 11 banks, including five foreign banks, as liquidity provider in the direct won-yuan trading market for next year.", "sentence_label": "Main"}, {"sentence_index": 4, "sentence_text": "The direct transaction market between the South Korean won and the Chinese yuan was launched here in 2014 to boost payments and settlements in trade using both currencies and reduce the exchange rate-related risks.", "sentence_label": "Distant_Historical"}, {"sentence_index": 5, "sentence_text": "The six domestic banks, selected to take the lead in providing bid and offer prices in the won-yuan market, included Kookmin Bank, Industrial Bank of Korea, Shinhan Bank, Woori Bank, KEB Hana Bank and Korea Development Bank, according to the Bank of Korea (BOK).", "sentence_label": "Main"}, {"sentence_index": 6, "sentence_text": "The five local branches of foreign banks were Bank of Communications, China Construction Bank, Industrial and Commercial Bank of China, Bank of China, and HSBC.", "sentence_label": "Main"}, {"sentence_index": 7, "sentence_text": "The BOK said it would continue to support the liquidity providers and make efforts to facilitate the settlement using the South Korean won and the Chinese yuan.", "sentence_label": "Distant_Expectations_Consequences"}, {"sentence_index": 8, "sentence_text": "As of December, the daily average trading volume was 1.82 U.S. dollars in the won-yuan trading market in Seoul.", "sentence_label": "Cause_General"}]}