{"file_name": "./NewsDiscourseData/json_annotations/train/Business/AXinhua_19.json", "sentences": [{"sentence_index": "title", "sentence_text": "Feature: Tennessee farmers, business owners, trade advocates lament Trump\u2019s tariffs - Xinhua", "sentence_label": "title"}, {"sentence_index": 1, "sentence_text": "Source: Xinhua| 2018-09-27 00:14:01|Editor: Xiang Bo", "sentence_label": "NA"}, {"sentence_index": 2, "sentence_text": "Video Player Close", "sentence_label": "NA"}, {"sentence_index": 3, "sentence_text": "NASHVILLE, the United States, Sept. 26 (Xinhua) -- \"They should put a 'federal tariff tax' on receipts, so people can understand that they are ultimately paying for the price of trade wars,\" Glenn Anderson, who runs the Tennessee Medical Cannabis Trade Association, said at a recent gathering here.", "sentence_label": "Distant_Evaluation"}, {"sentence_index": 4, "sentence_text": "The gathering, held at the Tennessee Brew Works last Thursday, was aimed at voicing concerns and raising awareness over recent tariff measures from Washington.", "sentence_label": "Main"}, {"sentence_index": 5, "sentence_text": "During the event, speakers as well as members of the audience shared personal experiences, observations, and at times satire regarding how the tariffs negatively impacted their lives.", "sentence_label": "Cause_General"}, {"sentence_index": 6, "sentence_text": "One speaker on the podium was 38-year-old farmer Brandon Whitt, who manages a 200-year-old farm, Batey Farms, not far from Nashville.", "sentence_label": "Distant_Anecdotal"}, {"sentence_index": 7, "sentence_text": "Whitt, an eighth-generation farmer, said the abrupt imposition of tariffs this year made him fear that he might have to give up his farm.", "sentence_label": "Distant_Anecdotal"}, {"sentence_index": 8, "sentence_text": "Batey Farms produces a variety of crops, such as soybeans, corn and wheat, and raises a large number of pigs.", "sentence_label": "Distant_Anecdotal"}, {"sentence_index": 9, "sentence_text": "A large part of the farm's produce ends up in overseas markets.", "sentence_label": "Distant_Anecdotal"}, {"sentence_index": 10, "sentence_text": "But due to the trade frictions the United States has initiated with other countries, overseas demand for U.S. agricultural products has tanked, driving down the prices for soybeans and pork, among others.", "sentence_label": "Distant_Evaluation"}, {"sentence_index": 11, "sentence_text": "\"I'm making 50 bushels an acre of soybeans, but that's 50 bushels per acre at a two-dollar decrease,\" Whitt said.", "sentence_label": "Distant_Anecdotal"}, {"sentence_index": 12, "sentence_text": "\"I've done absolutely nothing wrong and lost 100 dollars an acre in profit.\"", "sentence_label": "Distant_Anecdotal"}, {"sentence_index": 13, "sentence_text": "\"I'd like to carry our administration with me when I go to cash my grain checks and watch me deposit those checks and then immediately turn around and drive across town to my lender, whom I have to pay off except I'm missing 20, 30, 40 percent of that money to be able to pay off that operating loan,\" Whitt lamented.", "sentence_label": "Distant_Anecdotal"}, {"sentence_index": 14, "sentence_text": "Aside from damages, the uncertainties that come with the tariffs are also making farmers very uncomfortable.", "sentence_label": "Distant_Evaluation"}, {"sentence_index": 15, "sentence_text": "\"Nobody has a crystal ball.", "sentence_label": "Distant_Anecdotal"}, {"sentence_index": 16, "sentence_text": "I don't think our officials in Washington have a crystal ball at all at this point right now.", "sentence_label": "Distant_Anecdotal"}, {"sentence_index": 17, "sentence_text": "I think we're just kind of flying by the seat of our pants,\" Whitt said, in an apparent jab at the U.S. government.", "sentence_label": "Distant_Anecdotal"}, {"sentence_index": 18, "sentence_text": "The situation is almost like before the 2008 recession, Whitt said, adding that now people are just as discouraged to invest and hire as they were 10 years ago.", "sentence_label": "Distant_Anecdotal"}, {"sentence_index": 19, "sentence_text": "Whitt said that as a farmer, he shouldn't be diverting his energy to learn about foreign policy or trade, but the status quo has left him with no choice.", "sentence_label": "Distant_Anecdotal"}, {"sentence_index": 20, "sentence_text": "\"I don't like politics, but I have to get into politics,\" Whitt said, adding that Washington's ever-changing positions and frequent threats have made the situation more challenging.", "sentence_label": "Distant_Anecdotal"}, {"sentence_index": 21, "sentence_text": "Whitt also rejected the idea of subsidies, calling them a \"band-aid handout.\"", "sentence_label": "Distant_Anecdotal"}, {"sentence_index": 22, "sentence_text": "Accompanying Whitt on stage was Steven Livingston, a professor of political science at Middle Tennessee State University, who said farms are not the only ones hit by the tariffs in the state.", "sentence_label": "Distant_Evaluation"}, {"sentence_index": 23, "sentence_text": "All the leading industries in the state, such as the automotive, chemicals, paper, plastic and boat manufacturing industries will all be negatively impacted by higher trade barriers, Livingston said, estimating a 1-billion-dollar loss for the state in foreign trade.", "sentence_label": "Distant_Expectations_Consequences"}, {"sentence_index": 24, "sentence_text": "The message resonated with those off stage.", "sentence_label": "Distant_Evaluation"}, {"sentence_index": 25, "sentence_text": "Josh Beatty, who owns a real estate company, said he came to the event to learn more about the potential damage of tariffs.", "sentence_label": "Distant_Anecdotal"}, {"sentence_index": 26, "sentence_text": "\"A lot of the lumber and steel I use in construction are imported, so I want to be prepared for any potential changes,\" Beatty said, who was on his first visit to Nashville from Minneapolis.", "sentence_label": "Distant_Anecdotal"}, {"sentence_index": 27, "sentence_text": "The gathering, one in a series of town hall meetings under the banner \"Tariffs hurt the Heartland,\" was organized by the activist groups Americans for Free Trade and Farmers for Free Trade.", "sentence_label": "Cause_General"}, {"sentence_index": 28, "sentence_text": "Brian Kuehl, executive director of Farmers for Free Trade, told Xinhua that the purpose of the meetings was to raise awareness of the impacts of tariffs and trade frictions and provide a platform for people to share their opinions and stories.", "sentence_label": "Distant_Evaluation"}, {"sentence_index": 29, "sentence_text": "\"The reason we are focusing on the heartland is because the heartland is hurt by the trade war and in the 2016 elections the heartland supported President (Donald) Trump.", "sentence_label": "Distant_Evaluation"}, {"sentence_index": 30, "sentence_text": "We hope President Trump will also support the heartland,\" Kuehl said.", "sentence_label": "Distant_Expectations_Consequences"}]}