{"file_name": "./NewsDiscourseData/json_annotations/train/Business/AXinhua_17.json", "sentences": [{"sentence_index": "title", "sentence_text": "Inaugural meeting of Italy's new China Task Force held in Rome - Xinhua", "sentence_label": "title"}, {"sentence_index": 1, "sentence_text": "Source: Xinhua| 2018-10-02 15:25:40|Editor: ZX", "sentence_label": "NA"}, {"sentence_index": 2, "sentence_text": "Video Player Close", "sentence_label": "NA"}, {"sentence_index": 3, "sentence_text": "Economic Development Undersecretary Michele Geraci speaks during the inaugural meeting of Italy's brand-new China Task Force in Rome, Italy, Oct. 1, 2018.", "sentence_label": "NA"}, {"sentence_index": 4, "sentence_text": "The inaugural meeting of Italy's brand-new China Task Force, which aims to position the European country as \"a privileged partner\" in the Belt and Road Initiative (BRI), was held here at the Economic Development Ministry on Monday.", "sentence_label": "NA"}, {"sentence_index": 5, "sentence_text": "(Xinhua/Cheng Tingting)", "sentence_label": "NA"}, {"sentence_index": 6, "sentence_text": "ROME, Oct. 1 (Xinhua) -- The inaugural meeting of Italy's brand-new China Task Force, which aims to position the European country as \"a privileged partner\" in the Belt and Road Initiative (BRI), was held here at the Economic Development Ministry on Monday.", "sentence_label": "Main"}, {"sentence_index": 7, "sentence_text": "The Task Force, first announced in August, is meant to boost economic relations with China.", "sentence_label": "Cause_General"}, {"sentence_index": 8, "sentence_text": "Proposed by Chinese President Xi Jinping in 2013, the BRI aims to build a trade and infrastructure network connecting Asia with Africa and Europe along the ancient trade routes of the Silk Road.", "sentence_label": "Cause_General"}, {"sentence_index": 9, "sentence_text": "Italian Ambassador to China Ettore Sequi said that since taking office in June, Italy's new government has made three high-level visits to China, sending Finance Minister Giovanni Tria, Economic Development Undersecretary Michele Geraci, and most recently, Deputy Prime Minister Luigi Di Maio, who also serves as economic development minister.", "sentence_label": "Cause_General"}, {"sentence_index": 10, "sentence_text": "Di Maio's visit was very well-received, Chinese Ambassador to Italy Li Ruiyu told participants .", "sentence_label": "Distant_Evaluation"}, {"sentence_index": 11, "sentence_text": "Chinese Ambassador to Italy Li Ruiyu, who attended the meeting, told Xinhua that the new Italian government attaches great importance to bilateral relations, thus the Task Force came into being.", "sentence_label": "Distant_Evaluation"}, {"sentence_index": 12, "sentence_text": "\"Italy and China were linked by the ancient silk road in the past.", "sentence_label": "Distant_Historical"}, {"sentence_index": 13, "sentence_text": "We expect the Task Force to help strengthen the two countries' cooperation under the Belt and Road Initiative and contributing to a closer EU-China relationship,\" Li added.", "sentence_label": "Distant_Expectations_Consequences"}, {"sentence_index": 14, "sentence_text": "Foreign Undersecretary Manlio Di Stefano said that \"China is a country of priority interest\" and among the Task Force objectives are \"more access to the Chinese market, better quality products and more investments.\"", "sentence_label": "Distant_Evaluation"}, {"sentence_index": 15, "sentence_text": "\"We want to set up a systematic approach,\" explained Geraci, adding that the China Task Force will be subdivided into four general focus areas covering cooperation with China in the third world, China's macro economy and politics, high technology and chemicals, as well as culture and education.", "sentence_label": "Distant_Expectations_Consequences"}, {"sentence_index": 16, "sentence_text": "\"This could be a way to acquire mutual trust and gain access to the Chinese market,\" Geraci said.", "sentence_label": "Distant_Expectations_Consequences"}, {"sentence_index": 17, "sentence_text": "China's immense domestic market demands more and more quality goods and represents opportunities Italy should not miss, both in terms of exports and in attracting investments, according to Geraci.", "sentence_label": "Distant_Evaluation"}, {"sentence_index": 18, "sentence_text": "According to the Economic Development Ministry, Italy wants to roll out incentives to attract more Chinese investments, which have totaled 25 billion euros (almost 29 billion U.S. dollars) in the past decade.", "sentence_label": "Distant_Expectations_Consequences"}]}