{"file_name": "./NewsDiscourseData/json_annotations/train/Business/AXinhua_15.json", "sentences": [{"sentence_index": "title", "sentence_text": "Suning Group selected into Xinhua's National Brands Project - Xinhua", "sentence_label": "title"}, {"sentence_index": 1, "sentence_text": "Xinhua Silk Road Information Service| 2017-11-30 15:39:37|Editor: Lu Hui", "sentence_label": "NA"}, {"sentence_index": 2, "sentence_text": "Video Player Close", "sentence_label": "NA"}, {"sentence_index": 3, "sentence_text": "BEIJING, Nov. 30 (Xinhua) -- Suning Group was selected into Xinhua News Agency's National Brands Project in Beijing on Thursday.", "sentence_label": "Main"}, {"sentence_index": 4, "sentence_text": "Suning therefore has become the 19th corporate member of the project, which was launched to promote China's brands power strategy.", "sentence_label": "Cause_General"}, {"sentence_index": 5, "sentence_text": "Liu Zhengrong, vice president and secretary general of Xinhua News Agency, and Sun Weimin, vice chairman of Suning Commerce Group, attended the signing ceremony of the two parties.", "sentence_label": "Cause_General"}, {"sentence_index": 6, "sentence_text": "Founded in 1990, Suning is a leading commerce enterprise in China.", "sentence_label": "Distant_Historical"}, {"sentence_index": 7, "sentence_text": "Over the past two decades, Suning has fixed the corporate mission of \u201cleading the industrial ecology and creating quality life\u201d and constantly extended its businesses.", "sentence_label": "Distant_Evaluation"}, {"sentence_index": 8, "sentence_text": "At present, it has formed a pattern of coordinated development of six industries including commerce, real estate, financial services, media and entertainment, sports, and investment.", "sentence_label": "Distant_Evaluation"}, {"sentence_index": 9, "sentence_text": "In July 2017, Suning Commerce Group under Suning Group was included in the list of the Fortune Global 500 Companies.", "sentence_label": "Distant_Historical"}, {"sentence_index": 10, "sentence_text": "With the launch of the Belt and Road Initiative, Suning has embraced the new space and new opportunities for its international development.", "sentence_label": "Distant_Evaluation"}, {"sentence_index": 11, "sentence_text": "The big consumption ecosphere cultivated by Suning has been going global.", "sentence_label": "Cause_General"}, {"sentence_index": 12, "sentence_text": "Suning is actively cooperating with the countries along the Belt and Road.", "sentence_label": "Cause_General"}, {"sentence_index": 13, "sentence_text": "(Ceremony of Suning Group\u2019s selection into Xinhua News Agency\u2019s National Brands Project)", "sentence_label": "Cause_General"}, {"sentence_index": 14, "sentence_text": "At the ceremony, the two sides announced that they will carry out all-round strategic cooperation in terms of brand story, overseas communication, brand promotion and big events to jointly enhance influence of Suning at home and abroad.", "sentence_label": "Distant_Expectations_Consequences"}, {"sentence_index": 15, "sentence_text": "Cooperation with Xinhua News Agency this time will produce an assembly effect of their superior resources and release much stronger brand potential energy.", "sentence_label": "Distant_Expectations_Consequences"}, {"sentence_index": 16, "sentence_text": "Suning looks forward to joining hands with Xinhua News Agency\u2019s National Brands Project to send message of Suning together to the world and show cultural confidence of the Chinese national brands to the world, according to Sun Weimin, vice chairman of Suning Commerce Group.", "sentence_label": "Distant_Expectations_Consequences"}, {"sentence_index": 17, "sentence_text": "(Yang Chunguang, former deputy director of State Administration of Civil Service, president of the Fifth Council of the China Association for Promoting International Economic & Technical Cooperation (CAPC) and member of the 12th CPPCC National Committee addresses the signing ceremony.)", "sentence_label": "Cause_General"}, {"sentence_index": 18, "sentence_text": "Xinhua News Agency\u2019s National Brands Project, launched at exactly the right time, offers an effective channel for the excellent Chinese enterprises to further expand the brand influence, said Yang Chunguang, former deputy director of State Administration of Civil Service, president of the Fifth Council of the China Association for Promoting International Economic & Technical Cooperation (CAPC) and member of the 12th CPPCC National Committee at the signing ceremony.", "sentence_label": "Distant_Evaluation"}, {"sentence_index": 19, "sentence_text": "(Wei Jianguo, former vice minister of Commerce and vice president of the China Center for International Economic Exchanges, addresses the signing ceremony.)", "sentence_label": "Cause_General"}, {"sentence_index": 20, "sentence_text": "Chinese enterprises and Chinese brands need Xinhua\u2019s strong credibility, dissemination power and influence when they go global.", "sentence_label": "Distant_Evaluation"}, {"sentence_index": 21, "sentence_text": "In the future, more Chinese brands will join the National Brands Project, which requires Xinhua and all media staff to disseminate the Chinese brands in an innovative manner and let the global market share value of the Chinese brands, said Wei Jianguo, former vice minister of Commerce and vice president of the China Center for International Economic Exchanges at the signing ceremony.", "sentence_label": "Distant_Expectations_Consequences"}, {"sentence_index": 22, "sentence_text": "(Pan Qingzhong, executive dean of Schwarzman Scholars at Tsinghua University addresses the signing ceremony.)", "sentence_label": "Cause_General"}, {"sentence_index": 23, "sentence_text": "The National Brands Project is an important tool to help the national brands to go global, and is far-reaching to promote the brands power strategy and build the \u201cGreat Wall\u201d of the national economy, Pan Qingzhong, executive dean of Schwarzman Scholars at Tsinghua University addressed the signing ceremony.", "sentence_label": "Distant_Evaluation"}, {"sentence_index": 24, "sentence_text": "(Zhang Yongping, general manager of General Manager Office of Xinhua News Agency addresses the ceremony.)", "sentence_label": "Cause_General"}, {"sentence_index": 25, "sentence_text": "As a national and worldwide news agency, Xinhua has the responsibility to offer all-round support for the brands power strategy, help Chinese enterprises build national brands, and cultivate more \u201ccentury-old shops\u201d, said Zhang Yongping, general manager of General Manager Office of Xinhua News Agency.", "sentence_label": "Distant_Evaluation"}, {"sentence_index": 26, "sentence_text": "(Source: Xinhua Silk Road Information Service)", "sentence_label": "NA"}]}