{"file_name": "./NewsDiscourseData/json_annotations/train/Business/AXinhua_20.json", "sentences": [{"sentence_index": "title", "sentence_text": "Interview: Trump's China tariff plan \"more political noise than genuine strategy\": ex-Morgan Stanley Asia chairman - Xinhua", "sentence_label": "title"}, {"sentence_index": 1, "sentence_text": "by Xinhua writers Yang Shilong, Pan Lijun", "sentence_label": "NA"}, {"sentence_index": 2, "sentence_text": "NEW HAVEN, the United States, April 29 (Xinhua) -- The Trump administration's punitive tariff plan against China is politically biased and makes untrue charges, a U.S. expert has said.", "sentence_label": "Main"}, {"sentence_index": 3, "sentence_text": "\"It's more political noise than a genuine strategy,\" Stephen Roach, former chairman of Morgan Stanley Asia and senior fellow at Yale University's Jackson Institute for Global Affairs, told Xinhua in an interview.", "sentence_label": "Main"}, {"sentence_index": 4, "sentence_text": "The American economist said the so-called \"Special 301 Report on Intellectual Property Rights\" is wide of the mark in some key areas.", "sentence_label": "Distant_Evaluation"}, {"sentence_index": 5, "sentence_text": "Section 301 is a measure under the U.S. Trade Act of 1974 that allows the president to take action, including retaliation, if an investigation finds foreign trade practices are burdening or restricting U.S. commerce or are unreasonable or discriminatory.", "sentence_label": "Cause_General"}, {"sentence_index": 6, "sentence_text": "On March 22, President Donald Trump signed a memorandum that could impose tariffs on up to 60 billion U.S. dollars of imports from China and restrict Chinese investment in the United States.", "sentence_label": "Cause_General"}, {"sentence_index": 7, "sentence_text": "UNTRUE ACCUSATIONS", "sentence_label": "Distant_Evaluation"}, {"sentence_index": 8, "sentence_text": "The report by the U.S. Trade Representative accuses China of \"forced technology transfer\" in joint ventures.", "sentence_label": "Cause_General"}, {"sentence_index": 9, "sentence_text": "It says U.S. companies have to turn over proprietary technologies and operating systems in order to do business in China.", "sentence_label": "Cause_General"}, {"sentence_index": 10, "sentence_text": "\"I don't think that's true,\" Roach said, drawing on his experience when he worked for Morgan Stanley in a joint venture with China Construction Bank.", "sentence_label": "Distant_Evaluation"}, {"sentence_index": 11, "sentence_text": "During their tie-up to build China's first investment bank in 1995, the U.S. partner shared its business practices and distribution system.", "sentence_label": "Distant_Historical"}, {"sentence_index": 12, "sentence_text": "\"This was a conscious effort on our part to share,\" Roach said.", "sentence_label": "Distant_Evaluation"}, {"sentence_index": 13, "sentence_text": "\"We did it voluntarily,\" pointing out that U.S. and other multinational corporations willingly enter into these legally-negotiated arrangements for commercially sound reasons.", "sentence_label": "Distant_Evaluation"}, {"sentence_index": 14, "sentence_text": "The report also accuses China of being the only country to develop a plan like \"Made in China 2025\" for growing its hi-tech industries.", "sentence_label": "Cause_General"}, {"sentence_index": 15, "sentence_text": "According to Roach's research, many countries have been engaged in building strong industries, including Japan, Germany and the United States itself.", "sentence_label": "Distant_Evaluation"}, {"sentence_index": 16, "sentence_text": "\"It's really hypocritical for the U.S. to criticize China for utilizing industrial policies,\" he said.", "sentence_label": "Distant_Evaluation"}, {"sentence_index": 17, "sentence_text": "LOSE-LOSE TRADE WAR", "sentence_label": "Distant_Evaluation"}, {"sentence_index": 18, "sentence_text": "The punitive U.S. tariff plan targeting China is regarded by many as a unilateral move that poses a threat to global trade.", "sentence_label": "Distant_Evaluation"}, {"sentence_index": 19, "sentence_text": "It is consistent with the long-standing tendency to blame trade deficits for loss of manufacturing jobs at home.", "sentence_label": "Distant_Evaluation"}, {"sentence_index": 20, "sentence_text": "\"(Trump) thinks China is responsible for many of the problems that continue to prevent America from being great again,\" Roach said, commenting on the real intention behind the measure.", "sentence_label": "Distant_Evaluation"}, {"sentence_index": 21, "sentence_text": "According to his research, in 2017, the United States had a trade deficit with 102 countries.", "sentence_label": "Distant_Evaluation"}, {"sentence_index": 22, "sentence_text": "\"We have a multilateral problem,\" the senior economist noted.", "sentence_label": "Distant_Evaluation"}, {"sentence_index": 23, "sentence_text": "\"It's wrong to look at one or two pieces as evidence of bilateral problems.\"", "sentence_label": "Distant_Evaluation"}, {"sentence_index": 24, "sentence_text": "Calling the U.S.-China trade dispute a serious issue which, if handled improperly, may intensify the risk of a trade war, he emphasized that \"globalization is being win-win while trade wars are lose-lose.\"", "sentence_label": "Distant_Evaluation"}, {"sentence_index": 25, "sentence_text": "REGULAR EXCHANGES VITAL", "sentence_label": "Distant_Evaluation"}, {"sentence_index": 26, "sentence_text": "Fears of a trade war shook the global stock and currency markets immediately after Trump's announcement on March 22, with the benchmark S&P 500 Index slumping the most since early February and the Dow Jones Industrial Average dropping nearly 3 percent.", "sentence_label": "Cause_General"}, {"sentence_index": 27, "sentence_text": "On March 23, Japan's benchmark Nikkei 225 Index plunged 4.5 percent to 20,671.11 and South Korea's Kospi tumbled 3.1 percent.", "sentence_label": "Cause_General"}, {"sentence_index": 28, "sentence_text": "in China, both the Shanghai Composite and Hang Seng lost over 3 percent.", "sentence_label": "Cause_General"}, {"sentence_index": 29, "sentence_text": "Benchmarks in Southeast Asia and Australia fell too.", "sentence_label": "Cause_General"}, {"sentence_index": 30, "sentence_text": "Experts say there are many areas for cooperation between the United States and China, but the risks of a trade war would make it very difficult to achieve.", "sentence_label": "Distant_Expectations_Consequences"}, {"sentence_index": 31, "sentence_text": "\"A secretariat that contains experts from both sides to meet and exchange views and analysis on a regular basis is a better way to address the disputes,\" Roach said.", "sentence_label": "Distant_Evaluation"}, {"sentence_index": 32, "sentence_text": "He also suggested that both parties develop better rules and guidelines on market access and utilize technology.", "sentence_label": "Distant_Evaluation"}]}