{"file_name": "./NewsDiscourseData/json_annotations/train/Business/AXinhua_1010.json", "sentences": [{"sentence_index": "title", "sentence_text": "Oil prices rise during first week of 2019 - Xinhua", "sentence_label": "title"}, {"sentence_index": 1, "sentence_text": "Source: Xinhua| 2019-01-06 07:55:47|Editor: WX", "sentence_label": "NA"}, {"sentence_index": 2, "sentence_text": "Video Player Close", "sentence_label": "NA"}, {"sentence_index": 3, "sentence_text": "HOUSTON, Jan. 5 (Xinhua) -- Oil prices rebound during the week ending Jan. 4, with the price of West Texas Intermediate (WTI) for February delivery increasing by 5.8 percent and Brent crude for March delivery increasing by 9.3 percent.", "sentence_label": "Main"}, {"sentence_index": 4, "sentence_text": "In the previous week ending Dec. 28, oil prices went down slightly.", "sentence_label": "Cause_General"}, {"sentence_index": 5, "sentence_text": "WTI decreased 0.57 percent, and Brent crude decreased 3.01 percent.", "sentence_label": "Cause_General"}, {"sentence_index": 6, "sentence_text": "At the end of the week, WTI settled at 45.33 U.S. dollars a barrel, while Brent crude closed at 52.20 dollars a barrel.", "sentence_label": "Cause_General"}, {"sentence_index": 7, "sentence_text": "On Monday, the last day of 2018, oil prices advanced amid positive signs of global trade prospects.", "sentence_label": "Cause_Specific"}, {"sentence_index": 8, "sentence_text": "WTI gained 0.08 dollar to settle at 45.41 dollars a barrel, while Brent crude increased 0.59 dollar to close at 53.80 dollars a barrel.", "sentence_label": "Cause_General"}, {"sentence_index": 9, "sentence_text": "Both oil benchmarks were down more than a third during the fourth quarter of 2018, the steepest decline since the fourth quarter of 2014.", "sentence_label": "Cause_General"}, {"sentence_index": 10, "sentence_text": "For the year, U.S. crude has lost almost 25 percent, while Brent crude has lost nearly 20 percent.", "sentence_label": "Cause_General"}, {"sentence_index": 11, "sentence_text": "On Wednesday, oil prices rallied amid signs that major oil producers have been cutting back on output.", "sentence_label": "Cause_Specific"}, {"sentence_index": 12, "sentence_text": "WTI gained 1.13 dollars to settle at 46.54 dollars a barrel, while Brent crude increased 1.11 dollars to close at 54.91 dollars a barrel.", "sentence_label": "Cause_General"}, {"sentence_index": 13, "sentence_text": "At a meeting in December, the Organization of the Petroleum Exporting Countries (OPEC) and some other major oil producers, including Russia, pledged to cut production by 1.2 million barrels per day, effective from January 2019.", "sentence_label": "Distant_Expectations_Consequences"}, {"sentence_index": 14, "sentence_text": "On Thursday, oil prices climbed in choppy trading after separate surveys indicated crude output in major oil producers declined.", "sentence_label": "Cause_Specific"}, {"sentence_index": 15, "sentence_text": "WTI gained 0.55 dollar to settle at 47.09 dollars a barrel, while Brent crude increased 1.04 dollars to close at 55.95 dollars a barrel.", "sentence_label": "Cause_General"}, {"sentence_index": 16, "sentence_text": "On Friday, oil prices rallied as the number of active U.S. rigs drilling for oil declined after two straight weeks of gains.", "sentence_label": "Cause_Specific"}, {"sentence_index": 17, "sentence_text": "WTI gained 0.87 dollar to settle at 47.96 dollars a barrel, while Brent crude increased 1.11 dollars to close at 57.06 dollars a barrel.", "sentence_label": "Cause_General"}, {"sentence_index": 18, "sentence_text": "The number of active drilling rigs in the United States decreased by eight to 1,075 during the week ending Jan. 4.", "sentence_label": "Cause_Specific"}, {"sentence_index": 19, "sentence_text": "And the number of rigs operating in U.S. oil fields decreased by eight to a total of 877.", "sentence_label": "Cause_Specific"}, {"sentence_index": 20, "sentence_text": "U.S. crude oil inventories remained virtually unchanged in the week ending Dec. 28.", "sentence_label": "Cause_General"}, {"sentence_index": 21, "sentence_text": "At 441.4 million barrels, U.S. crude oil inventories were about 8 percent above the five-year average for this time of year, the U.S. Energy Information Administration (EIA) said in a report on Friday.", "sentence_label": "Cause_General"}, {"sentence_index": 22, "sentence_text": "EIA also reported that U.S. crude oil refinery inputs averaged 17.8 million barrels per day in the week, which was 410,000 barrels per day more than the previous week's average.", "sentence_label": "Cause_General"}, {"sentence_index": 23, "sentence_text": "Looking back on the year of 2018, the prices for both crude oil benchmarks finished the year lower than they began it.", "sentence_label": "Cause_General"}, {"sentence_index": 24, "sentence_text": "Brent crude oil ended the year at 54 U.S. dollars per barrel, 13 dollars per barrel lower than it began the year.", "sentence_label": "Cause_General"}, {"sentence_index": 25, "sentence_text": "WTI ended the year at 45 dollars per barrel, 15 dollars per barrel lower than it began the year.", "sentence_label": "Cause_General"}, {"sentence_index": 26, "sentence_text": "In the meantime, the market will wait to see the impacts of the daily 1.2-million-barrel supply cut deal between OPEC and its allies.", "sentence_label": "Distant_Evaluation"}, {"sentence_index": 27, "sentence_text": "Despite the solid gains for both oil benchmarks in the first week of 2019, the market is paying close attention to the global economy as the United States and China will hold trade talks next week.", "sentence_label": "Distant_Evaluation"}]}