{"file_name": "./NewsDiscourseData/json_annotations/train/Business/AXinhua_14.json", "sentences": [{"sentence_index": "title", "sentence_text": "China MOC spokesperson makes remarks on White House trade statement - Xinhua", "sentence_label": "title"}, {"sentence_index": 1, "sentence_text": "Source: Xinhua| 2018-06-19 10:26:12|Editor: Liangyu", "sentence_label": "NA"}, {"sentence_index": 2, "sentence_text": "Video Player Close", "sentence_label": "NA"}, {"sentence_index": 3, "sentence_text": "BEIJING, June 19 (Xinhua) -- A spokesperson of China's Ministry of Commerce (MOC) said Tuesday that if the United States loses its rationality and unveils another list of Chinese products for additional tariffs, China will have no choice but to take comprehensive measures combining quantitative and qualitative ones to resolutely strike back.", "sentence_label": "Main"}, {"sentence_index": 4, "sentence_text": "After unveiling plans to impose additional tariffs on Chinese goods worth around 50 billion U.S. dollars, the United States went even further by threatening to identify 200 billion U.S. dollars worth of Chinese products for additional tariffs.", "sentence_label": "Cause_Specific"}, {"sentence_index": 5, "sentence_text": "\"Such practice of imposing extreme pressure and blackmailing is contrary to the consensus the two sides have reached through rounds of consultations, and disappoints the international community,\" the spokesperson said.", "sentence_label": "Main"}, {"sentence_index": 6, "sentence_text": "\"The trade war waged by the United States is against both the law of the market and the development trend of today' s world.", "sentence_label": "Main"}, {"sentence_index": 7, "sentence_text": "It undermines the interests of the Chinese and American people, the interests of companies and the interests of the people all over the world,\" said the spokesperson.", "sentence_label": "Main"}, {"sentence_index": 8, "sentence_text": "The response taken by China aims to safeguard and defend not only the interests of the Chinese nation and the people, but also free trade regime and the common interests of mankind, said the spokesperson.", "sentence_label": "Main"}, {"sentence_index": 9, "sentence_text": "No matter how external environment changes, China will follow its established rhythm, stick to the vision of making development people-centered, resolutely advance reform and opening up, resolutely promote high-quality economic development, and accelerate the development of a modern economy, said the spokesperson.", "sentence_label": "Main"}]}