{"file_name": "./NewsDiscourseData/json_annotations/train/Business/AXinhua_1011.json", "sentences": [{"sentence_index": "title", "sentence_text": "China to launch larger-scale tax cuts next year - Xinhua", "sentence_label": "title"}, {"sentence_index": 1, "sentence_text": "Source: Xinhua| 2018-12-28 18:16:43|Editor: Xiang Bo", "sentence_label": "NA"}, {"sentence_index": 2, "sentence_text": "Video Player Close", "sentence_label": "NA"}, {"sentence_index": 3, "sentence_text": "BEIJING, Dec. 28 (Xinhua) -- China will reduce taxes and fees on a larger scale next year, according to the country's finance minister.", "sentence_label": "Main"}, {"sentence_index": 4, "sentence_text": "Inclusive and structural tax cuts will be implemented in 2019, with priority on easing the burden on manufacturing as well as for small and micro-sized businesses, Minister of Finance Liu Kun told a national fiscal work conference held Thursday and Friday.", "sentence_label": "Main"}, {"sentence_index": 5, "sentence_text": "Technology startups will also be offered tax cuts and exemptions, the minister said.", "sentence_label": "Main"}, {"sentence_index": 6, "sentence_text": "He pledged \"more significant\" fee reductions with moves to better regulate local fee charging.", "sentence_label": "Main"}, {"sentence_index": 7, "sentence_text": "The government will increase the efficiency of fiscal fund allocation and usage, optimize the structure of spending, and fully implement budget performance management next year, according to Liu.", "sentence_label": "Distant_Expectations_Consequences"}, {"sentence_index": 8, "sentence_text": "He urged governments at all levels to \"tighten their belts\" by slashing general expenditure, strictly controlling spending on official overseas visits, government-procured vehicles and official receptions, and scrapping inefficient expenses.", "sentence_label": "Distant_Evaluation"}, {"sentence_index": 9, "sentence_text": "\"In addition, management of local government debt will be strengthened next year, with a relatively large increase in special bond issuance by local governments,\" Liu said.", "sentence_label": "Distant_Expectations_Consequences"}, {"sentence_index": 10, "sentence_text": "China will strengthen counter-cyclical adjustments in its macro policy in 2019, with bolder and more effective measures to be taken to implement the proactive fiscal policy, according to the annual Central Economic Work Conference held last week.", "sentence_label": "Distant_Expectations_Consequences"}]}