{"file_name": "./NewsDiscourseData/json_annotations/train/Business/AXinhua_1012.json", "sentences": [{"sentence_index": "title", "sentence_text": "British stocks up 2.16 pct Friday - Xinhua", "sentence_label": "title"}, {"sentence_index": 1, "sentence_text": "Source: Xinhua| 2019-01-05 02:30:08|Editor: Yurou", "sentence_label": "NA"}, {"sentence_index": 2, "sentence_text": "Video Player Close", "sentence_label": "NA"}, {"sentence_index": 3, "sentence_text": "LONDON, Jan. 4 (Xinhua) -- British stocks rose on Friday, with the benchmark FTSE 100 Index up by 2.16 percent, or 144.76 points, to close at 6,837.42 points.", "sentence_label": "Main"}, {"sentence_index": 4, "sentence_text": "Antofagasta, a copper mining company, soared 6.45 percent, the top gainer of the blue chips.", "sentence_label": "Cause_General"}, {"sentence_index": 5, "sentence_text": "Schroders and Evraz increased by 6.27 percent and 6.13 percent respectively.", "sentence_label": "Cause_General"}, {"sentence_index": 6, "sentence_text": "Fresnillo, a Mexican-based precious metals mining company, was the worst performer in the blue chips, with its shares losing 1.49 percent.", "sentence_label": "Cause_General"}, {"sentence_index": 7, "sentence_text": "BT Group, a British multinational telecom holding company, dropped 1.15 percent.", "sentence_label": "Cause_General"}, {"sentence_index": 8, "sentence_text": "J Sainsbury, one of the largest operators of supermarkets in the UK, fell 1.14 percent.", "sentence_label": "Cause_General"}]}