{"file_name": "./NewsDiscourseData/json_annotations/train/Business/AXinhua_13.json", "sentences": [{"sentence_index": "title", "sentence_text": "German business to place greater investment focus on Africa - Xinhua", "sentence_label": "title"}, {"sentence_index": 1, "sentence_text": "Source: Xinhua| 2018-08-22 20:20:24|Editor: xuxin", "sentence_label": "NA"}, {"sentence_index": 2, "sentence_text": "Video Player Close", "sentence_label": "NA"}, {"sentence_index": 3, "sentence_text": "BERLIN, Aug. 22 (Xinhua) -- German companies are planning to ramp up their investments on the African continent during the coming years, president of the German-African Business Association Stefan Liebing announced on Wednesday.", "sentence_label": "Main"}, {"sentence_index": 4, "sentence_text": "\"We are already witnessing a significant increase in the investment- and trading activity with our neighboring continent,\" Liebing told reporters.", "sentence_label": "Cause_General"}, {"sentence_index": 5, "sentence_text": "According to an estimate by the association, new investments by German companies in Africa will rise by more than 10 percent to a total of more than one billion euros (1.15 billion U.S. dollars).", "sentence_label": "Distant_Expectations_Consequences"}, {"sentence_index": 6, "sentence_text": "Liebing explained that at least part of the increase reflected recent changes in the German regulatory landscape.", "sentence_label": "Distant_Evaluation"}, {"sentence_index": 7, "sentence_text": "Back in June, the German government announced that it would ease the conditions which must be met for domestic small- and mid-sized enterprises (SMEs) to access export guarantees in trade with certain African countries.", "sentence_label": "Cause_General"}, {"sentence_index": 8, "sentence_text": "Thomas Bareiss, secretary of state in the ministry for the economy, said at the time that closer economic ties between Germany and African nations were a key priority of Chancellor Angela Merkel's governing cabinet.", "sentence_label": "Distant_Evaluation"}, {"sentence_index": 9, "sentence_text": "Towards this end, Berlin has taken steps to lower the insurance excess shouldered by these firms or the banks they work with in international trade between Germany and African states.", "sentence_label": "Cause_General"}, {"sentence_index": 10, "sentence_text": "The new regulations apply to countries which have joined a G20 initiative for more international investment and were SMEs previously faced relatively steep deductible rates of up to 5 percent.", "sentence_label": "Cause_General"}, {"sentence_index": 11, "sentence_text": "Amongst others, German exporters operating in the African markets of Cote D'Ivoire, Senegal, Ethiopia, Ghana and Rwanda stand to benefit from the expansion of government guarantees.", "sentence_label": "Cause_General"}, {"sentence_index": 12, "sentence_text": "Commenting on the development on Wednesday, Liebing expressed confidence that the change would boost trade and capital flows between Germany and Africa.", "sentence_label": "Distant_Expectations_Consequences"}, {"sentence_index": 13, "sentence_text": "\"It's working.", "sentence_label": "Distant_Evaluation"}, {"sentence_index": 14, "sentence_text": "A large number of projects have been successfully realized (as a consequence of the new policy regime),\" Liebing said.", "sentence_label": "Distant_Evaluation"}, {"sentence_index": 15, "sentence_text": "He noted that the volume of export guarantees for Africa more than doubled during the first six months of the year to 1.09 billion euros (1.26 billion U.S. dollar) and had hence already surpassed the total annual level of 2017.", "sentence_label": "Cause_General"}, {"sentence_index": 16, "sentence_text": "Liebing pointed to the opening of a Volkswagen plant in the Rwandan capital of Kigali, as well as an ongoing cooperation between German Gauff Engineering and a Chinese partner to build Africa's longest suspension bridge in Mozambique.", "sentence_label": "Cause_General"}, {"sentence_index": 17, "sentence_text": "While Germany is still a relatively small player in Africa, China has emerged as one of the continent's largest trading and investment partners.", "sentence_label": "Cause_General"}, {"sentence_index": 18, "sentence_text": "Liebing argued that German companies should seize opportunities to cooperate with their Chinese counterparts rather than seeing them as rivals.", "sentence_label": "Distant_Evaluation"}, {"sentence_index": 19, "sentence_text": "Liebing said that expanding African infrastructure provision was the key to raising productivity and promoting sustainable growth and better international cooperation.", "sentence_label": "Distant_Expectations_Consequences"}, {"sentence_index": 20, "sentence_text": "\"Package solutions\" offered by China in this context offered Germans an exemplary model of how to boost economic growth in Africa, he said.", "sentence_label": "Distant_Evaluation"}, {"sentence_index": 21, "sentence_text": "\"We should stop viewing China exclusively as a competitor.", "sentence_label": "Distant_Evaluation"}, {"sentence_index": 22, "sentence_text": "First successful examples show how Chinese and German firms can achieve mutually-beneficial outcomes in Africa,\" Liebing told press.", "sentence_label": "Distant_Evaluation"}, {"sentence_index": 23, "sentence_text": "\"The only truly-sustainable form of developmental aid is to create local jobs\", he added.", "sentence_label": "Distant_Evaluation"}, {"sentence_index": 24, "sentence_text": "The German-African Business Association was founded in 1934 to support firms from Germany in their commercial involvement in African countries.", "sentence_label": "Distant_Historical"}, {"sentence_index": 25, "sentence_text": "Germany's exports to Africa currently account for around two percent of its total volume of international trade.", "sentence_label": "Cause_General"}]}