{"file_name": "./NewsDiscourseData/json_annotations/train/Business/AXinhua_1017.json", "sentences": [{"sentence_index": "title", "sentence_text": "China's social net wealth ranked 2nd worldwide in 2016: report - Xinhua", "sentence_label": "title"}, {"sentence_index": 1, "sentence_text": "Source: Xinhua| 2018-12-27 15:35:37|Editor: ZX", "sentence_label": "NA"}, {"sentence_index": 2, "sentence_text": "Video Player Close", "sentence_label": "NA"}, {"sentence_index": 3, "sentence_text": "BEIJING, Dec. 27 (Xinhua) -- China's social net wealth, an important gauge of overall national strength, totaled 437 trillion yuan (63.48 trillion U.S. dollars) in 2016, ranking only second to the United States, a report showed.", "sentence_label": "Main"}, {"sentence_index": 4, "sentence_text": "By the end of 2016, China had 424 trillion yuan in domestic non-financial assets and 13 trillion yuan in external net assets, according to a report released Wednesday by the Chinese Academy of Social Sciences.", "sentence_label": "Cause_General"}, {"sentence_index": 5, "sentence_text": "The total net wealth was equivalent to 70.7 percent of the U.S. wealth level during the same period, ranking second in the world.", "sentence_label": "Cause_General"}, {"sentence_index": 6, "sentence_text": "In 2016, 73 percent of the country's social net wealth was owned by residents, while the remaining 27 percent was held by the government, functioning as a strong buttress for China to counter financial risks.", "sentence_label": "Cause_General"}, {"sentence_index": 7, "sentence_text": "To improve net wealth productivity, the report calls for improving production efficiency for non-financial firms, cutting inefficient investment and shifting away from investment-led growth model.", "sentence_label": "Distant_Expectations_Consequences"}]}