{"file_name": "./NewsDiscourseData/json_annotations/train/Business/AXinhua_1029.json", "sentences": [{"sentence_index": "title", "sentence_text": "Tuna sells for record 3 mln USD in Japan new year auction - Xinhua", "sentence_label": "title"}, {"sentence_index": 1, "sentence_text": "Source: Xinhua| 2019-01-05 21:48:54|Editor: mmm", "sentence_label": "NA"}, {"sentence_index": 2, "sentence_text": "Video Player Close", "sentence_label": "NA"}, {"sentence_index": 3, "sentence_text": "TOKYO, Jan. 5 (Xinhua) -- A bluefin tuna was sold on Saturday for a record 333.6 million yen (3.1 million U.S. dollars) at the first new year auction at the Toyosu fish market in Tokyo, Japan, local media reported.", "sentence_label": "Main"}, {"sentence_index": 4, "sentence_text": "The 278-kilogram tuna was fetched in Oma, Aomori Prefecture and cost 1.2 million yen (11,057 dollars) per kilogram.", "sentence_label": "Cause_General"}, {"sentence_index": 5, "sentence_text": "The total price beat all the records of first new year biddings at the metropolitan central market since 1999 when records began.", "sentence_label": "Cause_General"}, {"sentence_index": 6, "sentence_text": "The market was relocated from nearby Tsukiji last year, a famous destination among both tourists and local Japanese for its fresh seafood.", "sentence_label": "Distant_Historical"}, {"sentence_index": 7, "sentence_text": "It is customary for bidders to pay a high price at the first auction of each year, particularly this year as it was the first held at the new market since it opened in October.", "sentence_label": "Distant_Evaluation"}, {"sentence_index": 8, "sentence_text": "Kiyomura Corp., a Tokyo-based operator of sushi restaurant chain Sushizanmai, successfully bid for the tuna this year.", "sentence_label": "Cause_General"}, {"sentence_index": 9, "sentence_text": "The company was the highest bidder at Tsukiji for six consecutive new year's auctions through 2017 and held the previous record of 155.4 million yen (1.43 million dollars) for a 222-kilogram tuna in 2013.", "sentence_label": "Cause_General"}, {"sentence_index": 10, "sentence_text": "The final new year's auction at Tsukiji in 2018 saw a tuna fetch 36.45 million yen (335,852 dollars).", "sentence_label": "Cause_General"}, {"sentence_index": 11, "sentence_text": "The Tokyo metropolitan government decided in 2001 to relocate the aging Tsukiji market to Toyosu, a new tourist attraction in Tokyo, as it is suited for controlling temperatures and sanitation and is 1.7 times larger than Tsukiji.", "sentence_label": "Distant_Historical"}]}