{"file_name": "./NewsDiscourseData/json_annotations/train/Business/AXinhua_1030.json", "sentences": [{"sentence_index": "title", "sentence_text": "Spanish shares gain 2.52 pct Friday - Xinhua", "sentence_label": "title"}, {"sentence_index": 1, "sentence_text": "Source: Xinhua| 2019-01-05 01:34:56|Editor: Yurou", "sentence_label": "NA"}, {"sentence_index": 2, "sentence_text": "Video Player Close", "sentence_label": "NA"}, {"sentence_index": 3, "sentence_text": "MADRID, Jan. 4 (Xinhua) -- Spanish shares gained on Friday with the benchmark stock market index Ibex-35 up 2.52 percent or 214.50 points, to a total of 8,737.80 points.", "sentence_label": "Main"}, {"sentence_index": 4, "sentence_text": "A total of 34 of the selected 35 large companies gained in the day.", "sentence_label": "Cause_Specific"}, {"sentence_index": 5, "sentence_text": "Steel manufacturing corporation ArcelorMittal advanced 6.43 percent, the top gainer of the day.", "sentence_label": "Cause_Specific"}, {"sentence_index": 6, "sentence_text": "Automotive company CIE Automotive was up 6.15 percent and energy company Ence went up 6.02 percent.", "sentence_label": "Cause_Specific"}, {"sentence_index": 7, "sentence_text": "Electricity supplier REC lost 0.03 percent.", "sentence_label": "Cause_General"}]}