{"file_name": "./NewsDiscourseData/json_annotations/train/Business/AXinhua_18.json", "sentences": [{"sentence_index": "title", "sentence_text": "News Analysis: Italy 2019 budget plan unnerves markets, ignores EU austerity calls - Xinhua", "sentence_label": "title"}, {"sentence_index": 1, "sentence_text": "Source: Xinhua| 2018-09-28 23:35:16|Editor: yan", "sentence_label": "NA"}, {"sentence_index": 2, "sentence_text": "Video Player Close", "sentence_label": "NA"}, {"sentence_index": 3, "sentence_text": "ROME, Sept. 28 (Xinhua) -- Financial markets were on their heels Friday, a day after Italy's populist, anti-establishment government announced it would widen its budget deficit in order to finance costly electoral promises.", "sentence_label": "Main"}, {"sentence_index": 4, "sentence_text": "Thursday's blueprint says the government would widen the 2019 budget deficit to an estimated 2.4 percent of the gross domestic product, almost surely putting the country on a collision course with the European Union (EU).", "sentence_label": "Main"}, {"sentence_index": 5, "sentence_text": "The EU has called for Italy to focus on paying down the government's deficit, the highest in the bloc in absolute terms and the second highest when measured as a percentage of gross domestic product.", "sentence_label": "Cause_General"}, {"sentence_index": 6, "sentence_text": "The 2.4-percent figure is around three times higher than the estimates put forward by the previous government, which ended its term May 31.", "sentence_label": "Cause_General"}, {"sentence_index": 7, "sentence_text": "It is also far above the 1.6-perfect figure promised by Minister of Finance Giovanni Tria.", "sentence_label": "Cause_General"}, {"sentence_index": 8, "sentence_text": "Still, it is below the more than 3.0-percent deficit the government said it wanted in August.", "sentence_label": "Cause_General"}, {"sentence_index": 9, "sentence_text": "Tria, a political independent not associated with either of the political parties backing the Giuseppe Conte government, reportedly vowed to resign if he lost the battle over the budget.", "sentence_label": "Distant_Expectations_Consequences"}, {"sentence_index": 10, "sentence_text": "There were no immediate signs Tria would follow through with his threat on Friday, but the Italian media reported it could still happen.", "sentence_label": "Distant_Expectations_Consequences"}, {"sentence_index": 11, "sentence_text": "In absolute terms, the difference between Tria's 1.6-perfect deficit promise and the 2.4-percent target announced Thursday is around 175 billion euros (205 billion U.S. dollars) in extra spending.", "sentence_label": "Cause_General"}, {"sentence_index": 12, "sentence_text": "That figure is more than the gross domestic products of 15 of the 28 EU member states, including Greece, the only EU country more indebted than Italy.", "sentence_label": "Cause_General"}, {"sentence_index": 13, "sentence_text": "Italy has the third largest economy in the 19-nation euro currency union.", "sentence_label": "Cause_General"}, {"sentence_index": 14, "sentence_text": "Luigi Di Maio, Italy's minister of labor and the head of the Five-Star Movement, said the extra spending would pay for itself through higher economic growth.", "sentence_label": "Distant_Evaluation"}, {"sentence_index": 15, "sentence_text": "\"We must explain to markets that there are so many smart investments inside this 2.4-percent figures that we will be able to grow the economy as much as we want to,\" Di Maio said in a press conference.", "sentence_label": "Distant_Evaluation"}, {"sentence_index": 16, "sentence_text": "But analysts were less convinced.", "sentence_label": "Distant_Evaluation"}, {"sentence_index": 17, "sentence_text": "\"Before the figure was announced I thought that Tria's 1.6-percent figure was not likely, but that 2.4 or above would mean outright war with the European Union,\" Riccardo Puglisi, a political economist with the University of Pavia, told Xinhua.", "sentence_label": "Distant_Expectations_Consequences"}, {"sentence_index": 18, "sentence_text": "\"At close to 2.0-percent, it would have been a skirmish.", "sentence_label": "Distant_Expectations_Consequences"}, {"sentence_index": 19, "sentence_text": "But 2.4 percent is bad news.\"", "sentence_label": "Distant_Evaluation"}, {"sentence_index": 20, "sentence_text": "Ugo Arrigo, an economics and statistics professor with Bicocca University in Milan, said the decision was likely based on politics and not economics.", "sentence_label": "Distant_Evaluation"}, {"sentence_index": 21, "sentence_text": "\"Really, the deficit should have been 1.6 or 1.7 percent,\" Arrigo said in an interview.", "sentence_label": "Distant_Evaluation"}, {"sentence_index": 22, "sentence_text": "\"Above 2 is trouble because it means the government is putting electoral promises above sustainability.\"", "sentence_label": "Distant_Evaluation"}, {"sentence_index": 23, "sentence_text": "Among the costly promises put forth by the four-month-old government: a universal basic income for all Italian citizens, an earlier retirement age for workers, and a flat tax for Italian companies.", "sentence_label": "Distant_Expectations_Consequences"}, {"sentence_index": 24, "sentence_text": "The spending measures alone are expected to add at least 100 billion euros to the deficit.", "sentence_label": "Distant_Expectations_Consequences"}, {"sentence_index": 25, "sentence_text": "Financial markets responded badly to the news: both because of the fiscal implications of the 2019 budget and the likelihood it could ultimately destabilize the government, especially if Tria stepped down.", "sentence_label": "Cause_General"}, {"sentence_index": 26, "sentence_text": "In trading Friday, the first session after the latest developments, bond yields surged as much as 12 percent higher, reaching a yield of 3.35 percent in midday trading for the benchmark ten-year bonds.", "sentence_label": "Main_Consequence"}, {"sentence_index": 27, "sentence_text": "That is approaching their highest yield since 2014.", "sentence_label": "Cause_General"}, {"sentence_index": 28, "sentence_text": "Higher yields for bonds reflect investor nervousness, and they increase the government's costs when it borrows money.", "sentence_label": "Distant_Evaluation"}, {"sentence_index": 29, "sentence_text": "The MIB-30 index of blue chip stocks also took a hit, falling 3.8 percent, with 27 of 30 issues losing ground.", "sentence_label": "Main_Consequence"}, {"sentence_index": 30, "sentence_text": "Even the euro currency took a step back, losing around 1.5 percent of its value against the U.S. dollar, its weakest level in three weeks.", "sentence_label": "Cause_General"}, {"sentence_index": 31, "sentence_text": "The full budget, including details for the spending plans, will be submitted to the EU next month.", "sentence_label": "Distant_Expectations_Consequences"}, {"sentence_index": 32, "sentence_text": "Brussels could reject the measure, which would send the government back to the drawing board to restart negotiations.", "sentence_label": "Distant_Expectations_Consequences"}]}