{"file_name": "./NewsDiscourseData/json_annotations/train/Business/AXinhua_1014.json", "sentences": [{"sentence_index": "title", "sentence_text": "Gold price closes higher in Hong Kong - Xinhua", "sentence_label": "title"}, {"sentence_index": 1, "sentence_text": "Source: Xinhua| 2019-01-04 17:32:49|Editor: mmm", "sentence_label": "NA"}, {"sentence_index": 2, "sentence_text": "Video Player Close", "sentence_label": "NA"}, {"sentence_index": 3, "sentence_text": "HONG KONG, Jan. 4 (Xinhua) -- The gold price in Hong Kong closed at 12,088 Hong Kong dollars (about 1,543.81 U.S. dollars) per tael on Friday, up 46 Hong Kong dollars from the previous trading day, according to the Chinese Gold and Silver Exchange Society.", "sentence_label": "Main"}, {"sentence_index": 4, "sentence_text": "(1 U.S. dollar equals to 7.83 HK dollars)", "sentence_label": "NA"}]}