{"file_name": "./NewsDiscourseData/json_annotations/train/Business/Pnyt_corpus_data_2007_05_23_1849344.json", "sentences": [{"sentence_index": "title", "sentence_text": "Boards Feel the Heat as Investor Activists Speak Up", "sentence_label": "title"}, {"sentence_index": 1, "sentence_text": "The occasional activist has stirred up a revolt at an annual general meeting, led a no-confidence vote against management and even taken executives to court.", "sentence_label": "Distant_Evaluation"}, {"sentence_index": 2, "sentence_text": "Those have been the extreme cases.", "sentence_label": "Distant_Evaluation"}, {"sentence_index": 3, "sentence_text": "But in Europe, shareholder activism -- a term that brings to mind Carl C. Icahn or Kirk Kerkorian, unseating directors and forcing spinoffs with elbows-out tactics -- now seems to be moving toward Main Street and into the hands of ordinary investors.", "sentence_label": "Main"}, {"sentence_index": 4, "sentence_text": "These no-frills activists are changing the dynamics at the top, their measured but pointed agitation pitting previously passive shareholders, who are used to expressing displeasure by simply selling their shares, against senior management.", "sentence_label": "Main"}, {"sentence_index": 5, "sentence_text": "In many cases, the shareholders are gaining the upper hand, nudging up share prices and sometimes forcing out an executive or forcing the sale of the company.", "sentence_label": "Main"}, {"sentence_index": 6, "sentence_text": "Most recently, the Children's Investment Fund turned dissatisfaction into deal-making at ABN Amro, leading to rival bids for the bank, the largest in the Netherlands.", "sentence_label": "Cause_Specific"}, {"sentence_index": 7, "sentence_text": "Then Peter Paul de Vries, the feisty head of the Dutch shareholder association VEB, successfully took ABN Amro's management to court, accusing it of bypassing shareholders when selling one of the bank's most attractive assets.", "sentence_label": "Cause_Specific"}, {"sentence_index": 8, "sentence_text": "''What we have seen so far may only be the beginning,'' said Antonio Borges, chairman of the European Corporate Governance Institute and a vice chairman at Goldman Sachs in London.", "sentence_label": "Distant_Evaluation"}, {"sentence_index": 9, "sentence_text": "''There are many more opportunities as there are many more underperforming companies.''", "sentence_label": "Distant_Evaluation"}, {"sentence_index": 10, "sentence_text": "Prudential, one of Britain's largest insurers, on May 17 faced calls from Hermes, a London-based hedge fund, and other shareholders to break itself up.", "sentence_label": "Cause_Specific"}, {"sentence_index": 11, "sentence_text": "Deutsche B\u00f6rse, the operator of the Frankfurt Stock Exchange, this month removed from the agenda of its annual shareholder meeting a motion that would have made it easier to issue new shares without asking shareholders -- mainly to appease rebellious Atticus Capital, a New York-based hedge fund.", "sentence_label": "Cause_Specific"}, {"sentence_index": 12, "sentence_text": "A number of recent cases have shown that shareholder activism can pay: the UK Focus Fund of Hermes, which has taken an activist tack, had annual returns of 4.9 percentage points above the FTSE All-Share Index from 1998 to 2004, according to a 2006 study by the London Business School and the European Corporate Governance Institute.", "sentence_label": "Cause_Specific"}, {"sentence_index": 13, "sentence_text": "Yet, activism does not come cheap.", "sentence_label": "Distant_Evaluation"}, {"sentence_index": 14, "sentence_text": "The Children's Investment Fund hired its own press relations specialist to send out almost daily updates to journalists about its ABN Amro campaign.", "sentence_label": "Cause_Specific"}, {"sentence_index": 15, "sentence_text": "Knight Vinke Asset Management, the Monaco-based activist investor, last year ran advertisements in French and British newspapers to campaign for a breakup of Suez, the French utility.", "sentence_label": "Distant_Historical"}, {"sentence_index": 16, "sentence_text": "Small shareholder associations, whose membership fees do not cover such large campaigns, are happy to jump on the bandwagon, said Jean-Pierre Paelinck, secretary general of Euroshareholders in Brussels.", "sentence_label": "Distant_Evaluation"}, {"sentence_index": 17, "sentence_text": "The efforts seem to be persuading executives that they need to listen to shareholders or risk their jobs and control over their company.", "sentence_label": "Distant_Evaluation"}, {"sentence_index": 18, "sentence_text": "Rijkman W. J. Groenink, ABN Amro's chief executive, in an emotional outburst on April 28, complained to a Dutch court that his company had become ''a toy for hedge funds.''", "sentence_label": "Distant_Evaluation"}, {"sentence_index": 19, "sentence_text": "Werner G. Seifert, who was ousted as chief executive of Deutsche B\u00f6rse after an activist investor campaign, last year disclosed his frustration in a memoir called ''Invasion of the Locusts.''", "sentence_label": "Distant_Historical"}, {"sentence_index": 20, "sentence_text": "Those who have not yet had contact with activist investors are seeking advice.", "sentence_label": "Cause_General"}, {"sentence_index": 21, "sentence_text": "Calls from executives asking what to do in case an activist hedge fund buys into the company are definitely on the rise, said Philip Keevil, a senior partner at Compass Advisers, a merger advisory firm, in London.", "sentence_label": "Distant_Evaluation"}, {"sentence_index": 22, "sentence_text": "Shareholder activism does not need to be confrontational, he said.", "sentence_label": "Distant_Evaluation"}, {"sentence_index": 23, "sentence_text": "Managers sometimes welcome active shareholders because it gives them an opportunity to push for changes.", "sentence_label": "Distant_Evaluation"}, {"sentence_index": 24, "sentence_text": "But senior executives are also being pressured to deliver shareholder returns as the investment base of companies shifts from passive institutional investors with longer-term horizons to hedge funds focused on the short term, sometimes holding as little as a 1 percent stake in a company.", "sentence_label": "Cause_General"}, {"sentence_index": 25, "sentence_text": "Activism was further fueled by a realization among shareholders that selling shares, often at a loss, to protest unsuccessful management did not really change anything.", "sentence_label": "Cause_General"}, {"sentence_index": 26, "sentence_text": "It simply meant the investment was now weighing on someone else's portfolio as the company continued to underperform.", "sentence_label": "Cause_General"}, {"sentence_index": 27, "sentence_text": "''Activist shareholders are giving more confidence to those who felt in the past that they had no say and remind managers of their duties to account for shareholders' interest,'' said David Brooks, head of mergers at the advisory firm Grant Thornton in London.", "sentence_label": "Distant_Evaluation"}, {"sentence_index": 28, "sentence_text": "The recent explosion of private equity wealth and the rising appetite for takeovers are adding to the pressure on management to listen to shareholders.", "sentence_label": "Cause_General"}, {"sentence_index": 29, "sentence_text": "Analysts say shareholder activism is also focusing on a growing distrust of senior management that can be traced back to corporate scandals like those at Enron and Parmalat.", "sentence_label": "Cause_General"}, {"sentence_index": 30, "sentence_text": "There is a general tendency that ''if there is a problem with the company, shareholders will say, 'Let's do something about it ourselves and don't trust the directors to do so,' '' said Roger Lawson, communications director for the UK Shareholders' Association.", "sentence_label": "Distant_Evaluation"}, {"sentence_index": 31, "sentence_text": "Encouraged by the success of activist investors, traditional asset management firms like Fidelity Investments, the largest mutual fund company in the world, and Templeton, which never made public statements about their investments in the past, also became more vocal and in some instances publicly threw their weight behind an activist hedge fund.", "sentence_label": "Cause_General"}, {"sentence_index": 32, "sentence_text": "Henderson Global Investors, a 73-year-old British asset management firm, is planning later this year to set up an ''active engagement fund'' to look for undervalued companies, buy a stake in them and work together with the management to improve performance and enhance shareholder value.", "sentence_label": "Distant_Expectations_Consequences"}, {"sentence_index": 33, "sentence_text": "Even though shareholder activism is generally considered to be positive because it makes companies more efficient and increases shareholder returns, some analysts said that the focus on short-term returns can mean important long-term goals were neglected.", "sentence_label": "Distant_Evaluation"}, {"sentence_index": 34, "sentence_text": "Under pressure to perform, managers may feel forced to come up with short-term fixes for problems that would otherwise require more time to solve, said Mr. Brooks of Grant Thornton.", "sentence_label": "Distant_Evaluation"}, {"sentence_index": 35, "sentence_text": "But Mr. Borges at the European Corporate Governance Institute said these would remain exceptions because it was in the interest of short-term investors to sell their shares at a profit, and they could do so only if they found new investors who believed in the long-term potential of the revamped company.", "sentence_label": "Distant_Evaluation"}, {"sentence_index": 36, "sentence_text": "Despite the possible high returns, shareholder activism remains hard work.", "sentence_label": "Distant_Evaluation"}, {"sentence_index": 37, "sentence_text": "Just how hard is illustrated by the retirement plans of Mr. de Vries, who after 18 years of fighting for shareholders' rights decided to leave the Dutch shareholder group in October.", "sentence_label": "Distant_Evaluation"}, {"sentence_index": 38, "sentence_text": "Until then, he said, he will fight on and wonder who will be around longer: he or Mr. Groenink of ABN Amro.", "sentence_label": "Distant_Evaluation"}]}