{"file_name": "./NewsDiscourseData/json_annotations/train/Business/Pnyt_corpus_data_2007_05_19_1848327.json", "sentences": [{"sentence_index": "title", "sentence_text": "Americans Put Their Weakening Dollars to Work Overseas", "sentence_label": "title"}, {"sentence_index": 1, "sentence_text": "American investors, having seen the dollar weaken and foreign stock markets consistently outperform the American market, are putting record amounts of money into overseas securities.", "sentence_label": "Main"}, {"sentence_index": 2, "sentence_text": "Figures released this week by the Treasury Department showed that Americans spent a net $40.3 billion on overseas securities in March, making that the second-heaviest outflow ever, trailing only the $48.7 billion figure for last December.", "sentence_label": "Cause_Specific"}, {"sentence_index": 3, "sentence_text": "The accompanying chart shows 12-month totals for such purchases, with smaller charts breaking down stock and bond transactions.", "sentence_label": "Cause_General"}, {"sentence_index": 4, "sentence_text": "All figures are net, the difference between securities purchased and sold, so negative numbers show when Americans were net sellers.", "sentence_label": "Cause_General"}, {"sentence_index": 5, "sentence_text": "For the 12 months through March, Americans bought a record $277 billion in foreign long-term securities.", "sentence_label": "Cause_Specific"}, {"sentence_index": 6, "sentence_text": "Those purchases pale next to the offsetting purchases of American securities by foreigners, which came to $1.15 trillion over the most recent 12 months.", "sentence_label": "Distant_Evaluation"}, {"sentence_index": 7, "sentence_text": "Nonetheless, they are important because the United States needs to attract foreign investments to offset the huge trade deficit, which is only starting to decline.", "sentence_label": "Distant_Evaluation"}, {"sentence_index": 8, "sentence_text": "For the 12 months through March, that deficit came to $754 billion.", "sentence_label": "Cause_General"}, {"sentence_index": 9, "sentence_text": "With Americans clamoring to buy foreign securities -- not to mention the foreign cars, toys and other goods that make up the trade deficit -- the dollar has lost value, particularly against the euro and the British pound, the two principal currencies whose central banks do not intervene to keep them from rising.", "sentence_label": "Distant_Evaluation"}, {"sentence_index": 10, "sentence_text": "The figures show that Americans bought a net $168.9 billion of foreign bonds over the 12-month period.", "sentence_label": "Cause_Specific"}, {"sentence_index": 11, "sentence_text": "By contrast, for all of 2005 the figure was only $45.1 billion.", "sentence_label": "Distant_Historical"}, {"sentence_index": 12, "sentence_text": "The attraction of foreign stocks has also been strong, but is not at record levels.", "sentence_label": "Distant_Evaluation"}, {"sentence_index": 13, "sentence_text": "The $108.3 billion purchased during the 12-month period is well below the record of $140 billion, set in the 12 months through last May.", "sentence_label": "Distant_Evaluation"}, {"sentence_index": 14, "sentence_text": "The popularity of foreign stocks has come as foreign markets consistently have done better than the American one.", "sentence_label": "Distant_Evaluation"}, {"sentence_index": 15, "sentence_text": "For the 12 months through April, the Standard & Poor's 500, a prominent index of large American companies, was up 13.1 percent.", "sentence_label": "Cause_Specific"}, {"sentence_index": 16, "sentence_text": "But the Morgan Stanley Capital International EAFE index, which covers all developed countries except the United States, rose 17 percent.", "sentence_label": "Cause_Specific"}, {"sentence_index": 17, "sentence_text": "It was the 44th consecutive month that the EAFE index has shown a better 12-month performance than the S.&P., matching the record length of a stretch that ended in February 1989, another time of dollar weakness.", "sentence_label": "Cause_General"}, {"sentence_index": 18, "sentence_text": "By contrast, Americans were net sellers of foreign stocks in 1999, a time when the dollar was strong and the American stock market was roaring ahead.", "sentence_label": "Distant_Historical"}, {"sentence_index": 19, "sentence_text": "For 56 months that ended in August 1999, the S.&P.", "sentence_label": "Distant_Historical"}, {"sentence_index": 20, "sentence_text": "500 showed better 12-month performance than did the EAFE index.", "sentence_label": "Distant_Historical"}, {"sentence_index": 21, "sentence_text": "If Americans keep sending their dollars overseas -- whether to buy socks or stocks -- that could put further pressure on the value of those dollars.", "sentence_label": "Distant_Expectations_Consequences"}, {"sentence_index": 22, "sentence_text": "OFF THE CHARTS", "sentence_label": "NA"}]}