{"file_name": "./NewsDiscourseData/json_annotations/train/Business/Pnyt_corpus_data_2007_05_23_1849388.json", "sentences": [{"sentence_index": "title", "sentence_text": "Worth a Lot, but Are Hedge Funds Worth It?", "sentence_label": "title"}, {"sentence_index": 1, "sentence_text": "When Institutional Investor's Alpha magazine released its annual list of the highest paid hedge fund managers last month, it allowed the rest of us to play an entertaining little parlor game: what could you buy if you made as much money as those guys?", "sentence_label": "Distant_Evaluation"}, {"sentence_index": 2, "sentence_text": "James Simons, a 69-year-old mathematician who was at the top of the list, earned $1.7 billion, which equaled the amount of money that the federal government spent last year running its vast network of national parks.", "sentence_label": "Cause_Specific"}, {"sentence_index": 3, "sentence_text": "Down at No.", "sentence_label": "Cause_Specific"}, {"sentence_index": 4, "sentence_text": "3 on the list, Edward S. Lampert of Greenwich, Conn., the investor who owns a large chunk of Sears, made $1.3 billion, which, if you forget about taxes, would have allowed him to buy the entire economic output of Sierra Leone.", "sentence_label": "Cause_Specific"}, {"sentence_index": 5, "sentence_text": "We're talking about real money here.", "sentence_label": "Cause_General"}, {"sentence_index": 6, "sentence_text": "Today, Alpha magazine will release another big list, and this one offers a chance to answer another, arguably more important, question: Are these billionaire hedge fund managers really worth it?", "sentence_label": "Main"}, {"sentence_index": 7, "sentence_text": "The reason hedge funds are a license to print money is their fee structure.", "sentence_label": "Cause_Specific"}, {"sentence_index": 8, "sentence_text": "A typical fund charges a 2 percent management fee, which means that it keeps 2 cents of every dollar that it manages, regardless of performance.", "sentence_label": "Cause_Specific"}, {"sentence_index": 9, "sentence_text": "Mutual funds, on average, charge about 1 percent.", "sentence_label": "Cause_General"}, {"sentence_index": 10, "sentence_text": "On top of the management fee, hedge funds also take a big cut -- usually at least 20 percent -- of any profits that exceed a predetermined benchmark.", "sentence_label": "Cause_Specific"}, {"sentence_index": 11, "sentence_text": "So in a good year, a fund's managers bring in stunning amounts of money, and in a bad year, they still do very well.", "sentence_label": "Distant_Evaluation"}, {"sentence_index": 12, "sentence_text": "Some quick math shows why: 2 percent of a $5 billion portfolio, which was roughly the cutoff for making Alpha's list of the 100 largest funds, equals $100 million.", "sentence_label": "Cause_General"}, {"sentence_index": 13, "sentence_text": "A fund's managers get to take that fee every single year.", "sentence_label": "Cause_General"}, {"sentence_index": 14, "sentence_text": "Last year was actually a pretty tough year for the industry.", "sentence_label": "Distant_Evaluation"}, {"sentence_index": 15, "sentence_text": "Because hedge funds tend to make a lot of countercyclical bets -- thus the name -- they can often turn a profit even when the stock market falls.", "sentence_label": "Distant_Evaluation"}, {"sentence_index": 16, "sentence_text": "When it's rising broadly, though, many struggle to keep up.", "sentence_label": "Distant_Evaluation"}, {"sentence_index": 17, "sentence_text": "Last year, the Standard & Poor's 500-stock index jumped 14 percent, while the average hedge fund returned less than 13 percent, after investment fees, according to Hedge Fund Research in Chicago.", "sentence_label": "Distant_Historical"}, {"sentence_index": 18, "sentence_text": "But the men -- and they are all men -- who appear on Alpha's list of top earners don't manage average hedge funds.", "sentence_label": "Cause_General"}, {"sentence_index": 19, "sentence_text": "They manage the biggest funds in the world, the ones that are winning the Darwinian competition for capital, and many of them aren't having any trouble beating the market.", "sentence_label": "Cause_Specific"}, {"sentence_index": 20, "sentence_text": "One of the funds at Mr. Simons's firm, Renaissance Technologies, delivered a net return of 21 percent last year.", "sentence_label": "Distant_Historical"}, {"sentence_index": 21, "sentence_text": "The other returned 44 percent after fees.", "sentence_label": "Distant_Historical"}, {"sentence_index": 22, "sentence_text": "And Mr. Simons, who relies on a fantastically complex set of algorithms, doesn't charge ''2 and 20'' -- as the typical industry fees are called.", "sentence_label": "Cause_Specific"}, {"sentence_index": 23, "sentence_text": "He charges ''5 and 44'' -- a 5 percent management fee and 44 percent of profits -- yet he has still been doing very well by his investors for almost two decades.", "sentence_label": "Cause_Specific"}, {"sentence_index": 24, "sentence_text": "I realize that a lot of people find 9- and 10-figure incomes to be inherently excessive.", "sentence_label": "Distant_Evaluation"}, {"sentence_index": 25, "sentence_text": "Or even immoral.", "sentence_label": "Distant_Evaluation"}, {"sentence_index": 26, "sentence_text": "From a strictly economic point of view, however, they are also perfectly rational.", "sentence_label": "Distant_Evaluation"}, {"sentence_index": 27, "sentence_text": "You cannot find anyone else who is providing the same returns as the best hedge fund managers at a lower price.", "sentence_label": "Distant_Evaluation"}, {"sentence_index": 28, "sentence_text": "If you don't like it, you don't have to give them your money.", "sentence_label": "Distant_Evaluation"}, {"sentence_index": 29, "sentence_text": "(Even if you do like it, they probably won't take your money.", "sentence_label": "Distant_Evaluation"}, {"sentence_index": 30, "sentence_text": "In exchange for being lightly regulated, hedge funds are open only to wealthy investors and big institutions.)", "sentence_label": "Cause_General"}, {"sentence_index": 31, "sentence_text": "Thanks to their incredible performance, the biggest funds have grown far bigger in recent years.", "sentence_label": "Distant_Evaluation"}, {"sentence_index": 32, "sentence_text": "The 100 largest firms in the world managed $1 trillion at the end of last year, or 69 percent of all the assets in hedge funds, according to Alpha.", "sentence_label": "Distant_Historical"}, {"sentence_index": 33, "sentence_text": "At the end of 2003, the top 100 had less than $500 billion, or only 54 percent of total hedge fund investments.", "sentence_label": "Distant_Historical"}, {"sentence_index": 34, "sentence_text": "''The best performance is coming from the largest funds,'' said Christy Wood, who oversees equities investments for the California Public Employees' Retirement System, which, like a lot of pension funds, is moving more money into hedge funds.", "sentence_label": "Distant_Anecdotal"}, {"sentence_index": 35, "sentence_text": "But there is an irony to this influx of money.", "sentence_label": "Distant_Evaluation"}, {"sentence_index": 36, "sentence_text": "It all but guarantees that hedge fund pay over the next few years won't be as closely tied to performance as it has been.", "sentence_label": "Distant_Expectations_Consequences"}, {"sentence_index": 37, "sentence_text": "The hundreds of millions of dollars that have flowed into hedge funds have made it all the harder for fund managers to find truly undervalued investments.", "sentence_label": "Distant_Evaluation"}, {"sentence_index": 38, "sentence_text": "The world is awash in capital.", "sentence_label": "Distant_Evaluation"}, {"sentence_index": 39, "sentence_text": "All that capital, of course, also translates into ever-greater management fees, regardless of a fund's performance.", "sentence_label": "Cause_General"}, {"sentence_index": 40, "sentence_text": "The flagship hedge fund at Goldman Sachs lost 6 percent last year, but it still brought in a nice stream of fees.", "sentence_label": "Distant_Historical"}, {"sentence_index": 41, "sentence_text": "Bridgewater Associates, which is based in Greenwich, has earned a net return of less than 4 percent in each of the last two years.", "sentence_label": "Distant_Historical"}, {"sentence_index": 42, "sentence_text": "Yet its founder, Raymond T. Dalio, made $350 million in 2006.", "sentence_label": "Distant_Historical"}, {"sentence_index": 43, "sentence_text": "''When we have a bad year, we're essentially flat,'' Parag Shah, a Bridgewater executive, told me.", "sentence_label": "Distant_Anecdotal"}, {"sentence_index": 44, "sentence_text": "''And when we have a good year, we have a great year.''", "sentence_label": "Distant_Anecdotal"}, {"sentence_index": 45, "sentence_text": "Goldman and Bridgewater may well bounce back, but the combination of extraordinary pay and ordinary performance is going to occur more and more in the coming years.", "sentence_label": "Distant_Expectations_Consequences"}, {"sentence_index": 46, "sentence_text": "Outside of the highfliers on the Alpha list, it's already the norm.", "sentence_label": "Cause_General"}, {"sentence_index": 47, "sentence_text": "Since 2000, the average hedge fund hasn't done any better, after fees, than the market as a whole, according to research by David A. Hsieh, a finance professor at Duke.", "sentence_label": "Cause_General"}, {"sentence_index": 48, "sentence_text": "Still, even mediocre managers, after a lucky year or two, are able to attract gobs of capital and charge ''2 and 20.''", "sentence_label": "Distant_Evaluation"}, {"sentence_index": 49, "sentence_text": "So are today's hedge fund managers really worth it?", "sentence_label": "Distant_Evaluation"}, {"sentence_index": 50, "sentence_text": "Sure, but only if they deliver the sort of performance that Mr. Simons has, and very few will in the years ahead.", "sentence_label": "Distant_Expectations_Consequences"}, {"sentence_index": 51, "sentence_text": "More to the point, it's extremely difficult to know who the stars will be.", "sentence_label": "Distant_Evaluation"}, {"sentence_index": 52, "sentence_text": "In all sorts of walks of life, people tend to think that the past is a better predictor of the future than it really is.", "sentence_label": "Distant_Evaluation"}, {"sentence_index": 53, "sentence_text": "That's why journeyman baseball players -- a Yankees pitcher named Carl Pavano comes to mind -- are able to sign huge contracts based on a single good season.", "sentence_label": "Distant_Evaluation"}, {"sentence_index": 54, "sentence_text": "It's also why so many investors chase returns.", "sentence_label": "Distant_Evaluation"}, {"sentence_index": 55, "sentence_text": "The genius of the world's hedge fund managers isn't only in how they invest their money.", "sentence_label": "Distant_Evaluation"}, {"sentence_index": 56, "sentence_text": "It also lies in having set up an industry that takes advantage of a timeless human trait.", "sentence_label": "Distant_Evaluation"}, {"sentence_index": 57, "sentence_text": "ECONOMIX E-mail: Leonhardt@nytimes.com", "sentence_label": "NA"}]}