{"file_name": "./NewsDiscourseData/json_annotations/train/Business/Pnyt_corpus_data_2007_05_19_1848348.json", "sentences": [{"sentence_index": "title", "sentence_text": "On Third Time Around, Clear Channel Accepts Takeover Bid", "sentence_label": "title"}, {"sentence_index": 1, "sentence_text": "For the two bidders for Clear Channel Communications, the third time may be the charm.", "sentence_label": "Distant_Expectations_Consequences"}, {"sentence_index": 2, "sentence_text": "The company, which owns the largest radio network in the nation, agreed yesterday to accept a revised buyout offer from Bain Capital and Thomas H. Lee Partners, potentially clinching a deal that had eluded the two private equity firms for months.", "sentence_label": "Main"}, {"sentence_index": 3, "sentence_text": "Unlike the previous offers, the latest one was drawn up with guidance by several shareholders, Scott Sperling, managing director of Thomas H. Lee, said yesterday.", "sentence_label": "Distant_Evaluation"}, {"sentence_index": 4, "sentence_text": "\"We were guided to this spot by the shareholders,\" Mr. Sperling said, specifically highlighting the roles played by Highfields Capital Management and Fidelity Investments in reaching the new deal.", "sentence_label": "Distant_Evaluation"}, {"sentence_index": 5, "sentence_text": "Investors will receive $39.20 a share.", "sentence_label": "Cause_General"}, {"sentence_index": 6, "sentence_text": "Alternatively, they have the option of rolling their holdings into a cumulative 30 percent stake in the newly private Clear Channel, in what is known as stub equity.", "sentence_label": "Cause_General"}, {"sentence_index": 7, "sentence_text": "The portion available to investors is worth about $1.2 billion, but no shareholder may hold more than 9.9 percent of the new company.", "sentence_label": "Cause_General"}, {"sentence_index": 8, "sentence_text": "Bain and Thomas H. Lee have also agreed to limit their fees from the deal, as well as to allow for two independent directors for the new company.", "sentence_label": "Cause_General"}, {"sentence_index": 9, "sentence_text": "Highfields will choose one, while the other shareholders will elect the other, according to people briefed on the negotiations.", "sentence_label": "Cause_General"}, {"sentence_index": 10, "sentence_text": "A spokesman for Calpers, the California public employee pension fund, said it supported the latest offer; Calpers holds 3.3 million shares of Clear Channel.", "sentence_label": "Distant_Evaluation"}, {"sentence_index": 11, "sentence_text": "''What we focus on is what will get the highest value for our members,'' the spokesman, Brad Pacheco, said.", "sentence_label": "Distant_Evaluation"}, {"sentence_index": 12, "sentence_text": "Shares of Clear Channel closed at $38.23 yesterday, up 1.2 percent.", "sentence_label": "Cause_General"}, {"sentence_index": 13, "sentence_text": "The deal is substantially the same that Bain and Thomas H. Lee offered earlier this month -- and that Clear Channel initially rejected.", "sentence_label": "Distant_Evaluation"}, {"sentence_index": 14, "sentence_text": "But a few days later, several institutional investors, including Highfields, a hedge fund, urged the company to take more time to consider the offer.", "sentence_label": "Cause_Specific"}, {"sentence_index": 15, "sentence_text": "After Clear Channel's announcement on May 7 that it would reconsider the revised buyout offer, the company took about a week before agreeing to the new bid.", "sentence_label": "Cause_Specific"}, {"sentence_index": 16, "sentence_text": "The six-month-long contest illustrates the increased assertiveness of public investors, as private equity firms have acquired scores of companies.", "sentence_label": "Distant_Evaluation"}, {"sentence_index": 17, "sentence_text": "In the bidding for Clear Channel, the power of shareholders was amplified by the law in Texas, where the company is based.", "sentence_label": "Cause_General"}, {"sentence_index": 18, "sentence_text": "Under that state's regulations, approval of a buyout requires the support of two-thirds of all shareholders -- not just those voting.", "sentence_label": "Cause_General"}, {"sentence_index": 19, "sentence_text": "Shortly after Clear Channel announced its first agreement with the buyout firms, at $37.60 a share in cash, several major shareholders, as well as proxy advisory firms, complained that the company was being sold too cheaply.", "sentence_label": "Cause_Specific"}, {"sentence_index": 20, "sentence_text": "The bidders raised their offer to $39, which Clear Channel accepted, but the offer again met resistance from investors.", "sentence_label": "Cause_Specific"}, {"sentence_index": 21, "sentence_text": "But after Clear Channel's initial rejection of the third buyout bid, the company received worried phone calls from scores of investors.", "sentence_label": "Cause_Specific"}, {"sentence_index": 22, "sentence_text": "Though some technical details remain unresolved, the deal is expected to go through.", "sentence_label": "Distant_Expectations_Consequences"}, {"sentence_index": 23, "sentence_text": "Clear Channel said it would postpone a vote on the deal, originally scheduled for a special meeting on May 22.", "sentence_label": "Distant_Expectations_Consequences"}, {"sentence_index": 24, "sentence_text": "The company will instead set a new record date and a new vote, which will probably take place within the next three months, pending the filing of amended registration materials with federal regulators.", "sentence_label": "Distant_Expectations_Consequences"}]}