{"file_name": "./NewsDiscourseData/json_annotations/train/Business/Pnyt_corpus_data_2007_05_25_1849804.json", "sentences": [{"sentence_index": "title", "sentence_text": "China\u2019s Leaders Confront Their Manic Market", "sentence_label": "title"}, {"sentence_index": 1, "sentence_text": "WANTED: Central banker who can curb ''irrational exuberance'' among stock market investors.", "sentence_label": "NA"}, {"sentence_index": 2, "sentence_text": "Statesmen with international credibility preferred.", "sentence_label": "NA"}, {"sentence_index": 3, "sentence_text": "Availability soon.", "sentence_label": "NA"}, {"sentence_index": 4, "sentence_text": "Too bad Alan Greenspan, who does not speak Chinese, can't apply.", "sentence_label": "Distant_Evaluation"}, {"sentence_index": 5, "sentence_text": "One of the biggest challenges for Chinese leaders these days lies in when and how to rein in the country's soaring stock market and, just as important, whom to pick as the next governor of the central bank.", "sentence_label": "Main"}, {"sentence_index": 6, "sentence_text": "The challenges are closely intertwined.", "sentence_label": "Distant_Evaluation"}, {"sentence_index": 7, "sentence_text": "Like Mr. Greenspan nearly a decade ago, Zhou Xiaochuan, the current governor of the People's Bank of China, faces the knotty question of what to do about a speculative mania that has drawn millions of people with limited investing experience into betting their savings on the stock market.", "sentence_label": "Cause_General"}, {"sentence_index": 8, "sentence_text": "Mr. Greenspan, now 81, struggled to contain the tech stock boom, issuing his famous ''irrational exuberance'' warning in December 1996 only to watch the American market keep rising and finally collapse in early 2000.", "sentence_label": "Distant_Historical"}, {"sentence_index": 9, "sentence_text": "He tried his hand at forecasting Chinese stocks on Wednesday, telling an audience in Madrid by satellite that the Chinese market was ''clearly unsustainable'' and could undergo a ''dramatic contraction.''", "sentence_label": "Distant_Expectations_Consequences"}, {"sentence_index": 10, "sentence_text": "After setting records on Monday, Tuesday and Wednesday, the A shares, those traded in yuan, fell 0.47 percent in Shanghai and 0.6 percent in Shenzhen on Thursday as investors responded to the warning.", "sentence_label": "Cause_Specific"}, {"sentence_index": 11, "sentence_text": "But the warning was not news to Mr. Zhou and other Chinese officials.", "sentence_label": "Distant_Evaluation"}, {"sentence_index": 12, "sentence_text": "The central bank, securities regulators and prominent business executives have all been cautioning investors that buying stocks is not a guaranteed path to riches -- all with less apparent effect than Mr. Greenspan.", "sentence_label": "Cause_General"}, {"sentence_index": 13, "sentence_text": "''Will the Shanghai market correct at some stage?", "sentence_label": "Distant_Evaluation"}, {"sentence_index": 14, "sentence_text": "Yes, that's inevitable,'' said Michael R. P. Smith, the chief executive of HSBC's extensive Asian operations.", "sentence_label": "Distant_Expectations_Consequences"}, {"sentence_index": 15, "sentence_text": "''Valuations are too high, I think; you can't sustain P/E multiples of 40, 50 times.''", "sentence_label": "Distant_Evaluation"}, {"sentence_index": 16, "sentence_text": "The economy is booming, but fairly low inflation, 3 percent, also makes for a conundrum similar to what Mr. Greenspan faced as Federal Reserve chairman: it is harder for Mr. Zhou to justify raising interest rates significantly.", "sentence_label": "Distant_Evaluation"}, {"sentence_index": 17, "sentence_text": "For Mr. Zhou, there is a further complication in that he faces considerable uncertainty about his personal future.", "sentence_label": "Distant_Evaluation"}, {"sentence_index": 18, "sentence_text": "Five years into his current job, he turns 60 next year, and so by Chinese standards is due for a transfer or promotion.", "sentence_label": "Cause_General"}, {"sentence_index": 19, "sentence_text": "''It could come at any time; I tend to think it will happen before the 17th Party Congress,'' expected in October or November, said Victor Shih, a Chinese banking specialist at Northwestern.", "sentence_label": "Distant_Expectations_Consequences"}, {"sentence_index": 20, "sentence_text": "Whoever succeeds Mr. Zhou confronts one of the toughest challenges of any financial policy maker.", "sentence_label": "Distant_Expectations_Consequences"}, {"sentence_index": 21, "sentence_text": "Chinese families eager to make money are opening brokerage accounts around the country, with the number of new accounts rocketing from several thousand a day two years ago to nearly 300,000 a day this month.", "sentence_label": "Cause_General"}, {"sentence_index": 22, "sentence_text": "Investors leaving a Shanghai brokerage firm on Wednesday were exuberant, as the Shanghai A share index closed at 4,354.", "sentence_label": "Distant_Evaluation"}, {"sentence_index": 23, "sentence_text": "Chen Zhiwei, a restaurant chef, said, ''With more new stocks listed, the bullish trend will keep going until the index hits 15,000.''", "sentence_label": "Distant_Anecdotal"}, {"sentence_index": 24, "sentence_text": "Like Mr. Greenspan in the heat of the Internet frenzy, Mr. Zhou and his colleagues in the Chinese government have been cautious about trying to pop the bubble themselves.", "sentence_label": "Distant_Evaluation"}, {"sentence_index": 25, "sentence_text": "The Chinese government chose administrative measures, instead of market forces like higher interest rates, to prevent the economy from overheating in 2004 and to curb real estate speculation over the last two years.", "sentence_label": "Distant_Historical"}, {"sentence_index": 26, "sentence_text": "The government has taken a few such measures this year, like investigating fund managers to make sure that they do not engage in self-dealing at the expense of their clients, and requiring this week that new brokerage customers sign forms acknowledging that they understand the risks of stocks.", "sentence_label": "Cause_General"}, {"sentence_index": 27, "sentence_text": "But stocks sailed higher on Wednesday after an announcement by the finance ministry and State Administration of Taxation that the government had no plans to raise taxes on share transactions, an approach the government has sometimes taken in the past to curb speculation.", "sentence_label": "Cause_Specific"}, {"sentence_index": 28, "sentence_text": "Cash is pouring into the stock market partly because money is pouring into China in general.", "sentence_label": "Cause_General"}, {"sentence_index": 29, "sentence_text": "With the Chinese government intervening heavily in currency markets to hold down the value of the yuan against the dollar, China is on course for a surplus this year of up to $400 billion in the current account, the broadest measure of trade.", "sentence_label": "Distant_Expectations_Consequences"}, {"sentence_index": 30, "sentence_text": "The Chinese leadership has shown considerable caution in allowing the currency to appreciate.", "sentence_label": "Distant_Evaluation"}, {"sentence_index": 31, "sentence_text": "Mr. Zhou declared Wednesday morning that gradualism would remain China's policy as it pursues a long-term strategy of making the yuan more ''flexible.''", "sentence_label": "Distant_Evaluation"}, {"sentence_index": 32, "sentence_text": "Chinese officials frequently refer to flexibility in describing a willingness to see more intraday volatility in the yuan, which remains tightly linked to the dollar.", "sentence_label": "Distant_Evaluation"}, {"sentence_index": 33, "sentence_text": "But that does not necessarily mean faster appreciation of the yuan.", "sentence_label": "Distant_Evaluation"}, {"sentence_index": 34, "sentence_text": "Raising interest rates, a conventional cure for asset speculation, runs the risk of attracting even more foreign investment to China.", "sentence_label": "Distant_Expectations_Consequences"}, {"sentence_index": 35, "sentence_text": "The People's Bank of China has raised interest rates only four times in the last 13 months, while also raising eight times the percentage of assets that commercial banks must keep as reserves at the central bank.", "sentence_label": "Cause_General"}, {"sentence_index": 36, "sentence_text": "Partly because the People's Bank of China does not have nearly the same independence as the Federal Reserve and partly because Chinese economic policy makers have shunned the celebrity surrounding many of their overseas counterparts, Mr. Zhou has not attracted as much attention as Mr. Greenspan.", "sentence_label": "Distant_Evaluation"}, {"sentence_index": 37, "sentence_text": "But now he is the subject of a guessing game about possible successors -- and about the extent to which career jockeying may make public officials leery of unpopular decisions.", "sentence_label": "Distant_Evaluation"}, {"sentence_index": 38, "sentence_text": "The most commonly cited potential governors are Shang Fulin, the chairman of the China Securities Regulatory Commission; Guo Shuqing, Communist Party secretary of the China Construction Bank; and Wu Xiaoling, who is the central bank's senior deputy governor but at 60 may already be deemed too old to succeed Mr. Zhou.", "sentence_label": "Distant_Expectations_Consequences"}, {"sentence_index": 39, "sentence_text": "Mr. Zhou was president of China Construction Bank and then chairman of the China Securities Regulatory Commission before taking over leadership of the central bank, so Mr. Shang and Mr. Guo could each be viewed as possibly following in his footsteps.", "sentence_label": "Distant_Evaluation"}, {"sentence_index": 40, "sentence_text": "As for Mr. Zhou himself, he is cited by some experts as a contender to rise as high as deputy prime minister of China -- if he can stay popular a few more months.", "sentence_label": "Distant_Expectations_Consequences"}, {"sentence_index": 41, "sentence_text": "But a possible slump in the stock market could hurt Mr. Zhou's future prospects -- even if damage to the broader economy may be limited.", "sentence_label": "Distant_Expectations_Consequences"}, {"sentence_index": 42, "sentence_text": "Some experts, like Jonathan Anderson, the chief Asia economist at UBS, suggest that because the rising stock market seems to have had little effect on the rate of economic growth over the last year and a half, it may not have much effect going down.", "sentence_label": "Distant_Expectations_Consequences"}, {"sentence_index": 43, "sentence_text": "''It's very hard indeed to see where the negative growth impact would come from,'' he said in a research report on Thursday, noting that equities form a tenth of total household and business wealth in China.", "sentence_label": "Distant_Evaluation"}, {"sentence_index": 44, "sentence_text": "As he left a Shanghai brokerage firm on Wednesday, Wang Jianping, a 52-year-old driver, said that he invested only his own savings in the stock market and never borrowed to buy shares.", "sentence_label": "Distant_Anecdotal"}, {"sentence_index": 45, "sentence_text": "''If I make money, that's great -- if I lose money, it won't hurt my quality of life and it will be O.K.,'' he said.", "sentence_label": "Distant_Anecdotal"}, {"sentence_index": 46, "sentence_text": "''If I don't make money on the investment in my lifetime, I'll leave it to my children and grandchildren.''", "sentence_label": "Distant_Anecdotal"}, {"sentence_index": 47, "sentence_text": "The bigger worry, but much harder to calculate, lies in whether the country's banks have unintentionally or secretly lent heavily to stock market speculators who would not be able to repay their loans if the market collapsed.", "sentence_label": "Distant_Evaluation"}, {"sentence_index": 48, "sentence_text": "Chinese banking regulations bar banks from issuing margin loans directly to stock market investors.", "sentence_label": "Cause_General"}, {"sentence_index": 49, "sentence_text": "But banks are allowed to lend to securities firms, which in turn provide margin financing.", "sentence_label": "Cause_General"}, {"sentence_index": 50, "sentence_text": "State-controlled media have also reported this year that regulators are looking into whether stock speculators are misrepresenting their intentions to banks, claiming that they need loans for real estate or other purposes.", "sentence_label": "Cause_General"}, {"sentence_index": 51, "sentence_text": "For lack of data, credit analysts have been unable to assess the scale of bank exposure to the stock market.", "sentence_label": "Cause_General"}, {"sentence_index": 52, "sentence_text": "''We can't see it,'' said Charlene Chu, an analyst in the Beijing office of Fitch Ratings, ''on the balance sheets.''", "sentence_label": "Distant_Anecdotal"}]}