{"file_name": "./NewsDiscourseData/json_annotations/train/Business/PReuters_74.json", "sentences": [{"sentence_index": "title", "sentence_text": "Rise in U.S. business equipment orders points to firm investment", "sentence_label": "title"}, {"sentence_index": 1, "sentence_text": "WASHINGTON (Reuters) - New orders for key U.S.-made capital goods increased more than expected in July and growth in shipments held firm, signaling that business investment started the third quarter on a strong note.", "sentence_label": "Main"}, {"sentence_index": 2, "sentence_text": "The Commerce Department said on Friday orders for non-defense capital goods excluding aircraft, a closely watched proxy for business spending plans, rose 1.4 percent last month after an upwardly revised 0.9 percent increase in June.", "sentence_label": "Cause_Specific"}, {"sentence_index": 3, "sentence_text": "\u201cThat provides further reason to think that overall GDP has continued to expand at a healthy ... pace,\u201d said Andrew Hunter, an economist at Capital Economics.", "sentence_label": "Distant_Evaluation"}, {"sentence_index": 4, "sentence_text": "Business spending on equipment is being supported by the Trump administration\u2019s $1.5 trillion income tax cut package, which came into effect in January.", "sentence_label": "Cause_General"}, {"sentence_index": 5, "sentence_text": "But there are worries that trade tensions between the United States and its major trade partners, including China, Canada, Mexico and the European Union, could offset the fiscal stimulus.", "sentence_label": "Distant_Evaluation"}, {"sentence_index": 6, "sentence_text": "Economists polled by Reuters had forecast the so-called core capital goods orders rising 0.4 percent in July after a previously reported 0.2 percent gain in June.", "sentence_label": "Cause_Specific"}, {"sentence_index": 7, "sentence_text": "Core capital goods orders increased 7.2 percent on a year-on-year basis.", "sentence_label": "Cause_General"}, {"sentence_index": 8, "sentence_text": "Shipments of core capital goods rose 0.9 percent last month after an upwardly revised 0.9 percent gain in June.", "sentence_label": "Cause_Specific"}, {"sentence_index": 9, "sentence_text": "Core capital goods shipments are used to calculate equipment spending in the government\u2019s gross domestic product measurement, so the higher estimate for shipments in June could contribute to an upward revision of economic growth in the second quarter.", "sentence_label": "Cause_General"}, {"sentence_index": 10, "sentence_text": "Yields on U.S. government debt rose modestly after the data, with investors awaiting a speech by Federal Reserve Chairman Jerome Powell.", "sentence_label": "Cause_General"}, {"sentence_index": 11, "sentence_text": "U.S. stocks were trading higher while the dollar .DXY was down against a basket of currencies.", "sentence_label": "Cause_General"}, {"sentence_index": 12, "sentence_text": "Business investment drove about a quarter of economic growth in the second quarter.", "sentence_label": "Cause_General"}, {"sentence_index": 13, "sentence_text": "The economy grew at its fastest pace in the April-June period as consumers boosted spending and farmers rushed shipments of soybeans to China before retaliatory trade tariffs took effect in early July.", "sentence_label": "Cause_General"}, {"sentence_index": 14, "sentence_text": "The United States has slapped duties on $50 billion worth of Chinese goods so far, eliciting the retaliation from Beijing.", "sentence_label": "Cause_General"}, {"sentence_index": 15, "sentence_text": "Overall orders for durable goods, items ranging from toasters to aircraft that are meant to last three years or more, fell 1.7 percent in July as volatile demand for civilian aircraft fell.", "sentence_label": "Cause_General"}]}