{"file_name": "./NewsDiscourseData/json_annotations/train/Business/PReuters_8.json", "sentences": [{"sentence_index": "title", "sentence_text": "Apple, Salesforce team up to bring Siri to more business apps", "sentence_label": "title"}, {"sentence_index": 1, "sentence_text": "SAN FRANCISCO (Reuters) - Apple Inc (AAPL.O) and Salesforce.com Inc (CRM.N) are entering a partnership in which the iPhone maker will help Salesforce build the iPhone maker\u2019s features such as its Siri voice assistant deeper into Salesforce\u2019s own mobile apps, which are widely used in the sales and marketing industries.", "sentence_label": "Main"}, {"sentence_index": 2, "sentence_text": "In exchange, Salesforce will make software tools so that the big businesses that use its back-end technology to power their own apps can build better products with features specific to iPhones and iPads.", "sentence_label": "Main"}, {"sentence_index": 3, "sentence_text": "Apple and Salesforce both have huge ecosystems of third-party software developers.", "sentence_label": "Cause_General"}, {"sentence_index": 4, "sentence_text": "About 20 million developers make software for Apple devices, most of them focused on the consumer, while Salesforce has about 5 million developers who tap into its back-end systems to build business applications - a market that Apple has been expanding into through deals with International Business Machines (IBM.N), Cisco Systems (CSCO.O) and Accenture (ACN.N).", "sentence_label": "Cause_General"}, {"sentence_index": 5, "sentence_text": "The partnership means that a salesperson can use Siri after a customer meeting to update that customer\u2019s record with notes from the meeting, flag a customer service issue for a support team to follow-up on and many other data-entry tasks that can eat up valuable time.", "sentence_label": "Distant_Expectations_Consequences"}, {"sentence_index": 6, "sentence_text": "The new Apple iPhone X are seen on display at the Apple Store in Manhattan, New York, U.S., September 21, 2018.", "sentence_label": "NA"}, {"sentence_index": 7, "sentence_text": "REUTERS/Shannon Stapleton", "sentence_label": "NA"}, {"sentence_index": 8, "sentence_text": "\u201cIf you look at enterprise in general, voice has not been used as much as in consumer,\u201d Apple CEO Tim Cook told Reuters in an interview.", "sentence_label": "Distant_Evaluation"}, {"sentence_index": 9, "sentence_text": "\u201cWe\u2019re going to be able to provide the sales rep instant access to things using your voice instead of clicks and going through different apps.", "sentence_label": "Distant_Expectations_Consequences"}, {"sentence_index": 10, "sentence_text": "We\u2019re changing the way people work, and that\u2019s always been at the heart of what Apple is about - changing things for the better.\u201d", "sentence_label": "Distant_Evaluation"}, {"sentence_index": 11, "sentence_text": "In exchange, Salesforce is building tools so companies that tap into its back-end systems can make better use of Apple-specific features like Siri.", "sentence_label": "Main"}, {"sentence_index": 12, "sentence_text": "At Salesforce\u2019s annual customer conference this week, Marriott International will demonstrate a new system that uses Salesforce and Apple tools so that hotel guests can turn up the heat, order a sandwich or hail a ride using Siri with an Apple HomePod in their hotel room.", "sentence_label": "Distant_Expectations_Consequences"}, {"sentence_index": 13, "sentence_text": "And at the next Marriot the guest stays at, Siri will remember the guest\u2019s preferences - even their favorite sandwich, Salesforce CEO Marc Benioff told Reuters in an interview.", "sentence_label": "Distant_Expectations_Consequences"}, {"sentence_index": 14, "sentence_text": "\u201cI don\u2019t think I\u2019ve met with a single customer in the world that doesn\u2019t want me to help them do more with Tim\u2019s products,\u201d Benioff said Cook and Apple in the interview.", "sentence_label": "Distant_Evaluation"}, {"sentence_index": 15, "sentence_text": "Salesforce also runs an educational platform called Trailhead, where it says one in four people who take courses in how to build business apps with Salesforce\u2019s tools ends up getting a raise or promotion.", "sentence_label": "Distant_Evaluation"}, {"sentence_index": 16, "sentence_text": "As part of the deal, Apple and Salesforce will add courses on how to develop iPhone and iPad applications.", "sentence_label": "Distant_Expectations_Consequences"}, {"sentence_index": 17, "sentence_text": "\u201cThese people are learning the tech skills that are elevating their careers,\u201d Benioff said.", "sentence_label": "Distant_Evaluation"}]}