{"file_name": "./NewsDiscourseData/json_annotations/train/Business/PReuters_76.json", "sentences": [{"sentence_index": "title", "sentence_text": "Insurer Great-West Lifeco seeks to sell $2 billion worth of contracts: sources", "sentence_label": "title"}, {"sentence_index": 1, "sentence_text": "(Reuters) - Great-West Lifeco Inc (GWO.TO), Canada\u2019s second-biggest insurance company, is exploring the sale of a collection of insurance contracts that could fetch as much as $2 billion, three people familiar with the matter said on Wednesday.", "sentence_label": "Main"}, {"sentence_index": 2, "sentence_text": "The deal would represent one of the biggest divestments of such insurance books in recent times.", "sentence_label": "Distant_Evaluation"}, {"sentence_index": 3, "sentence_text": "Insurance companies have been offloading such blocks, consisting of policies in areas where no new business is being underwritten, to free up cash to invest in more profitable parts of their operations.", "sentence_label": "Cause_General"}, {"sentence_index": 4, "sentence_text": "The sources asked not to be identified because the matter is confidential.", "sentence_label": "Cause_General"}, {"sentence_index": 5, "sentence_text": "A spokesperson for Great-West said \u201cas a matter of policy, we don\u2019t comment on speculation or rumors\u201d.", "sentence_label": "Distant_Evaluation"}, {"sentence_index": 6, "sentence_text": "Goldman Sachs Group Inc (GS.N) is arranging the sale process, the sources said.", "sentence_label": "Main"}, {"sentence_index": 7, "sentence_text": "A spokesperson for Goldman declined to comment.", "sentence_label": "Cause_General"}, {"sentence_index": 8, "sentence_text": "The portfolio of run-off insurance business being marketed by Great-West includes structured settlements, pay-out annuities, and corporate or bank-owned life insurance (COLI/BOLI), the sources said.", "sentence_label": "Main"}, {"sentence_index": 9, "sentence_text": "Some group benefits policies are also part of the sale, one of them said.", "sentence_label": "Main"}, {"sentence_index": 10, "sentence_text": "Management at the Winnipeg-based insurer held meetings in mid-August with prospective bidders which had made it through an initial round of bidding, according to the one source.", "sentence_label": "Cause_Specific"}, {"sentence_index": 11, "sentence_text": "Among the parties to have shown interest in the policies include other insurance firms and financial companies, a second source said.", "sentence_label": "Cause_General"}, {"sentence_index": 12, "sentence_text": "Private equity firms and specialist investment firms such as Athene Holding (ATH.N) and Wilton Re have been significant buyers of run-off insurance blocks, believing they can juice the profits from administering such policies by cutting costs.", "sentence_label": "Distant_Evaluation"}, {"sentence_index": 13, "sentence_text": "Among the largest such transactions in recent times are the $2.05 billion sale of Hartford Financial Services Group\u2019s (HIG.N) life insurance and annuity run-off businesses to a group of investors, and Wilton Re\u2019s $14 billion deal involving Aegon NV\u2019s\u2019 (AEGN.AS) pay-out annuity and COLI/BOLI businesses in the United States.", "sentence_label": "Cause_General"}, {"sentence_index": 14, "sentence_text": "As well as Canada, Great-West Lifeco and its subsidiaries have operations in the United States and Europe and have more than $1.4 trillion of consolidated assets under administration as of June 30, according to public filings from majority shareholder Power Financial Corp (PWF.TO).", "sentence_label": "Cause_General"}, {"sentence_index": 15, "sentence_text": "(The story is refiled to correct \u201ccontracts,\u201d not \u201ccontacts\u201d in 1st paragraph.)", "sentence_label": "NA"}]}