{"file_name": "./NewsDiscourseData/json_annotations/train/Business/PReuters_63.json", "sentences": [{"sentence_index": "title", "sentence_text": "General Electric replaces CEO with outsider; shares soar", "sentence_label": "title"}, {"sentence_index": 1, "sentence_text": "(Reuters) - General Electric Co (GE.N) ousted Chief Executive Officer John Flannery in a surprise move on Monday, replacing him with outsider and board member Larry Culp, and said it would take a roughly $23 billion charge to write off goodwill in its power division, primarily from a large 2015 acquisition.", "sentence_label": "Main"}, {"sentence_index": 2, "sentence_text": "The struggling energy, health and transportation conglomerate also said it would fall short of its forecast for free cash flow and earnings per share for 2018 due to weakness in its power business, something analysts had expected.", "sentence_label": "Distant_Expectations_Consequences"}, {"sentence_index": 3, "sentence_text": "GE shares jumped 7 percent to close at $12.09 as investors bet that Culp could re-energize the GE brand and more quickly transform its portfolio.", "sentence_label": "Cause_General"}, {"sentence_index": 4, "sentence_text": "The stock was the top percentage gainer on the S&P 500 .SPX.", "sentence_label": "Cause_General"}, {"sentence_index": 5, "sentence_text": "The shares had more than halved since Flannery, a three-decade GE veteran, became CEO in August 2017 to replace Jeff Immelt, who had led GE since 2001.", "sentence_label": "Cause_General"}, {"sentence_index": 6, "sentence_text": "With a market capitalization below $100 billion as of Friday, GE was worth less than a fifth of its peak value a generation ago.", "sentence_label": "Cause_General"}, {"sentence_index": 7, "sentence_text": "GE Power\u2019s falling profits last year forced GE to slash its overall profit outlook and cut its dividend for only the second time since the Great Depression.", "sentence_label": "Distant_Historical"}, {"sentence_index": 8, "sentence_text": "GE\u2019s board, meeting in the last few days, unanimously picked Culp as its new CEO.", "sentence_label": "Main"}, {"sentence_index": 9, "sentence_text": "Culp, 55, who was named to GE\u2019s board in February, was CEO of industrial equipment supplier Danaher Corp (DHR.N) from 2000 to 2014, helping grow the company into a broader conglomerate through a series of acquisitions, while also growing earnings.", "sentence_label": "Distant_Historical"}, {"sentence_index": 10, "sentence_text": "Related Coverage GE's long share price decline claims another casualty", "sentence_label": "Cause_General"}, {"sentence_index": 11, "sentence_text": "Some analysts said that GE Power likely missed financial targets for the third quarter, contributing to Flannery\u2019s ouster.", "sentence_label": "Distant_Expectations_Consequences"}, {"sentence_index": 12, "sentence_text": "GE, scheduled to report results on Oct. 25, declined to comment.", "sentence_label": "Cause_General"}, {"sentence_index": 13, "sentence_text": "The broad strategies are likely to be similar because the plan laid out by Flannery was made in conjunction with heavy involvement from the board, which included Culp, said Gabelli & Co analyst Justin Bergner.", "sentence_label": "Distant_Expectations_Consequences"}, {"sentence_index": 14, "sentence_text": "SHADOW OF ITS FORMER SELF", "sentence_label": "Distant_Evaluation"}, {"sentence_index": 15, "sentence_text": "GE\u2019s board was unhappy with the pace of the company\u2019s turnaround under Flannery, and when the size of the writedown in the power plant division, which makes electric generating equipment, became apparent, the board was persuaded to seek a new CEO, according to a person familiar with the matter who requested anonymity to discuss confidential deliberations.", "sentence_label": "Distant_Evaluation"}, {"sentence_index": 16, "sentence_text": "However, GE will not be changing its announced breakup plan, which calls for spinning off healthcare and shedding its stake in oil services company Baker Hughes (BHGE.N), the source added.", "sentence_label": "Distant_Expectations_Consequences"}, {"sentence_index": 17, "sentence_text": "FILE PHOTO: General Electric CEO John Flannery is seen at the company\u2019s office in New York City, U.S., June 26, 2018.", "sentence_label": "NA"}, {"sentence_index": 18, "sentence_text": "REUTERS/Alwyn Scott", "sentence_label": "NA"}, {"sentence_index": 19, "sentence_text": "Culp indicated that he will tackle the company\u2019s problems aggressively.", "sentence_label": "Distant_Expectations_Consequences"}, {"sentence_index": 20, "sentence_text": "\u201cWe will move with urgency.", "sentence_label": "Distant_Expectations_Consequences"}, {"sentence_index": 21, "sentence_text": "... We have a lot of work ahead of us to unlock the value of GE,\u201d he said in a statement.", "sentence_label": "Distant_Expectations_Consequences"}, {"sentence_index": 22, "sentence_text": "The troubles in the power plant unit have been intensifying, as Reuters reported in July, with the news that one of its most valuable clients, Saudi Arabia, was lining up competitors to bid against GE for lucrative power plant work.", "sentence_label": "Distant_Evaluation"}, {"sentence_index": 23, "sentence_text": "GE doubled down on fossil fuels in 2015 under Immelt with the $10.3 billion purchase of French group Alstom SA\u2019s (ALSO.PA) power business.", "sentence_label": "Distant_Historical"}, {"sentence_index": 24, "sentence_text": "The deal expanded GE\u2019s exposure to gas, coal and nuclear power.", "sentence_label": "Distant_Historical"}, {"sentence_index": 25, "sentence_text": "It added employees, dozens of factories and service centers at a time when GE was trying to cut costs.", "sentence_label": "Distant_Historical"}, {"sentence_index": 26, "sentence_text": "\u201cThe board is signaling to the market that we are not going to give anyone free reign like we did with Jeff Immelt,\u201d said Morningstar analyst Joshua Aguilar.", "sentence_label": "Distant_Expectations_Consequences"}, {"sentence_index": 27, "sentence_text": "The power division\u2019s outlook appeared to worsen last month when GE said several power plants equipped with its newest turbines had to be shut down because of a part failure.", "sentence_label": "Distant_Evaluation"}, {"sentence_index": 28, "sentence_text": "Changing CEOs \u201cwon\u2019t fix short-term problems at power, but Larry, as an outsider, will be able to make the difficult decisions on cost,\u201d said Scott Davis, an analyst at Melius Research in New York.", "sentence_label": "Distant_Expectations_Consequences"}, {"sentence_index": 29, "sentence_text": "\u201cGE is bloated and its culture is destroyed.\u201d", "sentence_label": "Distant_Evaluation"}, {"sentence_index": 30, "sentence_text": "Lawrence Culp, chairman and CEO of General Electric (GE) is pictured in this undated handout photo obtained by Reuters October 1, 2018.", "sentence_label": "NA"}, {"sentence_index": 31, "sentence_text": "PRNewsFoto/T.", "sentence_label": "NA"}, {"sentence_index": 32, "sentence_text": "Rowe Price Group, Inc./Handout via REUTERS", "sentence_label": "NA"}, {"sentence_index": 33, "sentence_text": "Davis said the stock price has probably already adjusted to expectations of no contribution from power.", "sentence_label": "Distant_Evaluation"}, {"sentence_index": 34, "sentence_text": "A slimmed down General Electric - a 126-year-old conglomerate that was once the most valuable U.S. corporation and a global symbol of American business power \u2014 will focus on jet engines, power plants and renewable energy.", "sentence_label": "Cause_General"}, {"sentence_index": 35, "sentence_text": "In June, GE lost its spot in the blue-chip Dow Jones Industrial Average .DJI after over a century.", "sentence_label": "Distant_Historical"}, {"sentence_index": 36, "sentence_text": "\u201cInvestors grew impatient with the lack of improvement and with the sheer scale of the problems uncovered.", "sentence_label": "Distant_Evaluation"}, {"sentence_index": 37, "sentence_text": "However, these problems were not created under [Flannery\u2019s] tenure,\u201d CFRA analyst Jim Corridore said in a note.", "sentence_label": "Distant_Evaluation"}, {"sentence_index": 38, "sentence_text": "\u201cThe market seems to be welcoming a change in leadership but the new CEO will be facing many of the same problems.\u201d", "sentence_label": "Distant_Expectations_Consequences"}, {"sentence_index": 39, "sentence_text": "GE said the power division\u2019s goodwill balance is about $23 billion and the impairment charge would eliminate most of it.", "sentence_label": "Distant_Expectations_Consequences"}, {"sentence_index": 40, "sentence_text": "The non-cash charge primarily relates to GE\u2019s acquisition of power assets from Alstom in 2015, GE said.", "sentence_label": "Distant_Evaluation"}, {"sentence_index": 41, "sentence_text": "GE\u2019s long stock slide means the once-largest U.S. industrial company is now only sixth in terms of market capitalization, behind Boeing Co (BA.N), 3M Co (MMM.N), Honeywell International Inc (HON.N), United Technologies Corp (UTX.N) and others.", "sentence_label": "Cause_General"}, {"sentence_index": 42, "sentence_text": "(For grapchic on GE stock performance, click reut.rs/2Isclc1)(For graphic on the largest U.S. industrial companies, click tmsnrt.rs/2IA3DJ7)", "sentence_label": "NA"}]}