{"file_name": "./NewsDiscourseData/json_annotations/train/Business/PReuters_51.json", "sentences": [{"sentence_index": "title", "sentence_text": "Cigna deal gets antitrust nod, positive sign for CVS/Aetna", "sentence_label": "title"}, {"sentence_index": 1, "sentence_text": "(Reuters) - Health insurer Cigna Corp\u2019s (CI.N) $52 billion acquisition of pharmacy benefits manager Express Scripts Holding Co has passed U.S. antitrust scrutiny, the companies said on Monday, allowing them to proceed with a combination they say will lead to lower costs by better coordinating pharmacy and medical benefits.", "sentence_label": "Main"}, {"sentence_index": 2, "sentence_text": "FILE PHOTO: David Cordani, president and CEO of CIGNA Corp., appears on CNBC at the New York Stock Exchange, (NYSE) in New York, U.S., March 8, 2018.", "sentence_label": "NA"}, {"sentence_index": 3, "sentence_text": "REUTERS/Brendan McDermid/File Photo", "sentence_label": "NA"}, {"sentence_index": 4, "sentence_text": "Wall Street analysts had expected antitrust approval as the companies have little overlap in their businesses.", "sentence_label": "Distant_Evaluation"}, {"sentence_index": 5, "sentence_text": "The decision bodes well for the pending U.S. antitrust review of CVS Health Corp\u2019s (CVS.N) proposed $69 billion acquisition of health insurer Aetna Inc AET.N.", "sentence_label": "Distant_Evaluation"}, {"sentence_index": 6, "sentence_text": "The new company will marry Cigna\u2019s business of managing health plans for corporations and the government with Express Scripts\u2019 (ESRX.O) role handling pharmacy benefits for those same customers.", "sentence_label": "Cause_General"}, {"sentence_index": 7, "sentence_text": "Express Scripts also owns specialty pharmacies that distribute pricey drugs.", "sentence_label": "Cause_General"}, {"sentence_index": 8, "sentence_text": "\u201cWe are pleased that the Department of Justice has cleared our transaction and that we are another step closer to completing our merger,\u201d Cigna Chief Executive David Cordani said in a statement.", "sentence_label": "Distant_Evaluation"}, {"sentence_index": 9, "sentence_text": "The Justice Department review of CVS\u2019s planned purchase of Aetna may conclude this month, but will take longer because of divestitures needed to resolve competitive concerns, a source familiar with the matter told Reuters.", "sentence_label": "Distant_Expectations_Consequences"}, {"sentence_index": 10, "sentence_text": "CVS spokeswoman Carolyn Castel said the company continues to expect to close its deal late in the third quarter or in the fourth quarter, a forecast it gave investors on Aug. 8 during a conference call.", "sentence_label": "Distant_Expectations_Consequences"}, {"sentence_index": 11, "sentence_text": "The Justice Department in 2016 successfully blocked a pair of large health insurance mergers it believed would limit competition in the industry.", "sentence_label": "Distant_Historical"}, {"sentence_index": 12, "sentence_text": "Those were Aetna\u2019s plan to acquire smaller U.S. health insurer Humana Inc (HUM.N) for $37 billion, and a planned $54 billion combination of insurers Anthem Inc (ANTM.N) and Cigna.", "sentence_label": "Distant_Historical"}, {"sentence_index": 13, "sentence_text": "Aetna and Cigna, however, were determined to seek growth through deals while responding to a changing healthcare landscape, eventually targeting mergers with the nation\u2019s largest pharmacy benefit managers (PBMs).", "sentence_label": "Distant_Evaluation"}, {"sentence_index": 14, "sentence_text": "\u201cWe believe these two transactions add more pressure on Humana to move further down the path of vertical integration,\u201d William Blair analyst John Kreger said.", "sentence_label": "Distant_Evaluation"}, {"sentence_index": 15, "sentence_text": "\u201cWe suspect other health plans will look to follow suit.\u201d", "sentence_label": "Distant_Expectations_Consequences"}, {"sentence_index": 16, "sentence_text": "FEELING THE PRESSURE", "sentence_label": "Distant_Evaluation"}, {"sentence_index": 17, "sentence_text": "Antitrust experts have described the current deals as vertical combinations that present fewer issues than the failed insurer mergers.", "sentence_label": "Distant_Evaluation"}, {"sentence_index": 18, "sentence_text": "That view was bolstered after the Justice Department lost its case to stop AT&T\u2019s (T.N) acquisition of media company Time Warner.", "sentence_label": "Distant_Evaluation"}, {"sentence_index": 19, "sentence_text": "The department is appealing the decision.", "sentence_label": "Cause_General"}, {"sentence_index": 20, "sentence_text": "\u201cEveryone is feeling the pressure right now ... to react to disruption in the healthcare industry,\u201d said Brad Haller, a director in West Monroe Partners\u2019 mergers & acquisitions practice.", "sentence_label": "Distant_Evaluation"}, {"sentence_index": 21, "sentence_text": "That disruption includes Amazon.com Inc\u2019s (AMZN.O) moves into healthcare.", "sentence_label": "Cause_General"}, {"sentence_index": 22, "sentence_text": "The world\u2019s largest online retailer purchased online pharmacy PillPack, which Wall Street analysts say can help it undercut traditional prescription drug sales.", "sentence_label": "Distant_Expectations_Consequences"}, {"sentence_index": 23, "sentence_text": "Amazon has also aligned itself with JPMorgan Chase & Co (JPM.N) and Warren Buffett\u2019s Berkshire Hathaway Inc (BRKa.N) to experiment with new business models for employee healthcare - one of Cigna\u2019s target markets.", "sentence_label": "Cause_General"}, {"sentence_index": 24, "sentence_text": "Cigna\u2019s purchase of Express Scripts comes as PBMs\u2019 role in prescription drug costs has come under scrutiny.", "sentence_label": "Cause_General"}, {"sentence_index": 25, "sentence_text": "The administration of U.S. President Donald Trump has said it is looking at how so-called industry middlemen and pharmacies such as Express Scripts and CVS impact drug costs for U.S. consumers.", "sentence_label": "Distant_Evaluation"}, {"sentence_index": 26, "sentence_text": "The administration is looking at implementing a rule that could change or eliminate the use of rebates from drugmakers to PBMs that critics say contribute to higher drug prices.", "sentence_label": "Distant_Expectations_Consequences"}, {"sentence_index": 27, "sentence_text": "Cigna and Express Scripts said they have already obtained clearances for the deal from departments of insurance in 16 states and are working with regulators in remaining jurisdictions to obtain clearance for the merger.", "sentence_label": "Cause_General"}, {"sentence_index": 28, "sentence_text": "\u201cStates could still conduct a public hearing ... though it is very unlikely that they do not align with the U.S. Department of Justice\u2019s decision,\u201d Leerink analyst Ana Gupte said.", "sentence_label": "Distant_Evaluation"}, {"sentence_index": 29, "sentence_text": "The companies continue to expect the deal to close by the end of the year, subject to the satisfaction of all closing conditions.", "sentence_label": "Distant_Expectations_Consequences"}, {"sentence_index": 30, "sentence_text": "Cigna shares closed up 1.4 percent at $197.84, while Express Scripts shares closed up 3.7 percent at $95.23.", "sentence_label": "Cause_General"}, {"sentence_index": 31, "sentence_text": "CVS and Aetna shares also rose, closing up 1.5 percent and 1 percent, respectively.", "sentence_label": "Cause_General"}]}