{"file_name": "./NewsDiscourseData/json_annotations/train/Business/PReuters_86.json", "sentences": [{"sentence_index": "title", "sentence_text": "Dollar slide continues on Trump political woes, cautious Fed minutes", "sentence_label": "title"}, {"sentence_index": 1, "sentence_text": "NEW YORK (Reuters) - The U.S. dollar continued its slide on Wednesday as political pressure on President Donald Trump increased, and dipped briefly near session lows after the release of Federal Reserve meeting minutes which included cautious comments on trade.", "sentence_label": "Main"}, {"sentence_index": 2, "sentence_text": "Bank notes of different currencies, including Euro, U.S. Dollar, Turkish Lira or Brazilian Reais, are photographed in Frankfurt, Germany, in this illustration picture taken May 7, 2017.", "sentence_label": "NA"}, {"sentence_index": 3, "sentence_text": "REUTERS/Kai Pfaffenbach/Illustration", "sentence_label": "NA"}, {"sentence_index": 4, "sentence_text": "Trump suffered twin setbacks on Tuesday with two former advisers facing possible prison sentences - and one of them saying Trump told him to commit a crime - possibly hurting his Republican Party\u2019s November midterm election prospects and widening a criminal investigation that has overshadowed his presidency.", "sentence_label": "Cause_General"}, {"sentence_index": 5, "sentence_text": "This dampened investor appetite for riskier investments across asset classes.", "sentence_label": "Distant_Evaluation"}, {"sentence_index": 6, "sentence_text": "Some analysts said renewed U.S. political uncertainty could keep the dollar under pressure, although the immediate currency impact was modest.", "sentence_label": "Distant_Expectations_Consequences"}, {"sentence_index": 7, "sentence_text": "The dollar index, which fell sharply this week after Trump criticized the U.S. Federal Reserve\u2019s interest-rate increases, was down 0.3 percent to a daily low of 94.93.", "sentence_label": "Cause_Specific"}, {"sentence_index": 8, "sentence_text": "\u201cPolitical pressure on Trump is increasing ... reducing the likelihood that he will have the political capital to continue driving fiscal stimulus in the U.S. economy.", "sentence_label": "Distant_Evaluation"}, {"sentence_index": 9, "sentence_text": "This suggests to many market participants that the era of U.S. outperformance is likely to end,\u201d said Karl Schamotta, director of FX strategy and structured products at Cambridge Global Payments in Toronto.", "sentence_label": "Distant_Expectations_Consequences"}, {"sentence_index": 10, "sentence_text": "The dollar also dipped briefly, before recovering, on the release of minutes from the Fed\u2019s last meeting.", "sentence_label": "Cause_General"}, {"sentence_index": 11, "sentence_text": "U.S. central bankers discussed raising interest rates soon to counter excessive economic strength but also examined how global trade disputes could batter businesses and households.", "sentence_label": "Distant_Evaluation"}, {"sentence_index": 12, "sentence_text": "\u201cThe FX market did react negatively, with the dollar falling, to cautious comments on trade and emerging markets, as the Fed flagged the downside risks.", "sentence_label": "Distant_Evaluation"}, {"sentence_index": 13, "sentence_text": "Perhaps the market is extrapolating that it could mean a pause in tightening,\u201d said Shaun Osborne, chief FX strategist at Scotiabank in Toronto.", "sentence_label": "Distant_Evaluation"}, {"sentence_index": 14, "sentence_text": "But the dollar has been on the defensive recently, said Osborne, and the market is taking any excuse to add to shorts.", "sentence_label": "Distant_Evaluation"}, {"sentence_index": 15, "sentence_text": "Easing fears about a currency crisis in Turkey and the Italian budget, as well as short-covering, sent the euro up for the sixth consecutive day.", "sentence_label": "Cause_General"}, {"sentence_index": 16, "sentence_text": "The euro gained 0.5 percent to a session high of $1.162.", "sentence_label": "Cause_General"}, {"sentence_index": 17, "sentence_text": "That marked a nearly three-cent rebound for the single currency from 14-month lows hit last week on fears of contagion from the Turkish currency crisis and renewed worries about Italian political turbulence.", "sentence_label": "Distant_Evaluation"}, {"sentence_index": 18, "sentence_text": "The U.S.-China trade talks were set to begin later on Wednesday in Washington.", "sentence_label": "Distant_Evaluation"}, {"sentence_index": 19, "sentence_text": "Expectations were generally low given they do not involve high-level officials.", "sentence_label": "Distant_Evaluation"}, {"sentence_index": 20, "sentence_text": "The dollar strengthened mostly against the Japanese yen to 110.53 yen.", "sentence_label": "Cause_General"}, {"sentence_index": 21, "sentence_text": "It had weakened to 109.76 overnight, its lowest since late June.", "sentence_label": "Cause_Specific"}]}