{"file_name": "./NewsDiscourseData/json_annotations/train/Business/PReuters_96.json", "sentences": [{"sentence_index": "title", "sentence_text": "Political backlash over Argentina IMF deal contained, for now", "sentence_label": "title"}, {"sentence_index": 1, "sentence_text": "BUENOS AIRES (Reuters) - Opposition politicians and many ordinary Argentines have been quick to criticize President Mauricio Macri\u2019s decision to seek a lifeline from the International Monetary Fund but the gamble could pay off if he is able to avoid onerous terms.", "sentence_label": "Distant_Evaluation"}, {"sentence_index": 2, "sentence_text": "Demonstrators march during a protest against the economic measures taken by Argentine President Mauricio Macri's government in Buenos Aires' financial district, Argentina May 9, 2018.", "sentence_label": "NA"}, {"sentence_index": 3, "sentence_text": "REUTERS/Marcos Brindicci", "sentence_label": "NA"}, {"sentence_index": 4, "sentence_text": "Macri and IMF Managing Director Christine Lagarde announced on Tuesday they were opening talks for a financing deal after Argentina\u2019s peso currency touched a new low of 23.5 to the dollar, despite tighter fiscal measures and hiking interest rates up to 40 percent in Latin America\u2019s third-largest economy.", "sentence_label": "Cause_Specific"}, {"sentence_index": 5, "sentence_text": "On Wednesday, the Treasury Ministry announced it would seek a stand-by deal\u2019 from the IMF, a type of financing that would likely require more conditions and orthodox policy reforms than a Flexible Credit Line (FCL), such as the more stable economies of Mexico and Colombia have.", "sentence_label": "Distant_Evaluation"}, {"sentence_index": 6, "sentence_text": "For many, the announcement brought back memories of a 2001-2002 financial crisis that many blamed on IMF policy prescriptions adopted by the government.", "sentence_label": "Distant_Evaluation"}, {"sentence_index": 7, "sentence_text": "The crisis was punctuated by a debt default and currency devaluation that tossed millions of middle-class Argentines into poverty.", "sentence_label": "Distant_Historical"}, {"sentence_index": 8, "sentence_text": "Opposition politicians, particularly those allied with leftist former President Cristina Fernandez, were quick to denounce the deal, placing \u201cIMF OUT!\u201d signs on their desks in Congress.", "sentence_label": "Distant_Evaluation"}, {"sentence_index": 9, "sentence_text": "\u201cEvery time Argentina turns to the International Monetary Fund it has been followed by very bad news for Argentina,\u201d Agustin Rossi, head of Fernandez\u2019s party in the lower house, said on Wednesday.", "sentence_label": "Distant_Evaluation"}, {"sentence_index": 10, "sentence_text": "In a sign Macri\u2019s government was pressing ahead with its agenda despite the crisis, the Congress passed a long-awaited capital markets reform law quicker than expected on Wednesday.", "sentence_label": "Main"}, {"sentence_index": 11, "sentence_text": "But the lower house of Congress was also expected to pass an opposition bid to limit price increases by utilities, following a reduction in government subsidies to help reduce the budget deficit.", "sentence_label": "Distant_Expectations_Consequences"}, {"sentence_index": 12, "sentence_text": "The government has said it would veto the bill, which has contributed to market jitters, if it passes both houses.", "sentence_label": "Distant_Expectations_Consequences"}, {"sentence_index": 13, "sentence_text": "The Merval stock index closed up 6.5 percent after the capital markets bill passed.", "sentence_label": "Main_Consequence"}, {"sentence_index": 14, "sentence_text": "It had lost 12 percent in the previous five trading sessions.", "sentence_label": "Cause_General"}, {"sentence_index": 15, "sentence_text": "\u201cIf, by resorting to the IMF, the government manages to stabilize the situation, then the political cost of having this unexpected guest back again may be short-lived,\u201d said Ignacio Labaqui, who analyses Argentina for risk consultancy Medley Global Advisors.", "sentence_label": "Distant_Expectations_Consequences"}, {"sentence_index": 16, "sentence_text": "RE-ELECTION BID", "sentence_label": "Distant_Expectations_Consequences"}, {"sentence_index": 17, "sentence_text": "If the IMF lifeline continues to calm markets and does not dramatically change Macri\u2019s agenda, his gamble on seeking assistance could bear dividends.", "sentence_label": "Distant_Expectations_Consequences"}, {"sentence_index": 18, "sentence_text": "He will have re-established ties to the Fund in time for the political fallout to settle before his expected 2019 re-election campaign.", "sentence_label": "Distant_Expectations_Consequences"}, {"sentence_index": 19, "sentence_text": "But if it fails to restore confidence or requires draconian austerity measures, Macri\u2019s appeal to the IMF could jeopardize his ability to win a second term.", "sentence_label": "Distant_Expectations_Consequences"}, {"sentence_index": 20, "sentence_text": "\u201cThe government is aware of the costs.", "sentence_label": "Distant_Evaluation"}, {"sentence_index": 21, "sentence_text": "It is a step they would have preferred not to take.", "sentence_label": "Distant_Evaluation"}, {"sentence_index": 22, "sentence_text": "They are running the risk of deepening the decline in popularity,\u201d said Juan Cruz Diaz, managing director of Cefeidas Group, a political risk consultancy in Buenos Aires.", "sentence_label": "Distant_Evaluation"}, {"sentence_index": 23, "sentence_text": "\u201cBut this is the moment to make these difficult decisions.\u201d", "sentence_label": "Distant_Evaluation"}, {"sentence_index": 24, "sentence_text": "Macri was driven back to the IMF by a perfect storm including a free-falling peso and an economy hobbled by one of the world\u2019s highest inflation rates, running at around 25 percent.", "sentence_label": "Cause_Specific"}, {"sentence_index": 25, "sentence_text": "The peso closed 0.53 percent weaker on Wednesday following several days of turmoil that prompted the central bank to increase interest rates on Friday and the government to cut its fiscal deficit target to 2.7 percent of gross domestic product.", "sentence_label": "Cause_General"}, {"sentence_index": 26, "sentence_text": "Market nerves were strained by a new tax the government slapped on foreign investors last month.", "sentence_label": "Cause_General"}, {"sentence_index": 27, "sentence_text": "Investors had already been shying away from emerging markets generally, ahead of expected further tightening by the U.S. Federal Reserve, which hit currencies across Latin America.", "sentence_label": "Cause_General"}, {"sentence_index": 28, "sentence_text": "On the streets of Buenos Aires, many Argentines were apprehensive the IMF could once again impose a straitjacket on their country, after the spectacular failure of its policies 17 years earlier.", "sentence_label": "Distant_Expectations_Consequences"}, {"sentence_index": 29, "sentence_text": "A screen displays a chart as traders work on the floor of Buenos Aires Stock Exchange, Argentina May 9, 2018.", "sentence_label": "NA"}, {"sentence_index": 30, "sentence_text": "REUTERS/Marcos Brindicci", "sentence_label": "NA"}, {"sentence_index": 31, "sentence_text": "According to a survey taken by polling firm D\u2019Alessio IROL/Berensztein last weekend, 75 percent of respondents said they would not support a government request for assistance from the IMF.", "sentence_label": "Cause_General"}, {"sentence_index": 32, "sentence_text": "That included 58 percent of those who voted for Macri\u2019s \u2018Let\u2019s Change\u2019 coalition in the 2015 elections.", "sentence_label": "Cause_General"}, {"sentence_index": 33, "sentence_text": "Thousands of union members and supporters of Fernandez and other opposition parties rallied outside Congress on Wednesday evening in protest of Macri\u2019s business-friendly policy reforms, and the IMF\u2019s re-involvement in Argentina.", "sentence_label": "Cause_General"}, {"sentence_index": 34, "sentence_text": "\u201cI feel my salary is devalued more and more.", "sentence_label": "Distant_Anecdotal"}, {"sentence_index": 35, "sentence_text": "On the macro level, these measures seem to me like holding down a person who is already drowning,\u201d said Juan Manuel Gavilan, a state employee.", "sentence_label": "Distant_Anecdotal"}]}