{"file_name": "./NewsDiscourseData/json_annotations/train/Business/PReuters_90.json", "sentences": [{"sentence_index": "title", "sentence_text": "Breakingviews - Italy\u2019s politics is new obstacle to UniCredit deal", "sentence_label": "title"}, {"sentence_index": 1, "sentence_text": "Italy's largest bank UniCredit is pictured in downtown Milan September 12, 2013.", "sentence_label": "NA"}, {"sentence_index": 2, "sentence_text": "REUTERS/Stefano Rellandini ( ITALY - Tags: BUSINESS) - GM1E99C1OND01", "sentence_label": "NA"}, {"sentence_index": 3, "sentence_text": "LONDON (Reuters Breakingviews) - Jean Pierre Mustier can\u2019t be faulted for his ambition.", "sentence_label": "Distant_Evaluation"}, {"sentence_index": 4, "sentence_text": "In the middle of a demanding turnaround of UniCredit, the Frenchman has once again raised the idea of merging Italy\u2019s biggest bank by assets with his former employer Soci\u00e9t\u00e9 G\u00e9n\u00e9rale, according to the Financial Times.", "sentence_label": "Cause_Specific"}, {"sentence_index": 5, "sentence_text": "The much-mooted combination would create a behemoth stretching from France to Russia.", "sentence_label": "Distant_Expectations_Consequences"}, {"sentence_index": 6, "sentence_text": "But Italy\u2019s radical new government presents a fresh obstacle.", "sentence_label": "Main"}, {"sentence_index": 7, "sentence_text": "There are good reasons why the idea of uniting the two lenders has been kicked around for a decade and a half \u2013 and why it has not happened.", "sentence_label": "Distant_Evaluation"}, {"sentence_index": 8, "sentence_text": "The combined bank would derive over two-fifths of its revenue from France, Italy and Germany, and another 16 percent from eastern Europe, according to analysts at KBW.", "sentence_label": "Distant_Expectations_Consequences"}, {"sentence_index": 9, "sentence_text": "Its bigger investment banking unit would be better able to compete with American rivals.", "sentence_label": "Distant_Expectations_Consequences"}, {"sentence_index": 10, "sentence_text": "Jefferies analysts reckon the two could cut costs by around 1.6 billion euros a year before tax, equal to 18 percent of their combined 2017 pre-tax profit.", "sentence_label": "Distant_Expectations_Consequences"}, {"sentence_index": 11, "sentence_text": "The merger would also fulfil the European Central Bank\u2019s aspirations for bigger, more diversified European banks.", "sentence_label": "Distant_Expectations_Consequences"}, {"sentence_index": 12, "sentence_text": "Though past talks have foundered on clashing executive egos, there is some overlap between the two lenders\u2019 respective management teams.", "sentence_label": "Cause_General"}, {"sentence_index": 13, "sentence_text": "Mustier once ran SocGen\u2019s investment banking arm.", "sentence_label": "Distant_Historical"}, {"sentence_index": 14, "sentence_text": "The 30 billion euro French group\u2019s Chairman, Lorenzo Bini Smaghi, is a respected Italian economist and former ECB board member.", "sentence_label": "Cause_General"}, {"sentence_index": 15, "sentence_text": "Yet the usual barriers to cross-border European consolidation still apply.", "sentence_label": "Cause_General"}, {"sentence_index": 16, "sentence_text": "The larger bank would face extra capital requirements and struggle to mesh disparate computer systems.", "sentence_label": "Distant_Expectations_Consequences"}, {"sentence_index": 17, "sentence_text": "A merger would also do little to lower national barriers that require UniCredit\u2019s German unit to maintain an unusually high capital buffer, more than a decade after the Italian group took control.", "sentence_label": "Distant_Expectations_Consequences"}, {"sentence_index": 18, "sentence_text": "The new stumbling block, however, is Italy\u2019s politics.", "sentence_label": "Main"}, {"sentence_index": 19, "sentence_text": "The 32 billion UniCredit holds 51 billion euros of Italian government bonds, making it vulnerable to doubts about the new government\u2019s commitment to the single currency.", "sentence_label": "Cause_General"}, {"sentence_index": 20, "sentence_text": "The administration\u2019s policies would also make Italy\u2019s labour market less flexible, and could make it harder for lenders to seize collateral backing bad loans.", "sentence_label": "Distant_Expectations_Consequences"}, {"sentence_index": 21, "sentence_text": "Despite a recent bounce, UniCredit shares are down 17 percent over the past two weeks.", "sentence_label": "Cause_General"}, {"sentence_index": 22, "sentence_text": "Shifting UniCredit\u2019s head office to Paris might help to insulate the bank\u2019s non-Italian operations from political turmoil in Rome.", "sentence_label": "Distant_Expectations_Consequences"}, {"sentence_index": 23, "sentence_text": "But unless Italy\u2019s euro zone tantrums diminish, the SocGen merger dream looks likely to remain just that.", "sentence_label": "Distant_Expectations_Consequences"}]}