{"file_name": "./NewsDiscourseData/json_annotations/train/Business/PReuters_91.json", "sentences": [{"sentence_index": "title", "sentence_text": "European shares fall as trade worries and German politics bite", "sentence_label": "title"}, {"sentence_index": 1, "sentence_text": "LONDON (Reuters) - European shares fell on Monday as worries about U.S. trade policies and concerns about German Chancellor Angela Merkel\u2019s coalition government weighed on sentiment.", "sentence_label": "Main"}, {"sentence_index": 2, "sentence_text": "FILE PHOTO: The London Stock Exchange Group offices are seen in the City of London, Britain, December 29, 2017.", "sentence_label": "NA"}, {"sentence_index": 3, "sentence_text": "REUTERS/Toby Melville/File Photo", "sentence_label": "NA"}, {"sentence_index": 4, "sentence_text": "Economic data also failed to reassure investors with euro zone factory growth slowing to an 18-month low in June amid widespread concerns about new trade barriers.", "sentence_label": "Cause_General"}, {"sentence_index": 5, "sentence_text": "The pan-European STOXX 600 ended the session down 0.8 percent with losses across the continent and sectors.", "sentence_label": "Main"}, {"sentence_index": 6, "sentence_text": "\u201cAs has become the pattern of late, the markets sank on Monday morning following the latest weekend tariff talk from (U.S. President) Donald Trump, presumably to leave investors scrabbling about for any signs of trade war-avoidance across the rest of the week,\u201d commented Spreadex analyst Connor Campbell.", "sentence_label": "Distant_Evaluation"}, {"sentence_index": 7, "sentence_text": "The European Union has warned the United States that imposing import tariffs on cars and car parts would harm its own automotive industry and likely lead to counter-measures.", "sentence_label": "Cause_General"}, {"sentence_index": 8, "sentence_text": "Germany's trade-sensitive DAX .GDAXI was down 0.6 percent.", "sentence_label": "Main"}, {"sentence_index": 9, "sentence_text": "Merkel is to make a last-ditch effort to end a migration row with her conservative CSU allies by holding talks with her interior minister, whose offer to resign cast doubt over whether her fragile government can survive.", "sentence_label": "Distant_Expectations_Consequences"}, {"sentence_index": 10, "sentence_text": "\u201cThe risk that the CSU may walk out of the government in Berlin, turning Merkel into the leader of a minority government, remains serious,\u201d said Holger Schmieding from Berenberg.", "sentence_label": "Distant_Evaluation"}, {"sentence_index": 11, "sentence_text": "In Frankfurt, shares in consumer electronics retailer Ceconomy (CECG.DE) were up 8.6 percent after news that telecoms company Freenet (FNTGn.DE), down 2.7 percent, would acquire a 9 percent stake.", "sentence_label": "Cause_General"}, {"sentence_index": 12, "sentence_text": "In Paris, Airbus (AIR.PA) shares fell 2.5 percent after Bloomberg News reported the European planemaker would miss its delivery target for Pratt & Whitney-powered (UTX.N) A320neo narrow-body jets this year.", "sentence_label": "Main"}, {"sentence_index": 13, "sentence_text": "French supermarket retailer Carrefour (CARR.PA) and British peer Tesco (TSCO.L) lost 0.9 percent and 0.2 percent respectively after they announced plans to form a global long-term purchasing alliance, as they seek to cut costs.", "sentence_label": "Main"}, {"sentence_index": 14, "sentence_text": "\u201cAn entente cordiale between the two giants of British and French retailing is yet another sign that squeezing the cost base is the biggest priority for supermarkets as they seek to contain the discounters and protect margins\u201d, said Neil Wilson chief market analyst at Markets.com.", "sentence_label": "Distant_Evaluation"}, {"sentence_index": 15, "sentence_text": "In London, the FTSE 100 was down 1.2 percent as tensions over Brexit continue within Prime Minister Theresa May\u2019s cabinet and a new poll showed a record 75 percent of major British companies were now pessimistic about leaving the EU.", "sentence_label": "Main"}, {"sentence_index": 16, "sentence_text": "British gambling technology company Playtech (PTEC.L) posted the worst performance, losing over 26 percent after it disappointed investors with a trading update.", "sentence_label": "Main"}, {"sentence_index": 17, "sentence_text": "Among rare winners, British software company Micro Focus International (MCRO.L) was up 1.5 percent after it said it had agreed to sell its Linux operating system SUSE business to a private equity fund advised by Sweden\u2019s EQT Partners for $2.535 billion.", "sentence_label": "Cause_General"}, {"sentence_index": 18, "sentence_text": "Milan's FTSE MIB .FTMIB was down 0.9 percent with Italian pharmaceutical group Recordati (RECI.MI) falling 12.5 percent after a consortium of investment funds controlled by CVC Capital Partners has agreed to buy a stake at a discount.", "sentence_label": "Main"}]}