{"file_name": "./NewsDiscourseData/json_annotations/train/Business/PReuters_75.json", "sentences": [{"sentence_index": "title", "sentence_text": "UAE's Stanford Marine creditors in talks about sale of business -sources", "sentence_label": "title"}, {"sentence_index": 1, "sentence_text": "DUBAI/ABU DHABI, Aug 6 (Reuters) - Creditors of Stanford Marine Group (SMG), which has links to troubled private equity firm Abraaj, are in talks with three potential buyers, sources familiar with the matter say.", "sentence_label": "Main"}, {"sentence_index": 2, "sentence_text": "Banks are overseeing control of Dubai-based SMG after it failed to meet the terms of its debt obligations due to financial stress linked to a steep fall in chartering rates, the sources said.", "sentence_label": "Cause_Specific"}, {"sentence_index": 3, "sentence_text": "SMG, which operates offshore supply vessels that service the oil and gas industry, is 51 percent owned by a fund managed by Abraaj.", "sentence_label": "Cause_General"}, {"sentence_index": 4, "sentence_text": "Dubai-based Abraaj filed for provisional liquidation in June after a row with investors over the use of their money in a $1 billion healthcare fund.", "sentence_label": "Cause_Specific"}, {"sentence_index": 5, "sentence_text": "Abraaj denies any wrongdoing.", "sentence_label": "Distant_Evaluation"}, {"sentence_index": 6, "sentence_text": "With Abraaj\u2019s future uncertain, SMG\u2019s creditors are likely to remain in the driving seat for the time being, the sources said.", "sentence_label": "Distant_Expectations_Consequences"}, {"sentence_index": 7, "sentence_text": "A source close to Abu Dhabi-based Waha Capital, which owns the remaining 49 percent share in SMG, said Waha was \u201cmaintaining a dialogue with the banks.\u201d", "sentence_label": "Distant_Evaluation"}, {"sentence_index": 8, "sentence_text": "\u201cSMG, like many other companies in the industry, is in discussion with its financiers with respect to its existing financing facilities,\u201d SMG said in a statement to Reuters.", "sentence_label": "Distant_Evaluation"}, {"sentence_index": 9, "sentence_text": "\u201cSMG\u2019s financiers and shareholders continue to be supportive of the business and its management and look forward to continued future success.\u201d", "sentence_label": "Distant_Expectations_Consequences"}, {"sentence_index": 10, "sentence_text": "Abraaj\u2019s joint provisional liquidators did not respond to a request for comment.", "sentence_label": "Cause_General"}, {"sentence_index": 11, "sentence_text": "Waha also did not reply to a request for comment.", "sentence_label": "Cause_General"}, {"sentence_index": 12, "sentence_text": "With SMG in negative equity, any sale of the company would leave banks with a haircut of at least 40 percent, two of the sources said.", "sentence_label": "Distant_Expectations_Consequences"}, {"sentence_index": 13, "sentence_text": "Reuters was unable to verify the names of the potential buyers.", "sentence_label": "Cause_General"}, {"sentence_index": 14, "sentence_text": "One of the sources said London-based funds were among the interested buyers, while another source said they included private equity firms and \u201cstrategic\u201d investors.", "sentence_label": "Cause_General"}, {"sentence_index": 15, "sentence_text": "From 2013 Abraaj was considering listing SMG on the stock market or selling it but the firm\u2019s fortunes changed with the collapse in oil prices in 2015, which led to a dramatic fall in chartering rates and a drying up of projects.", "sentence_label": "Distant_Historical"}, {"sentence_index": 16, "sentence_text": "SMG\u2019s statement said it had demonstrated \u201cresilient performance in the face of continued global downturn in the offshore marine industry with healthy demand for its fleet, leading to robust utilisation rates.\u201d", "sentence_label": "Distant_Evaluation"}, {"sentence_index": 17, "sentence_text": "The firm\u2019s debt problems stem from a $325 million Islamic loan restructuring signed in June 2015 and provided by a group of banks including Noor Bank, Barwa Bank, Ajman Bank, United Arab Bank, Qatar Islamic Bank, and First Gulf Bank - now part of First Abu Dhabi Bank.", "sentence_label": "Distant_Historical"}, {"sentence_index": 18, "sentence_text": "United States-based Fulcrum Capital, which has an office in Dubai, was among the companies that had looked at buying part of SMG\u2019s bank debt, said two sources.", "sentence_label": "Cause_General"}, {"sentence_index": 19, "sentence_text": "Fulcrum didn\u2019t respond to a request for comment.", "sentence_label": "Cause_General"}, {"sentence_index": 20, "sentence_text": "(Editing by Susan Fenton)", "sentence_label": "NA"}]}