{"file_name": "./NewsDiscourseData/json_annotations/train/Business/PReuters_84.json", "sentences": [{"sentence_index": "title", "sentence_text": "European shares steady as trade talks, U.S. politics fuel uncertainty", "sentence_label": "title"}, {"sentence_index": 1, "sentence_text": "LONDON (Reuters) - European stock markets ended broadly flat on Wednesday in a session of choppy trading amidst trade talks between the U.S. and China and uncertainty over U.S. President Donald Trump\u2019s legal woes.", "sentence_label": "Main"}, {"sentence_index": 2, "sentence_text": "Traders work at Frankfurt's stock exchange in Frankfurt, Germany, February 6, 2018.", "sentence_label": "NA"}, {"sentence_index": 3, "sentence_text": "REUTERS/Ralph Orlowski", "sentence_label": "NA"}, {"sentence_index": 4, "sentence_text": "The pan-European STOXX 600 was flat in percentage terms at its close as investors waited to see whether the United States and China could make progress towards resolving their trade conflict.", "sentence_label": "Main"}, {"sentence_index": 5, "sentence_text": "Political developments in the United States have had limited effects, at least so far.", "sentence_label": "Distant_Evaluation"}, {"sentence_index": 6, "sentence_text": "U.S. President Donald Trump\u2019s former lawyer, Michael Cohen, pleaded guilty to campaign finance violations on Tuesday and former campaign manager, Paul Manafort, was found guilty on charges of tax and bank fraud.", "sentence_label": "Cause_General"}, {"sentence_index": 7, "sentence_text": "\u201cStock markets are mixed as trade talks still dominate the headlines,\u201d David Madden, market analyst at CMC Markets UK, said in a note.", "sentence_label": "Distant_Evaluation"}, {"sentence_index": 8, "sentence_text": "While a rise in the oil price boosted oil stocks .SXEP and miners .SXPP also powered ahead, autos .SXAP were notable underperformers.", "sentence_label": "Main"}, {"sentence_index": 9, "sentence_text": "The sector dropped more than 3 percent and was on track for its biggest daily fall since the Brexit vote in June 2016 after automotive supplier Continental AG (CONG.DE) dropped more than 14 percent on the back of a profit warning.", "sentence_label": "Distant_Evaluation"}, {"sentence_index": 10, "sentence_text": "Continental cut its 2018 sales and margin guidance, citing lower revenues, higher costs for developing hybrid and electric car technologies, and unspecified warranty claims.", "sentence_label": "Cause_General"}, {"sentence_index": 11, "sentence_text": "\u201cWhile most profit warnings are by definition a surprise, this one is all the more concerning as most of these headwinds were flagged and should have been evident when the company reported H2 results on 2 August; higher warranty costs being an exception,\u201d analysts at Jefferies said in a note.", "sentence_label": "Distant_Evaluation"}, {"sentence_index": 12, "sentence_text": "Elsewhere, shares in Belgian biopharma Argenx (ARGX.BR) rose 4.7 percent after Abbvie (ABBV.N) exercised an option to develop and commercialize a drug.", "sentence_label": "Main"}, {"sentence_index": 13, "sentence_text": "Among smaller companies, Adyen (ADYEN.AS), the Dutch company which processes payments for Netflix and Facebook, reported H1 profit up 75 percent and jumped 4.3 percent.", "sentence_label": "Main"}, {"sentence_index": 14, "sentence_text": "Though Atlantia (ATL.MI) rose earlier in the session, shares in the Italian infrastructure group declined steadily throughout the day and ended nearly 4 percent lower.", "sentence_label": "Main"}, {"sentence_index": 15, "sentence_text": "The group said it had started looking at the impact on its shares and bonds of government plans to strip it of its motorway concessions after the Genoa bridge collapse.", "sentence_label": "Distant_Evaluation"}, {"sentence_index": 16, "sentence_text": "Linde (LING.DE) dipped 0.6 percent after warning that divestments needed to secure approval for its planned tie-up with Praxair had a size that would allow either party to abandon the deal.", "sentence_label": "Main"}, {"sentence_index": 17, "sentence_text": "The industrial gases supplier nevertheless added that it was in constructive talks to salvage the $83 billion merger.", "sentence_label": "Distant_Evaluation"}]}