{"file_name": "./NewsDiscourseData/json_annotations/train/Business/PReuters_71.json", "sentences": [{"sentence_index": "title", "sentence_text": "Debenhams considers radical restructuring, shares slump", "sentence_label": "title"}, {"sentence_index": 1, "sentence_text": "LONDON (Reuters) - Struggling British department store chain Debenhams is reviewing its options, including a possible legal procedure that could see it close more stores, it said on Monday.", "sentence_label": "Main"}, {"sentence_index": 2, "sentence_text": "FILE PHOTO: Debenham's signs are seen in central London, Britain June 27, 2017.", "sentence_label": "NA"}, {"sentence_index": 3, "sentence_text": "REUTERS/Toby Melville/File Photo", "sentence_label": "NA"}, {"sentence_index": 4, "sentence_text": "Shares in the retailer, which has issued three profit warnings this year, plunged to a new low after it widened the remit of adviser KPMG to include \u201clonger-term options\u201d such as a possible Company Voluntary Arrangement (CVA).", "sentence_label": "Cause_General"}, {"sentence_index": 5, "sentence_text": "CVAs allow retailers to avoid insolvency or administration by offloading unwanted stores and securing reduced rents on others.", "sentence_label": "Cause_General"}, {"sentence_index": 6, "sentence_text": "They have been adopted by British groups including fashion chain New Look, floor coverings retailer Carpetright, mother-and-baby goods company Mothercare and most recently home improvements chain Homebase.", "sentence_label": "Cause_General"}, {"sentence_index": 7, "sentence_text": "Debenhams shares plunged as much as 19.5 percent to a new low of 10.34 pence on the news, despite the company saying it would meet profit and debt forecasts for its 2017-18 fiscal year", "sentence_label": "Cause_General"}, {"sentence_index": 8, "sentence_text": "\u201cThe board continues to work with its advisers on longer term options, which include strengthening our balance sheet and reviewing non-core assets,\u201d said Chairman Ian Cheshire.", "sentence_label": "Distant_Evaluation"}, {"sentence_index": 9, "sentence_text": "\u201cThis activity is in order to maximise value for shareholders and protect other stakeholders, including our employees.\u201d", "sentence_label": "Distant_Expectations_Consequences"}, {"sentence_index": 10, "sentence_text": "Debenhams, which employs around 27,000 people globally, said in June it might sell non-core assets, including its Danish business, to bolster its finances and in July denied it was facing a cash crisis over supplier insurance.", "sentence_label": "Cause_General"}, {"sentence_index": 11, "sentence_text": "The group is in the second year of a turnaround plan under Chief Executive Sergio Bucher, a former Amazon executive, focused on closing up to 10 stores, downsizing 30 others and renegotiating leases and rents on 25 stores up for renewal over the next five years.", "sentence_label": "Main"}, {"sentence_index": 12, "sentence_text": "It is also trying to cut promotions and improve its online service.", "sentence_label": "Main"}, {"sentence_index": 13, "sentence_text": "However, progress has been hampered by a squeeze on UK consumers\u2019 budgets, a shift in spending away from fashion towards holidays and entertainment, and intense online competition.", "sentence_label": "Cause_Specific"}, {"sentence_index": 14, "sentence_text": "Those trends have particularly damaged the department store sector.", "sentence_label": "Distant_Evaluation"}, {"sentence_index": 15, "sentence_text": "BHS went bust in 2016, House of Fraser was bought out of administration last month by Mike Ashley\u2019s Sports Direct and even market leader John Lewis has warned on profit.", "sentence_label": "Cause_General"}, {"sentence_index": 16, "sentence_text": "\u2018CHALLENGING MARKET\u2019", "sentence_label": "Distant_Evaluation"}, {"sentence_index": 17, "sentence_text": "\u201cThe market environment remains challenging and underlying trends deteriorated through the summer months,\u201d said Bucher.", "sentence_label": "Distant_Evaluation"}, {"sentence_index": 18, "sentence_text": "\u201cNevertheless the product and format improvements we have tested are gaining traction and we are ready to scale up some of our strategic activity ahead of peak (selling season).\u201d", "sentence_label": "Distant_Evaluation"}, {"sentence_index": 19, "sentence_text": "Debenhams said it expected to report a 2017-18 pre-exceptional pretax profit of around 33 million pounds, within the current market range of 31-36.5 million pounds, and year-end net debt of about 320 million pounds, in line with guidance and retaining significant headroom on the firm\u2019s medium term facilities of 520 million pounds.", "sentence_label": "Distant_Expectations_Consequences"}, {"sentence_index": 20, "sentence_text": "It said the early weeks of the new season had shown \u201cmore positive trends.\u201d", "sentence_label": "Distant_Evaluation"}, {"sentence_index": 21, "sentence_text": "The stock was down 1.7 pence at 10.9 pence at 1345 GMT, valuing the business at about 135 million pounds.", "sentence_label": "Cause_General"}]}