{"file_name": "./NewsDiscourseData/json_annotations/train/Business/PReuters_70.json", "sentences": [{"sentence_index": "title", "sentence_text": "Papa John's asks potential acquirers to submit offers: sources", "sentence_label": "title"}, {"sentence_index": 1, "sentence_text": "(Reuters) - Papa John\u2019s International Inc (PZZA.O), the world\u2019s third-largest pizza delivery company, has reached out to potential acquirers to ask them to submit offers, people familiar with the matter said on Wednesday.", "sentence_label": "Main"}, {"sentence_index": 2, "sentence_text": "FILE PHOTO - The Papa John's store in Westminster, Colorado, U.S. August 1, 2017.", "sentence_label": "NA"}, {"sentence_index": 3, "sentence_text": "REUTERS/Rick Wilking", "sentence_label": "NA"}, {"sentence_index": 4, "sentence_text": "Papa John\u2019s has come under pressure by founder John Schnatter, who owns about 30 percent of the company.", "sentence_label": "Cause_General"}, {"sentence_index": 5, "sentence_text": "He resigned as chairman in July following reports that he had used a racial slur on a media training conference call.", "sentence_label": "Cause_Specific"}, {"sentence_index": 6, "sentence_text": "Since then, Schnatter has been seeking ways to regain control.", "sentence_label": "Cause_General"}, {"sentence_index": 7, "sentence_text": "Papa John\u2019s sent out information this week about an auction to sell itself to other companies and private equity firms, and expects to receive first-round bids by the end of October, the sources said.", "sentence_label": "Main"}, {"sentence_index": 8, "sentence_text": "There is no certainty of a sale, and Papa John\u2019s could also explore an alternative deal, such as receiving an investment, one of the sources added.", "sentence_label": "Distant_Evaluation"}, {"sentence_index": 9, "sentence_text": "The sources asked not to be identified because the matter was confidential.", "sentence_label": "Cause_General"}, {"sentence_index": 10, "sentence_text": "Papa John\u2019s declined to comment.", "sentence_label": "Cause_General"}, {"sentence_index": 11, "sentence_text": "Reuters first reported last month that the company had hired Bank of America Corp (BAC.N) and Lazard Ltd (LAZ.N) to prepare the ground for a sale.", "sentence_label": "Cause_General"}, {"sentence_index": 12, "sentence_text": "Papa John\u2019s shares ended trading on Wednesday up 8.5 percent at $50.14, giving the company a market value of close to $1.6 billion.", "sentence_label": "Cause_General"}, {"sentence_index": 13, "sentence_text": "Separately, Schnatter on Wednesday denied a CNBC report that said he had reached out to private equity firms about making an offer for Papa John\u2019s.", "sentence_label": "Distant_Evaluation"}, {"sentence_index": 14, "sentence_text": "\u201cAny such report about a potential transaction involving Mr Schnatter is totally and completely false.", "sentence_label": "Distant_Evaluation"}, {"sentence_index": 15, "sentence_text": "It is unfortunate that CNBC published this false story without first contacting Mr Schnatter to obtain the true facts,\u201d a spokesman for Schnatter said in an emailed statement.", "sentence_label": "Distant_Evaluation"}, {"sentence_index": 16, "sentence_text": "A CNBC spokesman said that the business news TV channel stood by its reporting.", "sentence_label": "Distant_Evaluation"}, {"sentence_index": 17, "sentence_text": "Papa John\u2019s has adopted a so-called poison pill defense to discourage a hostile takeover.", "sentence_label": "Distant_Evaluation"}, {"sentence_index": 18, "sentence_text": "Schnatter sued the pizza chain\u2019s board and chief executive at the end of August to stop what he described as \u201cthe irreparable harm\u201d they are causing the company, according to a court filing.", "sentence_label": "Cause_General"}, {"sentence_index": 19, "sentence_text": "Last month, Papa John\u2019s posted a second-quarter comparable sales decline of 6.1 percent and cut its sales forecast, citing fallout from the company\u2019s split with Schnatter.", "sentence_label": "Cause_General"}, {"sentence_index": 20, "sentence_text": "Negative publicity surrounding Schnatter depressed July traffic in North America, the company said at the time, noting it was hard to predict how long and how badly that would affect sales.", "sentence_label": "Distant_Evaluation"}, {"sentence_index": 21, "sentence_text": "Papa John\u2019s has more than 5,000 locations worldwide, mostly franchised restaurants.", "sentence_label": "Cause_General"}, {"sentence_index": 22, "sentence_text": "Papa John\u2019s Chief Executive Officer Steve Ritchie has vowed to move beyond the fight with Schnatter with a new advertising and marketing campaign, while also removing Schnatter\u2019s image from company promotions.", "sentence_label": "Distant_Expectations_Consequences"}, {"sentence_index": 23, "sentence_text": "Two franchisee associations working with the company have expressed support for its strategy.", "sentence_label": "Distant_Evaluation"}, {"sentence_index": 24, "sentence_text": "Ritchie, previously Papa John\u2019s president, took over as CEO in January.", "sentence_label": "Distant_Historical"}, {"sentence_index": 25, "sentence_text": "Schnatter came under fire in November for criticizing the National Football League\u2019s leadership over national anthem protests by players.", "sentence_label": "Distant_Historical"}, {"sentence_index": 26, "sentence_text": "Dealmaking in the restaurant sector is heating up.", "sentence_label": "Distant_Evaluation"}, {"sentence_index": 27, "sentence_text": "Arby\u2019s-owner Inspire Brands Inc said on Tuesday it would buy Sonic Corp SONC.O for about $1.57 billion in cash, adding more than 3,600 drive-in restaurants to its portfolio that includes brands such as Buffalo Wild Wings and Rusty Taco.", "sentence_label": "Distant_Expectations_Consequences"}]}