{"file_name": "./NewsDiscourseData/json_annotations/train/Business/PReuters_67.json", "sentences": [{"sentence_index": "title", "sentence_text": "United Technologies explores sale of Chubb Fire & Security: sources", "sentence_label": "title"}, {"sentence_index": 1, "sentence_text": "(Reuters) - United Technologies Corp (UTX.N) is exploring a sale of its Chubb Fire & Security division for more than $3 billion, people familiar with the matter said on Monday.", "sentence_label": "Main"}, {"sentence_index": 2, "sentence_text": "FILE PHOTO - United Technologies Chairman and CEO Greg Hayes gives an interview to CNBC on the floor of the New York Stock Exchange (NYSE) in New York, U.S., September 5, 2017.", "sentence_label": "NA"}, {"sentence_index": 3, "sentence_text": "REUTERS/Brendan McDermid", "sentence_label": "NA"}, {"sentence_index": 4, "sentence_text": "On Sept. 14, United Technologies CEO Greg Hayes said the company will announce a decision within 60 days about whether to break up.", "sentence_label": "Distant_Expectations_Consequences"}, {"sentence_index": 5, "sentence_text": "The company\u2019s main business lines are comprised of aerospace engines, elevators and building equipment such as air conditioners.", "sentence_label": "Cause_General"}, {"sentence_index": 6, "sentence_text": "Chubb was acquired by United Technologies for about $1 billion in 2003, and is now part of the company\u2019s climate, controls and security division.", "sentence_label": "Cause_General"}, {"sentence_index": 7, "sentence_text": "It has been playing catch-up for market share with rivals Securitas AB (SECUb.ST) and Tyco International Ltd. Tyco was acquired by Johnson Controls International Plc (JCI.N) two years ago for $16.5 billion.", "sentence_label": "Cause_General"}, {"sentence_index": 8, "sentence_text": "United Technologies, based in Farmington, Connecticut, has hired Bank of America Corp (BAC.N) to run an auction for Chubb, the sources said, asking not to be identified because the matter is confidential and cautioning that no deal is certain.", "sentence_label": "Cause_General"}, {"sentence_index": 9, "sentence_text": "United Technologies did not respond to a request for comment, while Bank of America declined to comment.", "sentence_label": "Cause_General"}, {"sentence_index": 10, "sentence_text": "United Technologies, maker of Pratt & Whitney engines, Carrier air conditioners and Otis elevators, has a market capitalization of approximately $113 billion.", "sentence_label": "Cause_General"}, {"sentence_index": 11, "sentence_text": "Chubb, headquartered in Britain, provides fire safety and security solutions for businesses and organizations around the world, although its business is predominantly in Europe.", "sentence_label": "Cause_General"}, {"sentence_index": 12, "sentence_text": "Hayes said at an investor conference this month that United Technologies planned to close its pending $23 billion acquisition of aerospace parts maker Rockwell Collins COL.N by the end of this month.", "sentence_label": "Distant_Expectations_Consequences"}, {"sentence_index": 13, "sentence_text": "That deal has been held up by China delaying regulatory approval, amid an escalating trade row with the United States.", "sentence_label": "Cause_General"}, {"sentence_index": 14, "sentence_text": "Investors have increasingly shunned sprawling industrial conglomerates, forcing peers such as General Electric Co (GE.N) and Honeywell International Inc (HON.N) to also announce the sale or spinout of major divisions.", "sentence_label": "Distant_Evaluation"}, {"sentence_index": 15, "sentence_text": "Activist investor Bill Ackman\u2019s hedge fund Pershing Square Capital Management LP and Daniel Loeb\u2019s hedge fund Third Point LLC have been putting pressure on United Technologies to break up into three focused, standalone businesses.", "sentence_label": "Distant_Evaluation"}, {"sentence_index": 16, "sentence_text": "(This version of the story corrects year of Chubb acquisition from 2013 to 2003 in third paragraph)", "sentence_label": "Cause_General"}]}