{"file_name": "./NewsDiscourseData/json_annotations/train/Business/PReuters_73.json", "sentences": [{"sentence_index": "title", "sentence_text": "Global business helps BNP Paribas weather investment bank weakness", "sentence_label": "title"}, {"sentence_index": 1, "sentence_text": "PARIS (Reuters) - BNP Paribas (BNPP.PA), France\u2019s largest listed bank, beat second-quarter profit forecasts on Wednesday as its global business offset a sharp fixed income trading fall and domestic weakness.", "sentence_label": "Main"}, {"sentence_index": 2, "sentence_text": "FILE PHOTO: A BNP Paribas logo is seen at a bank in Paris, France, April 6, 2018.", "sentence_label": "NA"}, {"sentence_index": 3, "sentence_text": "REUTERS/Benoit Tessier", "sentence_label": "NA"}, {"sentence_index": 4, "sentence_text": "A surge in BNP\u2019s international financial services business, including consumer lending, insurance and its U.S. bank BancWest, helped it recover from a weak first quarter when net profit plunged to 1.57 billion euros ($1.84 billion).", "sentence_label": "Cause_Specific"}, {"sentence_index": 5, "sentence_text": "Although second quarter net profit fell 0.1 percent to 2.39 billion euros from 2.4 billion euros a year before, this was above a median profit of 2.07 billion euros from four analysts polled by consultancy Inquiry Financial for Reuters.", "sentence_label": "Cause_Specific"}, {"sentence_index": 6, "sentence_text": "Group revenue rose 2.5 percent year-on-year to 11.21 billion euros, compared with a median forecast of around 10.9 billion euros, while revenue from corporate and investment banking fell 6.8 percent due to continuing weakness in fixed-income trading.", "sentence_label": "Cause_Specific"}, {"sentence_index": 7, "sentence_text": "BNP Paribas shares were up 0.2 percent at 0728 GMT and some analysts said the results were reassuring.", "sentence_label": "Distant_Evaluation"}, {"sentence_index": 8, "sentence_text": "\u201cStrong numbers across the board, their results are reassuring more than anything else,\u201d said Sam Dawson, a Monaco-based analyst at investment bank Wood & Company.", "sentence_label": "Distant_Evaluation"}, {"sentence_index": 9, "sentence_text": "Last month major Wall Street banks such as Goldman Sachs (GS.N) and Morgan Stanley (MS.N) reported higher profits, although Deutsche Bank (DBKGn.DE) last week reported a drop in quarterly earnings.", "sentence_label": "Cause_General"}, {"sentence_index": 10, "sentence_text": "BNP said the weakness in fixed-income trading was due to certain factors in the European market, such as persistently low interest rates.", "sentence_label": "Cause_Specific"}, {"sentence_index": 11, "sentence_text": "The corporate and investment banking division was also hit by a weaker dollar.", "sentence_label": "Cause_Specific"}, {"sentence_index": 12, "sentence_text": "While low interest rates have hit parts of its investment banking business, they have conversely buoyed other businesses such as consumer lending and life insurance.", "sentence_label": "Cause_Specific"}, {"sentence_index": 13, "sentence_text": "\u201cRevenue driven by the specialized businesses increased in the context of economic growth in Europe, despite an unfavorable exchange effect and less favorable financial markets than in the second quarter of 2017,\u201d BNP Paribas chief executive Jean-Laurent Bonnafe said in a statement.", "sentence_label": "Distant_Evaluation"}, {"sentence_index": 14, "sentence_text": "Solid economic growth in the United States also lifted BancWest\u2019s profits.", "sentence_label": "Cause_Specific"}, {"sentence_index": 15, "sentence_text": "Revenue from the U.S. bank rose 22 percent in U.S. dollar terms, or 12 percent when translated into euros.", "sentence_label": "Cause_Specific"}, {"sentence_index": 16, "sentence_text": "The strong performance at the international financial services arm also mitigated weakness in BNP Paribas\u2019 French retail bank, where revenues fell during the quarter.", "sentence_label": "Cause_General"}]}