{"file_name": "./NewsDiscourseData/json_annotations/train/Business/PReuters_94.json", "sentences": [{"sentence_index": "title", "sentence_text": "Malaysia to seek return of 1MDB money from banks, political parties", "sentence_label": "title"}, {"sentence_index": 1, "sentence_text": "KUALA LUMPUR (Reuters) - Malaysia intends to recover all funds illicitly taken from 1Malaysia Development Berhad (1MDB), and determine whether there are grounds for claims against companies, including Goldman Sachs (GS.N), that profited from dealing with the beleaguered state fund.", "sentence_label": "Main"}, {"sentence_index": 2, "sentence_text": "FILE PHOTO: Men walk past a 1 Malaysia Development Berhad (1MDB) billboard at the fund's flagship Tun Razak Exchange development in Kuala Lumpur March 1, 2015.", "sentence_label": "NA"}, {"sentence_index": 3, "sentence_text": "REUTERS/Olivia Harris/File Photo", "sentence_label": "NA"}, {"sentence_index": 4, "sentence_text": "Finance Minister Lim Guan Eng told Reuters in an interview on Thursday that a plan was \u201con the table\u201d to ask all individuals and political parties to return money that came from 1MDB, which was allegedly used as a slush fund by former prime minister Najib Razak.", "sentence_label": "Distant_Evaluation"}, {"sentence_index": 5, "sentence_text": "Having defeated his former protege in an election last month, Prime Minister Mahathir Mohamad\u2019s administration has launched an investigation into how the fund founded by Najib lost billions of dollars.", "sentence_label": "Cause_Specific"}, {"sentence_index": 6, "sentence_text": "Najib has consistently denied any wrongdoing, and repeated earlier this week that he did not benefit or steal money from 1MDB.", "sentence_label": "Cause_General"}, {"sentence_index": 7, "sentence_text": "Lim said the government would also scrutinize the $600 million paid in fees to Goldman Sachs for raising nearly $6.5 billion in three bond sales between 2012 and 2013 for 1MDB.", "sentence_label": "Distant_Expectations_Consequences"}, {"sentence_index": 8, "sentence_text": "Critics said the fees earned from those bond issues were far in excess of the normal 1-2 percent fees a bank could expect.", "sentence_label": "Distant_Evaluation"}, {"sentence_index": 9, "sentence_text": "\u201cWe will be looking at the possibility of seeking claims from Goldman Sachs, where there are grounds to do so... definitely,\u201d Lim told Reuters in an interview.", "sentence_label": "Distant_Expectations_Consequences"}, {"sentence_index": 10, "sentence_text": "Reuters had reported last week that according to sources familiar with the issue Malaysia is considering asking the U.S. Department of Justice (DoJ) to get Goldman Sachs to return fees earned from the bond issues.", "sentence_label": "Cause_General"}, {"sentence_index": 11, "sentence_text": "Civil lawsuits filed in 2016 by the DOJ alleged that over $2.5 billion raised from those bonds were misappropriated by high-level 1MDB officials, their relatives and associates.", "sentence_label": "Distant_Historical"}, {"sentence_index": 12, "sentence_text": "He also said Malaysia will look at the conduct of other banks involved in 1MDB transactions.", "sentence_label": "Distant_Expectations_Consequences"}, {"sentence_index": 13, "sentence_text": "\u201cWe\u2019ve got to see the nexus, whether they were at fault.\u201d", "sentence_label": "Distant_Evaluation"}, {"sentence_index": 14, "sentence_text": "Lim said the United Malay National Organisation (UMNO), the party Najib had led until his election defeat, and from which Mahathir resigned in order to join the opposition, was not the only party to have received 1MDB money.", "sentence_label": "Distant_Evaluation"}, {"sentence_index": 15, "sentence_text": "\u201cTo be fair, UMNO is not the only political party that received money,\u201d Lim said.", "sentence_label": "Distant_Evaluation"}, {"sentence_index": 16, "sentence_text": "\u201cThose who have taken money from 1MDB, should return it to the country.\u201d", "sentence_label": "Distant_Evaluation"}, {"sentence_index": 17, "sentence_text": "INTERNATIONAL EFFORT", "sentence_label": "Cause_General"}, {"sentence_index": 18, "sentence_text": "Lim said the DOJ and enforcement agencies in several other countries were giving strong cooperation to Malaysia\u2019s efforts to recoup 1MDB funds, and bring prosecutions.", "sentence_label": "Cause_General"}, {"sentence_index": 19, "sentence_text": "A proposal to monetize assets acquired using 1MDB funds that U.S. authorities are looking to seize under its anti-kleptocracy program was an option under consideration, Lim said.", "sentence_label": "Distant_Evaluation"}, {"sentence_index": 20, "sentence_text": "The DOJ is seeking to seize $1.7 billion in assets allegedly bought with funds stolen from 1MDB, including a Picasso painting, shares in a Hollywood production company, a yacht and nearly $200 million in jeweler.", "sentence_label": "Cause_General"}, {"sentence_index": 21, "sentence_text": "Last month, Malaysian police said that cash worth 114 million ringgit ($28.6 million), jewelry and over 400 luxury handbags were seized from several apartments linked to Najib, as part of their probe into 1MDB.", "sentence_label": "Cause_Specific"}, {"sentence_index": 22, "sentence_text": "Lim said his ministry is also investigating several \u201chighly suspicious\u201d deals made by Najib\u2019s administration to determine if they were carried out to help pay for 1MDB dues.", "sentence_label": "Cause_General"}, {"sentence_index": 23, "sentence_text": "He declined to identify the deals, but said Malaysia was investigating state-run palm oil agency Felda\u2019s $500 million acquisition of a non-controlling stake in Indonesia\u2019s PT Eagle High Plantations Tbh (BWPT.JK).", "sentence_label": "Cause_General"}, {"sentence_index": 24, "sentence_text": "He did not say if the Felda deal, which was criticized for being expensive, was linked to 1MDB.", "sentence_label": "Distant_Evaluation"}, {"sentence_index": 25, "sentence_text": "Last month, the finance ministry said about $500 million raised from a land sale by the government to the central bank, along with funds from sovereign wealth fund Khazanah Nasional, were used to pay 1MDB\u2019s liabilities in 2017.", "sentence_label": "Cause_Specific"}, {"sentence_index": 26, "sentence_text": "Lim said the government will have to pay an estimated 50 billion ringgit in debts and interest accumulated by 1MDB.", "sentence_label": "Distant_Expectations_Consequences"}, {"sentence_index": 27, "sentence_text": "\u201cWe are forced to pay that much against our will,\u201d Lim said, adding that the government has sufficient funds, but may consider restructuring debt to clear 1MDB\u2019s dues if it can secure better yields.", "sentence_label": "Distant_Evaluation"}, {"sentence_index": 28, "sentence_text": "($1 = 3.9835 ringgit)", "sentence_label": "NA"}]}