{"file_name": "./NewsDiscourseData/json_annotations/train/Business/PReuters_64.json", "sentences": [{"sentence_index": "title", "sentence_text": "AstraZeneca plots China robot offensive to counter price cuts", "sentence_label": "title"}, {"sentence_index": 1, "sentence_text": "WUXI, China/LONDON (Reuters) - With smart cancer diagnostics, one-stop-shop diabetes kits and AI systems to improve ambulance pick-ups for patients with chest pain, AstraZeneca (AZN.L) aims to move from simply supplying drugs to become a broad healthcare provider in China.", "sentence_label": "Main"}, {"sentence_index": 2, "sentence_text": "The logo of the British pharmaceutical company AstraZeneca is seen at the company's China Commercial Innovation Centre (CCIC) in Wuxi, Jiangsu province, China, September 15, 2018.", "sentence_label": "NA"}, {"sentence_index": 3, "sentence_text": "REUTERS/Adam Jourdan", "sentence_label": "NA"}, {"sentence_index": 4, "sentence_text": "Tech tie-ups with the likes of Alibaba (BABA.N) and Tencent (0700.HK) will not directly lift the British group\u2019s drug sales, since they are not specific for any one company\u2019s products and in many cases will be low-cost or free.", "sentence_label": "Distant_Expectations_Consequences"}, {"sentence_index": 5, "sentence_text": "But it will expand the overall market and represents a soft power play that dovetails neatly with Beijing\u2019s support for Internet-based healthcare systems to alleviate a lack of doctors, overcrowding and poor grassroots healthcare.", "sentence_label": "Main"}, {"sentence_index": 6, "sentence_text": "\u201cDown the line we benefit, our products benefit, because we have better relationships with doctors and hospital managers and also because we diagnose more patients and they get better treated,\u201d Chief Executive Pascal Soriot told Reuters.", "sentence_label": "Distant_Expectations_Consequences"}, {"sentence_index": 7, "sentence_text": "Surrounded by the latest gizmos at the World Internet of Things Exposition in Wuxi, eastern China, Soriot says he wants to use the power of artificial intelligence, robots and apps to help transform diagnosis and disease management.", "sentence_label": "Distant_Expectations_Consequences"}, {"sentence_index": 8, "sentence_text": "AstraZeneca has been on a tear in China, more than doubling its sales since 2012, helped by regulatory reforms to fast-track new drugs, and today generates 18 percent of revenue in the country \u2014 a far higher proportion than rivals.", "sentence_label": "Cause_General"}, {"sentence_index": 9, "sentence_text": "Yet Soriot is anxious to do more to keep doctors and government officials on-side in the world\u2019s second-biggest drugs market, as soaring demand strains the state insurance system and squeezes medicine prices.", "sentence_label": "Distant_Evaluation"}, {"sentence_index": 10, "sentence_text": "The company\u2019s underlying conviction is that it has the right medicines across chronic diseases like cancer, diabetes and respiratory disorders to win in China.", "sentence_label": "Distant_Evaluation"}, {"sentence_index": 11, "sentence_text": "Soriot believes that can keep AstraZeneca growing in a pivotal market in the coming years, even though annual growth is likely to slow to nearer 15 percent from the breakneck 33 percent seen in the first half of 2018.", "sentence_label": "Distant_Expectations_Consequences"}, {"sentence_index": 12, "sentence_text": "The company has moved quickly to exploit China\u2019s new-found willingness to use innovative Western drugs.", "sentence_label": "Distant_Evaluation"}, {"sentence_index": 13, "sentence_text": "Last year it won a record-fast approval for lung cancer pill Tagrisso, which is designed for patients with a genetic mutation that is particularly common in China.", "sentence_label": "Distant_Historical"}, {"sentence_index": 14, "sentence_text": "It hopes to get a green light before the end of 2018 \u2014 well before U.S. approval \u2014 for a new anemia drug called roxadustat being developed with FibroGen (FGEN.O).", "sentence_label": "Distant_Expectations_Consequences"}, {"sentence_index": 15, "sentence_text": "China-first approvals for drugs like roxadustat and Elunate, a colorectal cancer treatment from Eli Lilly (LLY.N) and Hutchison China MediTech (HCM.L), mark a reversal of the historical pattern of Chinese patients getting new drugs years after their launch in the West.", "sentence_label": "Distant_Evaluation"}, {"sentence_index": 16, "sentence_text": "Slideshow (2 Images)", "sentence_label": "NA"}, {"sentence_index": 17, "sentence_text": "There is, however, a trade-off.", "sentence_label": "Distant_Evaluation"}, {"sentence_index": 18, "sentence_text": "Multinationals that relied in the past on selling older drugs at premium prices in China are seeing prices slashed.", "sentence_label": "Cause_General"}, {"sentence_index": 19, "sentence_text": "AstraZeneca took a 50 percent haircut last year on the price of Iressa, its predecessor to Tagrisso.", "sentence_label": "Distant_Historical"}, {"sentence_index": 20, "sentence_text": "\u201cThe government wants to give access to better medicines to more people,\u201d said Soriot, who admitted that pressure on prices had come sooner than he expected.", "sentence_label": "Distant_Evaluation"}, {"sentence_index": 21, "sentence_text": "\u201cTo some extent the economy is growing so there is more money to do that, but there is not enough money ...", "sentence_label": "Distant_Evaluation"}, {"sentence_index": 22, "sentence_text": "They have to make room in the budget for innovation.\u201d", "sentence_label": "Distant_Evaluation"}, {"sentence_index": 23, "sentence_text": "\u201cUNMET NEEDS\u201d", "sentence_label": "Distant_Evaluation"}, {"sentence_index": 24, "sentence_text": "With 1.4 billion people, around 18 percent of the world\u2019s population, China has more cases of cancer and diabetes than any other nation, fueled by fast food, smoking and pollution, global health data show.", "sentence_label": "Cause_General"}, {"sentence_index": 25, "sentence_text": "\u201cThere are enormous unmet medical needs in China, particularly in oncology, and 30 percent of the world\u2019s cancer patients are in China,\u201d Christian Hogg, Chief Executive of Hutchison China MediTech, told Reuters.", "sentence_label": "Distant_Evaluation"}, {"sentence_index": 26, "sentence_text": "\u201cThere is almost an inevitability that the Chinese pharmaceutical industry is going to grow to be the largest in the world in due course.\u201d", "sentence_label": "Distant_Expectations_Consequences"}, {"sentence_index": 27, "sentence_text": "The firm, also known as Chi-Med, is working with AstraZeneca on a novel oncology drug targeting kidney, lung and stomach tumors.", "sentence_label": "Cause_General"}, {"sentence_index": 28, "sentence_text": "AstraZeneca is bolstering its sales force to meet this growing demand.", "sentence_label": "Distant_Evaluation"}, {"sentence_index": 29, "sentence_text": "It has around 7,500 sales staff in China and is looking to push into smaller cities \u2014 boosting volume and helping offset lower prices.", "sentence_label": "Cause_General"}, {"sentence_index": 30, "sentence_text": "It aims to get more drugs onto a list of medicines covered by basic insurance schemes \u2014 the national drug reimbursement list \u2014 and onto fast-track approvals, Soriot said.", "sentence_label": "Distant_Expectations_Consequences"}, {"sentence_index": 31, "sentence_text": "The list was most recently updated last year after an eight-year hiatus.", "sentence_label": "Distant_Historical"}, {"sentence_index": 32, "sentence_text": "A drug joint venture, Dizal Pharmaceutical, backed by the China State Development & Investment Corporation, will promote Chinese-discovered drugs \u2014 another priority for Beijing.", "sentence_label": "Distant_Expectations_Consequences"}, {"sentence_index": 33, "sentence_text": "\u201cIt\u2019s the first time a government fund works with a foreign company in researching new drugs for Chinese patients,\u201d Leon Wang, AstraZeneca\u2019s China head, said in an interview at the firm\u2019s Shanghai headquarters.", "sentence_label": "Distant_Evaluation"}, {"sentence_index": 34, "sentence_text": "\u201cSo we like that.\u201d", "sentence_label": "Distant_Evaluation"}, {"sentence_index": 35, "sentence_text": "Wang added there were still many patients who went undiagnosed or untreated, and that the firm\u2019s aggressive expansion, even to \u201cvillage clinics\u201d, was helping make the difference against rivals tapping growing demand.", "sentence_label": "Distant_Evaluation"}, {"sentence_index": 36, "sentence_text": "\u201cChronic disease, oncology drugs, specialty care, rare disease, these will all explode I think,\u201d he said.", "sentence_label": "Distant_Expectations_Consequences"}, {"sentence_index": 37, "sentence_text": "(For a graphic on 'Booming China sales' click tmsnrt.rs/2pbCLGo)", "sentence_label": "NA"}]}