{"file_name": "./NewsDiscourseData/json_annotations/train/Business/PReuters_79.json", "sentences": [{"sentence_index": "title", "sentence_text": "Qualcomm will not exit data center business, chip chief says", "sentence_label": "title"}, {"sentence_index": 1, "sentence_text": "(Reuters) - Qualcomm Inc has no plans to abandon its efforts to create processors for data centers, the company\u2019s president, who oversees the chip division, said.", "sentence_label": "Main"}, {"sentence_index": 2, "sentence_text": "FILE PHOTO: Cristiano Amon, president of Qualcomm and Qualcomm CDMA Technologies, responds to a question during a panel discussion on 5G wireless broadband technology during the 2018 CES in Las Vegas, Nevada, U.S. January 10, 2018.", "sentence_label": "NA"}, {"sentence_index": 3, "sentence_text": "REUTERS/Steve Marcus", "sentence_label": "NA"}, {"sentence_index": 4, "sentence_text": "Qualcomm, the largest maker of chips in mobile phones, last year launched chips that use technology from Softbank Group Corp\u2019s ARM Holdings to power the workhorse computer servers behind cloud-based services such as social networks.", "sentence_label": "Distant_Historical"}, {"sentence_index": 5, "sentence_text": "Qualcomm\u2019s push to enter the data center market puts it in direct competition with Intel Corp, which dominates data centers and now draws half of its revenue from servers and other \u201cdata centric\u201d chips.", "sentence_label": "Cause_General"}, {"sentence_index": 6, "sentence_text": "But in May, Bloomberg reported that Qualcomm was exploring whether to sell or shut down the server chip unit.", "sentence_label": "Cause_Specific"}, {"sentence_index": 7, "sentence_text": "Qualcomm President Cristiano Amon told Reuters on Monday that the chipmaker is making staff reductions in the unit but intends to keep operating it, albeit with a narrower focus on large internet companies in the United States and China.", "sentence_label": "Main"}, {"sentence_index": 8, "sentence_text": "\u201cWe are not looking at strategic options.", "sentence_label": "Distant_Expectations_Consequences"}, {"sentence_index": 9, "sentence_text": "We are not selling.", "sentence_label": "Distant_Expectations_Consequences"}, {"sentence_index": 10, "sentence_text": "We are still focused on it,\u201d Amon told Reuters.", "sentence_label": "Distant_Evaluation"}, {"sentence_index": 11, "sentence_text": "San Diego-based Qualcomm declined to say whether it had considered selling the server chip unit at some point in the past.", "sentence_label": "Distant_Evaluation"}, {"sentence_index": 12, "sentence_text": "The company instead pointed to an April earnings call in which Chief Executive Officer Steve Mollenkopf said Qualcomm was considering cost-cutting options in areas that are not central to Qualcomm\u2019s business, which overwhelmingly comes from selling chips and licensing technology for mobile phones.", "sentence_label": "Distant_Evaluation"}, {"sentence_index": 13, "sentence_text": "Amon told Reuters that the server chip business will be rolled into Qualcom\u2019s Qualcomm CDMA Technologies unit, which designs and sells mobile phone chips, to gain cost efficiencies.", "sentence_label": "Distant_Expectations_Consequences"}, {"sentence_index": 14, "sentence_text": "Amon said the restructured server chip unit will focus on large cloud computing players.", "sentence_label": "Distant_Expectations_Consequences"}, {"sentence_index": 15, "sentence_text": "He would not name U.S. targets, but said the company is hoping to sell to Chinese internet giants such as Alibaba Group Holding Ltd, Tencent Holdings Ltd and Baidu Inc through a joint venture in China.", "sentence_label": "Distant_Expectations_Consequences"}, {"sentence_index": 16, "sentence_text": "Large internet companies tend to write much of their own internal software and can customize it for Qualcomm\u2019s chips.", "sentence_label": "Cause_General"}, {"sentence_index": 17, "sentence_text": "That means they will not struggle like smaller players to adapt off-the-shelf data center software that is overwhelmingly written to run on Intel\u2019s so-called x86 chips.", "sentence_label": "Distant_Expectations_Consequences"}, {"sentence_index": 18, "sentence_text": "\u201cIt\u2019s very clear to us that the ARM opportunity is focused on a few players where you don\u2019t have the software x86 barrier to entry,\u201d Amon said.", "sentence_label": "Distant_Evaluation"}]}