{"file_name": "./NewsDiscourseData/json_annotations/train/Business/PReuters_93.json", "sentences": [{"sentence_index": "title", "sentence_text": "Spanish, Italian politics rattle bond and stock markets", "sentence_label": "title"}, {"sentence_index": 1, "sentence_text": "LONDON (Reuters) - Borrowing costs in southern Europe shot up on Friday and stock markets in Milan and Madrid fell as threatened no-confidence motions against Spain\u2019s prime minister exacerbated a sell-off provoked by growing political risk in Italy.", "sentence_label": "Main"}, {"sentence_index": 2, "sentence_text": "FILE PHOTO: Spain's Prime Minister Mariano Rajoy arrives to attend a 2018 budget plenary session at Parliament in Madrid, Spain, May 23, 2018.", "sentence_label": "NA"}, {"sentence_index": 3, "sentence_text": "Picture taken May 23, 2018.", "sentence_label": "NA"}, {"sentence_index": 4, "sentence_text": "REUTERS/Paul Hanna", "sentence_label": "NA"}, {"sentence_index": 5, "sentence_text": "The opposition Socialists presented one no-confidence motion in Prime Minister Mariano Rajoy to the Spanish parliament while his former allies, Ciudadanos, issued him with an ultimatum: call an election or face their own, second such motion..", "sentence_label": "Main"}, {"sentence_index": 6, "sentence_text": "The moves over a graft case involving members of Rajoy\u2019s People\u2019s Party prompted heavy selling of Spanish bonds in one of the biggest weekly moves on the euro zone government debt market in years.", "sentence_label": "Main_Consequence"}, {"sentence_index": 7, "sentence_text": "This, and a sharp drop in Spanish stocks, contributed to further falls in the euro on currency markets.", "sentence_label": "Main_Consequence"}, {"sentence_index": 8, "sentence_text": "It also gave investors an incentive to get out of Italian assets, which have already been rattled by the prospect of a spendthrift coalition government in Rome comprising the anti-establishment 5-Star Movement and far-right League.", "sentence_label": "Distant_Evaluation"}, {"sentence_index": 9, "sentence_text": "Italy\u2019s 2-year bond yield climbed more than 30 basis points to its highest level in over four years at 0.67 percent.", "sentence_label": "Main_Consequence"}, {"sentence_index": 10, "sentence_text": "It was up 19 bps in late trade, marking its biggest daily jump since 2014 and biggest weekly rise in five years.", "sentence_label": "Main_Consequence"}, {"sentence_index": 11, "sentence_text": "A little over a week ago it was trading below zero percent.", "sentence_label": "Cause_General"}, {"sentence_index": 12, "sentence_text": "To view a graphic on Italy's 2-year bond yield rockets, click: reut.rs/2KUHAwi", "sentence_label": "NA"}, {"sentence_index": 13, "sentence_text": "Ten-year bond yields in Spain, Italy and Portugal were up 5 to 6 bps each.", "sentence_label": "Main_Consequence"}, {"sentence_index": 14, "sentence_text": "Spain\u2019s benchmark stock index fell 1.7 percent.", "sentence_label": "Main_Consequence"}, {"sentence_index": 15, "sentence_text": "\u201cIt\u2019s the same theme in Spain and Italy but different stories,\u201d said Investec chief economist Philip Shaw.", "sentence_label": "Distant_Evaluation"}, {"sentence_index": 16, "sentence_text": "\u201cWhile in Italy you have the prospects of a highly confrontational government, in Spain - even if we get fresh elections - the mix of parties likely to make up a new government would likely be the same as the present one.\u201d", "sentence_label": "Distant_Expectations_Consequences"}, {"sentence_index": 17, "sentence_text": "The closely-watched Italy-Germany 10-year spread, seen by many investors as a proxy for sentiment towards the euro zone, was at its widest in four years at 215 bps.", "sentence_label": "Main_Consequence"}, {"sentence_index": 18, "sentence_text": "German bonds, viewed as one of the safest assets in the world, benefited from the turmoil, with 10-year Bund yields set for their biggest weekly fall since the euro zone debt crisis year of 2012, down 18 bps.", "sentence_label": "Main_Consequence"}, {"sentence_index": 19, "sentence_text": "To view a graphic on Germany's 10-year bond yield, click: reut.rs/2J91pmo", "sentence_label": "NA"}, {"sentence_index": 20, "sentence_text": "Britain\u2019s 10-year gilt yield was on track for its biggest weekly fall since just after the 2016 Brexit vote.", "sentence_label": "Main_Consequence"}, {"sentence_index": 21, "sentence_text": "Demand for U.S. Treasuries was also lifted by the sell-off in southern European markets.", "sentence_label": "Cause_General"}, {"sentence_index": 22, "sentence_text": "The euro extended losses and fell by over half a percent to a 6 1/2-month low at $1.16465.", "sentence_label": "Main_Consequence"}, {"sentence_index": 23, "sentence_text": "The sell-off in Italian and Spanish stocks deepened, with Italy\u2019s FTSE MIB benchmark down 1.5 percent.", "sentence_label": "Main_Consequence"}, {"sentence_index": 24, "sentence_text": "Spain\u2019s IBEX was on course for its worst day since global market turmoil in early February.", "sentence_label": "Distant_Evaluation"}, {"sentence_index": 25, "sentence_text": "Bank stocks were the worst hit with the euro zone banks index down 1.9 percent and also set for its biggest fall since early February.", "sentence_label": "Main_Consequence"}, {"sentence_index": 26, "sentence_text": "Nearly twice the average daily volume was traded in Spain\u2019s Caixabank and Santander as well as in Italy\u2019s Banco BPM and Intesa Sanpaolo.", "sentence_label": "Cause_General"}, {"sentence_index": 27, "sentence_text": "\u201cThe underlying basics (for Spain\u2019s economy) long-term are strong,\u201d said a Madrid-based executive at an investment advisory firm who asked not be named.", "sentence_label": "Distant_Evaluation"}, {"sentence_index": 28, "sentence_text": "\u201cThe country is growing but uncertainty is never good for any type of outlook and that\u2019s going to impact the stock market.\u201d", "sentence_label": "Distant_Evaluation"}, {"sentence_index": 29, "sentence_text": "SPAIN RATTLED", "sentence_label": "Main_Consequence"}, {"sentence_index": 30, "sentence_text": "Spanish 10-year government bond yields rose 9 basis points to 1.52 percent, pushing the gap over German Bund yields to 112 bps - its widest since early January.", "sentence_label": "Main_Consequence"}, {"sentence_index": 31, "sentence_text": "It has blown out 16 bps this week, the biggest spread widening in almost two years.", "sentence_label": "Main_Consequence"}, {"sentence_index": 32, "sentence_text": "Pierre Bose, head of European strategy at Credit Suisse, said that until now investors had had little Spanish political risk to worry about, apart the row between Madrid and Barcelona over an illegal Catalan independence referendum last year.", "sentence_label": "Distant_Evaluation"}, {"sentence_index": 33, "sentence_text": "\u201cUp until now, if you put Catalonia to one side, it was a relatively benign environment,\u201d he said, adding that he remained positive on Spanish equities.", "sentence_label": "Distant_Evaluation"}, {"sentence_index": 34, "sentence_text": "\u201cThis increases the level of noise, but does it change the earnings pattern at this point?", "sentence_label": "Distant_Evaluation"}, {"sentence_index": 35, "sentence_text": "Not really.\u201d", "sentence_label": "Distant_Evaluation"}, {"sentence_index": 36, "sentence_text": "The cost of insuring exposure to Spanish debt in the five-year credit default swaps market rose to its highest since the end of October at 65 bps, according to IHS Markit.", "sentence_label": "Main_Consequence"}, {"sentence_index": 37, "sentence_text": "But Italian CDS traded at 166 basis points, the highest in nearly a year.", "sentence_label": "Main_Consequence"}, {"sentence_index": 38, "sentence_text": "To view a graphic on europe peripheral bond spreads and eurchf, click: reut.rs/2GQnMrB", "sentence_label": "NA"}]}