{"file_name": "./NewsDiscourseData/json_annotations/train/Business/PReuters_95.json", "sentences": [{"sentence_index": "title", "sentence_text": "Political storm threatens Italian bank recovery", "sentence_label": "title"}, {"sentence_index": 1, "sentence_text": "MILAN (Reuters) - Italy\u2019s political crisis risks undoing years spent rebuilding the country\u2019s banks, undermining the value of their assets, choking off access to funding and rekindling euro exit fears.", "sentence_label": "Main"}, {"sentence_index": 2, "sentence_text": "Renewed doubts over the single currency have chilled Italy\u2019s bond markets and reawakened the spectre of capital flight that shook Italian banks during the 2011-2012 sovereign crisis.", "sentence_label": "Distant_Evaluation"}, {"sentence_index": 3, "sentence_text": "As a result, Italy\u2019s lenders .FTIT8300 have lost more than a fifth of their market value in just two weeks, tracking a fall in its bonds as an anti-establishment coalition sought, and failed, to form a government.", "sentence_label": "Main_Consequence"}, {"sentence_index": 4, "sentence_text": "Before the political storm, Italy\u2019s banks had been outperforming euro zone rivals after reducing a bad loan burden that had threatened to cripple them.", "sentence_label": "Cause_General"}, {"sentence_index": 5, "sentence_text": "And encouraged by Italy\u2019s economic upturn, hedge funds had even piled into the country\u2019s mid-tier lenders, betting on them as the last European recovery play.", "sentence_label": "Cause_General"}, {"sentence_index": 6, "sentence_text": "But the prospect of snap elections after Italy\u2019s president on Sunday vetoed the coalition\u2019s eurosceptic economy minister has deepened a sell-off on fears of a de facto referendum on the euro and a further boost to anti-establishment parties.", "sentence_label": "Main_Consequence"}, {"sentence_index": 7, "sentence_text": "\u201cRisks perceived by investors have risen sharply and that is why they are knocking down the value of Italian banks, which even before the latest turmoil traded below their book values,\u201d said Andrea Resti, a professor at Milan\u2019s Bocconi University and an adviser on banking supervision to the European Parliament.", "sentence_label": "Distant_Evaluation"}, {"sentence_index": 8, "sentence_text": "A 2.3 trillion euro public debt pile, the world\u2019s third-largest, poses a direct threat to the banks, which face steep losses on 352 billion euros of domestic bond holdings after Italy\u2019s benchmark yield hit a four-year high.", "sentence_label": "Distant_Expectations_Consequences"}, {"sentence_index": 9, "sentence_text": "Former senior International Monetary Fund (IMF) official Carlo Cottarelli speaks to the media after a meeting with Italy's President Sergio Mattarella at the Quirinal Palace in Rome, Italy, May 28, 2018.", "sentence_label": "NA"}, {"sentence_index": 10, "sentence_text": "REUTERS/Tony Gentile", "sentence_label": "NA"}, {"sentence_index": 11, "sentence_text": "(Graphic: Italian banks sovereign bond holdings - reut.rs/2L4hmrj)", "sentence_label": "NA"}, {"sentence_index": 12, "sentence_text": "PROPERTY HOPE", "sentence_label": "Distant_Expectations_Consequences"}, {"sentence_index": 13, "sentence_text": "Rome\u2019s turmoil could also lift returns demanded by buyers of the bad loans banks are desperately striving to rid themselves of, stalling sales and forcing them to offer bigger discounts.", "sentence_label": "Distant_Expectations_Consequences"}, {"sentence_index": 14, "sentence_text": "The Bank of Italy forecast on Tuesday 65 billion euros in sales of impaired bank loans this year and urged lenders to press ahead with cutting soured debt.", "sentence_label": "Cause_General"}, {"sentence_index": 15, "sentence_text": "Despite a 75 billion euro drop from their post-recession peak of 360 billion euros, problem loans in Italy still account for around 14 percent of total bank lending.", "sentence_label": "Cause_General"}, {"sentence_index": 16, "sentence_text": "That is twice the level of neighboring Spain where the clean-up process has been much faster thanks to European Union aid, solid economic growth and a rebound in real estate prices.", "sentence_label": "Distant_Evaluation"}, {"sentence_index": 17, "sentence_text": "Claudio Scardovi a managing director at Alix Partners said a lagging property rebound was still likely to draw investors to Italy in the face of real estate bubbles in Britain, the Nordics and to some degree in France.", "sentence_label": "Distant_Expectations_Consequences"}, {"sentence_index": 18, "sentence_text": "Slideshow (2 Images)", "sentence_label": "NA"}, {"sentence_index": 19, "sentence_text": "Italy\u2019s real estate market has improved only in large cities such as Milan and Rome, and tourist areas and Francesco Castelli, head of fixed income at Banor Capital, said a continued and more uniform economic expansion was key for the rebound to take a wider grip.", "sentence_label": "Distant_Evaluation"}, {"sentence_index": 20, "sentence_text": "\u201cA property investment has an at least five-year horizon: just as the economy was growing again there are doubts about its mid-term prospects,\u201d Castelli said.", "sentence_label": "Distant_Evaluation"}, {"sentence_index": 21, "sentence_text": "MID-MARKET MAYHEM", "sentence_label": "Cause_General"}, {"sentence_index": 22, "sentence_text": "Mid-sized lenders, such as Banco BPM (BAMI.MI), UBI Banca (UBI.MI) and BPER Banca (EMII.MI), are seen as more vulnerable to the turmoil because they lag big players like Intesa Sanpaolo (ISP.MI) and UniCredit (CRDI.MI) in cutting bad loans.", "sentence_label": "Distant_Evaluation"}, {"sentence_index": 23, "sentence_text": "Italy\u2019s 10th-largest bank Credito Valtellinese (PCVI.MI) has been among the worst hit, even though just ahead of the March election it managed to raise eight times its market value in a share sale and gain 35 percent in value in its aftermath.", "sentence_label": "Main_Consequence"}, {"sentence_index": 24, "sentence_text": "Shares in Creval, which has one of the highest sovereign exposures relative to its capital and a high bad loan burden, are 11 percent below the 0.10 euros at which it sold new shares.", "sentence_label": "Main_Consequence"}, {"sentence_index": 25, "sentence_text": "Analysts warn that smaller Italian lenders are also the most at risk from rising financing costs.", "sentence_label": "Distant_Expectations_Consequences"}, {"sentence_index": 26, "sentence_text": "Wholesale funding markets have effectively shut down for Italian banks and traders say they will take a long while to reopen.", "sentence_label": "Main_Consequence"}, {"sentence_index": 27, "sentence_text": "Italy\u2019s strongest bank Intesa SanPaolo (ISP.MI) placed a 10-year bond IT178534017= after the election at 77 basis points over the swap rate.", "sentence_label": "Cause_General"}, {"sentence_index": 28, "sentence_text": "This now trades with a 200 basis point spread, showing how conditions have worsened.", "sentence_label": "Main_Consequence"}, {"sentence_index": 29, "sentence_text": "Although tight funding markets are not an immediate concern because most banks are awash with liquidity, they do raise a question mark over plans by state-owned Monte dei Paschi di Siena (BMPS.MI) and smaller rival Banca Carige (CRGI.MI) to rebuild their Tier 2 capital buffers with hybrid debt.", "sentence_label": "Distant_Evaluation"}, {"sentence_index": 30, "sentence_text": "Carige CEO Paolo Fiorentino said on Tuesday that political risks had paralyzed markets when asked about the bank\u2019s plan to issue a subordinated bond, a spokeswoman for the bank said.", "sentence_label": "Distant_Evaluation"}, {"sentence_index": 31, "sentence_text": "Monte dei Paschi declined to comment.", "sentence_label": "Cause_General"}]}