{"file_name": "./NewsDiscourseData/json_annotations/train/Business/PReuters_65.json", "sentences": [{"sentence_index": "title", "sentence_text": "In a U.S. manufacturing hub, no illusions about tariffs and jobs", "sentence_label": "title"}, {"sentence_index": 1, "sentence_text": "(This September 26 story corrects glass factory location in paragraph 12)", "sentence_label": "Cause_General"}, {"sentence_index": 2, "sentence_text": "By Howard Schneider", "sentence_label": "NA"}, {"sentence_index": 3, "sentence_text": "THOMASVILLE, N.C. (Reuters) - In a town where a 30-feet tall chair is the chief landmark, and which is synonymous with a U.S. furniture industry decimated over the years by imports from China, many greet the possibility of tariffs on Chinese goods with a shrug.", "sentence_label": "Distant_Evaluation"}, {"sentence_index": 4, "sentence_text": "No wonder.", "sentence_label": "Distant_Evaluation"}, {"sentence_index": 5, "sentence_text": "Of three once bustling Thomasville furniture plants in the city limits, one is being demolished and cleared for parkland, another may become the site of a new police station, and a third is being converted into apartments.", "sentence_label": "Distant_Expectations_Consequences"}, {"sentence_index": 6, "sentence_text": "President Donald Trump is threatening to levy tariffs of up to 25 percent on $500 billion of goods imported from China each year, including roughly $20 billion of furniture, as a way to bring back hundreds of thousands of manufacturing jobs lost to China and other low-cost competitors.", "sentence_label": "Cause_Specific"}, {"sentence_index": 7, "sentence_text": "Yet, the transformation of U.S. industries since China\u2019s emergence as the world\u2019s low-cost producer almost two decades ago means many no longer directly compete with Chinese imports, so tariffs may not translate so easily into more U.S. jobs.", "sentence_label": "Main"}, {"sentence_index": 8, "sentence_text": "At family-owned Bernhardt Furniture in Lenoir, some 90 miles west of Thomasville, executives say it would take about $30 million in capital investment - some 10 percent of annual sales - to resurrect standard wood furniture lines now mainly made in countries like China and Vietnam.", "sentence_label": "Distant_Expectations_Consequences"}, {"sentence_index": 9, "sentence_text": "That is too much to commit based on a policy that a future administration could reverse.", "sentence_label": "Distant_Evaluation"}, {"sentence_index": 10, "sentence_text": "\u201cThe theory is you turn (imports) off, the jobs come back.", "sentence_label": "Distant_Evaluation"}, {"sentence_index": 11, "sentence_text": "That\u2019s not really true...", "sentence_label": "Distant_Evaluation"}, {"sentence_index": 12, "sentence_text": "The buildings don\u2019t exist.", "sentence_label": "Distant_Evaluation"}, {"sentence_index": 13, "sentence_text": "The people don\u2019t exist.", "sentence_label": "Distant_Evaluation"}, {"sentence_index": 14, "sentence_text": "The machinery does not exist,\u201d to make the sorts of furniture that now gets imported, said Alex Bernhardt Jr., chief executive and the company founder\u2019s great grandson.", "sentence_label": "Distant_Evaluation"}, {"sentence_index": 15, "sentence_text": "What the company needs now, executives say, is the open markets and steady economy that have allowed it to grow its workforce from below 800 at the end of the 2007-2009 recession to almost 1,500 today - partly on the basis of exports to China.", "sentence_label": "Distant_Evaluation"}, {"sentence_index": 16, "sentence_text": "DIFFERENT COMPANY", "sentence_label": "Cause_General"}, {"sentence_index": 17, "sentence_text": "That growth has been largely driven by demand for more customized, higher end furniture.", "sentence_label": "Cause_General"}, {"sentence_index": 18, "sentence_text": "In expanding, the 129-year-old company has been hiring not only factory workers, but also designers, marketing experts and other professionals.", "sentence_label": "Cause_General"}, {"sentence_index": 19, "sentence_text": "In all, it is a different firm from what it was three decades ago when it first began dividing product lines between the United States and Asia.", "sentence_label": "Cause_General"}, {"sentence_index": 20, "sentence_text": "The sewing lines at Bernhard Furniture Company which where skilled craft jobs are growing without the help of tariffs, and company officials say they are pressed to fill open positions is shown in Lenoir, North Carolina, U.S., August 15, 2018.", "sentence_label": "Cause_General"}, {"sentence_index": 21, "sentence_text": "REUTERS/Howard Schneider", "sentence_label": "NA"}, {"sentence_index": 22, "sentence_text": "Economists say the same is true across much of U.S. manufacturing.", "sentence_label": "Distant_Evaluation"}, {"sentence_index": 23, "sentence_text": "To invest and hire more workers, executives would need certainty, for example, that consumers would prefer U.S.-made products at a potentially higher price.", "sentence_label": "Distant_Evaluation"}, {"sentence_index": 24, "sentence_text": "They would need confidence that tariffs would last beyond the Trump administration and that production could not be shifted to other more cost-competitive countries.", "sentence_label": "Distant_Evaluation"}, {"sentence_index": 25, "sentence_text": "Even then, there may be little incentive to go back to old product lines for industries that have changed dramatically because of globalization.", "sentence_label": "Distant_Evaluation"}, {"sentence_index": 26, "sentence_text": "Across the Rust Belt and the former factory towns of the south, the transformation is apparent.", "sentence_label": "Distant_Evaluation"}, {"sentence_index": 27, "sentence_text": "In Buffalo, an old steel mill is now a solar panel factory, and a retail goods manufacturer now houses an office and restaurant park.", "sentence_label": "Distant_Anecdotal"}, {"sentence_index": 28, "sentence_text": "Near Dayton, Ohio, a shuttered GM plant has reopened as a Chinese-owned auto glass company.", "sentence_label": "Distant_Anecdotal"}, {"sentence_index": 29, "sentence_text": "Abandoned factories throughout North Carolina have landed on the Environmental Protection Agency\u2019s list of \u201cbrownfield\u201d sites that need cleanup.", "sentence_label": "Distant_Evaluation"}, {"sentence_index": 30, "sentence_text": "Some companies are considering moving production from China as a result of the tariffs, but the jobs are unlikely to head home.", "sentence_label": "Distant_Expectations_Consequences"}, {"sentence_index": 31, "sentence_text": "Illinois-based CCTY Bearing, for example, said it planned to move U.S.-bound production from Zhenjiang, China, to a new plant near Mumbai in India to keep labor costs down.", "sentence_label": "Distant_Expectations_Consequences"}, {"sentence_index": 32, "sentence_text": "JLab Audio\u2019s China-made Bluetooth products are not being taxed yet, but its chief executive Win Cramer had been scouting for suppliers in Vietnam and Mexico.", "sentence_label": "Distant_Evaluation"}, {"sentence_index": 33, "sentence_text": "\u201cI would love to build products onshore, but consumers have proven time and time again that \u201cMade in America\u201d isn\u2019t as valuable a statement as it once was,\u201d Cramer said.", "sentence_label": "Distant_Evaluation"}, {"sentence_index": 34, "sentence_text": "\u201cThey make decisions based on the cost.\u201d", "sentence_label": "Distant_Evaluation"}, {"sentence_index": 35, "sentence_text": "The price of, say, its Bluetooth earbud would jump from $20 to as much as $50 if it was made in the United States, Cramer said, far more than what tariffs would add to the cost of imports.", "sentence_label": "Distant_Expectations_Consequences"}, {"sentence_index": 36, "sentence_text": "To be sure, early reactions suggest that foreign companies that make U.S.-bound goods in China may move some of that production to the United States.", "sentence_label": "Distant_Evaluation"}, {"sentence_index": 37, "sentence_text": "Still, countries such as Vietnam may ultimately benefit the most from Trump\u2019s tariffs.", "sentence_label": "Distant_Expectations_Consequences"}, {"sentence_index": 38, "sentence_text": "Slideshow (4 Images)", "sentence_label": "NA"}, {"sentence_index": 39, "sentence_text": "Japanese construction and mining equipment maker Komatsu Ltd < 6301.T > has said it has already shifted some of its production of parts for U.S.-built excavators from China.", "sentence_label": "Cause_General"}, {"sentence_index": 40, "sentence_text": "Part of that production moved to the United States, but some also went to Mexico and Japan.", "sentence_label": "Cause_General"}, {"sentence_index": 41, "sentence_text": "In South Korea, LG Electronics (066570.KS) and its rival Samsung Electronics (005930.KS) are considering moving parts of U.S.-bound refrigerator and air conditioner production to Mexico, Vietnam or back home, but not to the United States, according to company sources and local media.", "sentence_label": "Cause_General"}, {"sentence_index": 42, "sentence_text": "STEADY RECOVERY", "sentence_label": "Distant_Evaluation"}, {"sentence_index": 43, "sentence_text": "The responses to Trump\u2019s tariffs on steel and aluminum show how such steps create both winners and losers.", "sentence_label": "Distant_Evaluation"}, {"sentence_index": 44, "sentence_text": "Producers such as U.S. Steel and Century Aluminum have said they will add at least several hundred jobs as a result of the higher prices they can charge.", "sentence_label": "Distant_Expectations_Consequences"}, {"sentence_index": 45, "sentence_text": "Mid-Continental Nail, however, laid off 130 workers because of those higher steel prices, and furniture parts maker Leggett & Platt (LEG.N) has warned that rising metal prices would prompt it to shift production abroad.", "sentence_label": "Distant_Expectations_Consequences"}, {"sentence_index": 46, "sentence_text": "So far, Washington has imposed duties on $250 billion of Chinese imports and Trump has threatened to slap tariffs on all Chinese goods.", "sentence_label": "Cause_Specific"}, {"sentence_index": 47, "sentence_text": "Many economists project new tariffs would on balance either slow down hiring or cause job losses in a manufacturing sector where employment has grown by 10 percent over the past eight years without special protection.", "sentence_label": "Distant_Expectations_Consequences"}, {"sentence_index": 48, "sentence_text": "(Graphic: tmsnrt.rs/2Q1AFUW)", "sentence_label": "NA"}, {"sentence_index": 49, "sentence_text": "The furniture industry, among the hardest hit by Chinese imports, has added 43,000 jobs since its employment hit a low of 350,000 in 2011, helped by the recovering housing market and strong consumer demand.", "sentence_label": "Cause_General"}, {"sentence_index": 50, "sentence_text": "Industry officials say skilled upholsterers and other workers are hard to find, echoing the Federal Reserve\u2019s concern about the impact of worker shortages on the U.S. economy.", "sentence_label": "Distant_Evaluation"}, {"sentence_index": 51, "sentence_text": "In Thomasville, few expect that tariffs will bring furniture manufacturing back to its heyday, nor does the community need it, says city manager Kelly Craver, whose parents worked in the furniture and textile industries.", "sentence_label": "Distant_Evaluation"}, {"sentence_index": 52, "sentence_text": "Since the recession, Thomasville has become a residential hub for growing nearby cities such as Greensboro and Charlotte.", "sentence_label": "Cause_General"}, {"sentence_index": 53, "sentence_text": "It also has its own mix of manufacturing and white collar jobs.", "sentence_label": "Cause_General"}, {"sentence_index": 54, "sentence_text": "Mohawk Industries (MHK.N) recently expanded its Thomasville laminate flooring facility while the Old Dominion Freight Line transportation firm (ODFL.O) and the fast-growing Cook Out burger chain have corporate headquarters there.", "sentence_label": "Cause_General"}, {"sentence_index": 55, "sentence_text": "\u201cWe, for the very first time in this city\u2019s existence, are going to have a diversified economy,\u201d Craver said.", "sentence_label": "Distant_Expectations_Consequences"}]}