{"file_name": "./NewsDiscourseData/json_annotations/train/Business/PReuters_7.json", "sentences": [{"sentence_index": "title", "sentence_text": "Unilever drops Dutch HQ move after British investors rebel", "sentence_label": "title"}, {"sentence_index": 1, "sentence_text": "LONDON (Reuters) - Unilever (ULVR.L) (UNc.AS) executives scrapped plans to move the company headquarters to the Netherlands on Friday in the face of a shareholder revolt, keeping one of Britain\u2019s most valuable businesses in London ahead of Brexit.", "sentence_label": "Main"}, {"sentence_index": 2, "sentence_text": "The climbdown came just three weeks before planned votes on the proposal and is a victory for shareholders who opposed a change which would have removed the maker of Marmite, Dove soap and Ben & Jerry's ice cream from the benchmark FTSE 100 index .FTSE.", "sentence_label": "Distant_Evaluation"}, {"sentence_index": 3, "sentence_text": "\u201cWe are pleased they have abandoned the plan to \u2018go Dutch\u2019,\u201d said GAM portfolio manager Ali Miremadi, who intended to vote against the move.", "sentence_label": "Distant_Evaluation"}, {"sentence_index": 4, "sentence_text": "\u201cNow the company can put its focus into the core job \u2013 driving long-term shareholder value.\u201d", "sentence_label": "Distant_Expectations_Consequences"}, {"sentence_index": 5, "sentence_text": "Unilever\u2019s board, led by Chairman Marijn Dekkers and fellow Dutchman Paul Polman, the chief executive, agreed to scrap the plan during a call early on Friday after it became clear that it could fall short of the approval needed, a source familiar with the matter said.", "sentence_label": "Main"}, {"sentence_index": 6, "sentence_text": "Unilever had decided to collapse its Anglo-Dutch structure following a review sparked by last year\u2019s failed $143 billion takeover approach by Kraft-Heinz (KHC.O).", "sentence_label": "Distant_Evaluation"}, {"sentence_index": 7, "sentence_text": "The stated aim was to make it more efficient and agile in a consumer market rocked by e-commerce, social media and upstart rivals.", "sentence_label": "Distant_Evaluation"}, {"sentence_index": 8, "sentence_text": "But at least 10 shareholders, which collectively own around 12 percent of Unilever PLC, had publicly opposed the move.", "sentence_label": "Cause_Specific"}, {"sentence_index": 9, "sentence_text": "They were worried about the effective forced selling of their shares with no premium, uncertainty around the future tax treatment of Dutch dividends and a perception that the move was partly aimed at securing greater takeover protection under Dutch law.", "sentence_label": "Distant_Evaluation"}, {"sentence_index": 10, "sentence_text": "Unilever\u2019s U-turn comes at a sensitive time for the British government, which is battling to protect jobs and investment as Prime Minister Theresa May fights for her proposed divorce plan from the European Union.", "sentence_label": "Distant_Evaluation"}, {"sentence_index": 11, "sentence_text": "\u201cThe UK is one of the best places in the world to grow a business, and our modern Industrial Strategy commits us to being an open and competitive economy and a great place to locate global headquarters,\u201d Business Secretary Greg Clark said.", "sentence_label": "Distant_Evaluation"}, {"sentence_index": 12, "sentence_text": "Even with a single corporate entity domiciled in the Netherlands, Unilever was keeping two of its three business units in Britain, allowing it to maintain its UK staff of 7,300.", "sentence_label": "Cause_General"}, {"sentence_index": 13, "sentence_text": "In the Netherlands, the decision has triggered political fallout for Dutch Prime Minister Mark Rutte over his unpopular proposal to scrap a withholding tax on dividends that was seen as helping to woo Unilever.", "sentence_label": "Main_Consequence"}, {"sentence_index": 14, "sentence_text": "Related Coverage Abandoned by Unilever, Dutch prime minister forced to reconsider tax plan", "sentence_label": "Main_Consequence"}, {"sentence_index": 15, "sentence_text": "He said on Friday the government was reconsidering the plan.", "sentence_label": "Distant_Evaluation"}, {"sentence_index": 16, "sentence_text": "Deputy Finance Minister Menno Snel said the Dutch cabinet was meeting to discuss the consequences.", "sentence_label": "Distant_Evaluation"}, {"sentence_index": 17, "sentence_text": "\u201cWe would have liked to have seen this turn out differently,\u201d he told reporters.", "sentence_label": "Distant_Evaluation"}, {"sentence_index": 18, "sentence_text": "HARD SELL", "sentence_label": "Distant_Evaluation"}, {"sentence_index": 19, "sentence_text": "Unilever\u2019s exit from the FTSE would have forced funds mandated to track the index to sell their shares.", "sentence_label": "Distant_Expectations_Consequences"}, {"sentence_index": 20, "sentence_text": "That may have pressured the price for the remaining shareholders, some of whom worried that shares in the new Unilever would be less liquid.", "sentence_label": "Distant_Expectations_Consequences"}, {"sentence_index": 21, "sentence_text": "The plan\u2019s highest hurdle was that it needed backing of a majority of UK shareholders, holding at least 75 percent of the shares.", "sentence_label": "Distant_Evaluation"}, {"sentence_index": 22, "sentence_text": "Those two conditions meant that small shareholders, often overlooked, could have swung the vote.", "sentence_label": "Distant_Expectations_Consequences"}, {"sentence_index": 23, "sentence_text": "As such, a number of independent investors holding their shares in nominee accounts had contacted their administrators in recent days to make adjustments needed to vote themselves, according to two trading platforms.", "sentence_label": "Cause_General"}, {"sentence_index": 24, "sentence_text": "The Investor Forum, which works to escalate investor", "sentence_label": "Cause_General"}, {"sentence_index": 25, "sentence_text": "concerns to companies, said it worked with over 20 institutions on this issue.", "sentence_label": "Cause_General"}, {"sentence_index": 26, "sentence_text": "\u201cThis demonstrates the value of asset managers actively engaging with their investee companies,\u201d said Rupert Krefting, head of corporate governance and stewardship, at M&G Investments, which opposed the proposal.", "sentence_label": "Distant_Evaluation"}, {"sentence_index": 27, "sentence_text": "Unilever took the unusual step of putting a full-page advert in the British press to try to sell the idea to skeptical investors, and executives gave a round of interviews last week to make their point.", "sentence_label": "Cause_General"}, {"sentence_index": 28, "sentence_text": "The logo of Unilever is seen at the headquarters in Rotterdam, Netherlands August 21, 2018.", "sentence_label": "NA"}, {"sentence_index": 29, "sentence_text": "REUTERS/Piroschka van de Wouw", "sentence_label": "NA"}, {"sentence_index": 30, "sentence_text": "But on Friday Unilever recognized that the proposal had not received support from a significant group of shareholders.", "sentence_label": "Cause_Specific"}, {"sentence_index": 31, "sentence_text": "\u201cThe board will now consider its next steps and will continue to engage with our shareholders,\u201d Dekkers said, adding Unilever will proceed with the plan to cancel its Dutch preference shares.", "sentence_label": "Distant_Expectations_Consequences"}, {"sentence_index": 32, "sentence_text": "Earlier this week, influential proxy advisory firm PIRC recommended shareholders vote against the move.", "sentence_label": "Cause_Specific"}, {"sentence_index": 33, "sentence_text": "Another service, IVIS - the corporate governance research service of the Investment Association - issued a \u201cred top\u201d recommendation on the move on Friday, its strongest level of concern.", "sentence_label": "Cause_Specific"}, {"sentence_index": 34, "sentence_text": "Sources said Unilever saw the writing on the wall.", "sentence_label": "Distant_Evaluation"}, {"sentence_index": 35, "sentence_text": "\u201cIt\u2019s always common for a vote to be pulled when it\u2019s going to lose,\u201d said Tim Bush, head of governance and financial analysis at PIRC.", "sentence_label": "Distant_Evaluation"}, {"sentence_index": 36, "sentence_text": "WHAT NEXT", "sentence_label": "Distant_Evaluation"}, {"sentence_index": 37, "sentence_text": "Unilever\u2019s Anglo-Dutch structure dates back to 1929 when British soap maker Lever Brothers combined with Dutch margarine company Margarine Unie.", "sentence_label": "Distant_Historical"}, {"sentence_index": 38, "sentence_text": "Unilever sold its margarine and spreads business earlier this year to KKR (KKR.N).", "sentence_label": "Distant_Historical"}, {"sentence_index": 39, "sentence_text": "The company\u2019s board on Friday said it still believes that simplifying its dual-headed structure is the best choice for the long term.", "sentence_label": "Distant_Evaluation"}, {"sentence_index": 40, "sentence_text": "For now, investors are likely to focus on the company\u2019s operational performance.", "sentence_label": "Distant_Evaluation"}, {"sentence_index": 41, "sentence_text": "It will report third-quarter results on 18 October.", "sentence_label": "Distant_Expectations_Consequences"}, {"sentence_index": 42, "sentence_text": "Unilever\u2019s London-listed shares were down 0.6 percent at 1232 GMT, while its Dutch shares were roughly flat.", "sentence_label": "Cause_General"}, {"sentence_index": 43, "sentence_text": "The biggest performance drivers currently are U.S. interest rates and difficulties in emerging markets, particularly related to currencies, said Liberum analyst Robert Waldschmidt.", "sentence_label": "Distant_Evaluation"}, {"sentence_index": 44, "sentence_text": "\u201cThis change should not really affect the group\u2019s near-term operation, although it may lead to a faster pace for CEO succession planning,\u201d he said.", "sentence_label": "Distant_Expectations_Consequences"}, {"sentence_index": 45, "sentence_text": "CEO Polman will mark his 10th anniversary as CEO in January, and speculation about succession has swirled for the last year.", "sentence_label": "Distant_Evaluation"}, {"sentence_index": 46, "sentence_text": "Unilever was advised by its corporate brokers, UBS and Deutsche Bank, and its legal adviser, Linklaters.", "sentence_label": "Cause_General"}]}