{"file_name": "./NewsDiscourseData/json_annotations/train/Business/PReuters_77.json", "sentences": [{"sentence_index": "title", "sentence_text": "Goldman drops bitcoin trading plans for now: Business Insider", "sentence_label": "title"}, {"sentence_index": 1, "sentence_text": "(Reuters) - Goldman Sachs Group Inc (GS.N) is ditching plans to open a desk for trading cryptocurrencies as the regulatory framework for crypto remains unclear, Business Insider reported on Wednesday, citing people familiar with the matter.", "sentence_label": "Main"}, {"sentence_index": 2, "sentence_text": "FILE PHOTO: The Goldman Sachs company logo is seen in the company's space on the floor of the New York Stock Exchange, (NYSE) in New York, U.S., April 17, 2018.", "sentence_label": "NA"}, {"sentence_index": 3, "sentence_text": "REUTERS/Brendan McDermid/File Photo", "sentence_label": "NA"}, {"sentence_index": 4, "sentence_text": "In recent weeks, Goldman executives have concluded that many steps still need to be taken, most of them outside the bank\u2019s control, before a regulated bank would be allowed to trade cryptocurrencies, the financial news website reported.", "sentence_label": "Cause_Specific"}, {"sentence_index": 5, "sentence_text": "\u201cAt this point, we have not reached a conclusion on the scope of our digital asset offering,\u201d Goldman Sachs spokesperson Michael DuVally told Reuters.", "sentence_label": "Distant_Evaluation"}, {"sentence_index": 6, "sentence_text": "Major cryptocurrencies plunged on the news.", "sentence_label": "Cause_General"}, {"sentence_index": 7, "sentence_text": "Bitcoin BTC=BTSP fell nearly 5 percent to touch five-day low at $6,985 on the Luxembourg-based Bitstamp exchange.", "sentence_label": "Cause_General"}, {"sentence_index": 8, "sentence_text": "Ethereum slid 9 percent, Litecoin 7.1 percent and Ripple 7.7 percent.", "sentence_label": "Cause_General"}, {"sentence_index": 9, "sentence_text": "In October, Goldman Chief Executive Lloyd Blankfein had tweeted, \u201cStill thinking about Bitcoin.", "sentence_label": "Distant_Historical"}, {"sentence_index": 10, "sentence_text": "No conclusion - not endorsing/rejecting.", "sentence_label": "Distant_Historical"}, {"sentence_index": 11, "sentence_text": "Know that folks also were skeptical when paper money displaced gold.\u201d", "sentence_label": "Distant_Historical"}, {"sentence_index": 12, "sentence_text": "Blankfein\u2019s tweet was in sharp contrast to comments made by JPMorgan Chase & Co (JPM.N) CEO Jamie Dimon, who called bitcoin a \u201cfraud.\u201d It is worse than tulips bulbs,\u201d Dimon had said, referring to a famous market bubble from the 1600s.", "sentence_label": "Distant_Evaluation"}, {"sentence_index": 13, "sentence_text": "Goldman\u2019s rival Morgan Stanley (MS.N) had spoken in favor of the currency, with CEO James Gorman calling it \u201cmore than just a fad.\u201d", "sentence_label": "Distant_Evaluation"}, {"sentence_index": 14, "sentence_text": "The virtual currency can be used to move money around the world quickly and with relative anonymity, without the need for a central authority, such as a bank or government.", "sentence_label": "Cause_General"}, {"sentence_index": 15, "sentence_text": "A fund holding the currency could attract more investors and push its price higher.", "sentence_label": "Cause_General"}, {"sentence_index": 16, "sentence_text": "Bitcoin had rocketed to a record high of $16,000 in December.", "sentence_label": "Distant_Historical"}, {"sentence_index": 17, "sentence_text": "Several small U.S. firms reshaped their business models to capitalize on the craze for blockchain technology, which supports cryptocurrency.", "sentence_label": "Distant_Historical"}, {"sentence_index": 18, "sentence_text": "Beverage maker Long Island Iced Tea Corp\u2019s LTEA.O shares jumped nearly 300 percent in late December after the company said it would rebrand itself Long Blockchain Corp.", "sentence_label": "Distant_Historical"}, {"sentence_index": 19, "sentence_text": "However, regulators across the world have been intensifying their scrutiny of initial coin offerings (ICOs) and cryptocurrency exchanges.", "sentence_label": "Cause_General"}, {"sentence_index": 20, "sentence_text": "Last year, the U.S. Securities and Exchange Commission warned that some of the coins issued in ICOs could be considered securities, implying that trading them would have to comply with federal securities laws.", "sentence_label": "Distant_Historical"}]}