{"file_name": "./NewsDiscourseData/json_annotations/train/Business/PReuters_52.json", "sentences": [{"sentence_index": "title", "sentence_text": "Exclusive: Saudi Arabia to auction detained tycoon's real estate assets - sources", "sentence_label": "title"}, {"sentence_index": 1, "sentence_text": "RIYADH (Reuters) - Saudi Arabia will auction real estate owned by indebted billionaire Maan al-Sanea and his company starting next month to help repay billions of riyals due to creditors, sources familiar with the matter told Reuters.", "sentence_label": "Main"}, {"sentence_index": 2, "sentence_text": "FILE PHOTO: A property belonging to billionaire Maan al-Sanea is seen in Khobar in Saudi Arabia's Eastern Province February 26, 2018.", "sentence_label": "NA"}, {"sentence_index": 3, "sentence_text": "REUTERS/Zuhair Al-Traifi/File Photo", "sentence_label": "NA"}, {"sentence_index": 4, "sentence_text": "Sanea, ranked by Forbes in 2007 as one of the world\u2019s 100 richest people, was detained last year for unpaid debts dating back to 2009 when his company, Saad Group, defaulted.", "sentence_label": "Cause_General"}, {"sentence_index": 5, "sentence_text": "His case is separate from the scores of Saudi businessmen and prominent figures who were held on corruption charges last year at Riyadh\u2019s Ritz Carlton hotel, although it touches on similar investor concerns about corporate governance.", "sentence_label": "Cause_General"}, {"sentence_index": 6, "sentence_text": "In what was Saudi Arabia\u2019s longest-running debt dispute, creditors have spent the past nine years pursuing Saad Group, which is based in the Eastern Province, for debt repayment.", "sentence_label": "Cause_Specific"}, {"sentence_index": 7, "sentence_text": "Etqaan Alliance, the consortium appointed late last year by a three-judge tribunal to resolve Saad\u2019s debt dispute, will sell the assets over five months at auctions in the Eastern Province, Riyadh and Jeddah, according to two sources familiar with the matter.", "sentence_label": "Main"}, {"sentence_index": 8, "sentence_text": "The first auction - of undeveloped and commercial land plots, a farm, and income-generating residential buildings in Eastern Province\u2019s Khobar and Dammam - will take place in late October, the sources added.", "sentence_label": "Main"}, {"sentence_index": 9, "sentence_text": "One source estimated sale proceeds at one to two billion riyals ($267-$533 million).", "sentence_label": "Distant_Expectations_Consequences"}, {"sentence_index": 10, "sentence_text": "A creditor source said the auction had been delayed because of weakness in the local property market.", "sentence_label": "Distant_Evaluation"}, {"sentence_index": 11, "sentence_text": "In March, Etqaan launched the first phase of the auction with around 900 vehicles owned by Saad Group, including trucks, buses, diggers, forklift trucks and golf carts.", "sentence_label": "Distant_Historical"}, {"sentence_index": 12, "sentence_text": "That auction raised around 125 million riyals, which went to repay some creditors, including unpaid workers.", "sentence_label": "Distant_Historical"}, {"sentence_index": 13, "sentence_text": "Proceeds from upcoming auctions will go to 34 creditors, mostly banks, the sources said.", "sentence_label": "Distant_Expectations_Consequences"}, {"sentence_index": 14, "sentence_text": "It is unclear whether Sanea, who remains in detention, will be released after his assets are sold.", "sentence_label": "Cause_General"}, {"sentence_index": 15, "sentence_text": "Saad Group, with interests spanning banking to healthcare, defaulted together with Ahmad Hamad al-Gosaibi and Brothers (AHAB) in 2009, leaving banks with unpaid debt of about $22 billion in what was Saudi Arabia\u2019s biggest financial meltdown.", "sentence_label": "Distant_Historical"}, {"sentence_index": 16, "sentence_text": "Earlier this year, Reemas, a financial consultancy advising al-Sanea, reached out to some creditors to try to agree to a settlement that could involve swapping creditor debts for real estate assets, but the terms are still under negotiation.", "sentence_label": "Cause_General"}, {"sentence_index": 17, "sentence_text": "Local, regional and international banks eligible for a settlement have claims totaling 16 billion riyals, with international banks such as BNP Paribas (BNPP.PA) and Citi (C.N), and regional lenders such as Mashreq, having claims of over 1 billion riyals each, sources told Reuters previously.", "sentence_label": "Cause_Specific"}, {"sentence_index": 18, "sentence_text": "Some observers estimate Saad\u2019s total debt to be between 40 billion and 60 billion riyals.", "sentence_label": "Distant_Evaluation"}, {"sentence_index": 19, "sentence_text": "($1 = 3.75 Saudi Riyals)", "sentence_label": "NA"}]}