{"file_name": "./NewsDiscourseData/json_annotations/train/Business/PReuters_69.json", "sentences": [{"sentence_index": "title", "sentence_text": "Volkswagen to end production of the Beetle next year", "sentence_label": "title"}, {"sentence_index": 1, "sentence_text": "(Reuters) - Volkswagen (VOWG_p.DE) said on Thursday it would stop producing its Beetle compact car in 2019, ending a model that looked backward to the 1960s counterculture as the automaker prepares for a leap toward a future of mass-market electric cars.", "sentence_label": "Main"}, {"sentence_index": 2, "sentence_text": "The original VW Beetle, developed in the 1930s, made a journey from a product identified with Adolf Hitler to a symbol of Germany\u2019s rebirth as a democratic, industrial powerhouse after World War Two.", "sentence_label": "Distant_Evaluation"}, {"sentence_index": 3, "sentence_text": "In the 1960s, the Beetle was a small-is-beautiful icon of the postwar baby boom generation.", "sentence_label": "Distant_Historical"}, {"sentence_index": 4, "sentence_text": "Volkswagen discontinued U.S. sales of the \u201cbug\u201d in 1979, but continued production for Mexico and Latin America.", "sentence_label": "Cause_General"}, {"sentence_index": 5, "sentence_text": "In the mid-1990s, at a time when Volkswagen was struggling to rekindle sales in the United States, then-Chief Executive Ferdinand Piech pushed to revive and modernize the distinctive Beetle design pioneered by his grandfather, Ferdinand Porsche.", "sentence_label": "Distant_Historical"}, {"sentence_index": 6, "sentence_text": "The result was a crescent-shaped car called the \u201cNew Beetle,\u201d launched in 1998, which offered playful touches such as a built-in flower vase.", "sentence_label": "Distant_Historical"}, {"sentence_index": 7, "sentence_text": "The New Beetle was a hit during its early years, with sales of more than 80,000 in the United States in 1999, but recently the car\u2019s U.S. sales have suffered along with most other small cars.", "sentence_label": "Cause_Specific"}, {"sentence_index": 8, "sentence_text": "Overall, VW has sold about 500,000 Beetles globally since 1998, the company said.", "sentence_label": "Cause_General"}, {"sentence_index": 9, "sentence_text": "Volkswagen sold a total of 11,151 Beetles in the United States through the first eight months of 2018, down 2.2 percent from the same period a year earlier.", "sentence_label": "Cause_General"}, {"sentence_index": 10, "sentence_text": "U.S. consumers looking for a small Volkswagen vehicle overwhelmingly prefer the Jetta sedan, or a Tiguan compact sport utility vehicle.", "sentence_label": "Distant_Evaluation"}, {"sentence_index": 11, "sentence_text": "The Jetta, Tiguan and Beetle are built for North America and other markets at a factory in Mexico.", "sentence_label": "Cause_General"}, {"sentence_index": 12, "sentence_text": "The end of the Beetle comes at a turning point for Volkswagen.", "sentence_label": "Distant_Evaluation"}, {"sentence_index": 13, "sentence_text": "The German automaker\u2019s last three years have been rocked by the fallout from a scandal caused by its admitted cheating on diesel emissions tests.", "sentence_label": "Cause_General"}, {"sentence_index": 14, "sentence_text": "Now, Volkswagen is gearing up to launch a wave of electric vehicles to appeal to a new generation of environmentally conscious consumers - children and grandchildren of the 1960s Beetle enthusiasts.", "sentence_label": "Distant_Expectations_Consequences"}, {"sentence_index": 15, "sentence_text": "In a statement announcing the end of the Beetle, Hinrich Woebcken, head of Volkswagen of America, said that as the company ramps up its electrification strategy, there are no plans to replace the Beetle.", "sentence_label": "Distant_Expectations_Consequences"}, {"sentence_index": 16, "sentence_text": "However, his statement did not rule that out someday.", "sentence_label": "Distant_Expectations_Consequences"}, {"sentence_index": 17, "sentence_text": "He noted the company\u2019s I.D.", "sentence_label": "Distant_Expectations_Consequences"}, {"sentence_index": 18, "sentence_text": "Buzz, a prototype for a 21st Century reincarnation of the microbus.", "sentence_label": "Distant_Expectations_Consequences"}, {"sentence_index": 19, "sentence_text": "The automaker has said it intends to put a vehicle similar to the I.D.", "sentence_label": "Distant_Expectations_Consequences"}, {"sentence_index": 20, "sentence_text": "Buzz into production as an electric vehicle.", "sentence_label": "Distant_Expectations_Consequences"}, {"sentence_index": 21, "sentence_text": "The company said two special Beetle models will join the final lineup - Final Edition SE and Final Edition SEL - in the United States and would offer driver-assistance technology.", "sentence_label": "Distant_Expectations_Consequences"}]}