{"file_name": "./NewsDiscourseData/json_annotations/train/Business/PReuters_9.json", "sentences": [{"sentence_index": "title", "sentence_text": "Schroders targets British wealth boost with Lloyds tie-up", "sentence_label": "title"}, {"sentence_index": 1, "sentence_text": "LONDON (Reuters) - Schroders (SDR.L) could soon help manage the money of people with significantly less in their bank accounts than the super-rich it has targeted so far, if talks with Lloyds (LLOY.L) about a wealth management tie-up succeed.", "sentence_label": "Distant_Expectations_Consequences"}, {"sentence_index": 2, "sentence_text": "Schroders, Britain\u2019s second largest listed fund management group by assets under management and Lloyds Banking Group, Britain\u2019s biggest retail lender, confirmed on Sunday they are in talks, but gave no further details.", "sentence_label": "Main"}, {"sentence_index": 3, "sentence_text": "However, sources familiar with the discussions confirmed details of a Sky News report which said Lloyds would roll 13.8 billion pounds ($18 billion) of client money into a joint venture with Schroders, which would contribute its technology, operational platform and investment skills.", "sentence_label": "Cause_General"}, {"sentence_index": 4, "sentence_text": "This would allow Schroders to access thousands of so-called mass affluent, those with hundreds of thousands of pounds, rather than millions or billions, in investable capital.", "sentence_label": "Distant_Expectations_Consequences"}, {"sentence_index": 5, "sentence_text": "It would be the latest step in a long-standing plan by Schroders to diversify its revenues and follow other recent acquisitions in the sector as the industry consolidates.", "sentence_label": "Distant_Evaluation"}, {"sentence_index": 6, "sentence_text": "Rathbone (RAT.L) bought Scotland\u2019s Speirs & Jeffrey for 104 million pounds earlier this year, but as one of the only large British asset managers with a significant wealth management arm, analysts do not expect the Schroders talks to trigger copy-cat deals.", "sentence_label": "Distant_Historical"}, {"sentence_index": 7, "sentence_text": "\u201cA relationship with Lloyds could be an important source of new assets in Schroders\u2019 home market.", "sentence_label": "Distant_Expectations_Consequences"}, {"sentence_index": 8, "sentence_text": "This points to management\u2019s flexibility in the way it goes to market and to its savvy around building distribution relationships,\u201d Bernstein analyst Edward Houghton said in a note to investors.", "sentence_label": "Distant_Evaluation"}, {"sentence_index": 9, "sentence_text": "Lloyds (LLOY.L), which is looking for ways to diversify its business mix from banking, where further expansion is limited, has targeted insurance and wealth and made them a key pillar of its most recent three-year strategy outlined in February.", "sentence_label": "Cause_General"}, {"sentence_index": 10, "sentence_text": "The bank, which would own 50.1 percent of the joint venture, stood to gain from Schroders\u2019 investment skills and greater diversification, analysts said.", "sentence_label": "Distant_Expectations_Consequences"}, {"sentence_index": 11, "sentence_text": "FILE PHOTO: A woman looks at her phone as she walks past a branch of Lloyds bank in London, Britain, July 20, 2018.", "sentence_label": "NA"}, {"sentence_index": 12, "sentence_text": "REUTERS/Toby Melville", "sentence_label": "NA"}, {"sentence_index": 13, "sentence_text": "Lloyds is also discussing taking a minority stake in Schroders\u2019 Cazenove Capital wealth management arm, which manages the money of its existing wealthy clients.", "sentence_label": "Cause_General"}, {"sentence_index": 14, "sentence_text": "MANDATE", "sentence_label": "Cause_General"}, {"sentence_index": 15, "sentence_text": "The third pillar of the deal would see Schroders secure a high-profile new business mandate to manage 109 billion pounds of Lloyd\u2019s insurance assets.", "sentence_label": "Cause_General"}, {"sentence_index": 16, "sentence_text": "This has been up for grabs since February, when Lloyds ended a management deal with newly-merged Standard Life Aberdeen (SLA.L) which it said had become a \u201cmaterial competitor\u201d.", "sentence_label": "Cause_General"}, {"sentence_index": 17, "sentence_text": "The annual revenue associated with the Lloyds asset management contracts represented around 130 million pounds.", "sentence_label": "Cause_General"}, {"sentence_index": 18, "sentence_text": "Since then, several of the world\u2019s biggest asset managers have competed for the mandate, which analysts at UBS said could add between 5 and 7 percent to Schroders earnings.", "sentence_label": "Distant_Expectations_Consequences"}, {"sentence_index": 19, "sentence_text": "\u201cIt would give Schroders an important scale advantage when attempting to win further mandates from insurers, given the scale-driven nature of the business,\u201d they said, flagging a price target of 3,600 pence and \u2018buy\u2019 rating.", "sentence_label": "Distant_Expectations_Consequences"}, {"sentence_index": 20, "sentence_text": "Schroders, whose shares were 0.2 percent lower at 1216 GMT, saw its existing wealth management business post a solid first half, with net income up 8 percent to 144 million pounds and pre-tax profit of 38 million pounds.", "sentence_label": "Cause_General"}, {"sentence_index": 21, "sentence_text": "The FTSE 100 .FTSE index was down 0.7 percent.", "sentence_label": "Cause_General"}, {"sentence_index": 22, "sentence_text": "For Lloyds, whose shares were down 0.9 percent, the plans involve leveraging its position to be able to offer insurance and wealth services under the same roof via its insurance subsidiary Scottish Widows.", "sentence_label": "Distant_Expectations_Consequences"}, {"sentence_index": 23, "sentence_text": "\u201cSomething like this I think will be transformative from the perspective of the growth of that business,\u201d John Cronin, financials analyst at Goodbody, told Reuters.", "sentence_label": "Distant_Evaluation"}, {"sentence_index": 24, "sentence_text": "($1 = 0.7672 pounds)", "sentence_label": "NA"}]}