{"file_name": "./NewsDiscourseData/json_annotations/train/Business/PReuters_68.json", "sentences": [{"sentence_index": "title", "sentence_text": "Commodities giant ADM ramps up ethanol sales in Chicago, irking rivals", "sentence_label": "title"}, {"sentence_index": 1, "sentence_text": "NEW YORK/CHICAGO (Reuters) - Archer Daniels Midland Co has sold unusually high volumes of ethanol into the Chicago market since late last year as export markets dried up, driving down prices in the U.S. Midwest and angering the company\u2019s rivals, according to traders and regulatory data.", "sentence_label": "Main"}, {"sentence_index": 2, "sentence_text": "FILE PHOTO: The world's largest corn mill of global grain company Archer Daniels Midland is pictured in Decatur, Illinois, U.S., March 16, 2015.", "sentence_label": "NA"}, {"sentence_index": 3, "sentence_text": "REUTERS/Karl Plume/File Photo", "sentence_label": "NA"}, {"sentence_index": 4, "sentence_text": "The Illinois-based global commodities powerhouse, a major ethanol producer, accounted for roughly 61 percent of the 9.5 million barrels sold at the Chicago hub between November and August, according to the data reviewed by Reuters.", "sentence_label": "Main"}, {"sentence_index": 5, "sentence_text": "Previously, ADM had been a regular buyer: In September and October of last year, for example, ADM bought 810,000 barrels, 32 percent of the 2.495 million total trades in the Chicago hub during that stretch, according to the data.", "sentence_label": "Distant_Historical"}, {"sentence_index": 6, "sentence_text": "ADM\u2019s shift came amid an upheaval in the domestic ethanol market as U.S. demand flatlined and export markets, including China and Brazil, were cut off due in part to the effects of President Donald Trump\u2019s widening trade disputes.", "sentence_label": "Cause_General"}, {"sentence_index": 7, "sentence_text": "With growth in export markets slowing, U.S. ethanol inventories swelled to a record.", "sentence_label": "Cause_General"}, {"sentence_index": 8, "sentence_text": "Ethanol traders say ADM is saturating the domestic market, anchoring prices and bleeding out smaller producers less equipped to manage through the tough times.", "sentence_label": "Distant_Evaluation"}, {"sentence_index": 9, "sentence_text": "ADM spokeswoman Jackie Anderson, when asked about the shift in the company\u2019s strategy, said ADM does not comment on the specifics of its commercial activity.", "sentence_label": "Distant_Evaluation"}, {"sentence_index": 10, "sentence_text": "Ethanol futures prices traded on the Chicago Board of Trade late last month fell to $1.21 per gallon, lowest in over a decade.", "sentence_label": "Cause_General"}, {"sentence_index": 11, "sentence_text": "Ethanol in Chicago cash markets, meanwhile, were about $1.28 per gallon, just above a low of $1.24 from December, traders told Reuters.", "sentence_label": "Cause_General"}, {"sentence_index": 12, "sentence_text": "The heavy selling by ADM has led traders who have lost money on the slumping ethanol market to complain to S&P Global Platts, which provides benchmark pricing for the physical ethanol contract at different U.S. delivery points including Chicago.", "sentence_label": "Cause_General"}, {"sentence_index": 13, "sentence_text": "In July, Platts hosted an ethanol pricing methodology workshop in Houston at which senior traders from the largest U.S. ethanol trading shops expressed anger about ADM\u2019s influence on the market, according to several traders who attended.", "sentence_label": "Distant_Evaluation"}, {"sentence_index": 14, "sentence_text": "\u201cIt\u2019s one person\u2019s view of the market,\u201d said one trader who attended the meeting.", "sentence_label": "Distant_Anecdotal"}, {"sentence_index": 15, "sentence_text": "\u201cTraders are angry ... and they blame ADM,\u201d another trader said.", "sentence_label": "Distant_Anecdotal"}, {"sentence_index": 16, "sentence_text": "Platts said the company is conducting ongoing discussions about evolving its pricing methodology, including feedback from the July conference.", "sentence_label": "Distant_Evaluation"}, {"sentence_index": 17, "sentence_text": "\u201cWe are still evaluating the feedback and continuing bilateral conversations with market participants who were not able to attend,\u201d the company said in a written statement.", "sentence_label": "Distant_Evaluation"}, {"sentence_index": 18, "sentence_text": "ADM can produce roughly 1.6 billion gallons of ethanol annually, about 10 percent of U.S. capacity.", "sentence_label": "Cause_General"}, {"sentence_index": 19, "sentence_text": "Despite its massive production, it has often been a buyer on the cash market to supplement its long-term supply deals or to support a market view, dealers said.", "sentence_label": "Distant_Evaluation"}, {"sentence_index": 20, "sentence_text": "The company has told investors that a sustained trade war with China could hurt sales.", "sentence_label": "Distant_Expectations_Consequences"}, {"sentence_index": 21, "sentence_text": "China, considered the top growth market for U.S. ethanol exports, imposed tariffs of about 70 percent on imports of American biofuel - all but halting shipments there.", "sentence_label": "Cause_General"}, {"sentence_index": 22, "sentence_text": "BIG DELIVERIES", "sentence_label": "Distant_Evaluation"}, {"sentence_index": 23, "sentence_text": "The commodity giant has also been using the futures market to show that it could deliver additional volumes in and around the Chicago hub.", "sentence_label": "Distant_Evaluation"}, {"sentence_index": 24, "sentence_text": "The company can easily ship to Chicago from its large ethanol plants in Iowa.", "sentence_label": "Distant_Evaluation"}, {"sentence_index": 25, "sentence_text": "On the Chicago Board of Trade, ADM registered all 579 ethanol contracts for delivery as of Tuesday, each contract representing 29,000 gallons \u2013 or enough for about one rail tanker car - the most in the history of the contract, according to CME Group data.", "sentence_label": "Cause_General"}, {"sentence_index": 26, "sentence_text": "The registrations were a signal to the over 20 other companies also registered to participate in CBOT ethanol deliveries - which include Shell, Green Plains Inc, Vitol and Mercuria - that ADM has an abundant supply of biofuel in storage, to tap and sell against the futures contract.", "sentence_label": "Distant_Evaluation"}, {"sentence_index": 27, "sentence_text": "\u201cWe don\u2019t really know or understand what they are doing,\u201d said one CEO of a publicly-traded ethanol company.", "sentence_label": "Distant_Anecdotal"}, {"sentence_index": 28, "sentence_text": "One trader noted that ADM was short 400,000 barrels last week on the Chicago Board of Trade.", "sentence_label": "Distant_Anecdotal"}, {"sentence_index": 29, "sentence_text": "As a major ethanol producer, they are long physical gallons so having a short position in futures as a hedge against physical price declines is not unusual, traders said.", "sentence_label": "Distant_Evaluation"}]}