{"file_name": "./NewsDiscourseData/json_annotations/train/Business/PReuters_82.json", "sentences": [{"sentence_index": "title", "sentence_text": "Under fire Danske Bank faces fresh money laundering inquiry", "sentence_label": "title"}, {"sentence_index": 1, "sentence_text": "COPENHAGEN (Reuters) - Danske Bank (DANSKE.CO) faced a new Danish money laundering inquiry on Thursday as political anger spread over a scandal involving 200 billion euros ($234 billion) in payments, many of which were suspicious, through Estonia.", "sentence_label": "Main"}, {"sentence_index": 2, "sentence_text": "FILE PHOTO: Danske Bank sign is seen at the bank's Estonian branch in Tallinn, Estonia August 3, 2018.", "sentence_label": "NA"}, {"sentence_index": 3, "sentence_text": "REUTERS/Ints Kalnins/File Photo", "sentence_label": "NA"}, {"sentence_index": 4, "sentence_text": "Chief Executive Thomas Borgen resigned on Wednesday after an investigation commissioned by Danske Bank exposed control and compliance failings, fuelling calls for more stringent European Union rules after several such scandals.", "sentence_label": "Cause_Specific"}, {"sentence_index": 5, "sentence_text": "The bank\u2019s report sparked vocal political criticism and prompted Denmark\u2019s Financial Services Authority (FSA) to revisit a case which it had put on ice earlier this year, but is reported to have attracted the attention of U.S. authorities.", "sentence_label": "Cause_Specific"}, {"sentence_index": 6, "sentence_text": "\u201cWe\u2019re reopening the investigation of the bank that we initially closed in May,\u201d FSA head Jesper Berg told Danish broadcaster TV2.", "sentence_label": "Main"}, {"sentence_index": 7, "sentence_text": "In May an FSA report said it had found \u201cserious weaknesses\u201d in the bank\u2019s governance and demanded reforms, as well imposing reprimands and a higher capital requirement.", "sentence_label": "Distant_Historical"}, {"sentence_index": 8, "sentence_text": "Berg said the FSA would use the new information from Danske Bank\u2019s report and focus on identifying a legal responsibility.", "sentence_label": "Distant_Expectations_Consequences"}, {"sentence_index": 9, "sentence_text": "In an indication of the penalties such lapses can entail, Dutch financial group ING (INGA.AS) agreed to pay 775 million euros this month after money laundering through its accounts.", "sentence_label": "Cause_Specific"}, {"sentence_index": 10, "sentence_text": "One of the main factors behind a dramatic fall in Danske Bank\u2019s share price this year is investor concern that it could have broken U.S. sanctions, which could entail billions of dollars in penalties.", "sentence_label": "Distant_Evaluation"}, {"sentence_index": 11, "sentence_text": "Danske Bank said on Wednesday it had not so far found any breach of sanctions, while Chairman Ole Andersen said it had assessed whether it had violated U.S. laws, but declined to share its conclusion.", "sentence_label": "Distant_Evaluation"}, {"sentence_index": 12, "sentence_text": "While authorities in the United States have yet to say whether they are investigating the payments, many of which came from Russia and other former Soviet states, Danske Bank\u2019s case is already high on the agenda of European Union members.", "sentence_label": "Distant_Evaluation"}, {"sentence_index": 13, "sentence_text": "European Justice Commissioner Vera Jourova said on Thursday she will discuss the Danske Bank case with the finance ministers of Denmark, Finland and Estonia on October 2.", "sentence_label": "Distant_Expectations_Consequences"}, {"sentence_index": 14, "sentence_text": "\u201cI want to understand better where the main errors happened, whether it was purely the fault of the lack of due diligence done by the bank itself or whether there was also some mistakes at the level of supervisory authorities,\u201d she said.", "sentence_label": "Distant_Evaluation"}, {"sentence_index": 15, "sentence_text": "Jourova told a news conference in Brussels that she will also discuss the case with the European Banking Authority to see if supervisory mistakes were made.", "sentence_label": "Distant_Expectations_Consequences"}, {"sentence_index": 16, "sentence_text": "And in a sign of investor concern, Brussels-based consultancy firm Deminor Recovery Service said it would seek shareholder backing for an impartial investigation of the case at Danske Bank\u2019s annual general meeting in March.", "sentence_label": "Distant_Expectations_Consequences"}, {"sentence_index": 17, "sentence_text": "\u201cSTRIKING FAILURE\u201d", "sentence_label": "Distant_Evaluation"}, {"sentence_index": 18, "sentence_text": "Danish prime minister Lars Lokke Rasmussen voiced his concern over the failings exposed by the country\u2019s biggest lender, saying he was \u201cshocked\u201d at the scope of the suspicious payments and pushed the bank for more answers.", "sentence_label": "Distant_Evaluation"}, {"sentence_index": 19, "sentence_text": "\u201cThe fact that Denmark has been at the center of money laundering of this size is frankly quite horrible,\u201d Rasmussen said outside a meeting of European Union leaders in Salzburg.", "sentence_label": "Distant_Evaluation"}, {"sentence_index": 20, "sentence_text": "Danske Bank already faces a criminal investigation after the Danish state prosecutor for financial crime said in August it had started its own inquiry.", "sentence_label": "Cause_General"}, {"sentence_index": 21, "sentence_text": "\u201cThe case doesn\u2019t end with this,\u201d the PM said in reference to Wednesday\u2019s report from Danske Bank.", "sentence_label": "Distant_Expectations_Consequences"}, {"sentence_index": 22, "sentence_text": "Danish politicians, who are scrambling to show they take the problem seriously, agreed on a new anti-money laundering law this week that will include an eight-fold increase in the size of fines, making it one of the toughest in Europe.", "sentence_label": "Distant_Expectations_Consequences"}, {"sentence_index": 23, "sentence_text": "\u201cIt\u2019s a striking management failure,\u201d Jeppe Kofod, who chairs the European Parliament\u2019s special committee on financial crimes, tax evasion and tax avoidance, told Reuters.", "sentence_label": "Distant_Evaluation"}, {"sentence_index": 24, "sentence_text": "\u201cThe responsible people should be fired to show that such a failure has consequences,\u201d he said.", "sentence_label": "Distant_Expectations_Consequences"}, {"sentence_index": 25, "sentence_text": "Danske Bank said it had taken action against former and current staff, but in Denmark, which regularly features in surveys as one of the world\u2019s least corrupt countries, politicians were critical of it for not revealing how much money may have been laundered or who held legal responsibility.", "sentence_label": "Distant_Evaluation"}, {"sentence_index": 26, "sentence_text": "Business minister Rasmus Jarlov said that Denmark wanted to avoid a scenario like the one in Latvia where ABLV was accused by U.S. authorities of covering up money laundering, leading to the bank being denied U.S. dollar funding and collapsing.", "sentence_label": "Distant_Evaluation"}, {"sentence_index": 27, "sentence_text": "\u201cWe\u2019re dealing with it here, and we crack down hard on money laundering, and we hope this is being noticed abroad,\u201d he said.", "sentence_label": "Distant_Expectations_Consequences"}]}