{"file_name": "./NewsDiscourseData/json_annotations/train/Business/PXinhua_47.json", "sentences": [{"sentence_index": "title", "sentence_text": "Swedish companies eye great business opportunities at CIIE - Xinhua", "sentence_label": "title"}, {"sentence_index": 1, "sentence_text": "Source: Xinhua| 2018-11-04 18:45:47|Editor: Yurou", "sentence_label": "NA"}, {"sentence_index": 2, "sentence_text": "Video Player Close", "sentence_label": "NA"}, {"sentence_index": 3, "sentence_text": "STOCKHOLM, Nov. 4 (Xinhua) -- Swedish companies look to the upcoming China International Import Expo (CIIE) to promote their products in the lucrative Chinese market and enhance business ties with China.", "sentence_label": "Main"}, {"sentence_index": 4, "sentence_text": "According to Economic and Commercial Counselor's Office of the Chinese Embassy in Sweden, 14 Swedish companies including prominent brands such as Hasselblad, Volvo Cars, SAS, etc., registered their participation to the CIIE, to be held in Shanghai on Nov. 5-10.", "sentence_label": "Cause_General"}, {"sentence_index": 5, "sentence_text": "\"We believe this Expo would offer a valuable platform which Hasselblad can fully showcase our products and innovative technology to the world,\" said Jon Diele, Vice President of Global Sales and Marketing at Hasselblad, a Swedish camera systems manufacturer.", "sentence_label": "Distant_Expectations_Consequences"}, {"sentence_index": 6, "sentence_text": "\"We expect that more people are able to know Hasselblad, learn our products and experience the image quality of Hasselblad cameras,\" Diele told Xinhua.", "sentence_label": "Distant_Expectations_Consequences"}, {"sentence_index": 7, "sentence_text": "\"China is a growing market for Hasselblad, which has great potential to be developed.", "sentence_label": "Distant_Evaluation"}, {"sentence_index": 8, "sentence_text": "Hasselblad's market share in China is increasing year by year.\"", "sentence_label": "Distant_Evaluation"}, {"sentence_index": 9, "sentence_text": "he added.", "sentence_label": "Distant_Evaluation"}, {"sentence_index": 10, "sentence_text": "Regarding the expo as \"an important platform to connect China to the world market, which will be beneficial to both China and worldwide business,\" Diele said that it is also \"a strong proof that China is willing to share the market and promote the globalization of trade, as well as increase the global economy.\"", "sentence_label": "Distant_Evaluation"}, {"sentence_index": 11, "sentence_text": "China-Sweden cooperation has a long history with two-way trade starting as early as in the 16th century.", "sentence_label": "Cause_General"}, {"sentence_index": 12, "sentence_text": "In 1950, Sweden became the first Western country to establish diplomatic ties with China.", "sentence_label": "Distant_Historical"}, {"sentence_index": 13, "sentence_text": "Over the past 68 years, thanks to the joint efforts of the Chinese and Swedish governments and the business community, the two countries continued to make achievements in economic and trade cooperation, according to the Counselor's Office.", "sentence_label": "Distant_Evaluation"}, {"sentence_index": 14, "sentence_text": "\"Sweden remains China's largest trading partner and provider of capital and technology in the Nordic region,\" Han Xiaodong, China's Economic and Commercial Counselor in Sweden, told Xinhua.", "sentence_label": "Cause_General"}, {"sentence_index": 15, "sentence_text": "\"In 2017, bilateral trade increased to 15 billion U.S. dollars, with Sweden standing on the surplus side for the first time in 25 years, which highlights the increasing popularity of high-quality Swedish products in the Chinese market,\" he said.", "sentence_label": "Distant_Historical"}, {"sentence_index": 16, "sentence_text": "\"Two-way investment is on the rise, with Swedish companies investing up to 4.85 billion U.S. dollars in over 1,400 projects in China.", "sentence_label": "Cause_General"}, {"sentence_index": 17, "sentence_text": "Chinese investment in Sweden started late, but grew very fast,\" Han said, citing the Geely-Volvo project as a successful example.", "sentence_label": "Distant_Evaluation"}]}