{"file_name": "./NewsDiscourseData/json_annotations/train/Business/PXinhua_904.json", "sentences": [{"sentence_index": "title", "sentence_text": "Singapore retail sales decline by 6 pct y-o-y in December 2018 - Xinhua", "sentence_label": "title"}, {"sentence_index": 1, "sentence_text": "Source: Xinhua| 2019-02-12 16:05:50|Editor: xuxin", "sentence_label": "NA"}, {"sentence_index": 2, "sentence_text": "Video Player Close", "sentence_label": "NA"}, {"sentence_index": 3, "sentence_text": "SINGAPORE, Feb. 12 (Xinhua) -- Singapore's retail sales decreased by 6 percent year on year in December 2018, compared to a 2.4 percent decrease in November, the Department of Statistics of Singapore said Tuesday.", "sentence_label": "Main"}, {"sentence_index": 4, "sentence_text": "The retail sales decreased by 3.4 percent month on month on a seasonally adjusted basis in December, compared to a 0.1 percent increase in the previous month.", "sentence_label": "Main"}, {"sentence_index": 5, "sentence_text": "The authority said excluding motor vehicles, retail sales of last December dropped by 3 percent year on year and 4.1 percent month on month.", "sentence_label": "Main"}, {"sentence_index": 6, "sentence_text": "Singapore's total retail sales value in December was estimated at 4.3 billion Singapore dollars (about 3.17 billion U.S. dollars).", "sentence_label": "Cause_General"}, {"sentence_index": 7, "sentence_text": "The estimated proportion of online retail sales to total retail sales is 5.5 percent.", "sentence_label": "Cause_General"}, {"sentence_index": 8, "sentence_text": "Meanwhile, the sales of food and beverages increased by 4.5 percent year on year and by 0.6 percent month on month.", "sentence_label": "Main"}, {"sentence_index": 9, "sentence_text": "The sales value was estimated at 925 million Singapore dollars (about 680.93 million U.S. dollars) in December.", "sentence_label": "Cause_General"}]}