{"file_name": "./NewsDiscourseData/json_annotations/train/Business/PXinhua_908.json", "sentences": [{"sentence_index": "title", "sentence_text": "Bundesliga revenue hits 3.81 billion euros in 2017-2018 season - Xinhua", "sentence_label": "title"}, {"sentence_index": 1, "sentence_text": "Source: Xinhua| 2019-02-13 21:18:19|Editor: xuxin", "sentence_label": "NA"}, {"sentence_index": 2, "sentence_text": "Video Player Close", "sentence_label": "NA"}, {"sentence_index": 3, "sentence_text": "BERLIN, Feb. 13 (Xinhua) -- The German Bundesliga's revenue has risen to 3.81 billion euros (4.3 billion dollars) in the 2017-18 season, the German football league said on Wednesday.", "sentence_label": "Main"}, {"sentence_index": 4, "sentence_text": "According to the DFL 2019 Economic Report, 17 of the 18 top flight clubs generated revenue of more than 100 million euros for a 13 per cent rise compared with the 2016-2017 season.", "sentence_label": "Cause_Specific"}, {"sentence_index": 5, "sentence_text": "Overall, revenue of the 36 Bundesliga and second-division clubs rose for a 14th straight year to 4.42 billion euros, an annual growth rate of 8.6 per cent.", "sentence_label": "Main"}, {"sentence_index": 6, "sentence_text": "\"German professional football has continued its positive development,\" DFL chief executive Christian Seifert said.", "sentence_label": "Cause_General"}]}