{"file_name": "./NewsDiscourseData/json_annotations/train/Business/PXinhua_905.json", "sentences": [{"sentence_index": "title", "sentence_text": "Kenya's tea production expected to drop 12 pct in 2019 - Xinhua", "sentence_label": "title"}, {"sentence_index": 1, "sentence_text": "Source: Xinhua| 2019-02-12 19:56:57|Editor: Xiaoxia", "sentence_label": "NA"}, {"sentence_index": 2, "sentence_text": "Video Player Close", "sentence_label": "NA"}, {"sentence_index": 3, "sentence_text": "NAIROBI, Feb. 12 (Xinhua) -- Kenya's tea production is projected to drop by 12 percent year-on-year in 2019, the country's tea industry regulator said on Tuesday.", "sentence_label": "Main"}, {"sentence_index": 4, "sentence_text": "\"The total production for 2019 is expected to drop to about 416 million kilograms,\" Tea Directorate said in a statement issued in Nairobi.", "sentence_label": "Main"}, {"sentence_index": 5, "sentence_text": "It noted that export volumes are expected to drop by the same margin of 12 percent to reach 422 million kilograms, while earnings are expected to hit a record of 133 billion Kenyan shillings (1.33 billion U.S. dollars).", "sentence_label": "Main"}, {"sentence_index": 6, "sentence_text": "The Tea Directorate said production for 2018 rose 12 percent on a yearly basis to 492.99 million kilograms owing to good weather condition.", "sentence_label": "Cause_General"}, {"sentence_index": 7, "sentence_text": "According to the Tea Directorate, the country exported a total of 474.86 million kilograms of tea in 2018.", "sentence_label": "Cause_General"}, {"sentence_index": 8, "sentence_text": "This was 59.14 million kilograms higher than 415.68 million kilograms exported in 2017.", "sentence_label": "Cause_General"}, {"sentence_index": 9, "sentence_text": "Export earnings increased by 590 million dollars to 1.40 billion dollars in 2018.", "sentence_label": "Cause_General"}]}