{"file_name": "./NewsDiscourseData/json_annotations/train/Business/PXinhua_45.json", "sentences": [{"sentence_index": "title", "sentence_text": "China to carry out business environment assessment - Xinhua", "sentence_label": "title"}, {"sentence_index": 1, "sentence_text": "Source: Xinhua| 2018-11-28 20:56:15|Editor: Li Xia", "sentence_label": "NA"}, {"sentence_index": 2, "sentence_text": "Video Player Close", "sentence_label": "NA"}, {"sentence_index": 3, "sentence_text": "BEIJING, Nov. 28 (Xinhua) -- The Chinese government on Wednesday decided to carry out an assessment of its business environment, according to a statement released after a State Council executive meeting presided over by Premier Li Keqiang.", "sentence_label": "Main"}, {"sentence_index": 4, "sentence_text": "The assessment will focus on areas closely related to market participants, including starting a business, getting a construction permit, obtaining a loan, paying taxes, going through bankruptcy procedures and protecting intellectual property rights.", "sentence_label": "Main"}, {"sentence_index": 5, "sentence_text": "The country will push for rolling out more hard measures for improving the business environment to maintain China's attraction for domestic and foreign investment, the statement said.", "sentence_label": "Main"}, {"sentence_index": 6, "sentence_text": "China will expand the implementation of practices that prove to be effective in facilitating the operations of enterprises from a number of local areas through to the whole country, according to the statement.", "sentence_label": "Main"}, {"sentence_index": 7, "sentence_text": "It was also decided at the meeting that measures will be taken to increase the supply and improve the quality of elderly care services.", "sentence_label": "Main"}]}