{"file_name": "./NewsDiscourseData/json_annotations/train/Business/PXinhua_903.json", "sentences": [{"sentence_index": "title", "sentence_text": "S. Korea's manufacturing supply falls in 2018 - Xinhua", "sentence_label": "title"}, {"sentence_index": 1, "sentence_text": "Source: Xinhua| 2019-02-12 14:20:27|Editor: WX", "sentence_label": "NA"}, {"sentence_index": 2, "sentence_text": "Video Player Close", "sentence_label": "NA"}, {"sentence_index": 3, "sentence_text": "SEOUL, Feb. 12 (Xinhua) -- South Korea's supply in the manufacturing industry, including a production at home and imports, fell last year, marking the first decline since relevant data began to be compiled in 2010.", "sentence_label": "Main"}, {"sentence_index": 4, "sentence_text": "The domestic manufacturing supply shed 0.1 percent in 2018 from a year earlier, after expanding 3.8 percent in the previous year, according to dada released by Statistics Korea on Tuesday.", "sentence_label": "Main"}, {"sentence_index": 5, "sentence_text": "The reduction was attributed to a slowdown in the construction sector, which led to the reduced production in the metal processing industry.", "sentence_label": "Cause_Specific"}, {"sentence_index": 6, "sentence_text": "The machinery equipment sector also slumped on weak demand for the semiconductor equipment.", "sentence_label": "Cause_Specific"}, {"sentence_index": 7, "sentence_text": "The supply of consumer goods increased 1.6 percent last year, but those for capital and intermediate goods dipped 1.2 percent and 0.4 percent, respectively.", "sentence_label": "Cause_Specific"}, {"sentence_index": 8, "sentence_text": "The portion of imports to the total supply in the manufacturing sector was 25.7 percent in 2018, up 0.3 percentage points from a year ago.", "sentence_label": "Cause_General"}]}