{"file_name": "./NewsDiscourseData/json_annotations/train/Business/PXinhua_911.json", "sentences": [{"sentence_index": "title", "sentence_text": "China raises retail fuel prices - Xinhua", "sentence_label": "title"}, {"sentence_index": 1, "sentence_text": "Source: Xinhua| 2019-02-14 19:03:55|Editor: ZX", "sentence_label": "NA"}, {"sentence_index": 2, "sentence_text": "Video Player Close", "sentence_label": "NA"}, {"sentence_index": 3, "sentence_text": "BEIJING, Feb. 14 (Xinhua) -- China will raise the retail prices of gasoline and diesel starting Friday, the country's top economic planner said Thursday.", "sentence_label": "Main"}, {"sentence_index": 4, "sentence_text": "Based on changes in international oil prices, the retail prices of both gasoline and diesel will be raised by 50 yuan (about 7.4 U.S. dollars) per tonne, according to the National Development and Reform Commission (NDRC).", "sentence_label": "Main"}, {"sentence_index": 5, "sentence_text": "Under the current pricing mechanism, if international crude oil prices change by more than 50 yuan per tonne and remain at that level for 10 working days, the prices of refined oil products such as gasoline and diesel in China will be adjusted accordingly.", "sentence_label": "Cause_General"}, {"sentence_index": 6, "sentence_text": "The NDRC has demanded that major oil companies, including China National Petroleum Corporation, China Petrochemical Corporation and China National Offshore Oil Corporation, should work to ensure stable supply and implement the pricing policy.", "sentence_label": "Cause_General"}, {"sentence_index": 7, "sentence_text": "The economic planner said it would closely monitor the effects of the current pricing mechanism and make improvements in response to global fluctuations.", "sentence_label": "Distant_Expectations_Consequences"}]}