{"file_name": "./NewsDiscourseData/json_annotations/train/Business/PXinhua_918.json", "sentences": [{"sentence_index": "title", "sentence_text": "China's smartphone shipments slip in 2018 - Xinhua", "sentence_label": "title"}, {"sentence_index": 1, "sentence_text": "Source: Xinhua| 2019-01-08 14:11:54|Editor: mmm", "sentence_label": "NA"}, {"sentence_index": 2, "sentence_text": "Video Player Close", "sentence_label": "NA"}, {"sentence_index": 3, "sentence_text": "BEIJING, Jan. 8 (Xinhua) -- China's smartphone shipments fell 15.5 percent last year to 390 million units, data from the China Academy of Information and Communications Technology (CAICT) showed Tuesday.", "sentence_label": "Main"}, {"sentence_index": 4, "sentence_text": "In December, smartphone shipments reached 33.5 million units, down 17 percent year on year, according to a report from the CAICT, a research institute under the Ministry of Industry and Information Technology.", "sentence_label": "Cause_Specific"}, {"sentence_index": 5, "sentence_text": "Last year, smartphones accounted for 94.1 percent of all mobile phone shipments in the country.", "sentence_label": "Cause_General"}, {"sentence_index": 6, "sentence_text": "Overall mobile phone shipments dropped 15.6 percent in 2018 to 414 million units, of which 391 million were 4G phones.", "sentence_label": "Main"}, {"sentence_index": 7, "sentence_text": "Chinese-brand mobile phones accounted for 89.5 percent of total shipments last year, according to the report.", "sentence_label": "Cause_General"}]}