{"file_name": "./NewsDiscourseData/json_annotations/train/Business/PXinhua_916.json", "sentences": [{"sentence_index": "title", "sentence_text": "China's biggest lender approved to set up wealth management unit - Xinhua", "sentence_label": "title"}, {"sentence_index": 1, "sentence_text": "Source: Xinhua| 2019-02-17 20:58:15|Editor: ZX", "sentence_label": "NA"}, {"sentence_index": 2, "sentence_text": "Video Player Close", "sentence_label": "NA"}, {"sentence_index": 3, "sentence_text": "BEIJING, Feb. 17 (Xinhua) -- China's banking and insurance regulator has given the country's largest lender the go-ahead to set up a wealth management subsidiary.", "sentence_label": "Main"}, {"sentence_index": 4, "sentence_text": "The Industrial and Commercial Bank of China has got the approval from the China Banking and Insurance Regulatory Commission (CBIRC), the regulator announced Saturday.", "sentence_label": "Main"}, {"sentence_index": 5, "sentence_text": "Four other big lenders Agricultural Bank of China, Bank of Communications, Construction Bank of China and Bank of China have gotten the nod for the business in the past two months.", "sentence_label": "Cause_General"}, {"sentence_index": 6, "sentence_text": "China issued rules in early December 2018 for commercial banks' wealth management branches to strengthen their risk management and support the real economy.", "sentence_label": "Cause_Specific"}, {"sentence_index": 7, "sentence_text": "The CBIRC has received wealth management branch applications of several commercial banks and more banks will follow suite.", "sentence_label": "Distant_Expectations_Consequences"}, {"sentence_index": 8, "sentence_text": "Establishment of wealth management units will enrich the mix of institutional investors, bring more funds to the real economy and the finance market, and meet consumers' diversified needs, the CBIRC said.", "sentence_label": "Distant_Expectations_Consequences"}]}