{"file_name": "./NewsDiscourseData/json_annotations/train/Business/PXinhua_913.json", "sentences": [{"sentence_index": "title", "sentence_text": "China gold reserves rise for 2nd month in January - Xinhua", "sentence_label": "title"}, {"sentence_index": 1, "sentence_text": "Source: Xinhua| 2019-02-17 16:02:18|Editor: ZX", "sentence_label": "NA"}, {"sentence_index": 2, "sentence_text": "Video Player Close", "sentence_label": "NA"}, {"sentence_index": 3, "sentence_text": "BEIJING, Feb. 17 (Xinhua) -- China increased its official gold reserves for a second straight month in January, the latest data from the People's Bank of China showed.", "sentence_label": "Main"}, {"sentence_index": 4, "sentence_text": "The country's gold reserves rose slightly to 59.94 million ounces at the end of January from 59.56 million ounces at the end of December 2018, marking a second straight month of increase.", "sentence_label": "Main"}, {"sentence_index": 5, "sentence_text": "The latest gold purchase by the world's second-largest economy came at a time when global central banks are hoarding the precious metal.", "sentence_label": "Cause_General"}, {"sentence_index": 6, "sentence_text": "According to the World Gold Council, global gold demand increased 4 percent year on year to 4,345.1 tonnes last year.", "sentence_label": "Cause_General"}, {"sentence_index": 7, "sentence_text": "The amount of gold bought by central banks reached the highest since 1971, the year when the dollar's peg to bullion was scrapped.", "sentence_label": "Cause_General"}, {"sentence_index": 8, "sentence_text": "Gold reserves of central banks around the world surged 651.5 tonnes, or 74 percent year on year, in 2018.", "sentence_label": "Cause_General"}, {"sentence_index": 9, "sentence_text": "As a safe haven hedge, gold will become more attractive in 2019, due to greater market uncertainties and the expansion of protectionist economic policies, according to a forecast from the World Gold Council.", "sentence_label": "Distant_Expectations_Consequences"}]}