{"file_name": "./NewsDiscourseData/json_annotations/train/Business/PXinhua_909.json", "sentences": [{"sentence_index": "title", "sentence_text": "New Zealand house prices fall - Xinhua", "sentence_label": "title"}, {"sentence_index": 1, "sentence_text": "Source: Xinhua| 2019-02-14 09:26:27|Editor: Li Xia", "sentence_label": "NA"}, {"sentence_index": 2, "sentence_text": "Video Player Close", "sentence_label": "NA"}, {"sentence_index": 3, "sentence_text": "WELLINGTON, Feb. 14 (Xinhua) -- Two-tiered real estate market continues in New Zealand as five regions see record prices, but Auckland and Canterbury, the two densely populated areas, see price falls, according to the latest data released from the Real Estate Institute of New Zealand (REINZ) on Thursday.", "sentence_label": "Main"}, {"sentence_index": 4, "sentence_text": "January has pointed to a two-tiered real estate market continuing with 14 out of 16 regions experiencing annual increases in the median price for residential properties, while Auckland and Canterbury saw prices fall, REINZ statistics showed.", "sentence_label": "Main"}, {"sentence_index": 5, "sentence_text": "The national median price for residential properties increased by 5.8 percent year on year to 550,000 NZ dollars (373,835 U.S. dollars) in January 2019.", "sentence_label": "Cause_General"}, {"sentence_index": 6, "sentence_text": "Prices for New Zealand excluding Auckland, the country's largest city, increased by 10.1 percent to 473,300 NZ dollars, REINZ said.", "sentence_label": "Cause_General"}, {"sentence_index": 7, "sentence_text": "In Auckland, prices fell 2.4 percent to 800,000 NZ dollars, the lowest median price for the region since February 2016.", "sentence_label": "Main"}, {"sentence_index": 8, "sentence_text": "Canterbury saw a 0.7-percent annual decline in median house prices to 431,900 NZ dollars, it said.", "sentence_label": "Main"}, {"sentence_index": 9, "sentence_text": "The rest of the country has seen strong price growth, including five regions achieving record median prices, said Bindi Norwell, chief executive at REINZ, adding this increase in price once again highlights how the lack of supply is continuing to push up house prices.", "sentence_label": "Cause_General"}, {"sentence_index": 10, "sentence_text": "New Zealand's third warmest January on record saw Kiwis heading to the beaches rather than to open homes -- houses open to potential buyers, meaning that the number of residential properties sold during January fell by 2.5 percent year-on-year, according to REINZ.", "sentence_label": "Cause_General"}, {"sentence_index": 11, "sentence_text": "(1 U.S. dollar equals to 1.47 NZ dollars)", "sentence_label": "NA"}]}