{"file_name": "./NewsDiscourseData/json_annotations/train/Business/PXinhua_920.json", "sentences": [{"sentence_index": "title", "sentence_text": "China's smartphone shipments down 11.4 pct in January - Xinhua", "sentence_label": "title"}, {"sentence_index": 1, "sentence_text": "Source: Xinhua| 2019-02-16 13:57:11|Editor: Liangyu", "sentence_label": "NA"}, {"sentence_index": 2, "sentence_text": "Video Player Close", "sentence_label": "NA"}, {"sentence_index": 3, "sentence_text": "BEIJING, Feb. 16 (Xinhua) -- China's smartphone shipments fell 11.4 percent in January to 32.15 million units, data from the China Academy of Information and Communications Technology (CAICT) showed Saturday.", "sentence_label": "Main"}, {"sentence_index": 4, "sentence_text": "Last month, smartphones accounted for 94.4 percent of all mobile phone shipments in the country, according to a report from the CAICT, a research institute under the Ministry of Industry and Information Technology.", "sentence_label": "Cause_General"}, {"sentence_index": 5, "sentence_text": "Overall mobile phone shipments dropped 12.8 percent in January to 34.05 million units, among which 95 percent were 4G phones.", "sentence_label": "Main"}, {"sentence_index": 6, "sentence_text": "Chinese-brand mobile phones accounted for 94.2 percent of total shipments last month, up from 85.7 percent in January 2018, according to the report.", "sentence_label": "Cause_General"}]}