{"file_name": "./NewsDiscourseData/json_annotations/train/Business/PXinhua_7.json", "sentences": [{"sentence_index": "title", "sentence_text": "China's national holiday sees strong consumer demand - Xinhua", "sentence_label": "title"}, {"sentence_index": 1, "sentence_text": "Source: Xinhua| 2018-10-08 22:12:59|Editor: zh", "sentence_label": "NA"}, {"sentence_index": 2, "sentence_text": "Video Player Close", "sentence_label": "NA"}, {"sentence_index": 3, "sentence_text": "HANGZHOU, Oct. 8 (Xinhua) -- China saw strong consumption during the seven-day national holiday, which concluded yesterday, with an upsurge in online shopping, according to Alibaba, China's leading e-commerce giant, and other online retailers.", "sentence_label": "Main"}, {"sentence_index": 4, "sentence_text": "Spending on smart products was the highlight, and intelligent appliances were the most popular online products, according to data released by Alibaba's Tmall.", "sentence_label": "Cause_Specific"}, {"sentence_index": 5, "sentence_text": "For example, the sales of smart robots and portable translators rose 332 percent and 361 percent respectively year-on-year.", "sentence_label": "Cause_Specific"}, {"sentence_index": 6, "sentence_text": "\"Consumption during the national holiday was in line with Alibaba's market expectation since 2018,\" said Jin Ke, director of Alibaba's Taobao.", "sentence_label": "Distant_Evaluation"}, {"sentence_index": 7, "sentence_text": "\"Online spending remains robust.\"", "sentence_label": "Distant_Evaluation"}, {"sentence_index": 8, "sentence_text": "Chinese people also spent more money on cross-border online shopping.", "sentence_label": "Cause_Specific"}, {"sentence_index": 9, "sentence_text": "NetEase, China's leading cross-border e-business platform, continued its double-digit growth.", "sentence_label": "Cause_Specific"}, {"sentence_index": 10, "sentence_text": "Maternal and baby products, cosmetics and household products remained the best sellers.", "sentence_label": "Cause_Specific"}, {"sentence_index": 11, "sentence_text": "Tmall's cross-border turnover grew over 100 percent year-on-year during the holiday.", "sentence_label": "Cause_Specific"}, {"sentence_index": 12, "sentence_text": "Chinese consumers pay close attention to the quality of products when placing orders.", "sentence_label": "Distant_Evaluation"}, {"sentence_index": 13, "sentence_text": "A survey of 4,000 NetEase users showed that 34 percent only buy high quality products while 66 percent consider price only after quality.", "sentence_label": "Cause_General"}, {"sentence_index": 14, "sentence_text": "In offline shopping, Yintai department store, a famous retail chain, saw surging sales.", "sentence_label": "Cause_Specific"}, {"sentence_index": 15, "sentence_text": "In the first three days of the holiday, customer volume and sales of Yintai's department stores across China grew by 30 percent annually.", "sentence_label": "Cause_Specific"}, {"sentence_index": 16, "sentence_text": "Freshhema's store in Hangzhou, a national seafood retail chain, welcomed 80,000 visitors on Oct 1.", "sentence_label": "Cause_Specific"}, {"sentence_index": 17, "sentence_text": "Total sales of Freshhema's stores across China were up over 500 percent.", "sentence_label": "Cause_Specific"}, {"sentence_index": 18, "sentence_text": "In addition to food consumption, other recreational spending across China also increased.", "sentence_label": "Cause_Specific"}, {"sentence_index": 19, "sentence_text": "For example, money spent on indoor amusement parks rose by 50 percent.", "sentence_label": "Cause_Specific"}, {"sentence_index": 20, "sentence_text": "Chinese people's spending during the holiday was geared towards younger consumers, diversified consumption and quality-driven shopping, according to Alibaba.", "sentence_label": "Distant_Evaluation"}]}