{"file_name": "./NewsDiscourseData/json_annotations/train/Business/PXinhua_907.json", "sentences": [{"sentence_index": "title", "sentence_text": "Malaysia's services sector revenue up 8.4 pct in 2018 - Xinhua", "sentence_label": "title"}, {"sentence_index": 1, "sentence_text": "Source: Xinhua| 2019-02-13 15:52:02|Editor: xuxin", "sentence_label": "NA"}, {"sentence_index": 2, "sentence_text": "Video Player Close", "sentence_label": "NA"}, {"sentence_index": 3, "sentence_text": "KUALA LUMPUR, Feb. 13 (Xinhua) -- Malaysia's services sector total revenue rose 8.4 percent year-on-year to 1,674 billion ringgit (about 412 billion U.S. dollars) in 2018, official data showed Wednesday.", "sentence_label": "Main"}, {"sentence_index": 4, "sentence_text": "The Malaysian Statistics Department said in a statement that revenue for the fourth quarter last year also grew 8.4 percent year-on-year to 433 billion ringgit, mainly driven by wholesale and retail trade, food and beverages and accommodation.", "sentence_label": "Main"}, {"sentence_index": 5, "sentence_text": "The sector engaged with 3.7 million persons in 2018, up 2.6 percent from the previous year.", "sentence_label": "Cause_General"}, {"sentence_index": 6, "sentence_text": "Its total salaries and wages paid increased by 3.8 percent year-on-year to 97 billion ringgit.", "sentence_label": "Cause_General"}, {"sentence_index": 7, "sentence_text": "(1 ringgit equals to 0.25 U.S. dollar)", "sentence_label": "NA"}]}