{"file_name": "./NewsDiscourseData/json_annotations/train/Business/PXinhua_912.json", "sentences": [{"sentence_index": "title", "sentence_text": "Xinjiang's major cotton base reports record output in 2018 - Xinhua", "sentence_label": "title"}, {"sentence_index": 1, "sentence_text": "Source: Xinhua| 2019-02-15 13:31:22|Editor: Xiang Bo", "sentence_label": "NA"}, {"sentence_index": 2, "sentence_text": "Video Player Close", "sentence_label": "NA"}, {"sentence_index": 3, "sentence_text": "URUMQI, Feb. 15 (Xinhua) -- The cotton cultivation areas under the jurisdiction of the Xinjiang Production and Construction Corps (XPCC), an economic and paramilitary organization, reported a record-high production last year, local authorities said Thursday.", "sentence_label": "Main"}, {"sentence_index": 4, "sentence_text": "Stationed in northwest China's Xinjiang Uygur Autonomous Region, the corps reported cotton output of 2.05 million tonnes in 2018, up 20.7 percent year on year, at a press conference.", "sentence_label": "Main"}, {"sentence_index": 5, "sentence_text": "The output accounted for about 40 percent of the region's total yield and 33.5 percent of the national total, according to the corps.", "sentence_label": "Cause_General"}, {"sentence_index": 6, "sentence_text": "Wang Xinnong, director of the corps' statistics bureau, said the strong growth in cotton production can be attributed to favorable weather conditions and preferential policies such as subsidies for cotton growers.", "sentence_label": "Distant_Evaluation"}, {"sentence_index": 7, "sentence_text": "Thanks to the policies, the base's cotton-growing area expanded 23.1 percent to reach 854,033 hectares last year, Wang said.", "sentence_label": "Distant_Evaluation"}, {"sentence_index": 8, "sentence_text": "The XPCC was established in 1954 to facilitate the region's socio-economic development, promote unity among ethnic groups and strengthen national border defense.", "sentence_label": "Distant_Historical"}]}