{"file_name": "./NewsDiscourseData/json_annotations/train/Business/PXinhua_914.json", "sentences": [{"sentence_index": "title", "sentence_text": "Tibet's foreign trade stable in 2018 - Xinhua", "sentence_label": "title"}, {"sentence_index": 1, "sentence_text": "Source: Xinhua| 2019-02-17 17:52:36|Editor: Yurou", "sentence_label": "NA"}, {"sentence_index": 2, "sentence_text": "Video Player Close", "sentence_label": "NA"}, {"sentence_index": 3, "sentence_text": "LHASA, Feb. 17 (Xinhua) -- Foreign trade in southwest China's Tibet Autonomous Region was stable in 2018.", "sentence_label": "Main"}, {"sentence_index": 4, "sentence_text": "Official data showed that Tibet's import and export volume totaled 4.752 billion yuan (701 million U.S. dollars) last year.", "sentence_label": "Main"}, {"sentence_index": 5, "sentence_text": "Meanwhile, trade between border residents exceeded 100 million yuan, a year-on-year increase of 169.3 percent.", "sentence_label": "Main"}, {"sentence_index": 6, "sentence_text": "Trade with Nepal rose 4.6 percent year on year and accounted for 52.6 percent of all foreign trade.", "sentence_label": "Main"}, {"sentence_index": 7, "sentence_text": "Tibet has rolled out a series of measures to enhance border trade, while actively joining in the Belt and Road Initiative, which provided a strong impetus to its foreign trade development, said Liu Dali, chief of Lhasa Customs.", "sentence_label": "Cause_General"}, {"sentence_index": 8, "sentence_text": "Local authorities' promotion of economic cooperation with countries in South Asia and Southeast Asia also contributed to the stable foreign trade.", "sentence_label": "Cause_General"}, {"sentence_index": 9, "sentence_text": "Last year, 26 new foreign-invested enterprises were set up in Tibet, bringing a foreign capital of 60 million U.S. dollars.", "sentence_label": "Cause_Specific"}]}