{"file_name": "./NewsDiscourseData/json_annotations/train/Business/PXinhua_9.json", "sentences": [{"sentence_index": "title", "sentence_text": "China firmly protects lawful rights, interests of foreign businesses: white paper - Xinhua", "sentence_label": "title"}, {"sentence_index": 1, "sentence_text": "Source: Xinhua| 2018-09-24 21:21:44|Editor: Liangyu", "sentence_label": "NA"}, {"sentence_index": 2, "sentence_text": "Video Player Close", "sentence_label": "NA"}, {"sentence_index": 3, "sentence_text": "BEIJING, Sept. 24 (Xinhua) -- Cooperation is the only correct option for China and the United States, and only a win-win approach will lead to a better future, said a white paper released by the Information Office of the State Council on Monday.", "sentence_label": "Main"}, {"sentence_index": 4, "sentence_text": "The white paper titled \"The Facts and China's Position on China-U.S. Trade Friction\" said that China's position is clear, consistent and firm.", "sentence_label": "Main"}, {"sentence_index": 5, "sentence_text": "China is firmly committed to safeguarding its national dignity and core interests, advancing the sound development of China-U.S. economic and trade relations and protecting the lawful rights and interests of foreign businesses in China, it said.", "sentence_label": "Main"}, {"sentence_index": 6, "sentence_text": "The United States is a major source of foreign investment for China.", "sentence_label": "Cause_General"}, {"sentence_index": 7, "sentence_text": "According to China's Ministry of Commerce (MOFCOM), by the end of 2017, there were approximately 68,000 U.S.-funded enterprises in China with actualized investment of more than 83 billion U.S. dollars.", "sentence_label": "Distant_Historical"}, {"sentence_index": 8, "sentence_text": "China and the United States have both reaped enormous benefits from trade and economic cooperation.", "sentence_label": "Distant_Evaluation"}, {"sentence_index": 9, "sentence_text": "American firms have played an exemplary role in China for their Chinese peers in terms of technological innovation, marketing management, and institutional innovation.", "sentence_label": "Distant_Evaluation"}, {"sentence_index": 10, "sentence_text": "They have promoted market competition and motivated Chinese firms to improve their technology and management.", "sentence_label": "Distant_Evaluation"}, {"sentence_index": 11, "sentence_text": "At the same time, the United States has gained access to a wide range of business opportunities such as cross-border investment and entry into the China market, which have played a big part in driving economic growth, improving consumer welfare, and upgrading the economic structure in the United States.", "sentence_label": "Distant_Evaluation"}, {"sentence_index": 12, "sentence_text": "The white paper said that China is firmly committed to protecting the lawful rights and interests of foreign businesses in China, including building an open and transparent foreign-related legal system, improving the business environment, and providing better, higher-quality services to businesses from all countries operating and investing in China.", "sentence_label": "Main"}, {"sentence_index": 13, "sentence_text": "China respects international business practices, observes the rules of the World Trade Organization, and treats all businesses registered in China equally.", "sentence_label": "Distant_Evaluation"}, {"sentence_index": 14, "sentence_text": "China encourages market entities including foreign businesses to engage in various forms of cooperation, and stands committed to creating a level playing field in the market.", "sentence_label": "Distant_Evaluation"}, {"sentence_index": 15, "sentence_text": "The white paper said the Chinese government pays close attention to the legitimate concerns of foreign investors, and stands ready to respond to and address their specific concerns.", "sentence_label": "Main"}, {"sentence_index": 16, "sentence_text": "China will always protect the lawful rights and interests of foreign investors and foreign-invested businesses, and take firm measures to address violations of their lawful rights and interests in accordance with the law.", "sentence_label": "Distant_Evaluation"}, {"sentence_index": 17, "sentence_text": "The white paper said that China will keep improving its laws and regulations on IPR (Intellectual Property Rights) protection, and enhance the quality and efficiency of IPR reviews.", "sentence_label": "Main"}, {"sentence_index": 18, "sentence_text": "\"China protects the lawful IPR of foreign businesses in strict accordance with the law, and takes stern measures to address all types of IPR infringement cases,\" it said.", "sentence_label": "Main"}]}