{"file_name": "./NewsDiscourseData/json_annotations/train/Business/PXinhua_921.json", "sentences": [{"sentence_index": "title", "sentence_text": "Latvian mobile operator continues partnership with Huawei - Xinhua", "sentence_label": "title"}, {"sentence_index": 1, "sentence_text": "Source: Xinhua| 2019-02-17 15:32:12|Editor: Li Xia", "sentence_label": "NA"}, {"sentence_index": 2, "sentence_text": "Video Player Close", "sentence_label": "NA"}, {"sentence_index": 3, "sentence_text": "RIGA, Feb. 16 (Xinhua) -- Latvia's mobile operator Bite Latvija said earlier this week it will continue building its 5G infrastructure in partnership with Huawei.", "sentence_label": "Main"}, {"sentence_index": 4, "sentence_text": "At this point, the Latvian telecommunications company has no reasons to suspect Huawei of any ill intentions, local media quoted Bite Latvija technical manager Gints Butens as saying.", "sentence_label": "Distant_Evaluation"}, {"sentence_index": 5, "sentence_text": "A security check conducted by Bite Latvija had revealed no risks associated with the Chinese telecom giant, Butens said, adding that the company hires independent experts to audit its network on a regular basis.", "sentence_label": "Cause_General"}, {"sentence_index": 6, "sentence_text": "Meanwhile, other international partners including Deutsche Telekom, Elisa, Orange, Telia Sonera and Vodafone, who also work with Huawei, have not provided any intelligence suggesting that Huawei's technologies might pose security risks to mobile networks and their users, the Bite Latvija representative said.", "sentence_label": "Cause_General"}, {"sentence_index": 7, "sentence_text": "\"As for our cooperation so far, there has been no reason for us to doubt Huawei's integrity.", "sentence_label": "Distant_Evaluation"}, {"sentence_index": 8, "sentence_text": "If such a reason emerges, we of course will take action,\" Butens said, adding that Bite Latvija is confident that Huawei abides by international law and treats its clients, partners and the international community responsibly.", "sentence_label": "Distant_Expectations_Consequences"}, {"sentence_index": 9, "sentence_text": "Last November, Bite Latvija and Huawei signed a memorandum of understanding on building 5G infrastructure for the Latvian operator's network, including several 5G base stations in Riga and a Narrowband Internet of Things across the country.", "sentence_label": "Distant_Historical"}]}