{"file_name": "./NewsDiscourseData/json_annotations/train/Business/PXinhua_901.json", "sentences": [{"sentence_index": "title", "sentence_text": "Vietnam sets higher target on catfish export earnings in 2019 - Xinhua", "sentence_label": "title"}, {"sentence_index": 1, "sentence_text": "Source: Xinhua| 2019-02-14 14:12:33|Editor: Li Xia", "sentence_label": "NA"}, {"sentence_index": 2, "sentence_text": "Video Player Close", "sentence_label": "NA"}, {"sentence_index": 3, "sentence_text": "HANOI, Feb. 14 (Xinhua) -- Vietnam has set a target of reaping some 2.4 billion U.S. dollars from exporting tra fish or shark catfish, a common kind of catfish, this year, posting a year-on-year rise of around 9 percent.", "sentence_label": "Main"}, {"sentence_index": 4, "sentence_text": "Vietnam made a total tra fish output of 1.4 million tons in 2018, up 20 percent against 2017, part of which were exported, fetching over 2.2 billion U.S. dollars, up 26.4 percent, according to the Vietnam Tra Fish Association on Thursday.", "sentence_label": "Cause_Specific"}, {"sentence_index": 5, "sentence_text": "Specifically, Vietnam gained 549.4 million U.S. dollars from exporting tra fish to the United States last year, up 59.5 percent, and 243.9 million U.S. dollars from shipping the fish to the European Union, up 20.2 percent.", "sentence_label": "Cause_Specific"}, {"sentence_index": 6, "sentence_text": "Vietnam's Mekong Delta is striving to regulate tra fish output and improving quality of the fish, partly by preventing unauthorized aquaculture and strictly monitoring the use of chemicals like antibiotics in farming, the association said.", "sentence_label": "Cause_General"}]}