{"file_name": "./NewsDiscourseData/json_annotations/train/Business/PXinhua_6.json", "sentences": [{"sentence_index": "title", "sentence_text": "Xinhua Headlines: Trump's tariffs disruptive to supply chains, but shifting them away from China won't be easy - Xinhua", "sentence_label": "title"}, {"sentence_index": 1, "sentence_text": "Source: Xinhua| 2018-10-08 18:42:51|Editor: Yurou", "sentence_label": "NA"}, {"sentence_index": 2, "sentence_text": "Video Player Close", "sentence_label": "NA"}, {"sentence_index": 3, "sentence_text": "Mary Lovely, an American professor of economics and an expert on trade with China, speaks during an interview with Xinhua in Washington D.C., the United States, on Sept. 26, 2018.", "sentence_label": "NA"}, {"sentence_index": 4, "sentence_text": "To go with Xinhua Headlines: Trump's tariffs disruptive to supply chains, but shifting them away from China won't be easy (Xinhua/Hu Yousong)", "sentence_label": "NA"}, {"sentence_index": 5, "sentence_text": "NEW YORK, Oct. 8 (Xinhua) -- The U.S. administration's tariffs on Chinese products, which expanded to an additional 200 billion U.S. dollars' worth of goods in September, are forcing businesses to rethink their supply chains.", "sentence_label": "Main"}, {"sentence_index": 6, "sentence_text": "But given China's comparative advantages as well as cost and market rules, it would not be easy to shift the supply chains away from China, U.S. trade experts have told Xinhua.", "sentence_label": "Distant_Expectations_Consequences"}, {"sentence_index": 7, "sentence_text": "CHINA: ONLY SOURCE OF IMPORTS FOR MANY PRODUCTS", "sentence_label": "Distant_Evaluation"}, {"sentence_index": 8, "sentence_text": "\"Tariffs are taxes that raise costs for businesses and consumers.", "sentence_label": "Distant_Evaluation"}, {"sentence_index": 9, "sentence_text": "Families will see higher prices for countless products.", "sentence_label": "Distant_Evaluation"}, {"sentence_index": 10, "sentence_text": "For retailers, tariffs are very disruptive to complex global supply chains,\" U.S. National Retail Federation (NRF) spokeswoman Bethany Aronhalt told Xinhua.", "sentence_label": "Distant_Evaluation"}, {"sentence_index": 11, "sentence_text": "\"Right now, retailers are assessing their supply chains to determine possible alternative sources, but for certain products, China is the only source that exists,\" she said.", "sentence_label": "Distant_Evaluation"}, {"sentence_index": 12, "sentence_text": "The NRF is the world's largest retail trade association representing discount and department stores, grocers, wholesalers, chain restaurants and Internet retailers from the United States and more than 45 countries and regions.", "sentence_label": "Cause_General"}, {"sentence_index": 13, "sentence_text": "The group, the spokeswoman said, holds that \"tariffs and the retaliatory actions that follow are a threat to just about every sector of the U.S. economy, including manufacturing, agriculture, technology, retail, energy and more.\"", "sentence_label": "Distant_Expectations_Consequences"}, {"sentence_index": 14, "sentence_text": "Adjusting supply chains is \"not that simple in a global economy.", "sentence_label": "Distant_Evaluation"}, {"sentence_index": 15, "sentence_text": "Businesses make production or sourcing decisions months and years in advance, and they rely on very complex supply chains,\" she said.", "sentence_label": "Distant_Evaluation"}, {"sentence_index": 16, "sentence_text": "\"Retailers and other importers could not easily or quickly switch to domestic sources because they do not exist on the scale that would be needed,\" she said.", "sentence_label": "Distant_Evaluation"}, {"sentence_index": 17, "sentence_text": "\"Even if there were to be an eventual switch to U.S. sourcing, it would take years to build up a base to support it.", "sentence_label": "Distant_Evaluation"}, {"sentence_index": 18, "sentence_text": "And for many products subject to tariffs, China is the sole source of U.S. imports.", "sentence_label": "Distant_Evaluation"}, {"sentence_index": 19, "sentence_text": "No alternative sources exist,\" she said.", "sentence_label": "Distant_Evaluation"}, {"sentence_index": 20, "sentence_text": "WHAT ARE CHINA'S ADVANTAGES?", "sentence_label": "Distant_Evaluation"}, {"sentence_index": 21, "sentence_text": "As the new wave of tariffs which came on top of the 50 billion dollars' worth already taxed earlier this year begins to make China look more expensive, few other places around the world could match China's advantages -- its highly skilled labor and the reliability of the supply chains.", "sentence_label": "Distant_Evaluation"}, {"sentence_index": 22, "sentence_text": "Before the tariffs, some labor-intensive manufacturers have already started leaving China as the country's wages have risen for the past 10 to 15 years in a row, Mary Lovely, an American professor of economics and an expert on trade with China, told Xinhua in an interview.", "sentence_label": "Cause_General"}, {"sentence_index": 23, "sentence_text": "They have already seen apparel, footwear, toys, sporting goods and some electronics moving elsewhere in Asia.", "sentence_label": "Cause_General"}, {"sentence_index": 24, "sentence_text": "\"These are things that we would expect because as China develops, the rest of East Asia or the poorer countries of East Asia also expect to be pulled along with that train,\" said Lovely, who is a professor of economics at Syracuse University and a nonresident senior fellow at the Peterson Institute for International Economics.", "sentence_label": "Distant_Evaluation"}, {"sentence_index": 25, "sentence_text": "\"China is an engine of growth for the region, so none of that is surprising,\" she said.", "sentence_label": "Distant_Evaluation"}, {"sentence_index": 26, "sentence_text": "\"The tariffs will likely accelerate that,\" she said, adding that firms that are thinking about moving will probably go ahead because these additional 25 percent tariffs will make it very tough for them to compete with subcontractors in other countries that won't face these tariffs.", "sentence_label": "Distant_Expectations_Consequences"}, {"sentence_index": 27, "sentence_text": "\"And that puts competitive pressure on China so it will accelerate changes in global value chains,\" she said.", "sentence_label": "Distant_Expectations_Consequences"}, {"sentence_index": 28, "sentence_text": "But not all firms can do that, she said.", "sentence_label": "Distant_Evaluation"}, {"sentence_index": 29, "sentence_text": "For one thing, companies produce or purchase higher value items from China, which are made by more highly skilled labor and are reflecting relationships that have developed, she said.", "sentence_label": "Distant_Evaluation"}, {"sentence_index": 30, "sentence_text": "\"Many of those supply chains are certified by the FDA (Food and Drug Administration) in the United States or other regulatory bodies and moving them is difficult,\" she said.", "sentence_label": "Distant_Expectations_Consequences"}, {"sentence_index": 31, "sentence_text": "\"So there's a great deal of uncertainty and firms are really in doubt as to what they should do because moving the supply chain is costly.", "sentence_label": "Distant_Evaluation"}, {"sentence_index": 32, "sentence_text": "Before you want to do that, you want to make sure that it's something that you really need to do,\" she said.", "sentence_label": "Distant_Evaluation"}, {"sentence_index": 33, "sentence_text": "She warned that \"the uncertainty causes a kind of paralysis on investment and we are already seeing some slowdown in investment flows.\"", "sentence_label": "Distant_Expectations_Consequences"}, {"sentence_index": 34, "sentence_text": "According to data from the U.S. Bureau of Economic Analysis released in July, net foreign direct investment dropped to 51.3 billion dollars in the first quarter, a 37 percent fall from the same quarter in 2017 and a 65 percent decline from the first quarter of 2016.", "sentence_label": "Cause_General"}, {"sentence_index": 35, "sentence_text": "UNINTENDED CONSEQUENCES FOR U.S.", "sentence_label": "Distant_Expectations_Consequences"}, {"sentence_index": 36, "sentence_text": "The Texas-based arts and crafts retail chain, Michaels, has warned in early September that retail prices could be hit by the U.S. administration's new round of tariffs on Chinese imports.", "sentence_label": "Distant_Expectations_Consequences"}, {"sentence_index": 37, "sentence_text": "An estimated 400 million dollars of its product costs would be subject to the new round of tariffs, Chief Executive Officer Chuck Rubin told a Goldman Sachs Group Inc. retail conference in New York on Sept. 5.", "sentence_label": "Distant_Expectations_Consequences"}, {"sentence_index": 38, "sentence_text": "But the cost of goods to fill its shelves is not what annoys the largest American arts and crafts retail chain most as Michaels has \"a lot of levers\" it can pull to mitigate the impact, Rubin said.", "sentence_label": "Distant_Evaluation"}, {"sentence_index": 39, "sentence_text": "While the company with a large bulk of its goods coming from China is looking into shifting manufacturing to other countries, he said, \"There is virtually no possibility of moving manufacturing into the U.S.\"", "sentence_label": "Distant_Expectations_Consequences"}, {"sentence_index": 40, "sentence_text": "Companies that are forced to rethink their sourcing may find their hands tied as \"supply chains are built by companies with great care and substantial analysis,\" said Professor Robert Sicina, executive in residence of Kogod School of Business at the Washington-based American University.", "sentence_label": "Distant_Expectations_Consequences"}, {"sentence_index": 41, "sentence_text": "\"To disrupt them is to negatively impact the confidence firms have in the U.S. having a consistent policy,\" Sicina told Xinhua in an interview.", "sentence_label": "Distant_Expectations_Consequences"}, {"sentence_index": 42, "sentence_text": "\"Without consistency, firms will move their supply chains away from the U.S., not towards it.", "sentence_label": "Distant_Expectations_Consequences"}, {"sentence_index": 43, "sentence_text": "This is just one example of the unintended consequences of President (Donald) Trump's actions,\" said Sicina, who has 30 years of experience in senior executive positions at big banks and various entrepreneurial endeavors.", "sentence_label": "Distant_Evaluation"}, {"sentence_index": 44, "sentence_text": "\"The supply chain is always going to move to where the economics are best,\" he said, adding that \"the economics are overwhelmingly in favor of China.\"", "sentence_label": "Distant_Evaluation"}, {"sentence_index": 45, "sentence_text": "Another major, long-term unintended consequence, Sicina said, is that \"foreign investment in the U.S. will also be disrupted because of the tariffs.\"", "sentence_label": "Distant_Expectations_Consequences"}, {"sentence_index": 46, "sentence_text": "When investment flows into the United States, foreign investors have to consider its trade policies, as extra tariffs will impact investors' ability to import raw materials and export their products, Sicina said.", "sentence_label": "Distant_Expectations_Consequences"}, {"sentence_index": 47, "sentence_text": "\"Trump's trade war is to curb foreign investment in the future, because they're going to lack confidence that the U.S. will play by the rules, because it's now breaking the rules of fair trade in expectation of cutting a better deal with China,\" he said.", "sentence_label": "Distant_Expectations_Consequences"}]}