{"file_name": "./NewsDiscourseData/json_annotations/train/Business/PXinhua_919.json", "sentences": [{"sentence_index": "title", "sentence_text": "China's Huawei launches new smartphone in Kenya - Xinhua", "sentence_label": "title"}, {"sentence_index": 1, "sentence_text": "Source: Xinhua| 2019-01-31 22:28:18|Editor: ZX", "sentence_label": "NA"}, {"sentence_index": 2, "sentence_text": "Video Player Close", "sentence_label": "NA"}, {"sentence_index": 3, "sentence_text": "NAIROBI, Jan. 31 (Xinhua) -- Chinese tech giant Huawei on Thursday launched a new smartphone in Kenya targeting social media-savvy youth.", "sentence_label": "Main"}, {"sentence_index": 4, "sentence_text": "Speaking at the launch in Nairobi, Steven Li, Huawei's head of Eastern Africa Mobile, said the device, retailing at 18,000 Kenyan shillings (180 U.S. dollars), will also be available online on pre-orders that kicked off immediately until Feb. 7.", "sentence_label": "Cause_General"}, {"sentence_index": 5, "sentence_text": "\"Huawei Y7 Prime 2019 is made for today's dynamic youth who are deeply engaged with the social media culture,\" said Li.", "sentence_label": "Distant_Evaluation"}, {"sentence_index": 6, "sentence_text": "He said Huawei has also partnered with Lipa Later, a credit facility that lets buyers buy any device of their choice then pay monthly.", "sentence_label": "Cause_General"}]}