{"file_name": "./NewsDiscourseData/json_annotations/train/Business/PXinhua_5.json", "sentences": [{"sentence_index": "title", "sentence_text": "Decoupling of business licenses, operation permits to go nationwide - Xinhua", "sentence_label": "title"}, {"sentence_index": 1, "sentence_text": "Source: Xinhua| 2018-09-13 00:21:55|Editor: ZX", "sentence_label": "NA"}, {"sentence_index": 2, "sentence_text": "Video Player Close", "sentence_label": "NA"}, {"sentence_index": 3, "sentence_text": "BEIJING, Sept. 12 (Xinhua) -- China will roll out the decoupling of business licenses and operation permits as a nationwide program starting this November, and further cut production permits for industrial goods by over one third in an effort to ease corporate burdens, the State Council's executive meeting chaired by Premier Li Keqiang decided on Wednesday.", "sentence_label": "Main"}, {"sentence_index": 4, "sentence_text": "The Chinese government places high importance on the reform of decoupling business licenses and operation permits, which are both required for starting business operations, as an important step in fostering a law-based, enabling business environment up to international standards.", "sentence_label": "Cause_General"}, {"sentence_index": 5, "sentence_text": "Premier Li Keqiang stressed the imperative to advance this reform, making it clear at the plenary session of the National People's Congress last March that the reform will be introduced nationwide this year.", "sentence_label": "Distant_Historical"}, {"sentence_index": 6, "sentence_text": "He put particular emphasis on resolving the problem of companies being unable to operate even after they have received business licenses.", "sentence_label": "Distant_Historical"}, {"sentence_index": 7, "sentence_text": "This reform was piloted late 2015 in the Pudong New Area of Shanghai, targeting 116 items of administrative approval.", "sentence_label": "Distant_Historical"}, {"sentence_index": 8, "sentence_text": "It was later implemented in all of Shanghai.", "sentence_label": "Cause_General"}, {"sentence_index": 9, "sentence_text": "It was pointed out at the Wednesday meeting that introducing the decoupling nationwide constitutes a key step in implementing the broader reform of government functions.", "sentence_label": "Cause_General"}, {"sentence_index": 10, "sentence_text": "The reform will help improve the business environment, energize the market and catalyze stronger development.", "sentence_label": "Distant_Expectations_Consequences"}, {"sentence_index": 11, "sentence_text": "\"Decoupling business licenses and operation permits is the right way to go, as it meets both corporate and public needs.", "sentence_label": "Distant_Evaluation"}, {"sentence_index": 12, "sentence_text": "It is a necessary part of the reform of our market economy system, and a step we must take,\" Li said.", "sentence_label": "Distant_Evaluation"}, {"sentence_index": 13, "sentence_text": "The Wednesday meeting announced that starting from November 10 this year, an approach of reduced number of required permits and certificates after receiving business licenses will be applied nationwide to the first batch of some 100 business-related government approval items.", "sentence_label": "Main"}, {"sentence_index": 14, "sentence_text": "Items that are no longer necessary for administrative approval or are eligible for self-improvement through market forces will become approval-free or require registration only.", "sentence_label": "Main"}, {"sentence_index": 15, "sentence_text": "The practice of notification commitment shall be applied to those government review items that need to stay, yet any non-compliance with the permitting requirements can be redressed by government oversight.", "sentence_label": "Main"}, {"sentence_index": 16, "sentence_text": "Under such practice, a market entity shall be approved for business activities when it commits to complying with all the permitting requirements.", "sentence_label": "Main"}, {"sentence_index": 17, "sentence_text": "A company violating this commitment shall see its license revoked and face heavy penalties.", "sentence_label": "Main"}, {"sentence_index": 18, "sentence_text": "Improved access services will be applied to the government review items concerning public security and public health where notification commitment does not fit.", "sentence_label": "Main"}, {"sentence_index": 19, "sentence_text": "However, efforts will be made to reduce the required materials, streamline procedures, and cut the reviewing time to keep the permitting process transparent and make market access easier for start-up and innovative businesses.", "sentence_label": "Main"}, {"sentence_index": 20, "sentence_text": "\"It is important to put greater emphasis on implementing new, intensified efforts for compliance oversight while easing market access in advancing the reform of decoupling business licenses and operation permits, and enhance fair supervision,\" Li said.", "sentence_label": "Distant_Evaluation"}, {"sentence_index": 21, "sentence_text": "The Wednesday meeting also decided to cancel the required production permits for 14 types of industrial goods.", "sentence_label": "Main"}, {"sentence_index": 22, "sentence_text": "Production permits for goods relating to public security, public health and environmental protection shall be replaced by mandatory certification.", "sentence_label": "Main"}, {"sentence_index": 23, "sentence_text": "A list of these products will be compiled and released to the public, and certification charges shall be funded by public finance.", "sentence_label": "Distant_Expectations_Consequences"}, {"sentence_index": 24, "sentence_text": "\"This reform of decoupling business licenses and operation permits should be well-paced as realities differ across the country.", "sentence_label": "Distant_Evaluation"}, {"sentence_index": 25, "sentence_text": "The reform may move faster in places where conditions are fully in place, yet no one-size-fits-all approach should be applied,\" Li stressed.", "sentence_label": "Distant_Expectations_Consequences"}, {"sentence_index": 26, "sentence_text": "\"This is another test on our ability to govern.\"", "sentence_label": "Distant_Evaluation"}]}