{"file_name": "./NewsDiscourseData/json_annotations/train/Business/PXinhua_915.json", "sentences": [{"sentence_index": "title", "sentence_text": "Zambian firm starts importing electric cars from China - Xinhua", "sentence_label": "title"}, {"sentence_index": 1, "sentence_text": "Source: Xinhua| 2019-02-17 21:13:21|Editor: ZX", "sentence_label": "NA"}, {"sentence_index": 2, "sentence_text": "Video Player Close", "sentence_label": "NA"}, {"sentence_index": 3, "sentence_text": "LUSAKA, Feb. 17 (Xinhua) -- A Zambian firm has started importing smart electric vehicles from China, an official said on Sunday.", "sentence_label": "Main"}, {"sentence_index": 4, "sentence_text": "Amilak Investments, which launched the smart electric vehicles last December, is upbeat about the development and envisages that this will turn around the country's transport sector.", "sentence_label": "Distant_Expectations_Consequences"}, {"sentence_index": 5, "sentence_text": "The cars are designed in Germany but manufactured in China.", "sentence_label": "Cause_General"}, {"sentence_index": 6, "sentence_text": "\"We launched these smart electric cars on December 14 and had several stakeholders who came to witness this milestone,\" Andrew Kazilimani, the firm's director of operations said.", "sentence_label": "Cause_Specific"}, {"sentence_index": 7, "sentence_text": "He said the first phase of the project involves importing the cars directly from China while plans were underway to establish a manufacturing factory in one of the multifacility economic zones in the country.", "sentence_label": "Distant_Expectations_Consequences"}, {"sentence_index": 8, "sentence_text": "The initiative, he said, will make Zambia a hub in the supply of electric cars in the southern African region.", "sentence_label": "Distant_Expectations_Consequences"}, {"sentence_index": 9, "sentence_text": "According to him, there were many benefits of using electric cars such as no expenses on fuel and no periodic maintenance required.", "sentence_label": "Cause_General"}, {"sentence_index": 10, "sentence_text": "Ackim Nyirongo, the firm's director of sales and marketing, said about 10 electric cars have so far been ordered for stocking and will be arriving in the country next month.", "sentence_label": "Cause_General"}]}