{"file_name": "./NewsDiscourseData/json_annotations/train/Business/PXinhua_902.json", "sentences": [{"sentence_index": "title", "sentence_text": "China confident of maintaining stable 2019 trade growth - Xinhua", "sentence_label": "title"}, {"sentence_index": 1, "sentence_text": "Source: Xinhua| 2019-02-12 19:06:43|Editor: mmm", "sentence_label": "NA"}, {"sentence_index": 2, "sentence_text": "Video Player Close", "sentence_label": "NA"}, {"sentence_index": 3, "sentence_text": "BEIJING, Feb. 12 (Xinhua) -- China has confidence in its ability to maintain stable trade growth in 2019 thanks to a raft of positive factors, a senior commerce official said Tuesday.", "sentence_label": "Main"}, {"sentence_index": 4, "sentence_text": "The gradual recovery of global economy, China's opening-up efforts and pro-trade policies, accelerating industrial upgrading and improving corporate vitality will lend strong steam to the country's trade growth this year, Chu Shijia, head of the comprehensive department of the Ministry of Commerce, told a conference.", "sentence_label": "Main"}, {"sentence_index": 5, "sentence_text": "Chu revealed that goods trade continued the upward growth momentum in January.", "sentence_label": "Cause_General"}, {"sentence_index": 6, "sentence_text": "China's goods trade totaled 4.62 trillion U.S. dollars last year, up 12.6 percent year on year, faster than that of major trading nations like the United States, Germany and Japan as well as the average rate of major economies.", "sentence_label": "Cause_Specific"}, {"sentence_index": 7, "sentence_text": "The country also saw improving trade structure last year, with growing trade with Belt and Road countries, more high-end exports and accelerating imports growth.", "sentence_label": "Cause_General"}]}