{"file_name": "./NewsDiscourseData/json_annotations/train/Business/PXinhua_917.json", "sentences": [{"sentence_index": "title", "sentence_text": "Huawei ranks world's 3rd biggest chip buyer - Xinhua", "sentence_label": "title"}, {"sentence_index": 1, "sentence_text": "Source: Xinhua| 2019-02-13 10:35:56|Editor: Yang Yi", "sentence_label": "NA"}, {"sentence_index": 2, "sentence_text": "Video Player Close", "sentence_label": "NA"}, {"sentence_index": 3, "sentence_text": "BEIJING, Feb. 13 (Xinhua) -- Huawei Technologies Co. ranked the world's third-largest buyer of semiconductors in 2018, following Samsung Electronics Co. and Apple Inc, the China Daily reported on Wednesday, citing a recent report by U.S.-based research firm Gartner Inc.", "sentence_label": "Main"}, {"sentence_index": 4, "sentence_text": "The Chinese tech company spent over 21 billion U.S. dollars on semiconductor chips last year, accounting for 4.4 percent of the total world-wide market.", "sentence_label": "Cause_Specific"}, {"sentence_index": 5, "sentence_text": "It increased its chip spending by 45.2 percent, jumping in front of Dell and Lenovo Group to the third spot.", "sentence_label": "Cause_Specific"}, {"sentence_index": 6, "sentence_text": "Three other Chinese companies, Lenovo, BBK Electronic Co. and Xiaomi Corp., were also among the top 10 semiconductor buyers in 2018.", "sentence_label": "Cause_General"}, {"sentence_index": 7, "sentence_text": "Gartner said semi-conductor spending by the top 10 buyers increased significantly, and their share reached 40.2 percent of the total semiconductor market in 2018, up from 39.4 percent in 2017.", "sentence_label": "Cause_General"}, {"sentence_index": 8, "sentence_text": "With regard to smartphone sales, Huawei shored up its leading position.", "sentence_label": "Cause_General"}, {"sentence_index": 9, "sentence_text": "The company shipped 30 million smartphones in the domestic market in the fourth quarter of last year, up 23.3 percent year on year.", "sentence_label": "Cause_Specific"}, {"sentence_index": 10, "sentence_text": "It topped the list with a market share of 29 percent, according to research firm IDC.", "sentence_label": "Cause_General"}, {"sentence_index": 11, "sentence_text": "Oppo ranked the second place, with its shipment of smartphones reaching 20.3 million units in the fourth quarter, accounting for 19.6 percent of the market share, followed by Vivo, with a market share of 18.8 percent.", "sentence_label": "Cause_General"}, {"sentence_index": 12, "sentence_text": "Apple Inc's smartphone shipments in the Chinese market plummeted about 20 percent during this period, taking up 11.5 percent of the market share.", "sentence_label": "Cause_General"}]}