{"file_name": "./NewsDiscourseData/json_annotations/train/Business/PXinhua_906.json", "sentences": [{"sentence_index": "title", "sentence_text": "Housing sales rise by 10.1 percent in Spain in 2018 - Xinhua", "sentence_label": "title"}, {"sentence_index": 1, "sentence_text": "Source: Xinhua| 2019-02-12 20:32:13|Editor: xuxin", "sentence_label": "NA"}, {"sentence_index": 2, "sentence_text": "Video Player Close", "sentence_label": "NA"}, {"sentence_index": 3, "sentence_text": "MADRID, Feb. 12 (Xinhua) -- Housing sales in Spain rose by 10.1 percent in Spain in 2018 as compared with 2017, according to figures published by the Spanish National Institute of Statistics (INE) on Tuesday.", "sentence_label": "Main"}, {"sentence_index": 4, "sentence_text": "The INE data shows that 515,051 sales took place in 2018, meaning that the housing market has now experienced five years of consecutive growth, although the increase in sales last year was below the 15.4 percent growth in the sector in 2017.", "sentence_label": "Main"}, {"sentence_index": 5, "sentence_text": "Meanwhile, there was an 11.1 percent increase in the purchase of newly-built homes, with 92,520 sales, the highest number since 2014.", "sentence_label": "Main"}, {"sentence_index": 6, "sentence_text": "The regions which saw the highest levels of housing sales were the Valencian Community (eastern Spain) with 2,010 sales per 100,000 inhabitants, followed by the Balearic Islands (1,641) and the autonomous region of Andalusia with 1,537.", "sentence_label": "Cause_General"}]}