752287274	Loaded_Language	327	342
752287274	Name_Calling,Labeling	1508	1566
752287274	Name_Calling,Labeling	1569	1590
752287274	Name_Calling,Labeling	0	35
752287274	Loaded_Language	1488	1495
752287274	Doubt	1833	1884
752287274	Name_Calling,Labeling	2818	2839
752287274	Exaggeration,Minimisation	5207	5218
752287274	Doubt	5865	6089
752287274	Doubt	6563	6604
752287274	Thought-terminating_Cliches	6882	6904
752287274	Doubt	7141	7216
752287274	Exaggeration,Minimisation	7512	7548
752287274	Appeal_to_fear-prejudice	7552	7607
752287274	Doubt	1938	2026
752287274	Doubt	3360	3385
752287274	Loaded_Language	6619	6636
752287274	Doubt	6798	6835
