761546223	Loaded_Language	37	45
761546223	Loaded_Language	72	85
761546223	Loaded_Language	269	280
761546223	Name_Calling,Labeling	203	246
761546223	Repetition	607	614
761546223	Repetition	716	726
761546223	Repetition	839	846
761546223	Loaded_Language	1583	1595
761546223	Repetition	1788	1797
761546223	Repetition	158	171
761546223	Repetition	513	526
761546223	Repetition	483	496
761546223	Repetition	688	701
761546223	Repetition	1989	1999
761546223	Repetition	2556	2569
761546223	Repetition	4012	4025
761546223	Repetition	4627	4640
761546223	Repetition	2949	2962
761546223	Repetition	3235	3248
761546223	Repetition	3422	3435
761546223	Loaded_Language	3450	3457
761546223	Repetition	2631	2653
761546223	Repetition	4484	4506
761546223	Slogans	225	241
