765913191	Loaded_Language	361	370
765913191	Repetition	3844	3864
765913191	Slogans	5077	5119
765913191	Flag-Waving	6575	6584
765913191	Loaded_Language	4502	4536
765913191	Slogans	601	612
765913191	Black-and-White_Fallacy	255	347
765913191	Loaded_Language	710	722
765913191	Black-and-White_Fallacy	3587	3621
765913191	Name_Calling,Labeling	4244	4252
765913191	Black-and-White_Fallacy	5827	5905
765913191	Repetition	6357	6376
765913191	Repetition	6957	6974
765913191	Exaggeration,Minimisation	6999	7038
765913191	Black-and-White_Fallacy	6739	6882
765913191	Repetition	777	787
765913191	Repetition	3422	3432
765913191	Repetition	6979	6989
765913191	Doubt	1461	1513
765913191	Repetition	3730	3750
765913191	Repetition	4891	4911
765913191	Flag-Waving	5596	5599
765913191	Flag-Waving	5800	5803
765913191	Flag-Waving	6527	6530
