789615291	Loaded_Language	1758	1767
789615291	Loaded_Language	2003	2030
789615291	Name_Calling,Labeling	3150	3163
789615291	Loaded_Language	3372	3416
789615291	Loaded_Language	6456	6478
789615291	Name_Calling,Labeling	6965	6983
789615291	Loaded_Language	8200	8233
789615291	Loaded_Language	9008	9032
789615291	Loaded_Language	9044	9080
789615291	Name_Calling,Labeling	9866	9893
789615291	Loaded_Language	11856	11872
789615291	Loaded_Language	13487	13554
789615291	Loaded_Language	465	491
789615291	Causal_Oversimplification	647	980
789615291	Name_Calling,Labeling	1057	1066
789615291	Loaded_Language	1868	1879
789615291	Name_Calling,Labeling	2036	2045
789615291	Loaded_Language	2056	2066
789615291	Name_Calling,Labeling	2196	2205
789615291	Repetition	2196	2205
789615291	Loaded_Language	2489	2507
789615291	Loaded_Language	4399	4417
789615291	Name_Calling,Labeling	5610	5629
789615291	Loaded_Language	6207	6231
789615291	Name_Calling,Labeling	6351	6388
789615291	Slogans	6697	6721
789615291	Flag-Waving	6481	6566
789615291	Name_Calling,Labeling	7520	7554
789615291	Name_Calling,Labeling	7787	7795
789615291	Name_Calling,Labeling	8987	8996
789615291	Name_Calling,Labeling	9222	9230
789615291	Exaggeration,Minimisation	9370	9506
789615291	Causal_Oversimplification	9370	9506
789615291	Loaded_Language	9597	9613
789615291	Loaded_Language	9629	9645
789615291	Name_Calling,Labeling	10107	10116
789615291	Loaded_Language	10488	10509
789615291	Name_Calling,Labeling	11050	11059
789615291	Name_Calling,Labeling	11556	11593
789615291	Loaded_Language	11639	11658
789615291	Loaded_Language	11800	11816
789615291	Name_Calling,Labeling	12154	12187
789615291	Loaded_Language	12217	12238
789615291	Name_Calling,Labeling	12449	12500
789615291	Name_Calling,Labeling	12729	12779
789615291	Repetition	12986	12994
789615291	Name_Calling,Labeling	13260	13268
789615291	Loaded_Language	13598	13617
789615291	Loaded_Language	13740	13759
789615291	Doubt	3829	3905
789615291	Doubt	9166	9230
789615291	Loaded_Language	11179	11219
789615291	Name_Calling,Labeling	12040	12094
789615291	Loaded_Language	12848	12854
