764518567	Repetition	6123	6139
764518567	Repetition	6460	6476
764518567	Repetition	6669	6685
764518567	Repetition	6919	6935
764518567	Loaded_Language	1113	1133
764518567	Repetition	5809	5826
764518567	Loaded_Language	7942	7961
764518567	Loaded_Language	2954	2972
764518567	Loaded_Language	5832	5850
764518567	Repetition	5832	5850
764518567	Loaded_Language	1924	1933
764518567	Doubt	2303	2349
764518567	Loaded_Language	5191	5208
764518567	Repetition	5887	5903
764518567	Doubt	8001	8054
764518567	Exaggeration,Minimisation	9804	9833
764518567	Loaded_Language	11690	11756
764518567	Loaded_Language	1258	1266
764518567	Loaded_Language	2316	2331
764518567	Loaded_Language	4804	4854
764518567	Repetition	6093	6111
764518567	Loaded_Language	6919	6935
764518567	Loaded_Language	8365	8402
764518567	Loaded_Language	9264	9272
764518567	Repetition	9264	9272
764518567	Doubt	10680	10702
