787529309	Loaded_Language	70	88
787529309	Loaded_Language	288	320
787529309	Loaded_Language	924	961
787529309	Loaded_Language	2405	2431
787529309	Loaded_Language	2694	2708
787529309	Loaded_Language	3158	3173
787529309	Name_Calling,Labeling	8209	8232
787529309	Name_Calling,Labeling	8337	8366
787529309	Loaded_Language	8567	8586
787529309	Loaded_Language	8686	8711
787529309	Causal_Oversimplification	9303	9384
787529309	Loaded_Language	9661	9697
787529309	Slogans	16	40
787529309	Loaded_Language	5159	5195
787529309	Slogans	323	347
787529309	Name_Calling,Labeling	2338	2357
787529309	Name_Calling,Labeling	5394	5414
787529309	Doubt	6056	6347
787529309	Appeal_to_Authority	6678	6784
787529309	Loaded_Language	7626	7677
787529309	Slogans	7814	7853
787529309	Causal_Oversimplification	8200	8310
787529309	Loaded_Language	2871	2877
787529309	Doubt	9173	9282
