773520636	Slogans	2131	2153
773520636	Slogans	2194	2234
773520636	Appeal_to_fear-prejudice	3850	3981
773520636	Doubt	1575	1723
773520636	Doubt	6376	6476
773520636	Doubt	6523	6655
773520636	Loaded_Language	152	169
773520636	Name_Calling,Labeling	302	343
773520636	Loaded_Language	46	63
773520636	Doubt	617	726
773520636	Doubt	847	1053
773520636	Name_Calling,Labeling	1777	1800
773520636	Repetition	1954	1966
773520636	Slogans	2032	2073
773520636	Appeal_to_Authority	2382	2453
773520636	Name_Calling,Labeling	2833	2856
773520636	Name_Calling,Labeling	3016	3033
773520636	Doubt	3176	3248
773520636	Slogans	3446	3498
773520636	Name_Calling,Labeling	4291	4364
773520636	Loaded_Language	5036	5050
773520636	Loaded_Language	5166	5179
773520636	Loaded_Language	5528	5556
773520636	Repetition	5764	5777
773520636	Black-and-White_Fallacy	6047	6125
773520636	Name_Calling,Labeling	6248	6274
773520636	Name_Calling,Labeling	6311	6323
773520636	Loaded_Language	6507	6521
773520636	Loaded_Language	6692	6706
773520636	Name_Calling,Labeling	6411	6476
773520636	Name_Calling,Labeling	6551	6655
773520636	Name_Calling,Labeling	6718	6778
773520636	Repetition	6718	6724
773520636	Loaded_Language	6780	6794
773520636	Name_Calling,Labeling	6843	6891
773520636	Name_Calling,Labeling	6904	6914
773520636	Name_Calling,Labeling	7104	7123
773520636	Loaded_Language	7293	7304
773520636	Loaded_Language	7361	7379
773520636	Name_Calling,Labeling	7438	7472
773520636	Name_Calling,Labeling	7570	7611
773520636	Loaded_Language	7762	7776
773520636	Name_Calling,Labeling	7922	7945
773520636	Name_Calling,Labeling	8004	8028
773520636	Loaded_Language	8340	8378
773520636	Loaded_Language	8428	8467
773520636	Doubt	8381	8517
773520636	Name_Calling,Labeling	8563	8584
773520636	Name_Calling,Labeling	8796	8823
773520636	Appeal_to_fear-prejudice	9049	9076
773520636	Name_Calling,Labeling	8991	9013
773520636	Name_Calling,Labeling	9526	9548
773520636	Name_Calling,Labeling	9499	9510
773520636	Name_Calling,Labeling	9707	9715
773520636	Repetition	9774	9804
773520636	Loaded_Language	10767	10778
773520636	Name_Calling,Labeling	11198	11208
773520636	Repetition	11198	11208
773520636	Name_Calling,Labeling	11459	11476
773520636	Appeal_to_fear-prejudice	11044	11152
773520636	Name_Calling,Labeling	12645	12686
773520636	Repetition	12649	12657
773520636	Loaded_Language	12833	12850
773520636	Loaded_Language	13214	13228
773520636	Name_Calling,Labeling	13230	13252
773520636	Name_Calling,Labeling	13263	13282
773520636	Name_Calling,Labeling	14096	14112
773520636	Name_Calling,Labeling	14660	14686
773520636	Name_Calling,Labeling	15678	15685
773520636	Name_Calling,Labeling	17418	17458
773520636	Name_Calling,Labeling	17503	17533
773520636	Name_Calling,Labeling	17544	17580
773520636	Repetition	17519	17526
773520636	Loaded_Language	17865	17872
773520636	Doubt	17874	18158
773520636	Flag-Waving	1575	1723
773520636	Repetition	6780	6794
773520636	Doubt	6708	6778
773520636	Repetition	17865	17872
