782017101	Loaded_Language	1282	1289
782017101	Loaded_Language	1453	1461
782017101	Loaded_Language	6893	6901
782017101	Loaded_Language	7156	7178
782017101	Loaded_Language	1690	1697
782017101	Name_Calling,Labeling	3309	3321
782017101	Loaded_Language	229	239
782017101	Loaded_Language	253	261
782017101	Loaded_Language	1149	1157
782017101	Causal_Oversimplification	2333	2370
782017101	Loaded_Language	5633	5662
782017101	Loaded_Language	6583	6599
782017101	Black-and-White_Fallacy	263	321
782017101	Name_Calling,Labeling	560	580
782017101	Name_Calling,Labeling	2253	2262
782017101	Loaded_Language	5285	5302
782017101	Name_Calling,Labeling	5753	5769
782017101	Repetition	7450	7480
782017101	Slogans	7573	7580
