761968851	Causal_Oversimplification	3843	3984
761968851	Flag-Waving	5797	5816
761968851	Loaded_Language	149	173
761968851	Causal_Oversimplification	993	1069
761968851	Loaded_Language	1641	1660
761968851	Loaded_Language	5243	5255
761968851	Loaded_Language	5797	5816
761968851	Loaded_Language	5950	5969
761968851	Loaded_Language	6237	6257
761968851	Loaded_Language	6389	6408
761968851	Repetition	6389	6408
761968851	Loaded_Language	7163	7171
761968851	Loaded_Language	755	774
761968851	Loaded_Language	787	805
761968851	Loaded_Language	4199	4205
761968851	Name_Calling,Labeling	5258	5275
