7383612089	Thought-terminating_Cliches	1439	1455
7383612089	Thought-terminating_Cliches	2364	2394
7383612089	Name_Calling,Labeling	37	53
7383612089	Exaggeration,Minimisation	368	394
7383612089	Loaded_Language	999	1023
7383612089	Loaded_Language	1159	1170
7383612089	Loaded_Language	2234	2245
7383612089	Loaded_Language	2364	2394
7383612089	Exaggeration,Minimisation	2396	2422
7383612089	Exaggeration,Minimisation	623	667
7383612089	Doubt	669	821
7383612089	Causal_Oversimplification	823	906
7383612089	Appeal_to_fear-prejudice	1184	1340
7383612089	Loaded_Language	1426	1437
7383612089	Flag-Waving	1457	1576
7383612089	Loaded_Language	3351	3381
