774145019	Repetition	191	196
774145019	Loaded_Language	412	417
774145019	Loaded_Language	1247	1255
774145019	Loaded_Language	2825	2829
774145019	Flag-Waving	2774	2789
774145019	Repetition	1899	1904
774145019	Repetition	2361	2366
774145019	Repetition	3333	3338
774145019	Repetition	3110	3117
774145019	Repetition	5052	5059
774145019	Exaggeration,Minimisation	3992	4020
774145019	Loaded_Language	58	63
774145019	Doubt	441	518
774145019	Doubt	518	551
774145019	Doubt	552	616
774145019	Doubt	616	701
774145019	Loaded_Language	2844	2853
774145019	Repetition	2996	3011
774145019	Repetition	3172	3196
774145019	Repetition	3297	3321
774145019	Repetition	4343	4367
774145019	Repetition	4690	4714
774145019	Loaded_Language	3276	3286
774145019	Flag-Waving	3621	3624
774145019	Repetition	3784	3794
774145019	Repetition	4232	4242
774145019	Loaded_Language	4644	4652
