788900262	Appeal_to_fear-prejudice	0	91
788900262	Exaggeration,Minimisation	1722	1749
788900262	Loaded_Language	1817	1831
788900262	Name_Calling,Labeling	1858	1891
788900262	Flag-Waving	2402	2428
788900262	Name_Calling,Labeling	4190	4225
788900262	Loaded_Language	5064	5084
788900262	Flag-Waving	6020	6109
788900262	Loaded_Language	6658	6676
788900262	Loaded_Language	207	231
788900262	Flag-Waving	2218	2270
788900262	Doubt	4478	4561
788900262	Causal_Oversimplification	4877	5017
788900262	Doubt	168	269
788900262	Black-and-White_Fallacy	2272	2383
788900262	Loaded_Language	2696	2712
788900262	Loaded_Language	5113	5137
788900262	Causal_Oversimplification	6331	6408
788900262	Doubt	6490	6583
788900262	Name_Calling,Labeling	6527	6561
788900262	Name_Calling,Labeling	6601	6658
788900262	Doubt	1484	1576
788900262	Appeal_to_fear-prejudice	2218	2270
788900262	Flag-Waving	5263	5313
