781768042	Loaded_Language	460	472
781768042	Loaded_Language	7029	7044
781768042	Loaded_Language	7079	7099
781768042	Name_Calling,Labeling	10249	10312
781768042	Name_Calling,Labeling	4963	4972
781768042	Name_Calling,Labeling	5923	6076
781768042	Name_Calling,Labeling	6255	6266
781768042	Doubt	11503	11705
781768042	Causal_Oversimplification	0	108
781768042	Name_Calling,Labeling	98	108
781768042	Loaded_Language	112	127
781768042	Loaded_Language	173	210
781768042	Doubt	238	361
781768042	Appeal_to_fear-prejudice	727	770
781768042	Doubt	382	597
781768042	Name_Calling,Labeling	2681	2691
781768042	Name_Calling,Labeling	2662	2676
781768042	Name_Calling,Labeling	2721	2731
781768042	Name_Calling,Labeling	2809	2819
781768042	Repetition	2809	2819
781768042	Name_Calling,Labeling	2892	2906
781768042	Name_Calling,Labeling	2911	2921
781768042	Repetition	2911	2921
781768042	Name_Calling,Labeling	2932	2946
781768042	Name_Calling,Labeling	2959	2969
781768042	Name_Calling,Labeling	3085	3095
781768042	Name_Calling,Labeling	3326	3335
781768042	Loaded_Language	4699	4732
781768042	Loaded_Language	4972	4999
781768042	Loaded_Language	5533	5589
781768042	Loaded_Language	6149	6168
781768042	Loaded_Language	6346	6400
781768042	Loaded_Language	6785	6854
781768042	Causal_Oversimplification	7046	7169
781768042	Causal_Oversimplification	7261	7377
781768042	Name_Calling,Labeling	7411	7421
781768042	Repetition	8553	8563
781768042	Name_Calling,Labeling	9062	9100
781768042	Loaded_Language	10840	10869
781768042	Name_Calling,Labeling	11255	11308
781768042	Loaded_Language	11333	11354
781768042	Loaded_Language	11802	11855
781768042	Doubt	9062	9438
781768042	Doubt	10346	10762
781768042	Doubt	10765	10929
781768042	Doubt	10931	11420
781768042	Doubt	11423	11501
781768042	Doubt	11707	11947
781768042	Causal_Oversimplification	11987	12105
781768042	Name_Calling,Labeling	12069	12083
781768042	Name_Calling,Labeling	12131	12141
781768042	Doubt	12322	12402
781768042	Loaded_Language	12365	12402
781768042	Causal_Oversimplification	12449	12527
781768042	Doubt	7516	7650
781768042	Flag-Waving	10346	10527
781768042	Flag-Waving	10765	10929
781768042	Flag-Waving	11503	11705
781768042	Flag-Waving	11857	11947
