782086447	Loaded_Language	7126	7137
782086447	Loaded_Language	19791	19802
782086447	Loaded_Language	6339	6345
782086447	Loaded_Language	7117	7124
782086447	Loaded_Language	19751	19771
782086447	Loaded_Language	40294	40304
782086447	Loaded_Language	21756	21769
782086447	Loaded_Language	21780	21787
782086447	Loaded_Language	29196	29217
782086447	Repetition	39495	39511
782086447	Loaded_Language	117	123
782086447	Loaded_Language	247	257
782086447	Loaded_Language	2005	2015
782086447	Loaded_Language	2228	2240
782086447	Loaded_Language	2645	2664
782086447	Loaded_Language	10594	10610
782086447	Loaded_Language	10932	10958
782086447	Loaded_Language	11592	11602
782086447	Loaded_Language	21957	21965
782086447	Loaded_Language	26848	26858
782086447	Loaded_Language	30672	30678
782086447	Loaded_Language	40268	40286
782086447	Name_Calling,Labeling	41236	41243
782086447	Appeal_to_fear-prejudice	913	979
782086447	Loaded_Language	2346	2356
782086447	Loaded_Language	2676	2693
782086447	Repetition	2897	2904
782086447	Loaded_Language	5039	5063
782086447	Loaded_Language	8923	8930
782086447	Loaded_Language	13636	13650
782086447	Loaded_Language	24320	24330
782086447	Loaded_Language	30487	30500
782086447	Loaded_Language	30891	30913
782086447	Loaded_Language	35346	35355
782086447	Loaded_Language	37049	37059
782086447	Loaded_Language	37308	37323
782086447	Exaggeration,Minimisation	38123	38138
782086447	Loaded_Language	38139	38155
782086447	Slogans	39477	39493
782086447	Loaded_Language	40148	40164
782086447	Loaded_Language	40423	40429
782086447	Repetition	42861	42872
782086447	Repetition	42927	42938
