770156851	Name_Calling,Labeling	4	18
770156851	Name_Calling,Labeling	78	89
770156851	Loaded_Language	179	186
770156851	Loaded_Language	2561	2583
770156851	Loaded_Language	362	372
770156851	Black-and-White_Fallacy	283	293
770156851	Black-and-White_Fallacy	295	315
770156851	Loaded_Language	569	575
770156851	Repetition	600	606
770156851	Black-and-White_Fallacy	664	693
770156851	Loaded_Language	718	726
770156851	Loaded_Language	1045	1051
770156851	Loaded_Language	1031	1039
770156851	Flag-Waving	1918	1931
770156851	Loaded_Language	2194	2213
770156851	Loaded_Language	2268	2275
770156851	Doubt	2696	2765
770156851	Loaded_Language	2861	2868
770156851	Loaded_Language	3672	3679
770156851	Loaded_Language	3650	3660
770156851	Thought-terminating_Cliches	437	447
770156851	Thought-terminating_Cliches	664	693
770156851	Loaded_Language	3849	3869
770156851	Loaded_Language	4851	4872
