762546428	Loaded_Language	371	383
762546428	Loaded_Language	965	981
762546428	Repetition	1284	1296
762546428	Loaded_Language	3326	3341
762546428	Loaded_Language	76	84
762546428	Loaded_Language	110	122
762546428	Loaded_Language	274	280
762546428	Loaded_Language	692	700
762546428	Loaded_Language	1158	1166
762546428	Loaded_Language	1172	1180
762546428	Loaded_Language	1391	1398
762546428	Repetition	2153	2161
762546428	Repetition	2420	2427
762546428	Repetition	1727	1734
762546428	Repetition	309	318
762546428	Repetition	248	262
762546428	Repetition	1301	1315
762546428	Repetition	2580	2594
762546428	Causal_Oversimplification	2652	2714
762546428	Exaggeration,Minimisation	2890	2943
762546428	Loaded_Language	3091	3099
762546428	Loaded_Language	3238	3251
762546428	Loaded_Language	3273	3284
762546428	Flag-Waving	3288	3299
762546428	Name_Calling,Labeling	185	211
