773748383	Loaded_Language	43	58
773748383	Loaded_Language	651	668
773748383	Doubt	4113	4228
773748383	Loaded_Language	163	182
773748383	Exaggeration,Minimisation	1518	1578
773748383	Exaggeration,Minimisation	2569	2608
773748383	Exaggeration,Minimisation	3122	3215
773748383	Loaded_Language	3320	3340
773748383	Doubt	3521	3559
773748383	Doubt	3561	3685
773748383	Loaded_Language	3903	3930
773748383	Loaded_Language	4034	4066
773748383	Loaded_Language	4671	4685
773748383	Name_Calling,Labeling	4714	4724
