999001621	Doubt	88	156
999001621	Doubt	3577	3663
999001621	Name_Calling,Labeling	4208	4315
999001621	Name_Calling,Labeling	4498	4527
999001621	Exaggeration,Minimisation	4928	4985
999001621	Name_Calling,Labeling	5089	5131
999001621	Loaded_Language	9108	9122
999001621	Doubt	11969	12058
999001621	Loaded_Language	3234	3252
999001621	Loaded_Language	3984	3998
999001621	Doubt	7442	7747
999001621	Doubt	8213	8374
999001621	Doubt	8377	8738
999001621	Name_Calling,Labeling	8596	8627
999001621	Name_Calling,Labeling	10904	10929
999001621	Repetition	5890	5903
999001621	Exaggeration,Minimisation	9006	9058
999001621	Doubt	0	68
999001621	Loaded_Language	321	339
999001621	Loaded_Language	467	501
999001621	Name_Calling,Labeling	537	561
999001621	Doubt	279	599
999001621	Name_Calling,Labeling	769	783
999001621	Name_Calling,Labeling	1458	1495
999001621	Doubt	1332	1603
999001621	Exaggeration,Minimisation	2747	2771
999001621	Name_Calling,Labeling	3471	3496
999001621	Doubt	3435	3575
999001621	Doubt	3926	4137
999001621	Loaded_Language	4085	4125
999001621	Doubt	4139	4315
999001621	Name_Calling,Labeling	4461	4494
999001621	Exaggeration,Minimisation	4788	4853
999001621	Exaggeration,Minimisation	5089	5131
999001621	Name_Calling,Labeling	5159	5170
999001621	Doubt	4529	5328
999001621	Name_Calling,Labeling	5397	5429
999001621	Doubt	5330	5611
999001621	Exaggeration,Minimisation	6817	6841
999001621	Name_Calling,Labeling	7085	7091
999001621	Name_Calling,Labeling	7979	8000
999001621	Name_Calling,Labeling	8401	8488
999001621	Loaded_Language	8493	8501
999001621	Loaded_Language	8861	8909
999001621	Doubt	8795	9138
999001621	Name_Calling,Labeling	9824	9859
999001621	Causal_Oversimplification	9861	10096
999001621	Causal_Oversimplification	9140	9474
999001621	Doubt	9679	9859
999001621	Name_Calling,Labeling	10151	10177
999001621	Loaded_Language	10177	10186
999001621	Doubt	10098	10408
999001621	Loaded_Language	10536	10541
999001621	Doubt	10543	10755
999001621	Name_Calling,Labeling	10775	10855
999001621	Name_Calling,Labeling	10733	10755
999001621	Doubt	10931	11012
999001621	Exaggeration,Minimisation	11539	11623
999001621	Repetition	11631	11641
999001621	Doubt	11539	11664
999001621	Exaggeration,Minimisation	11969	12058
999001621	Loaded_Language	12099	12113
999001621	Name_Calling,Labeling	12138	12184
999001621	Appeal_to_fear-prejudice	12187	12265
999001621	Loaded_Language	9664	9677
999001621	Doubt	601	701
999001621	Loaded_Language	5057	5061
999001621	Name_Calling,Labeling	7492	7518
999001621	Name_Calling,Labeling	8524	8545
999001621	Reductio_ad_hitlerum	10098	10204
999001621	Whataboutism	10353	10408
