762340819	Loaded_Language	8	15
762340819	Exaggeration,Minimisation	17	27
762340819	Exaggeration,Minimisation	1604	1613
762340819	Name_Calling,Labeling	1861	1893
762340819	Name_Calling,Labeling	2258	2287
762340819	Repetition	1184	1191
762340819	Repetition	1454	1461
762340819	Repetition	2515	2522
762340819	Repetition	3164	3171
762340819	Repetition	3532	3539
762340819	Repetition	3625	3632
762340819	Repetition	3657	3664
762340819	Exaggeration,Minimisation	1536	1567
762340819	Exaggeration,Minimisation	2377	2389
762340819	Slogans	3284	3302
762340819	Loaded_Language	3892	3901
762340819	Loaded_Language	3934	3944
762340819	Exaggeration,Minimisation	336	346
762340819	Name_Calling,Labeling	1763	1782
762340819	Loaded_Language	3568	3579
762340819	Loaded_Language	3581	3588
762340819	Loaded_Language	3590	3599
762340819	Appeal_to_fear-prejudice	3875	3901
762340819	Flag-Waving	3902	3914
762340819	Loaded_Language	4639	4650
