737194975	Loaded_Language	93	115
737194975	Appeal_to_fear-prejudice	93	115
737194975	Loaded_Language	1763	1775
737194975	Loaded_Language	6010	6035
737194975	Thought-terminating_Cliches	6015	6034
737194975	Loaded_Language	12531	12562
737194975	Name_Calling,Labeling	28	49
737194975	Loaded_Language	339	356
737194975	Exaggeration,Minimisation	600	675
737194975	Slogans	1142	1192
737194975	Loaded_Language	1431	1439
737194975	Loaded_Language	4915	4918
737194975	Loaded_Language	5413	5417
737194975	Exaggeration,Minimisation	5409	5449
737194975	Loaded_Language	5540	5547
737194975	Loaded_Language	5816	5819
737194975	Loaded_Language	6077	6086
737194975	Flag-Waving	6035	6319
737194975	Loaded_Language	7007	7014
737194975	Doubt	7007	7014
737194975	Loaded_Language	7504	7508
737194975	Loaded_Language	7944	7967
737194975	Loaded_Language	9260	9277
737194975	Exaggeration,Minimisation	11088	11127
737194975	Loaded_Language	11129	11152
737194975	Exaggeration,Minimisation	12052	12201
737194975	Loaded_Language	12580	12607
737194975	Loaded_Language	12782	12798
737194975	Loaded_Language	13117	13121
737194975	Loaded_Language	12967	12971
737194975	Loaded_Language	13289	13309
737194975	Loaded_Language	12065	12085
737194975	Repetition	13289	13309
737194975	Loaded_Language	10	25
737194975	Loaded_Language	14080	14083
737194975	Loaded_Language	14486	14494
737194975	Flag-Waving	7210	7364
737194975	Loaded_Language	616	626
737194975	Reductio_ad_hitlerum	2409	2429
737194975	Doubt	4807	4937
737194975	Doubt	5451	5630
737194975	Doubt	6035	6253
737194975	Red_Herring	6321	6456
737194975	Flag-Waving	6670	6817
737194975	Reductio_ad_hitlerum	7210	7364
737194975	Reductio_ad_hitlerum	7712	7855
737194975	Loaded_Language	9871	9884
737194975	Causal_Oversimplification	10692	10784
737194975	Loaded_Language	11347	11360
737194975	Loaded_Language	11525	11530
737194975	Reductio_ad_hitlerum	11763	11862
737194975	Loaded_Language	11983	11996
737194975	Flag-Waving	12851	12892
737194975	Repetition	14288	14313
