790720714	Name_Calling,Labeling	931	1011
790720714	Loaded_Language	378	403
790720714	Loaded_Language	642	667
790720714	Loaded_Language	3971	3997
790720714	Loaded_Language	577	590
790720714	Loaded_Language	718	747
790720714	Doubt	1022	1064
790720714	Causal_Oversimplification	1924	1956
790720714	Loaded_Language	2180	2206
790720714	Loaded_Language	2247	2299
790720714	Causal_Oversimplification	2760	2943
790720714	Doubt	2945	3034
790720714	Exaggeration,Minimisation	3136	3158
790720714	Causal_Oversimplification	3502	3581
790720714	Causal_Oversimplification	3882	4070
790720714	Exaggeration,Minimisation	964	1011
790720714	Doubt	1882	1922
790720714	Appeal_to_Authority	2627	2757
790720714	Doubt	3693	3732
