778664280	Loaded_Language	5485	5493
778664280	Loaded_Language	9818	9822
778664280	Loaded_Language	12232	12252
778664280	Loaded_Language	12284	12302
778664280	Loaded_Language	888	912
778664280	Loaded_Language	3969	3982
778664280	Loaded_Language	8734	8750
778664280	Loaded_Language	9347	9368
778664280	Loaded_Language	9550	9554
778664280	Loaded_Language	11060	11085
778664280	Flag-Waving	1196	1206
778664280	Loaded_Language	9600	9617
778664280	Loaded_Language	11430	11441
778664280	Loaded_Language	10838	10854
