780619695	Repetition	1538	1554
780619695	Repetition	1728	1744
780619695	Repetition	2018	2034
780619695	Repetition	2245	2261
780619695	Repetition	2838	2854
780619695	Repetition	3066	3082
780619695	Slogans	44	62
780619695	Loaded_Language	3735	3740
780619695	Slogans	6301	6314
780619695	Repetition	1321	1337
780619695	Loaded_Language	1935	1959
780619695	Loaded_Language	4123	4129
780619695	Exaggeration,Minimisation	137	148
780619695	Loaded_Language	149	160
780619695	Loaded_Language	162	168
780619695	Loaded_Language	174	183
780619695	Name_Calling,Labeling	120	136
780619695	Name_Calling,Labeling	1245	1262
780619695	Loaded_Language	1770	1794
780619695	Loaded_Language	2318	2325
780619695	Loaded_Language	2329	2338
780619695	Loaded_Language	2343	2359
780619695	Repetition	3207	3224
780619695	Loaded_Language	3933	3941
780619695	Repetition	4212	4229
780619695	Loaded_Language	4298	4309
780619695	Loaded_Language	4504	4513
780619695	Appeal_to_fear-prejudice	4696	4736
780619695	Repetition	4856	4874
780619695	Loaded_Language	5547	5553
780619695	Loaded_Language	5985	6015
780619695	Slogans	6232	6251
780619695	Repetition	6302	6314
