737255982	Slogans	46	61
737255982	Name_Calling,Labeling	528	570
737255982	Slogans	606	621
737255982	Loaded_Language	775	801
737255982	Slogans	860	888
737255982	Loaded_Language	860	888
737255982	Loaded_Language	894	936
737255982	Loaded_Language	2166	2190
737255982	Name_Calling,Labeling	154	161
737255982	Doubt	2678	2717
737255982	Loaded_Language	100	117
737255982	Thought-terminating_Cliches	1538	1643
737255982	Exaggeration,Minimisation	1538	1643
737255982	Black-and-White_Fallacy	2412	2459
737255982	Name_Calling,Labeling	2760	2774
