757611486	Loaded_Language	3830	3838
757611486	Loaded_Language	976	984
757611486	Loaded_Language	1068	1077
757611486	Loaded_Language	2319	2336
757611486	Repetition	993	1006
757611486	Repetition	3523	3536
757611486	Repetition	3696	3708
757611486	Name_Calling,Labeling	3793	3803
757611486	Loaded_Language	3850	3862
757611486	Whataboutism	5830	5846
757611486	Loaded_Language	6078	6084
757611486	Loaded_Language	6390	6402
757611486	Repetition	7167	7179
757611486	Repetition	7332	7346
757611486	Repetition	5212	5224
757611486	Loaded_Language	583	598
757611486	Loaded_Language	603	623
757611486	Loaded_Language	3961	3971
