999001619	Doubt	8322	8539
999001619	Name_Calling,Labeling	11959	12081
999001619	Loaded_Language	13080	13091
999001619	Loaded_Language	1522	1545
999001619	Doubt	4811	5022
999001619	Doubt	7358	7699
999001619	Loaded_Language	10906	10921
999001619	Name_Calling,Labeling	11422	11458
999001619	Name_Calling,Labeling	7601	7699
999001619	Doubt	8992	9182
999001619	Name_Calling,Labeling	13296	13408
999001619	Causal_Oversimplification	13960	14071
999001619	Loaded_Language	17	30
999001619	Loaded_Language	164	190
999001619	Name_Calling,Labeling	289	338
999001619	Exaggeration,Minimisation	428	540
999001619	Doubt	542	815
999001619	Doubt	1072	1471
999001619	Name_Calling,Labeling	2005	2013
999001619	Name_Calling,Labeling	2523	2591
999001619	Loaded_Language	3558	3572
999001619	Doubt	3625	3833
999001619	Doubt	4067	4253
999001619	Name_Calling,Labeling	4633	4641
999001619	Loaded_Language	4790	4809
999001619	Name_Calling,Labeling	5341	5349
999001619	Repetition	5341	5349
999001619	Doubt	5229	5425
999001619	Name_Calling,Labeling	5452	5476
999001619	Name_Calling,Labeling	5603	5611
999001619	Name_Calling,Labeling	5900	5908
999001619	Doubt	5911	6223
999001619	Exaggeration,Minimisation	6304	6341
999001619	Doubt	6225	6517
999001619	Appeal_to_Authority	6519	6893
999001619	Doubt	6895	7094
999001619	Name_Calling,Labeling	7423	7429
999001619	Appeal_to_fear-prejudice	7358	7699
999001619	Doubt	7730	7943
999001619	Loaded_Language	8140	8162
999001619	Name_Calling,Labeling	8258	8319
999001619	Name_Calling,Labeling	8384	8452
999001619	Loaded_Language	8526	8539
999001619	Doubt	8542	8609
999001619	Name_Calling,Labeling	8680	8698
999001619	Loaded_Language	8701	8718
999001619	Loaded_Language	8763	8785
999001619	Doubt	8612	8882
999001619	Name_Calling,Labeling	8901	8916
999001619	Name_Calling,Labeling	9355	9384
999001619	Doubt	9697	9902
999001619	Name_Calling,Labeling	9840	9902
999001619	Loaded_Language	10066	10100
999001619	Name_Calling,Labeling	10211	10233
999001619	Doubt	9904	10373
999001619	Doubt	10400	10690
999001619	Name_Calling,Labeling	10748	10857
999001619	Name_Calling,Labeling	10990	11043
999001619	Name_Calling,Labeling	11057	11116
999001619	Doubt	10692	11116
999001619	Name_Calling,Labeling	11246	11266
999001619	Doubt	11118	11371
999001619	Name_Calling,Labeling	11674	11690
999001619	Name_Calling,Labeling	11752	11851
999001619	Exaggeration,Minimisation	12009	12081
999001619	Doubt	11633	12081
999001619	Doubt	11373	11600
999001619	Name_Calling,Labeling	12089	12114
999001619	Name_Calling,Labeling	12245	12263
999001619	Name_Calling,Labeling	12476	12537
999001619	Doubt	12083	12537
999001619	Name_Calling,Labeling	12674	12703
999001619	Doubt	12539	12845
999001619	Doubt	12848	13150
999001619	Name_Calling,Labeling	12937	12955
999001619	Name_Calling,Labeling	13458	13473
999001619	Doubt	13410	13637
999001619	Loaded_Language	13763	13776
999001619	Doubt	13639	13958
999001619	Name_Calling,Labeling	14041	14071
999001619	Name_Calling,Labeling	14150	14173
999001619	Loaded_Language	14126	14142
999001619	Name_Calling,Labeling	14251	14286
999001619	Name_Calling,Labeling	14371	14434
999001619	Name_Calling,Labeling	14497	14545
999001619	Loaded_Language	14610	14620
999001619	Repetition	14610	14620
999001619	Causal_Oversimplification	14571	14689
999001619	Name_Calling,Labeling	14820	14845
999001619	Doubt	235	540
999001619	Doubt	818	864
999001619	Name_Calling,Labeling	8336	8373
