7666320169	Doubt	114	247
7666320169	Loaded_Language	455	470
7666320169	Loaded_Language	486	508
7666320169	Loaded_Language	1925	1969
7666320169	Appeal_to_Authority	2060	2180
7666320169	Loaded_Language	2640	2675
7666320169	Loaded_Language	3586	3670
7666320169	Whataboutism	4756	4842
7666320169	Loaded_Language	4626	4653
7666320169	Loaded_Language	3796	3809
7666320169	Appeal_to_Authority	249	366
7666320169	Loaded_Language	564	591
7666320169	Appeal_to_Authority	1294	1402
7666320169	Loaded_Language	1679	1711
7666320169	Loaded_Language	2584	2602
7666320169	Loaded_Language	3535	3554
7666320169	Doubt	3858	4015
7666320169	Repetition	4062	4076
7666320169	Whataboutism	4091	4184
7666320169	Loaded_Language	4196	4208
7666320169	Loaded_Language	4238	4248
7666320169	Loaded_Language	4253	4265
7666320169	Repetition	4253	4265
7666320169	Loaded_Language	4332	4344
7666320169	Loaded_Language	4431	4442
7666320169	Loaded_Language	4525	4559
7666320169	Whataboutism	4462	4596
7666320169	Loaded_Language	4718	4730
7666320169	Whataboutism	4655	4754
7666320169	Loaded_Language	4777	4789
7666320169	Loaded_Language	4859	4871
7666320169	Loaded_Language	4894	4905
7666320169	Loaded_Language	5109	5145
7666320169	Exaggeration,Minimisation	5319	5340
7666320169	Loaded_Language	5425	5456
7666320169	Repetition	5569	5583
7666320169	Whataboutism	5602	5736
7666320169	Causal_Oversimplification	5743	5861
7666320169	Repetition	5863	5873
