{"file_name": "./NewsDiscourseData/json_annotations/train/Crime/Anyt_corpus_data_2007_01_07_1817249.json", "sentences": [{"sentence_index": "title", "sentence_text": "U.S. Inquiry Backs Charges of Killing by Marines in Iraq", "sentence_label": "title"}, {"sentence_index": 1, "sentence_text": "An American government report on the killing of 24 Iraqis, including several women and children, by marines in the village of Haditha in 2005 provides new details of how the shootings unfolded and supports allegations by prosecutors that a few marines illegally killed civilians, government officials said yesterday.", "sentence_label": "Main"}, {"sentence_index": 2, "sentence_text": "The report, by the Naval Criminal Investigative Service, contains thousands of pages of interviews with marines, Iraqi Army soldiers who had accompanied them and Iraqi villagers who had seen the attack.", "sentence_label": "Main"}, {"sentence_index": 3, "sentence_text": "The shootings followed a roadside bombing that killed a lance corporal and wounded two other marines, said a senior Defense Department official and another official who had read the report.", "sentence_label": "Cause_Specific"}, {"sentence_index": 4, "sentence_text": "The evidence contained in the report, the most exhaustive of several inquiries begun by the military last year to determine what had happened in Haditha that day, led prosecutors to charge four enlisted marines with murder.", "sentence_label": "Main_Consequence"}, {"sentence_index": 5, "sentence_text": "Four marine officers, who were not present during the attack, were charged with dereliction of duty and other crimes for failing to properly report details of the episode.", "sentence_label": "Main_Consequence"}, {"sentence_index": 6, "sentence_text": "The details of the investigation, first reported by The Washington Post yesterday, corroborate accounts of how the killings took place over a period of hours, as described by senior military and Defense Department officials last year in The New York Times.", "sentence_label": "Cause_General"}, {"sentence_index": 7, "sentence_text": "But the report broadly expands on those descriptions, and provides additional evidence, sworn testimony and accounts of witnesses that both prosecutors and lawyers for the accused marines are likely to use in upcoming courts-martial, officials said.", "sentence_label": "Distant_Expectations_Consequences"}, {"sentence_index": 8, "sentence_text": "The four enlisted men charged with unpremeditated murder, all members of a squad of Company K, Third Battalion, First Marines, are Staff Sgt.", "sentence_label": "Main_Consequence"}, {"sentence_index": 9, "sentence_text": "Frank D. Wuterich of Meriden, Conn.; Sgt.", "sentence_label": "Main_Consequence"}, {"sentence_index": 10, "sentence_text": "Sanick P. Dela Cruz, 24, of Chicago; Lance Cpl.", "sentence_label": "Main_Consequence"}, {"sentence_index": 11, "sentence_text": "Justin L. Sharratt, 22, of Carbondale, Pa.; and Lance Cpl.", "sentence_label": "Main_Consequence"}, {"sentence_index": 12, "sentence_text": "Stephen B. Tatum, 25, of Edmond, Okla.", "sentence_label": "Main_Consequence"}, {"sentence_index": 13, "sentence_text": "The attack on the Iraqis began after the roadside bomb blew up one of four Humvees the marines were traveling in on Nov. 19, 2005.", "sentence_label": "Cause_Specific"}, {"sentence_index": 14, "sentence_text": "The report portrays Sergeant Wuterich, the squad leader, and Sergeant Dela Cruz as minutes later killing five men who had nervously piled out of a taxi that had stopped near the marine convoy, the officials said.", "sentence_label": "Main"}, {"sentence_index": 15, "sentence_text": "The men ''were shot by Wuterich as they stood, unarmed, next to the vehicle approximately 10 feet in front of him,'' the report said, according to a person who has read it.", "sentence_label": "Main"}, {"sentence_index": 16, "sentence_text": "Sergeant Dela Cruz said that as he approached the taxi, he saw some men standing near it with their hands in the air, officials said.", "sentence_label": "Main"}, {"sentence_index": 17, "sentence_text": "After Sergeant Wuterich shot them, he continued shooting as they lay on the ground, and later urinated on one of them, an official said.", "sentence_label": "Main"}, {"sentence_index": 18, "sentence_text": "The marines, taking small arms fire from several locations near homes on either side of the convoy, attacked a home nearby, killing six people, including a young boy, a woman and two elderly people, none of them armed, the report said, according to officials and people who have read it.", "sentence_label": "Main"}, {"sentence_index": 19, "sentence_text": "The report said that marines had told investigators who interviewed them months later that they believed they had permission from their superiors to fire at will inside that home and a second home they raided minutes later, officials said.", "sentence_label": "Main"}, {"sentence_index": 20, "sentence_text": "They said an officer, First Lt. William T. Kallop, who arrived with other marines after the roadside bomb to support the squad under fire, told them to commandeer one of the homes.", "sentence_label": "Main"}, {"sentence_index": 21, "sentence_text": "In one of the houses the marines raided, the report said, a 13-year-old girl, Safah Yunis Salem, said she had survived by pretending to be dead after marines killed several family members, including her 3-year-old sister and 5-year-old brother, government officials said.", "sentence_label": "Main"}, {"sentence_index": 22, "sentence_text": "One person who has read the N.C.I.S.", "sentence_label": "Distant_Evaluation"}, {"sentence_index": 23, "sentence_text": "report and who is sympathetic to the marines' account of events said that the report's thousands of pages provide evidence for both prosecution and defense teams, and that drawing conclusions from the report about the guilt of any of the marines is difficult.", "sentence_label": "Distant_Evaluation"}, {"sentence_index": 24, "sentence_text": "''For every statement that said X happened, there's another statement that said Y happened,'' this person said, speaking only after being granted anonymity because he was not authorized to discuss the report.", "sentence_label": "Distant_Evaluation"}, {"sentence_index": 25, "sentence_text": "An N.C.I.S.", "sentence_label": "Distant_Evaluation"}, {"sentence_index": 26, "sentence_text": "spokesman declined to comment on the report, which it has not officially released, and said the agency was troubled by the leak of it to The Post.", "sentence_label": "Distant_Evaluation"}, {"sentence_index": 27, "sentence_text": "''N.C.I.S.", "sentence_label": "Distant_Evaluation"}, {"sentence_index": 28, "sentence_text": "strives to ensure the integrity of every investigation and finds the idea that someone might leak any of its investigative products to be deeply troubling,'' the spokesman said.", "sentence_label": "Distant_Evaluation"}, {"sentence_index": 29, "sentence_text": "Several lawyers representing the marines expressed anger at the Defense Department, which they said had allowed the report to be given surreptitiously to a newspaper, potentially damaging their clients' cases.", "sentence_label": "Distant_Evaluation"}, {"sentence_index": 30, "sentence_text": "''The defense lawyers are extremely upset,'' said Mark Zaid, a lawyer for Sergeant Wuterich, the squad leader who is charged with killing at least a dozen Iraqis.", "sentence_label": "Distant_Evaluation"}, {"sentence_index": 31, "sentence_text": "''The release of the entire evidentiary set is unethical and appears to have been done by certain Pentagon officials with the intent to harm the defendants' defense.''", "sentence_label": "Distant_Evaluation"}, {"sentence_index": 32, "sentence_text": "The report offers some contradictory evidence and omits other issues about how the marine chain of command handled the aftermath of the attack that have rankled certain people within the military and Defense Department.", "sentence_label": "Main"}, {"sentence_index": 33, "sentence_text": "One issue is the cash payments that commanders approved for families of people killed in the attacks.", "sentence_label": "Distant_Evaluation"}, {"sentence_index": 34, "sentence_text": "Maj. Gen. Richard A. Huck, the commander of the Second Marine Division at the time, and Col. Stephen W. Davis, then the regimental commander, should have suspected the killings were improper, one Defense Department official said yesterday.", "sentence_label": "Distant_Evaluation"}, {"sentence_index": 35, "sentence_text": "Though the Marine Corps' official view of the Haditha matter remained that 15 Iraqis had been killed by the roadside bomb, the corps nonetheless approved $2,500 for each of at least 15 families of people killed in the episode.", "sentence_label": "Cause_General"}, {"sentence_index": 36, "sentence_text": "''The numbers simply never added up, and the Marines never acknowledged it,'' the Defense Department official said.", "sentence_label": "Distant_Evaluation"}, {"sentence_index": 37, "sentence_text": "THE STRUGGLE FOR IRAQ", "sentence_label": "NA"}, {"sentence_index": 38, "sentence_text": "Correction:  January 9, 2007, Tuesday  An article on Sunday about marines charged in the killing of 24 Iraqis in the village of Haditha in November 2005 misidentified the Pennyslvania hometown of one marine because of information provided by his lawyer.", "sentence_label": "Main_Consequence"}, {"sentence_index": 39, "sentence_text": "The marine, Lance Cpl.", "sentence_label": "Main_Consequence"}, {"sentence_index": 40, "sentence_text": "Justin Sharratt, is from Canonsburg, not Carbondale.", "sentence_label": "Main_Consequence"}, {"sentence_index": 41, "sentence_text": "(The error also appeared in articles on Dec. 6 and Dec.", "sentence_label": "Main_Consequence"}, {"sentence_index": 42, "sentence_text": "22.)", "sentence_label": "Main_Consequence"}]}