{"file_name": "./NewsDiscourseData/json_annotations/train/Crime/Anyt_corpus_data_2007_01_07_1817244.json", "sentences": [{"sentence_index": "title", "sentence_text": "Bomb Attack on Bus in Sri Lanka Kills 11", "sentence_label": "title"}, {"sentence_index": 1, "sentence_text": "A powerful bomb blew up a passenger bus on Saturday, killing 11 people and wounding more than 40 others on the southern coast of Sri Lanka.", "sentence_label": "Main"}, {"sentence_index": 2, "sentence_text": "The bombing was the second in less than 24 hours.", "sentence_label": "Cause_General"}, {"sentence_index": 3, "sentence_text": "The authorities are investigating the first blast, which killed six people and wounded 50 on Friday northeast of the capital, Colombo.", "sentence_label": "Cause_General"}, {"sentence_index": 4, "sentence_text": "A government statement blamed the Liberation Tigers of Tamil Eelam for the explosions.", "sentence_label": "Distant_Evaluation"}, {"sentence_index": 5, "sentence_text": "''The government believes that the L.T.T.E.", "sentence_label": "Distant_Evaluation"}, {"sentence_index": 6, "sentence_text": "is attempting to divert attention from the continuous defeats they have been suffering at the hands of the security forces during the recent past,'' the statement said.", "sentence_label": "Distant_Evaluation"}, {"sentence_index": 7, "sentence_text": "''The government reiterates that terror attacks will not deter its efforts to find a peaceful solution to the national problem or its counterterrorism measures to defeat terrorism.''", "sentence_label": "Distant_Evaluation"}, {"sentence_index": 8, "sentence_text": "The rebels had no immediate comment.", "sentence_label": "Cause_General"}, {"sentence_index": 9, "sentence_text": "They routinely deny involvement in attacks.", "sentence_label": "Distant_Evaluation"}, {"sentence_index": 10, "sentence_text": "The Tigers have been fighting for more than two decades to carve out a separate state for the island's Tamil minority.", "sentence_label": "Cause_General"}, {"sentence_index": 11, "sentence_text": "The bombing on Saturday took place near the busy town of Hikkaduwa, in an area that is popular with tourists.", "sentence_label": "Cause_General"}, {"sentence_index": 12, "sentence_text": "The body of a woman who was believed to have planted the parcel bomb was found near the bus, said Jayantha Gamage, the senior police official in the area.", "sentence_label": "Distant_Evaluation"}, {"sentence_index": 13, "sentence_text": "He said most of the damage and casualties were to the rear section of the bus, which bore a gaping hole.", "sentence_label": "Main_Consequence"}]}