{"file_name": "./NewsDiscourseData/json_annotations/train/Crime/Anyt_corpus_data_2007_01_07_1817258.json", "sentences": [{"sentence_index": "title", "sentence_text": "Doctor Killed by Ex-Owner of Yonkers Home, Police Say", "sentence_label": "title"}, {"sentence_index": 1, "sentence_text": "The former owner of a Yonkers house where a doctor was found shot to death last week has been charged in the murder, the Yonkers police said yesterday.", "sentence_label": "Main"}, {"sentence_index": 2, "sentence_text": "They also suggested that he may have had an accomplice.", "sentence_label": "Distant_Evaluation"}, {"sentence_index": 3, "sentence_text": "The former owner, Samuel Saunders, 60, of the Bronx, was arrested yesterday and arraigned in Yonkers Criminal Court on a charge of murder in the second degree.", "sentence_label": "Main"}, {"sentence_index": 4, "sentence_text": "If convicted, he faces a maximum sentence of life imprisonment.", "sentence_label": "Distant_Expectations_Consequences"}, {"sentence_index": 5, "sentence_text": "Mr. Saunders bought the home, a three-bedroom, ranch-style house on Brendon Hill Road near the Scarsdale border, in June 2005 for $825,000, with a $650,000 mortgage.", "sentence_label": "Distant_Historical"}, {"sentence_index": 6, "sentence_text": "But the house was in some stage of foreclosure when the victim, Dr. Leandro Lozada, bought it eight months ago, the police said.", "sentence_label": "Distant_Historical"}, {"sentence_index": 7, "sentence_text": "Specifics of the sale were not available.", "sentence_label": "Cause_General"}, {"sentence_index": 8, "sentence_text": "Because of the continuing investigation and the possibility of suspects still at large, the police provided few details of Mr. Saunders's arrest or the case.", "sentence_label": "Cause_General"}, {"sentence_index": 9, "sentence_text": "They would not discuss any possible motive for the crime.", "sentence_label": "Cause_General"}, {"sentence_index": 10, "sentence_text": "But the arrest ended at least one chapter in one of the city's more baffling homicides.", "sentence_label": "Distant_Evaluation"}, {"sentence_index": 11, "sentence_text": "On Wednesday, Dr. Lozada, 46, who operated a medical clinic for the poor in the Bronx, was found by his female companion dead on the floor of his bedroom.", "sentence_label": "Cause_Specific"}, {"sentence_index": 12, "sentence_text": "He had been shot at point-blank range several times, including at least once in the face and once in the back of the head, the police said.", "sentence_label": "Cause_Specific"}, {"sentence_index": 13, "sentence_text": "No weapon was found at the scene.", "sentence_label": "Cause_General"}, {"sentence_index": 14, "sentence_text": "The doctor lived alone and there were no signs of a struggle, prompting the police to speculate that he knew his attacker.", "sentence_label": "Distant_Expectations_Consequences"}, {"sentence_index": 15, "sentence_text": "When Dr. Lozada completed the purchase of the house, he changed the locks, the police said yesterday.", "sentence_label": "Distant_Historical"}, {"sentence_index": 16, "sentence_text": "Edmund Hartnett, the Yonkers police commissioner, said yesterday at police headquarters, ''This act would be very difficult for one person to commit.''", "sentence_label": "Distant_Evaluation"}, {"sentence_index": 17, "sentence_text": "He did not elaborate.", "sentence_label": "Cause_General"}, {"sentence_index": 18, "sentence_text": "The commissioner said investigators had recovered items of interest from Mr. Saunders's apartment, including clothing that was possibly stained with human blood.", "sentence_label": "Cause_General"}, {"sentence_index": 19, "sentence_text": "It was not immediately clear whether Mr. Saunders had hired a lawyer.", "sentence_label": "Cause_General"}, {"sentence_index": 20, "sentence_text": "He has a criminal record, including grand larceny in 1996, the police said.", "sentence_label": "Distant_Historical"}, {"sentence_index": 21, "sentence_text": "Kim VanZandt, who lives next to the house, said Mr. Saunders had put it back on the market after living there just one month.", "sentence_label": "Distant_Anecdotal"}, {"sentence_index": 22, "sentence_text": "She said he believed when he bought the house that it had a larger backyard, and was angry when the owners of a house abutting his property erected a stone wall in what he considered his yard.", "sentence_label": "Distant_Anecdotal"}, {"sentence_index": 23, "sentence_text": "At Mr. Saunders's apartment building in the Bronx, on Pennyfield Avenue near the Throgs Neck Bridge, a woman answering the buzzer for his apartment declined to be interviewed.", "sentence_label": "Distant_Evaluation"}, {"sentence_index": 24, "sentence_text": "''It's private,'' she said.", "sentence_label": "Distant_Evaluation"}, {"sentence_index": 25, "sentence_text": "Dr. Lozada was a native of the Dominican Republic who earned his medical degree at the University of Santo Domingo.", "sentence_label": "Distant_Historical"}, {"sentence_index": 26, "sentence_text": "He spent much of his time at his practice, Hispanic Pediatrics, at 229 East Kingsbridge Road in the Bronx, where he treated mainly immigrant patients.", "sentence_label": "Cause_General"}, {"sentence_index": 27, "sentence_text": "On Thursday, dozens of patients stopped by Dr. Lozada's office to set up a shrine in his memory.", "sentence_label": "Cause_General"}]}