{"file_name": "./NewsDiscourseData/json_annotations/train/Crime/AReuters_46.json", "sentences": [{"sentence_index": "title", "sentence_text": "London murder rate overtakes New York as knife crime rises", "sentence_label": "title"}, {"sentence_index": 1, "sentence_text": "LONDON (Reuters) - London police investigated more murders than their New York counterparts did over the last two months, statistics show, as the British capital\u2019s mayor vowed to fight a \u201cviolent scourge\u201d on the streets.", "sentence_label": "Main"}, {"sentence_index": 2, "sentence_text": "There were 15 murders in London in February against 14 in New York, according to London\u2019s Metropolitan Police Service and the New York Police Department.", "sentence_label": "Cause_Specific"}, {"sentence_index": 3, "sentence_text": "For March, 22 murders were investigated in London, with 21 reports in New York.", "sentence_label": "Cause_Specific"}, {"sentence_index": 4, "sentence_text": "In the latest bloodshed, a 17-year-old girl died on Monday after she was found with gunshot wounds in Tottenham, north London, a day after a man was fatally stabbed in south London.", "sentence_label": "Cause_General"}, {"sentence_index": 5, "sentence_text": "\u201cThe Mayor is deeply concerned by violent crime in the capital - every life lost to violent crime is a tragedy,\u201d a spokeswoman for Mayor Sadiq Khan said in a statement on Tuesday.", "sentence_label": "Distant_Evaluation"}, {"sentence_index": 6, "sentence_text": "\u201cOur city remains one of the safest in the world ... but Sadiq wants it to be even safer and is working hard to bring an end to this violent scourge.\u201d", "sentence_label": "Distant_Expectations_Consequences"}, {"sentence_index": 7, "sentence_text": "Including January\u2019s figures, New York had still experienced more murders so far this year than London.", "sentence_label": "Cause_General"}, {"sentence_index": 8, "sentence_text": "The cities have a similar-sized population.", "sentence_label": "Cause_General"}, {"sentence_index": 9, "sentence_text": "Gun violence is much less of a problem in Britain, which has strict gun control laws, than in the United States, and most British police are not equipped with firearms.", "sentence_label": "Distant_Evaluation"}, {"sentence_index": 10, "sentence_text": "But British politicians and police are increasingly expressing concern about London\u2019s rising murder rate, which is driven by a surge in knife crime.", "sentence_label": "Distant_Evaluation"}, {"sentence_index": 11, "sentence_text": "Of the 47 murders in London so far this year, 31 have been committed with knives.", "sentence_label": "Cause_General"}, {"sentence_index": 12, "sentence_text": "Britain\u2019s interior ministry said it was consulting on new laws to further restrict dangerous weapons, including banning online stores from delivering knives to residential addresses and making it an offence to possess certain weapons in public.", "sentence_label": "Distant_Expectations_Consequences"}, {"sentence_index": 13, "sentence_text": "\u201cThis government is taking action to restrict access to offensive weapons as well as working to break the deadly cycle of violence and protect our children, families and communities,\u201d a Home Office spokesman said.", "sentence_label": "Distant_Expectations_Consequences"}, {"sentence_index": 14, "sentence_text": "Khan, who has been in office since May 2016, is from the opposition Labour Party.", "sentence_label": "Cause_General"}, {"sentence_index": 15, "sentence_text": "Before him, Conservative Boris Johnson was mayor for eight years.", "sentence_label": "Distant_Historical"}, {"sentence_index": 16, "sentence_text": "The national government has been run by the Conservatives since 2010, with Prime Minister Theresa May previously serving as interior minister from 2010 to 2016.", "sentence_label": "Distant_Historical"}, {"sentence_index": 17, "sentence_text": "Britain\u2019s most senior officer, London police chief Cressida Dick, said gangs were using online platforms to glamorize violence, adding that disputes between young people could escalate within minutes on social media.", "sentence_label": "Distant_Evaluation"}, {"sentence_index": 18, "sentence_text": "The Ben Kinsella Trust, an anti-knife crime charity named after a young victim, said social media amplified a range of other factors that have contributed to the crisis.", "sentence_label": "Distant_Evaluation"}, {"sentence_index": 19, "sentence_text": "Slideshow (7 Images)", "sentence_label": "NA"}, {"sentence_index": 20, "sentence_text": "The charity\u2019s CEO Patrick Green said there had been extra funding to tackle knife crime, which he welcomed, but added that the government needed to act with more urgency and that budget cuts affecting youth services had played a part.", "sentence_label": "Distant_Evaluation"}, {"sentence_index": 21, "sentence_text": "\u201cThis has been a horrendous year.", "sentence_label": "Distant_Evaluation"}, {"sentence_index": 22, "sentence_text": "It\u2019s looking like it\u2019ll be worse that last year, which was worse than the year before,\u201d he told Reuters.", "sentence_label": "Distant_Expectations_Consequences"}, {"sentence_index": 23, "sentence_text": "\u201cThe response so far has been too slow...", "sentence_label": "Distant_Evaluation"}, {"sentence_index": 24, "sentence_text": "It feels like we\u2019re in a crisis and we need to respond in that way.\u201d", "sentence_label": "Distant_Evaluation"}]}