{"file_name": "./NewsDiscourseData/json_annotations/train/Crime/AReuters_28.json", "sentences": [{"sentence_index": "title", "sentence_text": "Three people charged with Slovak journalist Kuciak's murder", "sentence_label": "title"}, {"sentence_index": 1, "sentence_text": "FILE PHOTO: Candles are seen in front of the Government of the Slovak Republic's building during march in honour of murdered Slovak investigative reporter Jan Kuciak and his girlfriend Martina Kusnirova in Bratislava, Slovakia, March 2, 2018.", "sentence_label": "NA"}, {"sentence_index": 2, "sentence_text": "REUTERS/Radovan Stoklasa/File Photo", "sentence_label": "NA"}, {"sentence_index": 3, "sentence_text": "BRATISLAVA (Reuters) - Three people have been charged in Slovakia\u2019s with the premeditated murder of investigative reporter Jan Kuciak and his fiancee, which sparked nationwide protests and brought down the government.", "sentence_label": "Main"}, {"sentence_index": 4, "sentence_text": "Kuciak had, among other things, investigated fraud involving businessmen with Slovak political ties, and the suspected mafia links of Italians with businesses in Slovakia.", "sentence_label": "Cause_General"}, {"sentence_index": 5, "sentence_text": "A prosecutor said in March the murder was likely to have been a contract killing related to Kuciak\u2019s work.", "sentence_label": "Distant_Historical"}, {"sentence_index": 6, "sentence_text": "The state prosecutor was due to ask a judge to allow the suspects to be held in custody, the spokeswoman for the state prosecutor\u2019s office said in an emailed statement.", "sentence_label": "Distant_Expectations_Consequences"}, {"sentence_index": 7, "sentence_text": "The suspects were detained in a house raid on Thursday morning.", "sentence_label": "Cause_General"}, {"sentence_index": 8, "sentence_text": "Five others detained in the same raid were released, the spokeswoman added.", "sentence_label": "Cause_General"}, {"sentence_index": 9, "sentence_text": "Kuciak\u2019s final story, published posthumously, reported on an Italian living in Slovakia with past business links to two Slovaks who later worked in the office of then-prime minister Robert Fico.", "sentence_label": "Cause_General"}, {"sentence_index": 10, "sentence_text": "Both of the Slovaks resigned, but deny connections to the murder.", "sentence_label": "Distant_Evaluation"}, {"sentence_index": 11, "sentence_text": "Their Italian former business partner has also denied having connections with the mafia and the murder, but was detained on a European drug trafficking warrant in March and extradited to Italy in May.", "sentence_label": "Distant_Evaluation"}, {"sentence_index": 12, "sentence_text": "Weeks of public protests in March eventually forced the departure of the long-serving Fico and his interior minister, Robert Kalinak, as well as police chief Tibor Gaspar.", "sentence_label": "Distant_Historical"}, {"sentence_index": 13, "sentence_text": "However, Fico\u2019s three-party coalition has remained in power under Prime Minister Peter Pellegrini, who comes from the Smer party, which Fico still heads.", "sentence_label": "Cause_General"}]}