{"file_name": "./NewsDiscourseData/json_annotations/train/Crime/AReuters_44.json", "sentences": [{"sentence_index": "title", "sentence_text": "Women charged with murder of North Korean to testify in Malaysia trial", "sentence_label": "title"}, {"sentence_index": 1, "sentence_text": "KUALA LUMPUR (Reuters) - Two women charged with murdering the estranged half-brother of North Korean leader Kim Jong Un must answer for their role in a well-planned conspiracy, a Malaysian judge said on Thursday, but added that the evidence did not prove a political assassination.", "sentence_label": "Main"}, {"sentence_index": 2, "sentence_text": "Indonesian Siti Aisyah and Doan Thi Huong, a Vietnamese, face the death penalty on charges of murdering Kim Jong Nam by smearing his face with VX, a nerve agent banned by the United Nations, at a Kuala Lumpur airport on Feb. 13 last year.", "sentence_label": "Cause_Specific"}, {"sentence_index": 3, "sentence_text": "The murder was a \u201cwell-planned conspiracy between the women and the four North Koreans at large\u201d, trial judge Azmi Ariffin said in a ruling that took more than two hours to read.", "sentence_label": "Main"}, {"sentence_index": 4, "sentence_text": "\u201cI must therefore call upon them to enter their defense.\u201d", "sentence_label": "Main"}, {"sentence_index": 5, "sentence_text": "He added, \u201cI cannot rule out that this could be a political assassination.", "sentence_label": "Main"}, {"sentence_index": 6, "sentence_text": "Despite that, I am unable to confirm this fact.\u201d", "sentence_label": "Main"}, {"sentence_index": 7, "sentence_text": "The court has set dates for the women to take the stand between November and next February.", "sentence_label": "Distant_Expectations_Consequences"}, {"sentence_index": 8, "sentence_text": "Both women arrived at the high court on the outskirts of the Malaysian capital handcuffed and wearing bulletproof vests, to be escorted into the courtroom by gun-wielding policemen.", "sentence_label": "Cause_General"}, {"sentence_index": 9, "sentence_text": "They are in their 20s and both have pleaded not guilty, saying they thought they were involved in a prank for a reality TV show.", "sentence_label": "Cause_General"}, {"sentence_index": 10, "sentence_text": "However, Azmi said he was not persuaded by the defense argument, since there was no hidden crew and no attempt to bring the target in on the joke, as is usual in such shows.", "sentence_label": "Distant_Evaluation"}, {"sentence_index": 11, "sentence_text": "Vietnamese Doan Thi Huong, who is on trial for the killing of Kim Jong Nam, the estranged half-brother of North Korea's leader, is escorted as she leaves the Shah Alam High Court on the outskirts of Kuala Lumpur, Malaysia, August 16, 2018.", "sentence_label": "NA"}, {"sentence_index": 12, "sentence_text": "REUTERS/Lai Seng Sin", "sentence_label": "NA"}, {"sentence_index": 13, "sentence_text": "Huong did not react to the ruling, but Siti Aisyah burst into tears and had to be comforted by her lawyers and officials of the Indonesian embassy.", "sentence_label": "Cause_General"}, {"sentence_index": 14, "sentence_text": "She was very disappointed, said her lawyer, Gooi Soon Seng, who expressed surprise at the decision.", "sentence_label": "Distant_Evaluation"}, {"sentence_index": 15, "sentence_text": "\u201cWe are still very confident that we have a good defense,\u201d he added.", "sentence_label": "Distant_Evaluation"}, {"sentence_index": 16, "sentence_text": "\u201cIt does not mean they are found guilty, it just means that he (the judge) found that the prosecution have proven there is a prima facie case.\u201d", "sentence_label": "Distant_Evaluation"}, {"sentence_index": 17, "sentence_text": "Huong\u2019s lawyers also said they did not expect the ruling.", "sentence_label": "Distant_Evaluation"}, {"sentence_index": 18, "sentence_text": "In Vietnam, responding to Thursday\u2019s events, her father, Doan Van Thanh, said, \u201cI don\u2019t know what to do next.", "sentence_label": "Distant_Evaluation"}, {"sentence_index": 19, "sentence_text": "I just hope they will announce her innocent so that she can return home.\u201d", "sentence_label": "Distant_Expectations_Consequences"}, {"sentence_index": 20, "sentence_text": "POLITICALLY MOTIVATED", "sentence_label": "Distant_Evaluation"}, {"sentence_index": 21, "sentence_text": "Defense lawyers say the killing was politically motivated, with many key suspects linked to the North Korean embassy in the Malaysian capital, suggesting the women were simply pawns.", "sentence_label": "Distant_Evaluation"}, {"sentence_index": 22, "sentence_text": "But the judge said the women\u2019s conduct before and after the attack supported a case against them, citing CCTV recordings of their meeting with other North Korean suspects and going to a airport bathroom to wash their hands immediately after the VX attack.", "sentence_label": "Distant_Evaluation"}, {"sentence_index": 23, "sentence_text": "Kim Jong Nam, who was living in exile in Macau, had criticized his family\u2019s dynastic rule of North Korea and his brother had ordered his execution, South Korean lawmakers have said.", "sentence_label": "Distant_Evaluation"}, {"sentence_index": 24, "sentence_text": "Pyongyang has denied accusations by South Korean and U.S. officials that Kim Jong Un\u2019s regime was behind the killing.", "sentence_label": "Distant_Evaluation"}, {"sentence_index": 25, "sentence_text": "Slideshow (5 Images)", "sentence_label": "NA"}, {"sentence_index": 26, "sentence_text": "In June, Malaysia said it planned to reopen its embassy in Pyongyang, suggesting an end to the rift in once-close diplomatic ties that followed the killing.", "sentence_label": "Distant_Expectations_Consequences"}, {"sentence_index": 27, "sentence_text": "The prosecution wrapped up its case in June, based on testimony from 34 witnesses, including experts who said traces of VX were found on the clothing of both women.", "sentence_label": "Cause_General"}, {"sentence_index": 28, "sentence_text": "Video recordings played in court showed them meeting two of the fugitives at the airport before the attack.", "sentence_label": "Cause_General"}]}