{"file_name": "./NewsDiscourseData/json_annotations/train/Crime/AReuters_30.json", "sentences": [{"sentence_index": "title", "sentence_text": "Slovak authorities identify possible witness in journalist's murder", "sentence_label": "title"}, {"sentence_index": 1, "sentence_text": "BRATISLAVA (Reuters) - Slovak authorities have identified a possible witness in the murder of Slovak journalist Jan Kuciak, whose killing last February led mass protests that forced the government to resign, a state prosecutor said on Monday.", "sentence_label": "Main"}, {"sentence_index": 2, "sentence_text": "FILE PHOTO: Candles are seen in front of the Government of the Slovak Republic's building during march in honour of murdered Slovak investigative reporter Jan Kuciak and his girlfriend Martina Kusnirova in Bratislava, Slovakia, March 2, 2018.", "sentence_label": "NA"}, {"sentence_index": 3, "sentence_text": "REUTERS/Radovan Stoklasa", "sentence_label": "NA"}, {"sentence_index": 4, "sentence_text": "It was the first development in the case in the six months since the murder.", "sentence_label": "Cause_General"}, {"sentence_index": 5, "sentence_text": "\u201cThis person may have been present at or close to the crime scene around the time the crime was committed and may have information about the crime,\u201d the prosecutor overseeing the case told a news conference.", "sentence_label": "Distant_Evaluation"}, {"sentence_index": 6, "sentence_text": "He declined to answer questions on whether that person was a suspect or just a witness.", "sentence_label": "Cause_General"}, {"sentence_index": 7, "sentence_text": "Kuciak, who had written about political corruption in Slovakia, was found shot dead along with his fiancee Martina Kusnirova at their home outside Bratislava in February.", "sentence_label": "Cause_Specific"}, {"sentence_index": 8, "sentence_text": "They were both 27.", "sentence_label": "Cause_General"}, {"sentence_index": 9, "sentence_text": "The murder - which police have called a professional hit - raised fears over media freedom in ex-communist Eastern Europe, and led to mass protests across the nation that forced the departure of previous police chief Tibor Gaspar as well as Prime Minister Robert Fico and interior minister Robert Kalinak.", "sentence_label": "Cause_General"}, {"sentence_index": 10, "sentence_text": "The cabinet was reshuffled with Fico\u2019s deputy Peter Pellegrini taking over as prime minister but the three-party center-left coalition stayed in power.", "sentence_label": "Cause_General"}, {"sentence_index": 11, "sentence_text": "The prosecutor, who declined to give his name, said authorities had also whittled down possible motives to two.", "sentence_label": "Distant_Evaluation"}, {"sentence_index": 12, "sentence_text": "He held up a sketch of the possible witness depicting a white man with a beard and dark hair who appeared to be in his late 20s to early 30s.", "sentence_label": "Cause_General"}, {"sentence_index": 13, "sentence_text": "He provided no other details.", "sentence_label": "Cause_General"}, {"sentence_index": 14, "sentence_text": "\u201cDespite initial mistakes in investigation, we have narrowed down possible motives from 30 to two,\u201d the prosecutor said.", "sentence_label": "Distant_Evaluation"}, {"sentence_index": 15, "sentence_text": "\u201cI believe we will be successful in the end.\u201d", "sentence_label": "Distant_Expectations_Consequences"}, {"sentence_index": 16, "sentence_text": "The update on Monday came after more than 300 Slovak journalists and publishers last month criticized police for the lack of progress in the murder investigation and alleged corruption described by Kuciak.", "sentence_label": "Cause_General"}, {"sentence_index": 17, "sentence_text": "\u201cAs no fundamental changes to the police or to the prosecutorial bodies have taken place, we have doubts about the independence of the investigation,\u201d they said in a statement.", "sentence_label": "Distant_Evaluation"}, {"sentence_index": 18, "sentence_text": "Kuciak had covered Slovak businessmen mentioned in the Panama Papers and also probed fraud cases involving businessmen with Slovak political ties.", "sentence_label": "Cause_General"}, {"sentence_index": 19, "sentence_text": "He had also been looking into suspected mafia links of Italians with businesses in Slovakia.", "sentence_label": "Cause_General"}]}