{"file_name": "./NewsDiscourseData/json_annotations/train/Crime/AReuters_21.json", "sentences": [{"sentence_index": "title", "sentence_text": "Couple arrested in Mexico over suspected killings of 10 women", "sentence_label": "title"}, {"sentence_index": 1, "sentence_text": "MEXICO CITY (Reuters) - Police in Mexico have arrested a couple suspected of involvement in the murder of at least 10 women, as well as the sale of a baby girl, authorities said late on Friday.", "sentence_label": "Main"}, {"sentence_index": 2, "sentence_text": "Alejandro Gomez, attorney general of the State of Mexico, which borders the capital, said in a video posted on Facebook that the couple were tracked down during a search for three missing women, one of whom disappeared along with her baby.", "sentence_label": "Cause_General"}, {"sentence_index": 3, "sentence_text": "The couple, a man and a woman, were arrested on Thursday after they left a house in the Mexico City suburb of Ecatepec with a baby carriage in which investigators had hoped to find the missing child, Gomez said in the video.", "sentence_label": "Cause_General"}, {"sentence_index": 4, "sentence_text": "Instead, they found a black bag containing human remains.", "sentence_label": "Cause_General"}, {"sentence_index": 5, "sentence_text": "Subsequent investigations found the couple had previously deposited other human remains nearby.", "sentence_label": "Cause_General"}, {"sentence_index": 6, "sentence_text": "Under questioning, the man identified as Juan Carlos N detailed taking part in the murders of at least 10 women, Gomez added.", "sentence_label": "Cause_Specific"}, {"sentence_index": 7, "sentence_text": "The motive for the killings was unclear.", "sentence_label": "Cause_General"}, {"sentence_index": 8, "sentence_text": "The couple admitted to having sold the missing two-month-old baby girl, who was found safe and returned to her grandmother.", "sentence_label": "Cause_Specific"}, {"sentence_index": 9, "sentence_text": "The couple who acquired the baby were arrested, Gomez said.", "sentence_label": "Main"}, {"sentence_index": 10, "sentence_text": "Thousands of women have disappeared or been murdered during a sharp increase in violence in Mexico in recent years.", "sentence_label": "Distant_Historical"}, {"sentence_index": 11, "sentence_text": "According to government statistics, there were at least 2,585 suspected murders of women last year, up from 1,755 in 2015.", "sentence_label": "Distant_Historical"}, {"sentence_index": 12, "sentence_text": "Of the total, the largest number were in the State of Mexico, the most populous region of the country.", "sentence_label": "Distant_Historical"}, {"sentence_index": 13, "sentence_text": "Ecatepec has become notorious as a center of the killings.", "sentence_label": "Distant_Evaluation"}]}