{"file_name": "./NewsDiscourseData/json_annotations/train/Crime/AReuters_43.json", "sentences": [{"sentence_index": "title", "sentence_text": "Iowa student's murder thrust into U.S. debate over immigration", "sentence_label": "title"}, {"sentence_index": 1, "sentence_text": "(Reuters) - The arrest of a man who U.S. authorities have said is an illegal immigrant on charges of murdering an Iowa college student has thrust the case into the debate on immigration policy, with President Donald Trump blaming Mollie Tibbetts\u2019 death on weak laws.", "sentence_label": "Main"}, {"sentence_index": 2, "sentence_text": "Christhian Rivera, 24, was arrested and charged on Monday with the murder of 20-year-old Tibbetts, who disappeared in July while out jogging.", "sentence_label": "Cause_Specific"}, {"sentence_index": 3, "sentence_text": "A woman\u2019s body has been found but has not yet been positively identified, authorities have said.", "sentence_label": "Cause_General"}, {"sentence_index": 4, "sentence_text": "Law enforcement officials told reporters on Monday that Rivera was Mexican and in the country illegally.", "sentence_label": "Distant_Evaluation"}, {"sentence_index": 5, "sentence_text": "However, his defense lawyer said in a court filing on Wednesday that Rivera had legal status.", "sentence_label": "Distant_Evaluation"}, {"sentence_index": 6, "sentence_text": "Trump, who has taken a tough stance on immigration and referred to some Mexican migrants as criminals and rapists in his 2016 election campaign, made a reference to the Tibbetts case at a rally in West Virginia on Tuesday.", "sentence_label": "Main"}, {"sentence_index": 7, "sentence_text": "\u201cShould never have happened,\u201d said Trump.", "sentence_label": "Main"}, {"sentence_index": 8, "sentence_text": "\u201cThe immigration laws are such a disgrace.\u201d", "sentence_label": "Main"}, {"sentence_index": 9, "sentence_text": "The political fallout from the killing could reverberate across Iowa, a swing state that has a hotly contested gubernatorial race and where Democrats see a chance at taking two of the 23 seats they need to win back from Republicans in November\u2019s midterms to gain a majority in the House of Representatives.", "sentence_label": "Distant_Expectations_Consequences"}, {"sentence_index": 10, "sentence_text": "Iowa Republican Governor Kim Reynolds echoed Trump\u2019s approach, blaming Tibbetts\u2019 death on the nation\u2019s immigration laws.", "sentence_label": "Distant_Evaluation"}, {"sentence_index": 11, "sentence_text": "\u201cWe are angry that a broken immigration system allowed a predator like this to live in our community, and we will do all we can bring justice to Mollie\u2019s killer,\u201d she said in a Tuesday statement.", "sentence_label": "Distant_Expectations_Consequences"}, {"sentence_index": 12, "sentence_text": "Cristhian Rivera, 24, accused of killing University of Iowa student Mollie Tibbetts, is led from the courtroom after making his initial appearance on a charge of first-degree murder during at the Poweshiek County Courthouse in Montezuma, Iowa, U.S., August 22, 2018.", "sentence_label": "NA"}, {"sentence_index": 13, "sentence_text": "Jim Slosiarek/The Gazette/Pool via REUTERS", "sentence_label": "NA"}, {"sentence_index": 14, "sentence_text": "But Republican members of Congress and congressional candidates in closely competitive Iowa districts were more guarded, perhaps wary of voter backlash if they politicized the case.", "sentence_label": "Distant_Expectations_Consequences"}, {"sentence_index": 15, "sentence_text": "Republican lawmakers Rod Blum and David Young each issued statements expressing sympathy for the Tibbetts\u2019 family but avoided any mention of illegal immigration.", "sentence_label": "Distant_Evaluation"}, {"sentence_index": 16, "sentence_text": "Christopher Peters, a Republican mounting a long-shot challenge to Iowa Democratic Congressman Dave Loebsack, said on Facebook that politicizing Tibbetts\u2019 murder \u201ccheapens the death of this young woman.\u201d", "sentence_label": "Distant_Evaluation"}, {"sentence_index": 17, "sentence_text": "\u201cYes, our immigration system is broken, and Congress has failed to fix it,\u201d Peters wrote.", "sentence_label": "Distant_Evaluation"}, {"sentence_index": 18, "sentence_text": "\u201cThere is much we can and must do.", "sentence_label": "Distant_Evaluation"}, {"sentence_index": 19, "sentence_text": "For now, though, we should mourn the loss of Mollie.\u201d", "sentence_label": "Distant_Evaluation"}, {"sentence_index": 20, "sentence_text": "Tibbetts\u2019 father, who made many public pleas for information about his daughter\u2019s whereabouts, could not be reached for comment on Wednesday.", "sentence_label": "Cause_General"}, {"sentence_index": 21, "sentence_text": "A man who picked up the phone at the home of Tibbetts\u2019 mother in Iowa declined to comment.", "sentence_label": "Cause_General"}, {"sentence_index": 22, "sentence_text": "During his 2016 campaign, Trump spoke almost daily about the 2015 death of Kate Steinle, who was struck by a bullet that ricocheted off the ground after being accidentally fired by an illegal immigrant.", "sentence_label": "Distant_Historical"}, {"sentence_index": 23, "sentence_text": "A jury last year cleared the immigrant of murder and manslaughter charges, and Trump railed against the decision.", "sentence_label": "Distant_Historical"}, {"sentence_index": 24, "sentence_text": "Iowa voters might recoil at Tibbetts\u2019 death being politicized so quickly, said Timothy Hagle, a political science professor at the University of Iowa.", "sentence_label": "Distant_Expectations_Consequences"}, {"sentence_index": 25, "sentence_text": "\u201cKate Steinle was used nationally by Republicans as an example of a system that needs fixing,\u201d Hagle said.", "sentence_label": "Distant_Evaluation"}, {"sentence_index": 26, "sentence_text": "\u201cThat might happen again, but I\u2019m not sure it will be handled the same way in Iowa.\u201d", "sentence_label": "Distant_Expectations_Consequences"}, {"sentence_index": 27, "sentence_text": "Mollie Tibbetts of Brooklyn, Iowa, a college student who went missing, poses for an undated photograph obtained by Reuters August 22, 2018.", "sentence_label": "NA"}, {"sentence_index": 28, "sentence_text": "Social Media via REUTERS.", "sentence_label": "NA"}, {"sentence_index": 29, "sentence_text": "Several residents of Brooklyn, Iowa, where Tibbetts lived, expressed sadness at how quickly her death had become a political talking point.", "sentence_label": "Distant_Anecdotal"}, {"sentence_index": 30, "sentence_text": "\u201cI wish Trump had not made this political,\u201d said Janice, a 60-year-old waitress at the Classic Deli, who declined to give her last name.", "sentence_label": "Distant_Anecdotal"}, {"sentence_index": 31, "sentence_text": "\u201cThe family just wants to heal.", "sentence_label": "Distant_Anecdotal"}, {"sentence_index": 32, "sentence_text": "I have a farm with Mexican immigrants, and I never felt afraid.\u201d", "sentence_label": "Distant_Anecdotal"}]}