{"file_name": "./NewsDiscourseData/json_annotations/train/Crime/AReuters_33.json", "sentences": [{"sentence_index": "title", "sentence_text": "'Pure evil': Ex-New England mob boss gets life in prison for 1993 murder", "sentence_label": "title"}, {"sentence_index": 1, "sentence_text": "BOSTON (Reuters) - An octogenarian former New England mob boss was sentenced to life in prison on Thursday as the grown children of a nightclub owner he was convicted of murdering in 1993 accused him of devastating their lives and being \u201cpure evil.\u201d", "sentence_label": "Main"}, {"sentence_index": 2, "sentence_text": "Michael DiSarro (L to R), Pamela DiSarro, Nick DiSarro and Colby DiSarro speak to reporters outside the federal courthouse following the sentencing of Francis Salemme in Boston, Massachusetts, U.S., September 13, 2018.", "sentence_label": "NA"}, {"sentence_index": 3, "sentence_text": "REUTERS/Nate Raymond", "sentence_label": "NA"}, {"sentence_index": 4, "sentence_text": "Francis \u201cCadillac Frank\u201d Salemme, 85, looked through paperwork as three of club owner Steven DiSarro\u2019s children spoke in Boston federal court about how they suffered for over two decades not knowing what happened to their father.", "sentence_label": "Cause_General"}, {"sentence_index": 5, "sentence_text": "Salemme, who was sentenced alongside associate Paul Weadick, 63, to a mandatory life prison term by U.S. District Judge Allison Burroughs, was only charged after DiSarro\u2019s remains were found in 2016 buried behind a mill in Providence, Rhode Island.", "sentence_label": "Cause_Specific"}, {"sentence_index": 6, "sentence_text": "Nick DiSarro, one of DiSarro\u2019s sons, described the pain he felt as sat through each day of Salemme\u2019s trial listening to testimony about his father\u2019s brutal murder.", "sentence_label": "Cause_General"}, {"sentence_index": 7, "sentence_text": "\u201cAs hard as it was to hear the pure evil day in and day out, I got the answers necessary,\u201d he said.", "sentence_label": "Distant_Evaluation"}, {"sentence_index": 8, "sentence_text": "Michael DiSarro, another of the late DiSarro\u2019s children, told Salemme: \u201cYou\u2019re a coward and a murderer, and I am happy to see you will be spending what days you have left in a cell.\u201d", "sentence_label": "Distant_Evaluation"}, {"sentence_index": 9, "sentence_text": "Salemme, who is expected to appeal his June conviction, said in court that DiSarro\u2019s family had a \u201cright to feel like that, but they don\u2019t know what\u2019s going on, they don\u2019t know the truth.\u201d", "sentence_label": "Distant_Expectations_Consequences"}, {"sentence_index": 10, "sentence_text": "The case harkened back to an era when organized crime in Boston was run by Salemme, who headed the New England family of La Cosa Nostra in the 1990s, and James \u201cWhitey\u201d Bulger, the gangster now serving life in prison whose crimes were depicted in the 2015 film \u201cBlack Mass.\u201d", "sentence_label": "Cause_General"}, {"sentence_index": 11, "sentence_text": "Prosecutors said Salemme had a secret interest in a music venue called The Channel that DiSarro purchased.", "sentence_label": "Distant_Evaluation"}, {"sentence_index": 12, "sentence_text": "Stephen \u201cThe Rifleman\u201d Flemmi, a longtime partner of Bulger\u2019s who also knew Salemme, testified that Salemme became concerned DiSarro was speaking to authorities and might implicate him in criminal activities.", "sentence_label": "Distant_Evaluation"}, {"sentence_index": 13, "sentence_text": "Flemmi, who is serving a life sentence for 10 murders, said he witnessed DiSarro\u2019s strangling on May 10, 1993, when he went to Salemme\u2019s home to talk to Salemme.", "sentence_label": "Distant_Evaluation"}, {"sentence_index": 14, "sentence_text": "Flemmi said he saw Salemme\u2019s now-deceased son, Frank Jr., strangling DiSarro as Weadick held his legs and the elder Salemme watched.", "sentence_label": "Distant_Evaluation"}, {"sentence_index": 15, "sentence_text": "Flemmi, 84, said he quickly left, but added Salemme later told him DiSarro was killed and that his body was buried in Rhode Island.", "sentence_label": "Distant_Evaluation"}]}