{"file_name": "./NewsDiscourseData/json_annotations/train/Crime/AReuters_47.json", "sentences": [{"sentence_index": "title", "sentence_text": "Texas executes 'ice pick killer' for 1979 rape and murder", "sentence_label": "title"}, {"sentence_index": 1, "sentence_text": "AUSTIN, Texas (Reuters) - Texas on Wednesday executed a man dubbed the \u201cice pick killer\u201d for the weapon he used to murder a woman in 1979, after the U.S. Supreme Court rejected a last-minute appeal from his lawyers, who argued his veins were too compromised for a lethal injection.", "sentence_label": "Main"}, {"sentence_index": 2, "sentence_text": "Deathrow inmate and convicted murderer and rapist Danny Bible, 66, is shown in this March 26, 2010 photo provided June 26, 2018.", "sentence_label": "NA"}, {"sentence_index": 3, "sentence_text": "Texas Department of Criminal Justice/Handout via REUTERS", "sentence_label": "NA"}, {"sentence_index": 4, "sentence_text": "Danny Bible, 66, was put to death at the state\u2019s death chamber in Huntsville.", "sentence_label": "Cause_General"}, {"sentence_index": 5, "sentence_text": "His execution was the 12th this year in the United States and the seventh in Texas, which has executed more inmates than any state since the U.S. Supreme Court reinstated the death penalty in 1976.", "sentence_label": "Cause_General"}, {"sentence_index": 6, "sentence_text": "Bible made no last statement, a prisons official said.", "sentence_label": "Cause_General"}, {"sentence_index": 7, "sentence_text": "His execution occurred in a typical time frame for a lethal injection procedure.", "sentence_label": "Cause_General"}, {"sentence_index": 8, "sentence_text": "Bible was convicted of the rape and murder of Inez Deaton, 20, who went to his home to use his phone and was stabbed 11 times with an ice pick.", "sentence_label": "Cause_Specific"}, {"sentence_index": 9, "sentence_text": "Her body was dumped near a Houston bayou.", "sentence_label": "Distant_Historical"}, {"sentence_index": 10, "sentence_text": "The crime went unsolved for nearly 20 years, until Bible confessed to the murder and other sexual assaults that included raping an 11-year-old girl in Montana.", "sentence_label": "Distant_Historical"}, {"sentence_index": 11, "sentence_text": "He had gone on a rape and murder spree that included the 1983 killing of his sister-in-law, her infant son and her roommate, court records show.", "sentence_label": "Distant_Historical"}, {"sentence_index": 12, "sentence_text": "After a plea deal for a 25-year sentence in those killings, Bible served eight years and was paroled.", "sentence_label": "Distant_Historical"}, {"sentence_index": 13, "sentence_text": "After his early release under a program that Texas has since abandoned, he raped a woman in Louisiana and was apprehended in Florida.", "sentence_label": "Distant_Historical"}, {"sentence_index": 14, "sentence_text": "Soon afterward, he admitted to the ice pick murder.", "sentence_label": "Distant_Historical"}, {"sentence_index": 15, "sentence_text": "\u201cBible has killed at least four people, including an infant,\u201d Texas said in a court filing.", "sentence_label": "Cause_General"}, {"sentence_index": 16, "sentence_text": "\u201cUnlike many offenders, he remained violent as he aged, committing his most recent rape in his late forties.\u201d", "sentence_label": "Cause_General"}, {"sentence_index": 17, "sentence_text": "Bible\u2019s lawyers said there was undeniable evidence his recent medical deterioration has rendered his veins inaccessible or incapable of sustaining a lethal injection.", "sentence_label": "Distant_Expectations_Consequences"}, {"sentence_index": 18, "sentence_text": "Over the years, Bible contracted coronary disease, diabetes and hypertension, they said.", "sentence_label": "Distant_Evaluation"}, {"sentence_index": 19, "sentence_text": "Two executions of inmates with compromised veins have been botched recently, one in Ohio and another in Alabama.", "sentence_label": "Cause_General"}, {"sentence_index": 20, "sentence_text": "Their lawyers warned courts the men were too frail and their veins were not suitable.", "sentence_label": "Distant_Expectations_Consequences"}, {"sentence_index": 21, "sentence_text": "In both cases, the states were unable to place intravenous lines and called off their executions while the inmates were on death chamber gurneys.", "sentence_label": "Cause_General"}]}