{"file_name": "./NewsDiscourseData/json_annotations/train/Crime/AReuters_2.json", "sentences": [{"sentence_index": "title", "sentence_text": "Venezuela says jailed lawmaker takes own life; opposition says he was killed", "sentence_label": "title"}, {"sentence_index": 1, "sentence_text": "CARACAS (Reuters) - Venezuela\u2019s government said on Monday that a jailed opposition lawmaker killed himself by jumping from the 10th floor of the state intelligence agency headquarters (SEBIN) where he was being held, but his party said he was murdered by the government.", "sentence_label": "Main"}, {"sentence_index": 2, "sentence_text": "Mourners of the municipal lawmaker Fernando Alban shout slogans in front of riot police members standing outside the headquarters of Bolivarian National Intelligence Service (SEBIN) in Caracas, Venezuela October 8, 2018.", "sentence_label": "NA"}, {"sentence_index": 3, "sentence_text": "REUTERS/Carlos Garcia Rawlins", "sentence_label": "NA"}, {"sentence_index": 4, "sentence_text": "Municipal lawmaker Fernando Alban, 56, was jailed last Friday for alleged involvement in the explosion of two drones during a military parade in August that was led by President Nicolas Maduro, Interior Minister Nestor Reverol said.", "sentence_label": "Cause_General"}, {"sentence_index": 5, "sentence_text": "\u201cAt the moment he was going to be transported to court, while he was in the SEBIN waiting room, he jumped from the window of the building and fell, causing his death,\u201d Reverol wrote in a post on Twitter.", "sentence_label": "Cause_Specific"}, {"sentence_index": 6, "sentence_text": "That account differed from the one by Chief Prosecutor Tarek Saab, who said in televised statements that Alban had asked to use a bathroom and jumped from there.", "sentence_label": "Cause_Specific"}, {"sentence_index": 7, "sentence_text": "The opposition First Justice party, for which Alban was a Caracas municipal counselor, said he was murdered.", "sentence_label": "Cause_Specific"}, {"sentence_index": 8, "sentence_text": "\u201cWith great pain and thirst for justice we tell the people of Venezuela ... that Councilman Fernando Alban was murdered at the hands of the regime of Nicolas Maduro,\u201d the party said.", "sentence_label": "Cause_Specific"}, {"sentence_index": 9, "sentence_text": "First Justice\u2019s national coordinator, Julio Borges, said Alban\u2019s lifeless body was thrown from the SEBIN\u2019s headquarters on Caracas\u2019 Plaza Venezuela.", "sentence_label": "Cause_Specific"}, {"sentence_index": 10, "sentence_text": "He did not provide any evidence and did he say what led him to believe that Alban was killed.", "sentence_label": "Cause_Specific"}, {"sentence_index": 11, "sentence_text": "The party said that Alban\u2019s arrest was owing to statements he made at recent United Nations meetings in New York City denouncing humans rights violations in Venezuela.", "sentence_label": "Distant_Evaluation"}, {"sentence_index": 12, "sentence_text": "The government had previously given no reason for his arrest.", "sentence_label": "Cause_General"}, {"sentence_index": 13, "sentence_text": "On Monday, Reverol said Alban had also been investigated for \u201cdestabilizing activities directed from abroad.\u201d", "sentence_label": "Cause_General"}, {"sentence_index": 14, "sentence_text": "The chairman of the U.S. Senate Foreign Relations Committee, Senator Bob Corker, called on Maduro to explain the reasons for Alban\u2019s death.", "sentence_label": "Main_Consequence"}, {"sentence_index": 15, "sentence_text": "Corker was in Caracas on Monday to meet with government officials and the opposition to assess Venezuela\u2019s economic crisis.", "sentence_label": "Cause_General"}, {"sentence_index": 16, "sentence_text": "\u201cThis is disturbing and the government has a responsibility to ensure all understand how that could have happened,\u201d Corker, a Republican, said on Twitter.", "sentence_label": "Distant_Evaluation"}, {"sentence_index": 17, "sentence_text": "The United States imposed new sanctions on several of Maduro\u2019s top allies last week as President Donald Trump urged UN members to support a \u201crestoration of democracy\u201d in Venezuela.", "sentence_label": "Cause_General"}, {"sentence_index": 18, "sentence_text": "Alban\u2019s assistant, Mileidy Blanco, said she had begged him to leave Venezuela with his family.", "sentence_label": "Distant_Evaluation"}, {"sentence_index": 19, "sentence_text": "\u201cAnd he didn\u2019t do it.", "sentence_label": "Distant_Evaluation"}, {"sentence_index": 20, "sentence_text": "He loved the country too much,\u201d she said in an interview outside the SEBIN\u2019s headquarters, known as \u201cThe Tomb\u201d for its underground detention facility.", "sentence_label": "Distant_Evaluation"}, {"sentence_index": 21, "sentence_text": "The opposition and rights groups have said that Maduro\u2019s administration is holding hundreds of political prisoners on trumped-up charges intended to stifle dissent.", "sentence_label": "Cause_Specific"}, {"sentence_index": 22, "sentence_text": "The United Nations has said detainees are often subjected to ill treatment, including some documented cases that amount to torture.", "sentence_label": "Distant_Evaluation"}, {"sentence_index": 23, "sentence_text": "Authorities have arrested at least 30 people linked to the drone explosions on Aug. 2, which injured seven soldiers.", "sentence_label": "Cause_General"}, {"sentence_index": 24, "sentence_text": "The government has denied that it is detaining people as political prisoners and has said that they were fairly jailed.", "sentence_label": "Cause_Specific"}, {"sentence_index": 25, "sentence_text": "Slideshow (9 Images)", "sentence_label": "NA"}, {"sentence_index": 26, "sentence_text": "Alban\u2019s lawyer, Joel Garcia, told reporters that when he last saw Alban on Sunday \u201che was not beaten, he was fine.\u201d He said Alban told him that he had been interrogated but not tortured.", "sentence_label": "Distant_Evaluation"}, {"sentence_index": 27, "sentence_text": "The Organization of American States (OAS) condemned Alban\u2019s death.", "sentence_label": "Distant_Evaluation"}, {"sentence_index": 28, "sentence_text": "\u201cDirect responsibility of a regime that tortures and murders.", "sentence_label": "Distant_Evaluation"}, {"sentence_index": 29, "sentence_text": "This criminal dictatorship must go now from Venezuela,\u201d OAS Secretary General Luis Almagro said on Twitter.", "sentence_label": "Distant_Evaluation"}]}