{"file_name": "./NewsDiscourseData/json_annotations/train/Crime/AReuters_29.json", "sentences": [{"sentence_index": "title", "sentence_text": "Egypt probes death of monk from murdered bishop's monastery", "sentence_label": "title"}, {"sentence_index": 1, "sentence_text": "CAIRO (Reuters) - Egyptian prosecutors are investigating the death of a monk who was from the monastery where a bishop was murdered in July, a case that has rattled the biggest church in the Middle East.", "sentence_label": "Main"}, {"sentence_index": 2, "sentence_text": "Zenon al-Makari, 45, died while being rushed to hospital after suffering severe stomach pains.", "sentence_label": "Cause_Specific"}, {"sentence_index": 3, "sentence_text": "He had served as a confessional priest for one of two defrocked monks charged with the murder of the Bishop Epiphanius on July 29, fellow monks said.", "sentence_label": "Cause_General"}, {"sentence_index": 4, "sentence_text": "A Church spokesman said Zenon had suffered a \u201csudden health crisis\u201d and prosecutors were investigating the cause of death.", "sentence_label": "Distant_Evaluation"}, {"sentence_index": 5, "sentence_text": "Zenon was one of six monks that Coptic Church authorities had relocated away from the Abu Makar (Saint Macarius) Monastery some 110 km (70 miles) northwest of Cairo, a month after the murder there, on Aug. 25.", "sentence_label": "Cause_General"}, {"sentence_index": 6, "sentence_text": "Monks at the al-Muhharaq Monastery in Assiut, where Zenon was transferred, said he had been distressed and declined to mix with other monks.", "sentence_label": "Distant_Evaluation"}, {"sentence_index": 7, "sentence_text": "He was on a list of witnesses scheduled to testify in the trial of the two former monks, which opened last week, according to a lawyer involved in the trial and a security source in Beheira province, where the hearing is taking place.", "sentence_label": "Cause_General"}, {"sentence_index": 8, "sentence_text": "The murder of Bishop Epiphanius had rocked the Church in a country where Christians make up an estimated 10 percent of the 96 million population.", "sentence_label": "Distant_Evaluation"}, {"sentence_index": 9, "sentence_text": "Pope Tawadros immediately ordered a freeze on accepting new monks, a ban on monks leaving monasteries without permission, and a ban on clergy using social media.", "sentence_label": "Cause_General"}, {"sentence_index": 10, "sentence_text": "Judicial sources said one of the monks accused of the killing, Wael Saad, known by his monastic name Isaiah al-Makari, had confessed during questioning to the murder.", "sentence_label": "Cause_General"}, {"sentence_index": 11, "sentence_text": "Egyptian media reported this week that Saad, at his first hearing, had denied killing Epiphanius and said he had confessed under pressure.", "sentence_label": "Cause_General"}, {"sentence_index": 12, "sentence_text": "In a statement last month, the prosecution said Saad had long had differences with his superiors, who had on one occasion investigated him for breaking monastery traditions.", "sentence_label": "Distant_Evaluation"}, {"sentence_index": 13, "sentence_text": "The second monk accused of involvement in the murder, Ramon Rasmi Mansour, threw himself from the monastery roof this month.", "sentence_label": "Cause_General"}, {"sentence_index": 14, "sentence_text": "He has been treated in a Cairo hospital where he has also been questioned, judicial sources told Reuters.", "sentence_label": "Cause_General"}, {"sentence_index": 15, "sentence_text": "(Corrects month of murder in paragraph 1, says Zenon was confessional priest for one of the charged monks, not two in paragraph 2.)", "sentence_label": "Cause_General"}]}