{"file_name": "./NewsDiscourseData/json_annotations/train/Crime/AReuters_32.json", "sentences": [{"sentence_index": "title", "sentence_text": "Chicago policeman defends shooting of black teen at trial", "sentence_label": "title"}, {"sentence_index": 1, "sentence_text": "CHICAGO (Reuters) - The white Chicago police officer who shot to death a black teenager in 2014 told jurors at his murder trial on Tuesday that he felt threatened when he opened fire, as he took the witness stand in his own defense.", "sentence_label": "Main"}, {"sentence_index": 2, "sentence_text": "Chicago police Officer Jason Van Dyke stands with his attorneys during his murder trial in the shooting death of Laquan McDonald, in Chicago, Illinois, October 3, 2018.", "sentence_label": "NA"}, {"sentence_index": 3, "sentence_text": "REUTERS/John J. Kim/Chicago Tribune/Pool via REUTERS", "sentence_label": "NA"}, {"sentence_index": 4, "sentence_text": "Jason Van Dyke, 40, is accused of shooting 17-year-old Laquan McDonald 16 times and faces charges of first-degree murder, aggravated battery and official misconduct in a case that has focused attention on race relations and policing in the third-largest U.S. city.", "sentence_label": "Cause_Specific"}, {"sentence_index": 5, "sentence_text": "He is the first Chicago police officer to face a murder charge for an on-duty incident in decades.", "sentence_label": "Cause_General"}, {"sentence_index": 6, "sentence_text": "His decision to testify was not revealed until he took the stand.", "sentence_label": "Cause_General"}, {"sentence_index": 7, "sentence_text": "Wiping tears away at times, Van Dyke testified that McDonald \u201cnever stopped\u201d advancing toward him, getting about 10 to 15 feet (3 to 4.5 meters) away.", "sentence_label": "Main"}, {"sentence_index": 8, "sentence_text": "\u201cHis face had no expression,\u201d Van Dyke said under questioning from his lawyer.", "sentence_label": "Main"}, {"sentence_index": 9, "sentence_text": "\u201cHis eyes were buggin\u2019 out.\u201d", "sentence_label": "Main"}, {"sentence_index": 10, "sentence_text": "McDonald waved his knife and was still holding the knife when he fell to the ground, Van Dyke testified, adding that he shot at the knife.", "sentence_label": "Main"}, {"sentence_index": 11, "sentence_text": "Van Dyke said he did not know how many shots he fired at the time and stopped shooting when McDonald fell and when his gun was empty.", "sentence_label": "Main"}, {"sentence_index": 12, "sentence_text": "\u201cI\u2019m yelling at him, \u2018Drop that knife,\u2019\u201d Van Dyke said.", "sentence_label": "Main"}, {"sentence_index": 13, "sentence_text": "\u201cI just wanted him to get rid of that knife.\u201d", "sentence_label": "Main"}, {"sentence_index": 14, "sentence_text": "Prosecutors have said Van Dyke was not justified in shooting McDonald.", "sentence_label": "Distant_Evaluation"}, {"sentence_index": 15, "sentence_text": "Jurors have repeatedly viewed a video of the incident, which prosecutors have argued shows that McDonald was not moving toward Van Dyke at the time he began firing.", "sentence_label": "Distant_Evaluation"}, {"sentence_index": 16, "sentence_text": "The public release of the dashboard camera video, which came after a journalist filed a Freedom of Information Act lawsuit, sparked days of protests in Chicago.", "sentence_label": "Cause_General"}, {"sentence_index": 17, "sentence_text": "Under cross-examination by a prosecutor, Van Dyke said that video and an animated video of the shooting played for the jury do not show what occurred from his point of view.", "sentence_label": "Main"}, {"sentence_index": 18, "sentence_text": "\u201cIt\u2019s not my perspective,\u201d Van Dyke said.", "sentence_label": "Main"}, {"sentence_index": 19, "sentence_text": "The prosecution grilled Van Dyke on his actions in the moments before the shooting, and noted that the officer continued to shoot after McDonald fell to the ground.", "sentence_label": "Cause_General"}, {"sentence_index": 20, "sentence_text": "\u201cI shot at that knife,\u201d Van Dyke said.", "sentence_label": "Main"}, {"sentence_index": 21, "sentence_text": "\u201cMy focus was just on that knife and I just wanted him to get rid of that knife.", "sentence_label": "Main"}, {"sentence_index": 22, "sentence_text": "That\u2019s all I could think.\u201d", "sentence_label": "Main"}, {"sentence_index": 23, "sentence_text": "\u201cCause to me it seemed like he was getting back up and he was in the fight,\u201d Van Dyke said later.", "sentence_label": "Main"}, {"sentence_index": 24, "sentence_text": "Slideshow (3 Images)", "sentence_label": "NA"}, {"sentence_index": 25, "sentence_text": "Van Dyke\u2019s lawyers have portrayed McDonald as an unruly, threatening criminal who was under the influence of a drug.", "sentence_label": "Cause_General"}, {"sentence_index": 26, "sentence_text": "Van Dyke also told jurors he had drawn his gun several times in his career, but had never fired it in the line of duty before the Oct. 20, 2014 incident.", "sentence_label": "Main"}, {"sentence_index": 27, "sentence_text": "\u201cI\u2019m very proud of that,\u201d he said.", "sentence_label": "Main"}, {"sentence_index": 28, "sentence_text": "The trial, now in its third week, will continue on Wednesday.", "sentence_label": "Distant_Expectations_Consequences"}, {"sentence_index": 29, "sentence_text": "The 12-person jury includes one black member.", "sentence_label": "Cause_General"}]}