{"file_name": "./NewsDiscourseData/json_annotations/train/Crime/AReuters_42.json", "sentences": [{"sentence_index": "title", "sentence_text": "Dallas police dismiss officer who fatally shot man in his home", "sentence_label": "title"}, {"sentence_index": 1, "sentence_text": "AUSTIN, Texas (Reuters) - The Dallas Police Department on Monday fired a police officer who is facing a manslaughter charge after fatally shooting a man in his apartment that the officer said she mistook for her own home.", "sentence_label": "Main"}, {"sentence_index": 2, "sentence_text": "Officer Amber Guyger had been dismissed after nearly five years on the job for her actions on the night of the shooting earlier in September, Dallas Police Chief U. Renee Hall said in a statement.", "sentence_label": "Main"}, {"sentence_index": 3, "sentence_text": "Hall also said Guyger had engaged in \u201cadverse conduct\u201d when she was arrested for manslaughter, without elaborating.", "sentence_label": "Cause_General"}, {"sentence_index": 4, "sentence_text": "Guyger, 30, had been on administrative leave since she fatally shot Botham Jean, 26.", "sentence_label": "Cause_General"}, {"sentence_index": 5, "sentence_text": "The killing of an unarmed black man by a white officer sparked protests in the Texas city, with many calling for the officer to be fired and charged with murder.", "sentence_label": "Cause_General"}, {"sentence_index": 6, "sentence_text": "The decision to fire Guyger came after an internal review.", "sentence_label": "Cause_Specific"}, {"sentence_index": 7, "sentence_text": "Guyger can appeal the decision, police said.", "sentence_label": "Distant_Expectations_Consequences"}, {"sentence_index": 8, "sentence_text": "An attorney for the officer was not immediately available for comment.", "sentence_label": "Cause_General"}, {"sentence_index": 9, "sentence_text": "Dallas Mayor Mike Rawlings said he heard the calls to take action and supported the decision.", "sentence_label": "Distant_Evaluation"}, {"sentence_index": 10, "sentence_text": "\u201cThe swift termination of any officer who engages in misconduct that leads to the loss of innocent life is essential if the Dallas Police Department is to gain and maintain the public trust,\u201d he said in a statement.", "sentence_label": "Distant_Evaluation"}, {"sentence_index": 11, "sentence_text": "A funeral for Jean was planned for Monday in his native Saint Lucia, Dallas media reported.", "sentence_label": "Cause_General"}, {"sentence_index": 12, "sentence_text": "S. Lee Merritt, an attorney for the Jean family, said the police chief informed the family of the department\u2019s decision on Sunday night and they supported the move.", "sentence_label": "Distant_Evaluation"}, {"sentence_index": 13, "sentence_text": "\u201cThe Jean family said that this was an initial victory but are still focused on the proper indictment by the grand jury of murder, a successful prosecution and an appropriate sentence,\u201d he said in an interview.", "sentence_label": "Distant_Expectations_Consequences"}, {"sentence_index": 14, "sentence_text": "The family is also considering suing the department and the city, he said.", "sentence_label": "Distant_Expectations_Consequences"}, {"sentence_index": 15, "sentence_text": "FILE PHOTO: Officer Amber Guyger appears in a booking photo provided by the Kaufman County Sheriff's Office, September 10, 2018.", "sentence_label": "NA"}, {"sentence_index": 16, "sentence_text": "Kaufman County Sheriff's Office/Handout via REUTERS/File Photo", "sentence_label": "NA"}, {"sentence_index": 17, "sentence_text": "The case is before a grand jury.", "sentence_label": "Cause_General"}, {"sentence_index": 18, "sentence_text": "District Attorney Faith Johnson said the panel may decide to uphold the manslaughter charge on which Guyger was arrested, or it could consider a more serious charge of murder.", "sentence_label": "Distant_Expectations_Consequences"}, {"sentence_index": 19, "sentence_text": "Police said Guyger has told investigators she mistook Jean\u2019s residence for her own and shot him, believing he was an intruder.", "sentence_label": "Distant_Evaluation"}, {"sentence_index": 20, "sentence_text": "Guyger said she had mistakenly gone to Jean\u2019s apartment one floor above her own and managed to enter because the door was slightly ajar, according to an arrest warrant affidavit.", "sentence_label": "Distant_Evaluation"}]}