{"file_name": "./NewsDiscourseData/json_annotations/train/Crime/AReuters_22.json", "sentences": [{"sentence_index": "title", "sentence_text": "Man deported six times charged with murder in California bludgeonings", "sentence_label": "title"}, {"sentence_index": 1, "sentence_text": "LOS ANGELES (Reuters) - A man who police said fled to California from Texas after being questioned in the disappearance of two relatives was charged on Wednesday in Los Angeles with bludgeoning eight men, three fatally, in a string of attacks aimed mostly at homeless victims.", "sentence_label": "Main"}, {"sentence_index": 2, "sentence_text": "Ramon Escobar, 47, appears in a booking photo provided by the Harris County Sheriff's Office in Houston, Texas, U.S., September 27, 2018.", "sentence_label": "NA"}, {"sentence_index": 3, "sentence_text": "Harris County Sheriff's Office/Handout via REUTERS", "sentence_label": "NA"}, {"sentence_index": 4, "sentence_text": "Ramon Alberto Escobar, 47, an El Salvador native and convicted burglar who has been repeatedly deported from the United States, was arrested on Monday after he allegedly clubbed a sleeping man in the head with bolt-cutters in the ocean-front city of Santa Monica, authorities said.", "sentence_label": "Cause_Specific"}, {"sentence_index": 5, "sentence_text": "Seven other men were similarly attacked in Santa Monica and Los Angeles earlier this month, according to the Los Angeles County District Attorney\u2019s Office.", "sentence_label": "Cause_Specific"}, {"sentence_index": 6, "sentence_text": "Police have said one victim was sleeping under a pier after a night of fishing and that most of the rest of the victims were homeless, including three men battered with a baseball bat in downtown Los Angeles on Sept. 16.", "sentence_label": "Cause_General"}, {"sentence_index": 7, "sentence_text": "Two of those victims and the man attacked beneath the pier died of their injuries.", "sentence_label": "Cause_Specific"}, {"sentence_index": 8, "sentence_text": "Some survivors were left in a coma.", "sentence_label": "Cause_Specific"}, {"sentence_index": 9, "sentence_text": "On Wednesday, the district attorney\u2019s office formally charged Escobar with three counts of murder, five counts of attempted murder and four counts of robbery.", "sentence_label": "Main"}, {"sentence_index": 10, "sentence_text": "If convicted of murder, he faces a minimum sentence of life without parole.", "sentence_label": "Distant_Expectations_Consequences"}, {"sentence_index": 11, "sentence_text": "U.S. Immigration and Customs Enforcement (ICE) officials said Tuesday that Escobar had been deported back to El Salvador six times between 1977 and 2011 and has six felony convictions for burglary and illegal re-entry.", "sentence_label": "Distant_Historical"}, {"sentence_index": 12, "sentence_text": "Police have said he spent five years in a Texas prison for burglary from 1995 to 2000.", "sentence_label": "Distant_Historical"}, {"sentence_index": 13, "sentence_text": "Escobar in 2016 filed an appeal of his immigration case, which U.S. courts granted in December of that year, and he was released from ICE custody on an \u201corder of supervision\u201d in January 2017, ICE spokesperson Paige Hughes said by email.", "sentence_label": "Distant_Historical"}, {"sentence_index": 14, "sentence_text": "Escobar, now jailed without bond, briefly appeared in Los Angeles Superior Court on Wednesday, but the arraignment was postponed until Nov. 8.", "sentence_label": "Cause_General"}, {"sentence_index": 15, "sentence_text": "No plea was entered.", "sentence_label": "Cause_General"}, {"sentence_index": 16, "sentence_text": "Judge Gustavo Sztraicher granted a defense motion barring public dissemination of the defendant\u2019s image, including by photograph or courtroom sketch drawing, so as not to prejudice potential witnesses who might identify him for prosecutors.", "sentence_label": "Cause_General"}, {"sentence_index": 17, "sentence_text": "Escobar appeared expressionless and said nothing except to answer, \u201cYes, sir,\u201d when asked if he agreed to the postponement.", "sentence_label": "Distant_Evaluation"}, {"sentence_index": 18, "sentence_text": "Defense lawyers declined to speak to reporters.", "sentence_label": "Cause_General"}, {"sentence_index": 19, "sentence_text": "Meanwhile, police in Houston said Escobar was a \u201cperson of interest\u201d in the investigation into the disappearance of an aunt and uncle with whom Escobar lived before they were reported missing in late August by other relatives.", "sentence_label": "Distant_Evaluation"}, {"sentence_index": 20, "sentence_text": "The aunt\u2019s van was later found burned and abandoned in Galveston, Texas, according to Houston police spokesman Kese Smith.", "sentence_label": "Cause_General"}, {"sentence_index": 21, "sentence_text": "Escobar was questioned by Houston homicide detectives on Aug. 30, but they lacked probable cause to detain him at the time, Smith told Reuters on Wednesday, adding that Houston detectives would seek to \u201cre-interview\u201d Escobar in California.", "sentence_label": "Distant_Expectations_Consequences"}, {"sentence_index": 22, "sentence_text": "Hayes said Escobar \u201cfled\u201d Texas by car soon after he was questioned in Houston, arriving in Los Angeles on Sept. 5.", "sentence_label": "Distant_Evaluation"}, {"sentence_index": 23, "sentence_text": "The first attack police linked to him occurred three days later.", "sentence_label": "Cause_General"}]}