{"file_name": "./NewsDiscourseData/json_annotations/train/Crime/AReuters_31.json", "sentences": [{"sentence_index": "title", "sentence_text": "Slovak police detain suspects over journalist murder - media, lawyer", "sentence_label": "title"}, {"sentence_index": 1, "sentence_text": "BRATISLAVA (Reuters) - Slovak police have detained people suspected of the murder of investigative reporter Jan Kuciak and his fiancee, Slovak media outlets reported on Thursday, citing police sources.", "sentence_label": "Main"}, {"sentence_index": 2, "sentence_text": "FILE PHOTO: Candles are seen in front of the Government of the Slovak Republic's building during march in honour of murdered Slovak investigative reporter Jan Kuciak and his girlfriend Martina Kusnirova in Bratislava, Slovakia, March 2, 2018.", "sentence_label": "NA"}, {"sentence_index": 3, "sentence_text": "REUTERS/Radovan Stoklasa/File Photo", "sentence_label": "NA"}, {"sentence_index": 4, "sentence_text": "The news was confirmed by a lawyer for the family of Kuciak, whose killing seven months ago rocked the central European country, stoking anger over public corruption and sparking the biggest street protests since the fall of communism in 1989.", "sentence_label": "Cause_Specific"}, {"sentence_index": 5, "sentence_text": "\u201cIn the early morning hours today police detained suspects in the premeditated murder of Jan Kuciak and (his fiancee) Martina Kusnirova,\u201d lawyer Daniel Lipsic said on Facebook.", "sentence_label": "Main"}, {"sentence_index": 6, "sentence_text": "He told Reuters by text message that he had been briefed by prosecutors.", "sentence_label": "Cause_General"}, {"sentence_index": 7, "sentence_text": "Lipsic later told the website of daily newspaper SME that he was convinced there was enough evidence to justify keeping the suspects in custody.", "sentence_label": "Distant_Expectations_Consequences"}, {"sentence_index": 8, "sentence_text": "Local media reported that eight people were being held.", "sentence_label": "Cause_General"}, {"sentence_index": 9, "sentence_text": "Reuters could not immediately verify that number.", "sentence_label": "Cause_General"}, {"sentence_index": 10, "sentence_text": "The police said earlier on its Facebook page it had detained persons suspected of a violent crime and was carrying out home searches but did not say in which case.", "sentence_label": "Main"}, {"sentence_index": 11, "sentence_text": "A spokesman declined to comment further.", "sentence_label": "Cause_General"}, {"sentence_index": 12, "sentence_text": "Media, including SME and Aktuality.sk, where Kuciak had worked, reported police were carrying out home searches in the south of the country.", "sentence_label": "Cause_Specific"}, {"sentence_index": 13, "sentence_text": "Kuciak had, among other things, investigated fraud cases involving businessmen with Slovak political ties.", "sentence_label": "Cause_General"}, {"sentence_index": 14, "sentence_text": "He had also looked into suspected mafia links between Italy and businesses in Slovakia.", "sentence_label": "Cause_General"}, {"sentence_index": 15, "sentence_text": "Kuciak was found shot dead along with Kusnirova at their home outside Bratislava in February.", "sentence_label": "Distant_Historical"}, {"sentence_index": 16, "sentence_text": "They were both 27.", "sentence_label": "Cause_General"}, {"sentence_index": 17, "sentence_text": "In his final story, published posthumously, he reported on an Italian living in Slovakia with past business links to two Slovaks who later worked in then-prime minister Robert Fico\u2019s office.", "sentence_label": "Cause_General"}, {"sentence_index": 18, "sentence_text": "Both of the Slovaks resigned but deny connections to the murder.", "sentence_label": "Distant_Evaluation"}, {"sentence_index": 19, "sentence_text": "Their Italian former business partner has also denied having connections with the mafia and the murder but was detained on a European drug trafficking warrant in March and extradited to Italy in May.", "sentence_label": "Distant_Historical"}, {"sentence_index": 20, "sentence_text": "PROGRESS WELCOMED", "sentence_label": "Distant_Evaluation"}, {"sentence_index": 21, "sentence_text": "Weeks of public protests in March eventually forced the departure of long-serving leader Fico and his interior minister Robert Kalinak, as well as police chief Tibor Gaspar.", "sentence_label": "Distant_Historical"}, {"sentence_index": 22, "sentence_text": "However, Fico\u2019s three-party government coalition has remained in power under Prime Minister Peter Pellegrini, who comes from the ruling Smer party which Fico still leads.", "sentence_label": "Cause_General"}, {"sentence_index": 23, "sentence_text": "Pellegrini welcomed news of the detentions in a social media post on Thursday.", "sentence_label": "Distant_Evaluation"}, {"sentence_index": 24, "sentence_text": "A spokeswoman said the prime minister had no official information on the police action.", "sentence_label": "Distant_Evaluation"}, {"sentence_index": 25, "sentence_text": "\u201cThe investigation and punishment of those guilty of this murder is one of the priorities of my government,\u201d Pellegrini wrote.", "sentence_label": "Distant_Evaluation"}, {"sentence_index": 26, "sentence_text": "The investigation is the biggest in the country\u2019s history.", "sentence_label": "Cause_General"}, {"sentence_index": 27, "sentence_text": "Interior Minister Denisa Sakova said on Thursday investigators had interviewed more than 200 people.", "sentence_label": "Cause_General"}, {"sentence_index": 28, "sentence_text": "Slideshow (2 Images)", "sentence_label": "NA"}, {"sentence_index": 29, "sentence_text": "A prosecutor said in March the murder was likely to have been a contract killing related to Kuciak\u2019s work.", "sentence_label": "Distant_Historical"}, {"sentence_index": 30, "sentence_text": "Police released this month a sketch of a possible witness and said they had narrowed down possible motives to two.", "sentence_label": "Cause_General"}, {"sentence_index": 31, "sentence_text": "While demonstrations are no longer being held regularly in the country of 5.4 million, organisers of the protests that numbered in the tens of thousands in March and April have vowed to keep up pressure on the government and to ensure a thorough investigation.", "sentence_label": "Distant_Expectations_Consequences"}, {"sentence_index": 32, "sentence_text": "They said on Thursday that while they welcomed progress in the case, they would still hold an anti-government rally in Bratislava on Friday.", "sentence_label": "Distant_Expectations_Consequences"}]}