{"file_name": "./NewsDiscourseData/json_annotations/train/Crime/AReuters_23.json", "sentences": [{"sentence_index": "title", "sentence_text": "Slovak prosecutor may charge more people over journalist's murder", "sentence_label": "title"}, {"sentence_index": 1, "sentence_text": "BRATISLAVA (Reuters) - More people may face charges for the murder of a Slovak investigative journalist, the country\u2019s top prosecutor said on Monday, after police made their first arrests for the killing that rattled the nation and toppled its government.", "sentence_label": "Main"}, {"sentence_index": 2, "sentence_text": "FILE PHOTO: Demonstrators attend a protest called \"Let's stand for decency in Slovakia\" in reaction to the murder of Slovak investigative reporter Jan Kuciak and his fiancee Martina Kusnirova, in Bratislava, Slovakia March 9, 2018.", "sentence_label": "NA"}, {"sentence_index": 3, "sentence_text": "REUTERS/Radovan Stoklasa/File Photo", "sentence_label": "NA"}, {"sentence_index": 4, "sentence_text": "The killing of Jan Kuciak, 27, and his fianc\u00e9e at their home outside the capital Bratislava in February stoked public anger over corruption and prompted the largest protests in Slovakia since the end of Communist rule in 1989.", "sentence_label": "Cause_Specific"}, {"sentence_index": 5, "sentence_text": "Kuciak probed fraud involving businessmen with Slovak political ties and had worked on a story about suspected Mafia links of Italians working in Slovakia.", "sentence_label": "Cause_General"}, {"sentence_index": 6, "sentence_text": "Police carried out raids last week and a court on Sunday ordered four people jailed until trial for the murders.", "sentence_label": "Cause_General"}, {"sentence_index": 7, "sentence_text": "\u201cWe have more steps prepared which we want to take, so there is high probability there will be more charges,\u201d Slovak general prosecutor Jaromir Ciznar told a news conference.", "sentence_label": "Main"}, {"sentence_index": 8, "sentence_text": "\u201cWe\u2019re still in the stage where charges have been pressed and we should not be too optimistic but the evidence is very strong,\u201d he added.", "sentence_label": "Distant_Evaluation"}, {"sentence_index": 9, "sentence_text": "Prosecutors said the killer was paid 70,000 euros, of which 50,000 euros was cash and the rest forgiven debt.", "sentence_label": "Cause_General"}, {"sentence_index": 10, "sentence_text": "Police arrested a woman on Friday identified as A.Z.", "sentence_label": "Distant_Evaluation"}, {"sentence_index": 11, "sentence_text": "and said she had likely paid the money to the killers but the motive and whether she worked for someone else was unclear.", "sentence_label": "Distant_Evaluation"}, {"sentence_index": 12, "sentence_text": "A police investigator told a briefing that weapons, cars, a cell phone used during the crime, and a bullet corresponding to the cartridge case found at the crime scene were seized in home searches last week.", "sentence_label": "Cause_General"}, {"sentence_index": 13, "sentence_text": "Police chief Milan Lucansky said the suspected killer was a former police officer.", "sentence_label": "Distant_Evaluation"}, {"sentence_index": 14, "sentence_text": "In his final story, published posthumously, Kuciak reported on an Italian living in Slovakia with past business links to two Slovaks who later worked in then-prime minister Robert Fico\u2019s office.", "sentence_label": "Cause_General"}, {"sentence_index": 15, "sentence_text": "Both of the Slovaks resigned but deny connections to the murder.", "sentence_label": "Distant_Evaluation"}, {"sentence_index": 16, "sentence_text": "Their Italian former business partner has also denied connections with the mafia and the murder but was detained on a European drug trafficking warrant in March and extradited to Italy in May.", "sentence_label": "Distant_Evaluation"}, {"sentence_index": 17, "sentence_text": "Weeks of protests that drew tens of thousands in March forced the departure of long-serving leader Fico as well as the interior minister and police chief but the coalition government remains in power.", "sentence_label": "Cause_General"}]}