{"file_name": "./NewsDiscourseData/json_annotations/train/Crime/AReuters_26.json", "sentences": [{"sentence_index": "title", "sentence_text": "Rap mogul Marion 'Suge' Knight pleads to manslaughter days before murder trial", "sentence_label": "title"}, {"sentence_index": 1, "sentence_text": "LOS ANGELES (Reuters) - Rap mogul Marion \u201cSuge\u201d Knight pleaded no contest in a Los Angeles court on Thursday to a charge of manslaughter for a 2015 hit-and-run killing, accepting a 28-year prison sentence under a deal with prosecutors days before his murder trial was to begin.", "sentence_label": "Main"}, {"sentence_index": 2, "sentence_text": "Marion \"Suge\" Knight (L), with attorney Albert DeBlanc, appears in Los Angeles Superior Court for a fatal 2015 hit-and-run, in Los Angeles, California, U.S., September 20, 2018.", "sentence_label": "NA"}, {"sentence_index": 3, "sentence_text": "Gary Coronado/Los Angeles Times/Pool via REUTERS", "sentence_label": "NA"}, {"sentence_index": 4, "sentence_text": "In pleading no contest, equivalent to a guilty plea under California law, the 53-year-old co-founder of influential hip-hop label Death Row Records admitted using a \u201cdeadly and dangerous weapon\u201d when he ran down two men with his pickup truck.", "sentence_label": "Cause_General"}, {"sentence_index": 5, "sentence_text": "One of the victims, 55-year-old Terry Carter, later died of his injuries.", "sentence_label": "Cause_Specific"}, {"sentence_index": 6, "sentence_text": "The second man, Cle \u201cBone\u201d Sloan, was left with a badly mangled left foot and head injuries.", "sentence_label": "Cause_General"}, {"sentence_index": 7, "sentence_text": "The deadly confrontation occurred on Jan. 29, 2015, outside a hamburger stand in the Los Angeles suburb of Compton, following a heated argument on the set of a commercial for the film \u201cStraight Outta Compton.\u201d", "sentence_label": "Distant_Historical"}, {"sentence_index": 8, "sentence_text": "Knight, who was out on bail in a robbery case at the time, fled the scene but was later arrested.", "sentence_label": "Distant_Historical"}, {"sentence_index": 9, "sentence_text": "Had Knight been convicted of murder and attempted murder as originally charged, he would have faced a mandatory sentence of 25 years to life in prison.", "sentence_label": "Distant_Expectations_Consequences"}, {"sentence_index": 10, "sentence_text": "Jury selection in the murder trial had been set to start on Monday in Los Angeles Superior Court.", "sentence_label": "Distant_Expectations_Consequences"}, {"sentence_index": 11, "sentence_text": "As part of the agreement to plead no contest to a single count of voluntary manslaughter, all other charges in the case were dropped.", "sentence_label": "Cause_General"}, {"sentence_index": 12, "sentence_text": "Two separate criminal cases in which he was charged with robbery and making criminal threats will also be dismissed when he is formally sentenced on Oct. 4, prosecutors said.", "sentence_label": "Distant_Expectations_Consequences"}, {"sentence_index": 13, "sentence_text": "Knight\u2019s lawyers previously contended he accidentally struck the two men with his vehicle while trying to flee what he thought was an ambush attempt.", "sentence_label": "Distant_Evaluation"}, {"sentence_index": 14, "sentence_text": "But prosecutors said Knight traded punches with Sloan through the window of his truck before putting the vehicle into reverse, knocking Sloan and Carter to the ground, then pulling forward to run over both men.", "sentence_label": "Distant_Evaluation"}, {"sentence_index": 15, "sentence_text": "The incident was captured on videotape by the restaurant\u2019s surveillance cameras.", "sentence_label": "Cause_General"}, {"sentence_index": 16, "sentence_text": "Knight, sporting a graying beard and wearing an orange jail uniform and dark-rimmed glasses, said little during Thursday\u2019s proceedings, mostly giving one- or two-word answers to a series of procedural questions from Superior Court Judge Ronald Coen.", "sentence_label": "Cause_General"}, {"sentence_index": 17, "sentence_text": "But at one point when asked by the judge if he understood his plea could lead to deportation were he not a U.S. citizen, Knight joked: \u201cIs ICE (Immigration and Customs Enforcement) gonna come and get me?\u201d", "sentence_label": "Distant_Evaluation"}, {"sentence_index": 18, "sentence_text": "Knight has long been known as much for his run-ins with the law and brushes with violence and as for his career as a rap music executive who promoted the likes of Snoop Dogg, Dr. Dre and Tupac Shakur in the 1990s.", "sentence_label": "Distant_Evaluation"}, {"sentence_index": 19, "sentence_text": "Knight was sent to prison in October 1996 for violating probation on a previous assault case when he allegedly kicked a man during a scuffle at a Las Vegas hotel.", "sentence_label": "Distant_Historical"}, {"sentence_index": 20, "sentence_text": "That scuffle in September 1996 took place hours before Shakur was shot to death in a drive-by attack while riding in a car with Knight after a Mike Tyson boxing match.", "sentence_label": "Distant_Historical"}, {"sentence_index": 21, "sentence_text": "Knight, who was at the wheel, was slightly wounded himself.", "sentence_label": "Distant_Historical"}, {"sentence_index": 22, "sentence_text": "Months later, rap artist Christopher Wallace, known as Notorious B.I.G.", "sentence_label": "Distant_Historical"}, {"sentence_index": 23, "sentence_text": "and signed to a rival record label, was shot to death in Los Angeles.", "sentence_label": "Distant_Historical"}, {"sentence_index": 24, "sentence_text": "Knight, who was incarcerated at the time, was named by police a few years later as a suspect in the Wallace slaying but was never charged.", "sentence_label": "Distant_Historical"}, {"sentence_index": 25, "sentence_text": "Both rap murders remain unsolved.", "sentence_label": "Cause_General"}, {"sentence_index": 26, "sentence_text": "Marion \"Suge\" Knight (L), with attorney Albert DeBlanc, appears in Los Angeles Superior Court for a fatal 2015 hit-and-run, in Los Angeles, California, U.S., September 20, 2018.", "sentence_label": "NA"}, {"sentence_index": 27, "sentence_text": "Gary Coronado/Los Angeles Times/Pool via REUTERS", "sentence_label": "NA"}, {"sentence_index": 28, "sentence_text": "Knight was released from prison in April 2001.", "sentence_label": "Distant_Historical"}, {"sentence_index": 29, "sentence_text": "The following year, a federal racketeering probe of Knight and his record label, stemming from allegations of murder, drug trafficking, money laundering and gun running, was closed with the company pleading guilty to misdemeanor tax charges.", "sentence_label": "Distant_Historical"}, {"sentence_index": 30, "sentence_text": "In addition to being injured in the Shakur slaying, Knight was shot and wounded during a party at a Miami Beach nightspot in 2005 and in 2014 at a West Hollywood nightclub.", "sentence_label": "Distant_Historical"}]}