{"file_name": "./NewsDiscourseData/json_annotations/train/Crime/AReuters_3.json", "sentences": [{"sentence_index": "title", "sentence_text": "Turkish police believe Saudi journalist was killed at consulate: sources", "sentence_label": "title"}, {"sentence_index": 1, "sentence_text": "A demonstrator holds picture of Saudi journalist Jamal Khashoggi during a protest in front of Saudi Arabia's consulate in Istanbul, Turkey, October 5, 2018.", "sentence_label": "NA"}, {"sentence_index": 2, "sentence_text": "REUTERS/Osman Orsal", "sentence_label": "NA"}, {"sentence_index": 3, "sentence_text": "ANKARA (Reuters) - Turkish authorities believe that prominent Saudi journalist Jamal Khashoggi, who disappeared four days ago after entering Saudi Arabia\u2019s consulate in Istanbul, was killed inside the consulate, two Turkish sources said on Saturday.", "sentence_label": "Main"}, {"sentence_index": 4, "sentence_text": "\u201cThe initial assessment of the Turkish police is that Mr. Khashoggi has been killed at the consulate of Saudi Arabia in Istanbul.", "sentence_label": "Main"}, {"sentence_index": 5, "sentence_text": "We believe that the murder was premeditated and the body was subsequently moved out of the consulate,\u201d one Turkish official told Reuters.", "sentence_label": "Main"}, {"sentence_index": 6, "sentence_text": "The sources did not say how they believed the killing was carried out.", "sentence_label": "Cause_General"}, {"sentence_index": 7, "sentence_text": "Saudi Arabia\u2019s consul-general told Reuters on Saturday his country was helping search for Khashoggi, and dismissed talk of his possible abduction.", "sentence_label": "Cause_General"}, {"sentence_index": 8, "sentence_text": "Khashoggi, who has lived in self-imposed exile in Washington for the past year fearing retribution for his critical views on Saudi policies, entered the consulate on Tuesday to secure documentation for his forthcoming marriage, according to his fiancee, who waited outside.", "sentence_label": "Cause_Specific"}, {"sentence_index": 9, "sentence_text": "He has not been heard of since.", "sentence_label": "Cause_Specific"}, {"sentence_index": 10, "sentence_text": "Since then, Turkish and Saudi officials have offered conflicting accounts of his disappearance, with Ankara saying there was no evidence that he had left the diplomatic mission and Riyadh saying he exited the premises the same day.", "sentence_label": "Distant_Evaluation"}, {"sentence_index": 11, "sentence_text": "Earlier on Saturday Turkish officials said prosecutors had begun investigating Khashoggi\u2019s disappearance and a spokesman for President Tayyip Erdogan\u2019s AK Party said authorities would uncover his whereabouts.", "sentence_label": "Distant_Expectations_Consequences"}]}