{"file_name": "./NewsDiscourseData/json_annotations/train/Crime/AReuters_27.json", "sentences": [{"sentence_index": "title", "sentence_text": "Chicago police killing of black teen was unjustifiable: prosecutor", "sentence_label": "title"}, {"sentence_index": 1, "sentence_text": "CHICAGO (Reuters) - The white Chicago policeman who shot a black teen 16 times in 2014 committed an act of unjustifiable murder, a prosecutor told jurors on Thursday, while the defense argued that the officer had seen the youngster carrying a knife and feared for his safety.", "sentence_label": "Main"}, {"sentence_index": 2, "sentence_text": "The trial has intensified a debate on race relations and police use of force in the third-largest U.S. city.", "sentence_label": "Distant_Evaluation"}, {"sentence_index": 3, "sentence_text": "Jason Van Dyke, 40, is charged with first-degree murder, aggravated battery and official misconduct.", "sentence_label": "Cause_General"}, {"sentence_index": 4, "sentence_text": "He is the first Chicago police officer to face a murder charge for an on-duty incident in decades and could be sentenced to life in prison if convicted.", "sentence_label": "Distant_Expectations_Consequences"}, {"sentence_index": 5, "sentence_text": "Following the closing arguments, the jury deliberated for several hours on Thursday afternoon.", "sentence_label": "Cause_General"}, {"sentence_index": 6, "sentence_text": "They will be sequestered at a hotel and will resume deliberating on Friday morning.", "sentence_label": "Distant_Expectations_Consequences"}, {"sentence_index": 7, "sentence_text": "Jurors are permitted to consider a lesser charge of second-degree murder as an alternative.", "sentence_label": "Cause_General"}, {"sentence_index": 8, "sentence_text": "The release of a video in 2015 that showed 17-year-old Laquan McDonald\u2019s shooting sparked days of protest in Chicago, part of a wave of high-profile police killings of black men that has prompted a national conversation about race and policing.", "sentence_label": "Distant_Historical"}, {"sentence_index": 9, "sentence_text": "The case will largely turn on whether jurors believe Van Dyke reasonably feared for his safety when he shot McDonald.", "sentence_label": "Distant_Evaluation"}, {"sentence_index": 10, "sentence_text": "Prosecutor Jody Gleason told jurors on Thursday that an officer can only use deadly force \u201cwhen it\u2019s reasonable and necessary,\u201d a standard that she said Van Dyke had fallen short of meeting.", "sentence_label": "Cause_Specific"}, {"sentence_index": 11, "sentence_text": "\u201cThis case has been about exaggerating the threat and trying to hide behind the police shield,\u201d Gleason said.", "sentence_label": "Cause_Specific"}, {"sentence_index": 12, "sentence_text": "\u201cWhy?", "sentence_label": "Cause_Specific"}, {"sentence_index": 13, "sentence_text": "Because there\u2019s no justification for shooting Laquan McDonald that night.", "sentence_label": "Cause_Specific"}, {"sentence_index": 14, "sentence_text": "Not one shot.", "sentence_label": "Cause_Specific"}, {"sentence_index": 15, "sentence_text": "Not the first shot.", "sentence_label": "Cause_Specific"}, {"sentence_index": 16, "sentence_text": "Not the 16th shot.\u201d", "sentence_label": "Cause_Specific"}, {"sentence_index": 17, "sentence_text": "Prosecutors say the video, taken from a dashboard camera and repeatedly shown to the jury, shows McDonald was not moving toward Van Dyke when he began firing and that he continued to shoot after McDonald fell to the ground.", "sentence_label": "Cause_Specific"}, {"sentence_index": 18, "sentence_text": "But Van Dyke\u2019s attorney Daniel Herbert argued that the video did not show the scene from Van Dyke\u2019s perspective.", "sentence_label": "Cause_Specific"}, {"sentence_index": 19, "sentence_text": "Van Dyke, he said, arrived as the \u201cthreat level\u201d was rising and had been trained to continue shooting until the threat had ended.", "sentence_label": "Cause_Specific"}, {"sentence_index": 20, "sentence_text": "\u201cIt\u2019s a tragedy, but not a murder,\u201d Herbert said.", "sentence_label": "Cause_Specific"}, {"sentence_index": 21, "sentence_text": "\u201cAnd it\u2019s a tragedy that could have been prevented with one simple step.", "sentence_label": "Cause_Specific"}, {"sentence_index": 22, "sentence_text": "At any point throughout that 20-some-minute rampage, had Laquan McDonald dropped that knife, he\u2019d be here today.\u201d", "sentence_label": "Cause_Specific"}, {"sentence_index": 23, "sentence_text": "Van Dyke took the witness stand in his own defense on Tuesday, telling jurors he felt threatened because McDonald was advancing toward him at the time he began firing.", "sentence_label": "Cause_Specific"}, {"sentence_index": 24, "sentence_text": "Slideshow (2 Images)", "sentence_label": "NA"}, {"sentence_index": 25, "sentence_text": "The officer said the dashboard camera video, which was taken from the side, does not show what occurred from his point of view.", "sentence_label": "Cause_Specific"}, {"sentence_index": 26, "sentence_text": "Van Dyke\u2019s lawyers have portrayed McDonald as an out-of-control, dangerous criminal who was under the influence of a drug.", "sentence_label": "Cause_Specific"}, {"sentence_index": 27, "sentence_text": "The trial is now in its third week.", "sentence_label": "Cause_General"}, {"sentence_index": 28, "sentence_text": "The 12-person jury includes one black member.", "sentence_label": "Cause_General"}]}