{"file_name": "./NewsDiscourseData/json_annotations/train/Crime/AReuters_20.json", "sentences": [{"sentence_index": "title", "sentence_text": "Chicago police officer guilty of murder in 2014 shooting of black teen", "sentence_label": "title"}, {"sentence_index": 1, "sentence_text": "CHICAGO (Reuters) - White Chicago police officer Jason Van Dyke was found guilty of second-degree murder on Friday for the 2014 shooting of black teenager Laquan McDonald, touching off celebratory street demonstrations in a case that had laid bare tensions between the black community and police.", "sentence_label": "Main"}, {"sentence_index": 2, "sentence_text": "Van Dyke, 40, was also convicted of 16 counts of aggravated battery, one count for each of the shots fired.", "sentence_label": "Cause_General"}, {"sentence_index": 3, "sentence_text": "McDonald, 17, was killed while armed with a knife as he walked down the center of a street in the third-largest U.S. city.", "sentence_label": "Distant_Historical"}, {"sentence_index": 4, "sentence_text": "Jurors said they faulted Van Dyke for escalating the conflict when he could have waited for more police assistance, such as an officer with a non-lethal Taser weapon.", "sentence_label": "Cause_Specific"}, {"sentence_index": 5, "sentence_text": "Van Dyke sat emotionless as the verdict was read.", "sentence_label": "Cause_General"}, {"sentence_index": 6, "sentence_text": "Cook County Circuit Court Judge Vincent Gaughan immediately revoked bail and Van Dyke was escorted out of the courtroom and into Cook County Jail.", "sentence_label": "Main_Consequence"}, {"sentence_index": 7, "sentence_text": "He faces up to 20 years in prison for the second-degree murder conviction and up to 30 years for each of the 16 counts of aggravated battery.", "sentence_label": "Cause_General"}, {"sentence_index": 8, "sentence_text": "His conviction seemed to quell any potential unrest of the kind that has occurred in other U.S. cities in recent years when white officers have been cleared of charges in the shooting deaths of black men.", "sentence_label": "Distant_Evaluation"}, {"sentence_index": 9, "sentence_text": "\u201cThe end of this trial brings an opportunity for the community to come together,\u201d special prosecutor Joseph McMahon told reporters.", "sentence_label": "Distant_Expectations_Consequences"}, {"sentence_index": 10, "sentence_text": "Police killings of mostly unarmed black men elsewhere in the United States helped fuel the Black Lives Matter movement and became an issue in the 2016 U.S. presidential campaign.", "sentence_label": "Distant_Historical"}, {"sentence_index": 11, "sentence_text": "Chicago had its own unrest when a police dashboard camera video was released more than a year after the shooting which occurred on the night of Oct. 20, 2014.", "sentence_label": "Distant_Historical"}, {"sentence_index": 12, "sentence_text": "The video showed Van Dyke shooting McDonald as he walked down the middle of the street, veering slightly away from the officer.", "sentence_label": "Distant_Historical"}, {"sentence_index": 13, "sentence_text": "The aftermath led to the dismissal of the city\u2019s police superintendent and calls for Chicago Mayor Rahm Emanuel to resign.", "sentence_label": "Distant_Historical"}, {"sentence_index": 14, "sentence_text": "After Friday\u2019s verdict, small, peaceful demonstrations assembled in central Chicago.", "sentence_label": "Main_Consequence"}, {"sentence_index": 15, "sentence_text": "About 100 people marched toward a gathering spot.", "sentence_label": "Main_Consequence"}, {"sentence_index": 16, "sentence_text": "\u201cWhose streets?", "sentence_label": "Distant_Evaluation"}, {"sentence_index": 17, "sentence_text": "Our streets!\u201d some chanted.", "sentence_label": "Distant_Evaluation"}, {"sentence_index": 18, "sentence_text": "One protester bellowed into a megaphone: \u201cThis is what black power looks like.\u201d", "sentence_label": "Distant_Evaluation"}, {"sentence_index": 19, "sentence_text": "Chicago police officer Jason Van Dyke is seen in this booking photo released by Cook County Sheriff's Office in Chicago, Illinois, U.S., October 5, 2018.", "sentence_label": "NA"}, {"sentence_index": 20, "sentence_text": "Courtesy Cook County Sheriff's Office/Handout via REUTERS", "sentence_label": "NA"}, {"sentence_index": 21, "sentence_text": "\u201cWe are in celebration mode but we also want to hold more people accountable,\u201d said one of the protesters, Darius Parker, 28, who estimated the crowd would have been 10 times larger had Van Dyke been acquitted.", "sentence_label": "Distant_Anecdotal"}, {"sentence_index": 22, "sentence_text": "The 12-person jury, which included one black person, began deliberations on Thursday afternoon.", "sentence_label": "Cause_Specific"}, {"sentence_index": 23, "sentence_text": "After failing to reach a verdict on Thursday night, they began anew on Friday, finding enough mitigating circumstances to convict Van Dyke of second- rather than first-degree murder, jurors told reporters.", "sentence_label": "Cause_Specific"}, {"sentence_index": 24, "sentence_text": "\u201cIn Van Dyke\u2019s mind, he was doing the right thing.", "sentence_label": "Distant_Evaluation"}, {"sentence_index": 25, "sentence_text": "He was experiencing an extreme threat ... he needed to protect himself,\u201d one man on the jury told reporters.", "sentence_label": "Distant_Evaluation"}, {"sentence_index": 26, "sentence_text": "The jurors who spoke to reporters were not identified by name.", "sentence_label": "Cause_General"}, {"sentence_index": 27, "sentence_text": "But jurors were swayed by the video, which prosecutors showed repeatedly during the three-week trial and which jurors reviewed during deliberations.", "sentence_label": "Distant_Evaluation"}, {"sentence_index": 28, "sentence_text": "\u201cWe kept watching the video where he kept making the steps forward,\u201d said another juror.", "sentence_label": "Distant_Evaluation"}, {"sentence_index": 29, "sentence_text": "\u201cWe watched that more than once.", "sentence_label": "Distant_Evaluation"}, {"sentence_index": 30, "sentence_text": "More than three times.\u201d", "sentence_label": "Distant_Evaluation"}, {"sentence_index": 31, "sentence_text": "Van Dyke testified in his own defense, saying he feared for his safety and fired because McDonald was advancing on him.", "sentence_label": "Distant_Evaluation"}, {"sentence_index": 32, "sentence_text": "Both the officer and his lawyers argued that the angle of the video did not reflect the incident from Van Dyke\u2019s perspective.", "sentence_label": "Distant_Evaluation"}, {"sentence_index": 33, "sentence_text": "Slideshow (5 Images)", "sentence_label": "NA"}, {"sentence_index": 34, "sentence_text": "But Van Dyke\u2019s testimony seemed rehearsed and \u201cwe just didn\u2019t buy it,\u201d a third juror said.", "sentence_label": "Distant_Evaluation"}, {"sentence_index": 35, "sentence_text": "Defense lawyer Daniel Herbert said he would appeal and push for a change of venue, which was denied to the defense in this trial.", "sentence_label": "Distant_Expectations_Consequences"}, {"sentence_index": 36, "sentence_text": "\u201cWe knew coming into it with a Cook County venue in this case with the Cook County jury there was not a chance in the world we were going to come away with a complete not guilty,\u201d Herbert told reporters.", "sentence_label": "Distant_Evaluation"}]}