{"file_name": "./NewsDiscourseData/json_annotations/train/Crime/AReuters_25.json", "sentences": [{"sentence_index": "title", "sentence_text": "Four charged with Slovak reporter's murder ordered held pending trial", "sentence_label": "title"}, {"sentence_index": 1, "sentence_text": "BRATISLAVA (Reuters) - A Slovak court on Sunday ordered four people jailed until their trial for the murder of investigative reporter Jan Kuciak and his fiancee, a state prosecutor said.", "sentence_label": "Main"}, {"sentence_index": 2, "sentence_text": "FILE PHOTO: Candles are seen in front of the Government of the Slovak Republic's building during march in honour of murdered Slovak investigative reporter Jan Kuciak and his girlfriend Martina Kusnirova in Bratislava, Slovakia, March 2, 2018.", "sentence_label": "NA"}, {"sentence_index": 3, "sentence_text": "REUTERS/Radovan Stoklasa/File Photo", "sentence_label": "NA"}, {"sentence_index": 4, "sentence_text": "The February killings sparked nationwide protests that toppled the government of Robert Fico, who had run Slovakia for all but two of the past 12 years.", "sentence_label": "Cause_Specific"}, {"sentence_index": 5, "sentence_text": "Three suspects were detained in a house raid on Thursday morning and charged with murder on Friday.", "sentence_label": "Cause_Specific"}, {"sentence_index": 6, "sentence_text": "The fourth suspect, a woman detained separately on Friday, has been charged with participating in the murder, which may have included helping, planning, ordering or organising the killing, Kuciak family\u2019s lawyer Daniel Lipsic told Reuters.", "sentence_label": "Cause_Specific"}, {"sentence_index": 7, "sentence_text": "Authorities released no further details on the four suspects and it is not yet clear when the trial might take place.", "sentence_label": "Cause_General"}, {"sentence_index": 8, "sentence_text": "Kuciak had, among other things, investigated fraud involving businessmen with Slovak political ties, and the suspected mafia links of Italians with businesses in Slovakia.", "sentence_label": "Cause_General"}, {"sentence_index": 9, "sentence_text": "A prosecutor said this month the February murder was likely a contract killing related to Kuciak\u2019s work.", "sentence_label": "Distant_Evaluation"}, {"sentence_index": 10, "sentence_text": "His final story, published posthumously, reported on an Italian living in Slovakia with past business links to two Slovaks who later worked in the office of then-prime minister Fico.", "sentence_label": "Cause_General"}, {"sentence_index": 11, "sentence_text": "Both of the Slovaks resigned, but deny connections to the murder.", "sentence_label": "Distant_Evaluation"}, {"sentence_index": 12, "sentence_text": "Their Italian former business partner has also denied having connections with the mafia and the murder, but was detained on a European drug trafficking warrant in March and extradited to Italy in May.", "sentence_label": "Distant_Evaluation"}, {"sentence_index": 13, "sentence_text": "Weeks of public protests in March eventually forced the departure of the long-serving Fico but his three-party coalition has remained in power under Prime Minister Peter Pellegrini, who comes from the Smer party, which Fico still heads.", "sentence_label": "Cause_General"}]}