{"file_name": "./NewsDiscourseData/json_annotations/train/Crime/AReuters_4.json", "sentences": [{"sentence_index": "title", "sentence_text": "Hundreds protest over Hong Kong's move to ban separatist political party", "sentence_label": "title"}, {"sentence_index": 1, "sentence_text": "HONG KONG (Reuters) - Hundreds of Hong Kong pro-democracy protesters on Saturday rallied against the government\u2019s attempt to ban a political party, saying it dealt the most serious threat to the city\u2019s freedom of association since its return to Chinese rule.", "sentence_label": "Main"}, {"sentence_index": 2, "sentence_text": "Pro-independence protesters supporting freedom of expression take part in a demonstration outside the Police Headquarters in Hong Kong, China July 21, 2018.", "sentence_label": "NA"}, {"sentence_index": 3, "sentence_text": "REUTERS/Venus Wu", "sentence_label": "NA"}, {"sentence_index": 4, "sentence_text": "Organizers said 1,200 protested, while the police estimated 600 attended at the peak.", "sentence_label": "Distant_Evaluation"}, {"sentence_index": 5, "sentence_text": "The city\u2019s security chief said on Tuesday the police had advised him to ban the Hong Kong National Party, which openly promotes the city\u2019s secession from China.", "sentence_label": "Distant_Expectations_Consequences"}, {"sentence_index": 6, "sentence_text": "The chief, John Lee, has not officially banned the group yet, saying he could not do so before it has a chance to explain itself.", "sentence_label": "Distant_Evaluation"}, {"sentence_index": 7, "sentence_text": "He said Hong Kong still has freedom of association, as enshrined in its mini-constitution known as the Basic Law, but \u201cthat right is not without restriction.\u201d", "sentence_label": "Distant_Evaluation"}, {"sentence_index": 8, "sentence_text": "But the developments mark the first time since Hong Kong\u2019s handover from British to Chinese rule in 1997 that the government has moved to outlaw a political organization.", "sentence_label": "Cause_Specific"}, {"sentence_index": 9, "sentence_text": "\u201cHong Kong is starting to prosecute people for their speech,\u201d said protester Isabella Yeung, a teacher in her 40s.", "sentence_label": "Distant_Anecdotal"}, {"sentence_index": 10, "sentence_text": "\u201cThe group has not taken any action or caused any violence.", "sentence_label": "Distant_Anecdotal"}, {"sentence_index": 11, "sentence_text": "All it did was speaking.\u201d", "sentence_label": "Distant_Anecdotal"}, {"sentence_index": 12, "sentence_text": "Most of the protesters were not supporters of independence for Hong Kong.", "sentence_label": "Cause_General"}, {"sentence_index": 13, "sentence_text": "But trailing at the end of the march about 50 people, many wearing face masks, waved \u201cHong Kong independence\u201d flags and shouted: \u201cWe are Hong Kongers, not Chinese.\u201d", "sentence_label": "Cause_General"}, {"sentence_index": 14, "sentence_text": "Piercing through the chants was the shrill of about 100 black whistles - a local metaphor for injustice.", "sentence_label": "Cause_General"}, {"sentence_index": 15, "sentence_text": "Hong Kong has a separate political and legal system from China under a \u201cOne Country, Two Systems\u201d principle, which promises the city a high degree of autonomy and a wide range of freedoms, including freedom of speech and freedom of association.", "sentence_label": "Cause_General"}, {"sentence_index": 16, "sentence_text": "But after a months-long \u201cUmbrella Movement\u201d street occupation in 2014 failed to pressure Beijing to allow full democracy in Hong Kong, calls for independence emerged.", "sentence_label": "Distant_Historical"}, {"sentence_index": 17, "sentence_text": "Chinese President Xi Jinping has said any attempt to challenge China\u2019s national sovereignty crosses a red line.", "sentence_label": "Distant_Evaluation"}, {"sentence_index": 18, "sentence_text": "Benny Tai, a law professor at the University of Hong Kong and an initiator of the \u201cUmbrella Movement\u201d said the proposed ban on the Hong Kong National Party was part of a wider trend of using existing laws to restrict political freedoms.", "sentence_label": "Distant_Evaluation"}, {"sentence_index": 19, "sentence_text": "\u201cAfter the Umbrella Movement, the Communist Party has started to adjust its strategy towards Hong Kong,\u201d said Tai, who joined Saturday\u2019s protests.", "sentence_label": "Distant_Evaluation"}, {"sentence_index": 20, "sentence_text": "\u201cPart of it is to use the law to suppress.\u201d", "sentence_label": "Distant_Evaluation"}]}