{"file_name": "./NewsDiscourseData/json_annotations/train/Crime/AReuters_45.json", "sentences": [{"sentence_index": "title", "sentence_text": "Neo-Nazi murder gang member jailed for life in Germany", "sentence_label": "title"}, {"sentence_index": 1, "sentence_text": "MUNICH (Reuters) - A member of a German neo-Nazi gang was jailed for life on Wednesday for her part in the murders of 10 people during a seven-year campaign of racially-motivated violence.", "sentence_label": "Main"}, {"sentence_index": 2, "sentence_text": "Beate Zschaepe, 43, showed no reaction as the judge read out her sentence at the end of one of the most closely watched court cases in Germany\u2019s post-war history.", "sentence_label": "Cause_General"}, {"sentence_index": 3, "sentence_text": "She was part of the National Socialist Underground (NSU), whose members killed eight Turks, a Greek man and a German policewoman from 2000 to 2007, the Higher Regional Court in Munich ruled.", "sentence_label": "Cause_General"}, {"sentence_index": 4, "sentence_text": "The murders shook a country that believed it had learned the lessons of its past.", "sentence_label": "Distant_Evaluation"}, {"sentence_index": 5, "sentence_text": "A report later said police had \"massively underestimated\" the risk of far-right violence and that missteps had allowed the cell to go undetected.", "sentence_label": "Distant_Evaluation"}, {"sentence_index": 6, "sentence_text": "(reut.rs/2m7Xwkw)", "sentence_label": "NA"}, {"sentence_index": 7, "sentence_text": "The judges said Zschaepe bore \u201cparticularly heavy guilt\u201d and handed her the heaviest possible sentence.", "sentence_label": "Cause_Specific"}, {"sentence_index": 8, "sentence_text": "She had denied any knowledge of the murders during the five-year trial.", "sentence_label": "Cause_General"}, {"sentence_index": 9, "sentence_text": "But she said later she regretted not stopping two male members of the gang, Uwe Boehnhardt and Uwe Mundlos, from carrying out the killings.", "sentence_label": "Distant_Evaluation"}, {"sentence_index": 10, "sentence_text": "Those men killed themselves in 2011 when police discovered the gang by chance.", "sentence_label": "Distant_Historical"}, {"sentence_index": 11, "sentence_text": "Prosecutors said she had played a key role behind the scenes, planning the crimes and arranging money and alibis.", "sentence_label": "Cause_Specific"}, {"sentence_index": 12, "sentence_text": "Defendant Beate Zschaepe waits in a Munich courtroom before judges give their verdict in the trial of suspected NSU neo-Nazi gang member Zschaepe in Munich, Germany July 11, 2018.", "sentence_label": "NA"}, {"sentence_index": 13, "sentence_text": "REUTERS/Michaela Rehle", "sentence_label": "NA"}, {"sentence_index": 14, "sentence_text": "APPEAL", "sentence_label": "Distant_Expectations_Consequences"}, {"sentence_index": 15, "sentence_text": "\u201cThis is a just punishment for the NSU\u2019s cold-blooded and unprecedented series of crimes,\u201d Bavarian Interior Minister Joachim Herrmann said in a statement.", "sentence_label": "Distant_Evaluation"}, {"sentence_index": 16, "sentence_text": "Five of the 10 murders took place in Bavaria, the most violent attacks of their kind in Germany since the far-left Red Army Faction\u2019s two-decade killing spree that ended in 1991 and left at least 34 dead.", "sentence_label": "Distant_Historical"}, {"sentence_index": 17, "sentence_text": "\u201cWhat the perpetrators did cannot be made up for.", "sentence_label": "Distant_Evaluation"}, {"sentence_index": 18, "sentence_text": "The victims will never be forgotten,\u201d said German Foreign Minister Heiko Maas.", "sentence_label": "Distant_Evaluation"}, {"sentence_index": 19, "sentence_text": "He said Germany needed to tackle racist violence with diversity and the strength of law.", "sentence_label": "Distant_Evaluation"}, {"sentence_index": 20, "sentence_text": "Zschaepe was also found guilty of membership of a terrorist organization, of being co-perpetrator in two bombings, and of arson.", "sentence_label": "Cause_General"}, {"sentence_index": 21, "sentence_text": "Four men were also found guilty of supporting the NSU in various ways, including procuring weapons, and handed sentences from 2-1/2 to 10 years.", "sentence_label": "Cause_General"}, {"sentence_index": 22, "sentence_text": "A group of people in the court applauded when one of the men received a lower sentence than expected.", "sentence_label": "Cause_General"}, {"sentence_index": 23, "sentence_text": "Zschaepe\u2019s lawyer, Mathias Grasel, said he would appeal against Wednesday\u2019s ruling.", "sentence_label": "Distant_Expectations_Consequences"}, {"sentence_index": 24, "sentence_text": "\u201cThe verdict is wrong!\u201d Grasel said in a statement.", "sentence_label": "Distant_Evaluation"}, {"sentence_index": 25, "sentence_text": "\u201cConviction for complicity is legally untenable.", "sentence_label": "Distant_Evaluation"}, {"sentence_index": 26, "sentence_text": "The fact is: Ms. Zschaepe was demonstrably present at no crime scene and never fired a weapon or detonated a bomb.\u201d", "sentence_label": "Distant_Evaluation"}, {"sentence_index": 27, "sentence_text": "Turkey\u2019s foreign ministry said the trial had not uncovered the full story of the murder of its citizens and the other victims.", "sentence_label": "Distant_Evaluation"}, {"sentence_index": 28, "sentence_text": "Slideshow (11 Images)", "sentence_label": "NA"}, {"sentence_index": 29, "sentence_text": "\u201cUnfortunately, the ruling made today has not brought to light the real criminals, the background of the NSU murders and the connection between the deep state and intelligence to its full extent,\u201d it said, without going into further detail.", "sentence_label": "Distant_Evaluation"}, {"sentence_index": 30, "sentence_text": "Relations between Germany and Turkey deteriorated sharply after Ankara\u2019s crackdown on suspected supporters of a failed military coup in 2016, but have begun to improve lately.", "sentence_label": "Distant_Evaluation"}]}