{"file_name": "./NewsDiscourseData/json_annotations/train/Crime/AXinhua_38.json", "sentences": [{"sentence_index": "title", "sentence_text": "Man kills leopard to save family in Indian-controlled Kashmir - Xinhua", "sentence_label": "title"}, {"sentence_index": 1, "sentence_text": "SRINAGAR, Indian-controlled Kashmir, April 27 (Xinhua) -- A villager killed a leopard to save his family including children Friday in Indian-controlled Kashmir, officials said.", "sentence_label": "Main"}, {"sentence_index": 2, "sentence_text": "The clash between the big cat and man took place at Awoora village of Kupwara district, about 110 km northwest of Srinagar city, the summer capital of Indian-controlled Kashmir.", "sentence_label": "Cause_General"}, {"sentence_index": 3, "sentence_text": "\"This morning at around 5:00 a.m. (local time) a leopard which ventured into village Awoora entered house of Ghulam Ahmad Sheikh, who in a bid to save lives of family members attacked the wild animal apprehending it would kill the inmates,\" a wildlife department official quoting family members said.", "sentence_label": "Cause_Specific"}, {"sentence_index": 4, "sentence_text": "\"During the clash the big cat was killed as Sheikh suffered critical injuries.\"", "sentence_label": "Main"}, {"sentence_index": 5, "sentence_text": "Sheikh according to forest officials was referred to Srinagar for specialized treatment.", "sentence_label": "Main_Consequence"}, {"sentence_index": 6, "sentence_text": "Following the incident police and wildlife department officials were intimated, who reached the spot to take away carcass of the leopard.", "sentence_label": "Cause_General"}, {"sentence_index": 7, "sentence_text": "According to wildlife officials, a case has been registered into the incident and investigation would soon be carried out to ascertain the actual details.", "sentence_label": "Cause_General"}, {"sentence_index": 8, "sentence_text": "There are strict laws in force in India against the killing of wild animals.", "sentence_label": "Cause_General"}, {"sentence_index": 9, "sentence_text": "Wildlife officials said leopards stray into residential areas usually in search of food.", "sentence_label": "Distant_Evaluation"}, {"sentence_index": 10, "sentence_text": "However, the human presence makes them insecure, following which they resort to attacking people.", "sentence_label": "Distant_Evaluation"}, {"sentence_index": 11, "sentence_text": "At times these creatures are attacked by scared villagers in retaliation which also proves fatal for them.", "sentence_label": "Distant_Evaluation"}, {"sentence_index": 12, "sentence_text": "Wildlife experts said mass urbanization, denudation of forests, encroachment of forestland, vanishing of buffer zones in the forests and extraction of medicinal plants are some of the reasons responsible for increasing conflicts between humans and animals.", "sentence_label": "Distant_Evaluation"}]}