{"file_name": "./NewsDiscourseData/json_annotations/train/Crime/AXinhua_220.json", "sentences": [{"sentence_index": "title", "sentence_text": "Myanmar taking steps against illegal wildlife trade - Xinhua", "sentence_label": "title"}, {"sentence_index": 1, "sentence_text": "Source: Xinhua| 2018-10-05 11:48:26|Editor: Liu", "sentence_label": "NA"}, {"sentence_index": 2, "sentence_text": "Video Player Close", "sentence_label": "NA"}, {"sentence_index": 3, "sentence_text": "by Fone Ying Kyu", "sentence_label": "NA"}, {"sentence_index": 4, "sentence_text": "YANGON, Oct. 5 (Xinhua) -- Myanmar burnt confiscated ivory and wildlife parts in the capital of Nay Pyi Taw Thursday aiming to combat illegal wildlife trade in the country.", "sentence_label": "Main"}, {"sentence_index": 5, "sentence_text": "The authorities ceremonially destroyed seized wildlife parts, including 277 ivory, 227 elephant and other wildlife bones, 45 pieces of different wildlife skins, 1,544 various horns, 45.5 kg of pangolin scales and 128 varieties of other wildlife parts with total estimated weight of 849.26 kg.", "sentence_label": "Main"}, {"sentence_index": 6, "sentence_text": "The public burning, the first of its kind in Myanmar, sent a clear message that trade in illegal wildlife parts is unacceptable.", "sentence_label": "Distant_Evaluation"}, {"sentence_index": 7, "sentence_text": "Noting that poaching and illegal trade of wildlife in Myanmar have been increasing, the Ministry of Natural Resources and Environmental Conservation said in a statement that \"the confiscated items of wildlife were destroyed to raise public awareness for law enforcement on illegal trade of wild fauna and flora, for legal action taken against illegal wildlife, trading and poaching and for promoting international cooperation with Myanmar in fighting the illegal trade in wildlife.\"", "sentence_label": "Cause_Specific"}, {"sentence_index": 8, "sentence_text": "\"It is crucial to sustainably conserve our country's natural resources including land, water, forest, mountain and wildlife for the sake of our future generation.", "sentence_label": "Distant_Evaluation"}, {"sentence_index": 9, "sentence_text": "We designate and establish protected areas for biodiversity conservation,\" said Minister U Ohn Win at the wildlife parts destruction ceremony.", "sentence_label": "Cause_General"}, {"sentence_index": 10, "sentence_text": "Some 42 areas which account for 5.79 percent of the total land of Myanmar, have been designated as protected zones, he added.", "sentence_label": "Cause_General"}, {"sentence_index": 11, "sentence_text": "Under the Conservation of Biodiversity and Protected Areas Law enacted in May, wildlife protection has been classified at three levels -- totally protected, normally protected and seasonally protected species.", "sentence_label": "Distant_Historical"}, {"sentence_index": 12, "sentence_text": "Elephant, tiger, leopard, gaur, bear, golden deer and pangolin are named as totally protected species.", "sentence_label": "Cause_General"}, {"sentence_index": 13, "sentence_text": "Under the law, one can be sentenced to at least 3 to 10 years in prison with a fine if he or she kills or injures animals on the list of totally protected species, collects or trades their parts.", "sentence_label": "Cause_General"}, {"sentence_index": 14, "sentence_text": "Illegal trade of totally protected fauna and flora will also be punished under the law.", "sentence_label": "Cause_General"}, {"sentence_index": 15, "sentence_text": "About 284 suspects have been arrested in connection with 140 wildlife crime cases since fiscal year 2016-2017.", "sentence_label": "Cause_General"}, {"sentence_index": 16, "sentence_text": "The wildlife crimes mostly occurred in Yangon, Bago and Ayeyarwaddy regions.", "sentence_label": "Cause_General"}, {"sentence_index": 17, "sentence_text": "The national wildlife enforcement task force, formed in 2016, has been implementing an action plan to combat poaching and illegal trade in cooperation with local and international organizations.", "sentence_label": "Cause_General"}, {"sentence_index": 18, "sentence_text": "According to the World Wildlife Fund (WWF), there exists a big market for illegal wildlife trade in the Golden Triangle area where Myanmar, Laos and Thailand meet and Myanmar has become a trading hub with increasing demand of wildlife products.", "sentence_label": "Distant_Evaluation"}, {"sentence_index": 19, "sentence_text": "Meanwhile, Myanmar forest authorities are conducting awareness campaign to stop shops selling wildlife animal souvenirs at pagoda precincts, airports and markets.", "sentence_label": "Cause_General"}, {"sentence_index": 20, "sentence_text": "Myanmar's Wildlife Protection and Protected Areas Law 1994 was revised and enacted on May 21, 2018.", "sentence_label": "Distant_Historical"}, {"sentence_index": 21, "sentence_text": "Elephant conservationist U Kyaw Myint Tun was selected as the monthly gratitude honor to the people in July by Myanmar State Counselor Aung San Suu Kyi for his actively participating in wild elephant protection and conservation.", "sentence_label": "Distant_Historical"}, {"sentence_index": 22, "sentence_text": "Joining hands with the authorities in protecting wild elephants from being poached, U Kyaw Myint Tun was awarded the Hero of Elephant Conservation by the WWF and the Friends of Wildlife (FOW).", "sentence_label": "Distant_Historical"}, {"sentence_index": 23, "sentence_text": "Two poachers were caught in 2016 with arms used to poach wild elephants, and four guns and materials used to kill elephants were seized in 2017 due to his active cooperation with the government.", "sentence_label": "Distant_Historical"}]}