{"file_name": "./NewsDiscourseData/json_annotations/train/Crime/AXinhua_20.json", "sentences": [{"sentence_index": "title", "sentence_text": "Chinese serial killer sentenced to death - Xinhua", "sentence_label": "title"}, {"sentence_index": 1, "sentence_text": "Source: Xinhua| 2018-03-30 14:27:39|Editor: Mengjie", "sentence_label": "NA"}, {"sentence_index": 2, "sentence_text": "Video Player Close", "sentence_label": "NA"}, {"sentence_index": 3, "sentence_text": "Gao Chengyong (2nd L, front) is on trial at the people's intermediate court of Baiyin City, northwest China's Gansu Province, March 30, 2018.", "sentence_label": "NA"}, {"sentence_index": 4, "sentence_text": "The court Friday handed down a death penalty on Gao for crimes of murder, robbery, rape and mutilating corpses.", "sentence_label": "NA"}, {"sentence_index": 5, "sentence_text": "Gao confessed in court and said he would not file an appeal.", "sentence_label": "NA"}, {"sentence_index": 6, "sentence_text": "(Xinhua/The people's intermediate court of Baiyin City)", "sentence_label": "NA"}, {"sentence_index": 7, "sentence_text": "LANZHOU, March 30 (Xinhua) -- A court in northwest China's Gansu Province Friday handed down a death penalty on a man for crimes of murder, robbery, rape and mutilating corpses.", "sentence_label": "Main"}, {"sentence_index": 8, "sentence_text": "Gao Chengyong, 53, was found to have killed 11 female victims between May 1988 and February 2002 in Gansu Province and neighboring Inner Mongolia Autonomous Region, according to the people's intermediate court of Baiyin City.", "sentence_label": "Cause_Specific"}, {"sentence_index": 9, "sentence_text": "The court found he killed the victims to cover up robbery or rape in Baiyin, Gansu and Baotou, Inner Mongolia.", "sentence_label": "Cause_Specific"}, {"sentence_index": 10, "sentence_text": "Gao confessed in court and said he would not file an appeal.", "sentence_label": "Cause_General"}, {"sentence_index": 11, "sentence_text": "Police hunted Gao for 28 years until one of his relatives committed a crime and underwent DNA testing in 2015, which led to his arrest in August 2016.", "sentence_label": "Distant_Historical"}]}