{"file_name": "./NewsDiscourseData/json_annotations/train/Crime/AXinhua_250.json", "sentences": [{"sentence_index": "title", "sentence_text": "Philippines vows to intensify war against criminals, illegal drugs - Xinhua", "sentence_label": "title"}, {"sentence_index": 1, "sentence_text": "MANILA, June 7 (Xinhua) -- The administration of Philippine President Rodrigo Duterte vowed on Thursday to intensify its campaign against criminals and illegal drugs.", "sentence_label": "Main"}, {"sentence_index": 2, "sentence_text": "Presidential spokesman Harry Roque told a news conference that Duterte is very much concerned about the rising number of crime incidents in the country, including the recent deaths of two government prosecutors, and the reported increase in the number of holdup cases in the Philippine capital, Metro Manila.", "sentence_label": "Distant_Evaluation"}, {"sentence_index": 3, "sentence_text": "Roque said Duterte was especially concerned about the death of a 33-year-old assistant special prosecutor who was stabbed to death on Monday.", "sentence_label": "Distant_Evaluation"}, {"sentence_index": 4, "sentence_text": "The victim was five months pregnant when she was killed in broad daylight by a male drug addict.", "sentence_label": "Cause_General"}, {"sentence_index": 5, "sentence_text": "Roque said Duterte believes there is still room for improvement as far as public order and safety are concerned, although recent data would show that crimes in the country declined since he took office.", "sentence_label": "Distant_Evaluation"}, {"sentence_index": 6, "sentence_text": "\"The president reiterated that while we have been combating crime and prohibited drugs since day one of his administration, apparently, we can do more,\" Roque said.", "sentence_label": "Distant_Evaluation"}, {"sentence_index": 7, "sentence_text": "Roque's statement came in the wake of Duterte's statement late Tuesday that \"there are simply too many crimes\" in the country.", "sentence_label": "Distant_Evaluation"}, {"sentence_index": 8, "sentence_text": "He even threatened to declare a state of \"national emergency\" and warned criminals that he would \"make radical changes in the days to come.\"", "sentence_label": "Distant_Expectations_Consequences"}]}