{"file_name": "./NewsDiscourseData/json_annotations/train/Crime/AXinhua_210.json", "sentences": [{"sentence_index": "title", "sentence_text": "Interpol vows to partner with Kenya to tackle terrorism, transnational crimes - Xinhua", "sentence_label": "title"}, {"sentence_index": 1, "sentence_text": "Source: Xinhua| 2018-09-15 02:49:47|Editor: yan", "sentence_label": "NA"}, {"sentence_index": 2, "sentence_text": "Video Player Close", "sentence_label": "NA"}, {"sentence_index": 3, "sentence_text": "NAIROBI, Sept. 14 (Xinhua) -- The International Criminal Police Organization (Interpol) on Friday vowed to partner with Kenya to fight global terrorism and transnational organized crimes.", "sentence_label": "Main"}, {"sentence_index": 4, "sentence_text": "Visiting Interpol Secretary General J\u00fcrgen Stock described Kenya as a crucial partner in the global regime against international crimes.", "sentence_label": "Distant_Evaluation"}, {"sentence_index": 5, "sentence_text": "Stock, who met with Fred Matiang'i, Kenya's cabinet secretary for interior, said a mega-project that will serve as one of Interpol's global early warning systems is underway in Nairobi.", "sentence_label": "Cause_General"}, {"sentence_index": 6, "sentence_text": "He said Interpol has also enhanced interoperability with various national border security systems for greater efficiency.", "sentence_label": "Distant_Evaluation"}, {"sentence_index": 7, "sentence_text": "\"It's now possible for border officers to screen people, vessels, and commodities against the millions of records we have in our databases,\" Stock was quoted as saying.", "sentence_label": "Distant_Evaluation"}, {"sentence_index": 8, "sentence_text": "\"Rest assured that no criminal will cross undetected,\" he said, according to a statement issued after the meeting.", "sentence_label": "Distant_Expectations_Consequences"}, {"sentence_index": 9, "sentence_text": "Kenya hosts Interpol Bureau for Eastern Africa, which covers 13 countries.", "sentence_label": "Cause_General"}, {"sentence_index": 10, "sentence_text": "So far, Stock said, Interpol has implemented a raft of technical measures, including granting access to its databases to security officers at major airports, sea ports, and land border crossings.", "sentence_label": "Cause_General"}, {"sentence_index": 11, "sentence_text": "At the meeting, Matiang'i expressed Kenya's desire to collaborate with Interpol to build an unassailable cyber environment ahead of the launch of the National Integrated Identity Management System, the statement said.", "sentence_label": "Distant_Expectations_Consequences"}, {"sentence_index": 12, "sentence_text": "Matiang'i said Kenya is working with various anti-money laundering agencies across the globe to identify sources and destinations of proceeds of crime.", "sentence_label": "Distant_Expectations_Consequences"}]}