{"file_name": "./NewsDiscourseData/json_annotations/train/Crime/AXinhua_40.json", "sentences": [{"sentence_index": "title", "sentence_text": "Security forces kill 2 IS suicide bombers in central Iraq - Xinhua", "sentence_label": "title"}, {"sentence_index": 1, "sentence_text": "Source: Xinhua| 2018-08-15 23:00:04|Editor: yan", "sentence_label": "NA"}, {"sentence_index": 2, "sentence_text": "Video Player Close", "sentence_label": "NA"}, {"sentence_index": 3, "sentence_text": "BAGHDAD, Aug. 15 (Xinhua) -- Iraqi security forces killed two Islamic State (IS) suicide bombers and wounded another on Wednesday in an operation in Iraq's central province of Salahudin, the Iraqi military said.", "sentence_label": "Main"}, {"sentence_index": 4, "sentence_text": "Acting on intelligence reports, troops from Samarra Operations Command surrounded three IS militants in the early morning in the rugged area of al-Siefonah in eastern Samarra, some 120 km north of Iraq's capital Baghdad, Yahya Rasoul, spokesman of the Iraqi Joint Operations Command, said in a statement.", "sentence_label": "Cause_General"}, {"sentence_index": 5, "sentence_text": "The troops opened fire on the three militants, killing two of them and wounded the third, and seized an explosive belt, 15 hand grenades and two AK-47 assault rifles, the statement said.", "sentence_label": "Main"}, {"sentence_index": 6, "sentence_text": "The search for IS hideouts and militants in the surrounding area is still underway, it added.", "sentence_label": "Cause_General"}, {"sentence_index": 7, "sentence_text": "The key cities of Salahudin Province, including Tikrit, located some 170 km north of Baghdad, were captured by IS militants in June 2014, but the Iraqi security forces have freed the province during major anti-IS offensives.", "sentence_label": "Distant_Historical"}, {"sentence_index": 8, "sentence_text": "On Dec. 9, 2017, Iraqi Prime Minister Haider al-Abadi officially declared full liberation of Iraq from the IS after Iraqi forces recaptured all the areas once seized by the extremist group.", "sentence_label": "Distant_Historical"}, {"sentence_index": 9, "sentence_text": "However, IS remnants regrouped in desert and rugged areas, carrying out attacks against security forces and civilians despite operations from time to time to hunt them down.", "sentence_label": "Cause_General"}]}