{"file_name": "./NewsDiscourseData/json_annotations/train/Crime/AXinhua_37.json", "sentences": [{"sentence_index": "title", "sentence_text": "Vietnamese police kill 2 drug lords - Xinhua", "sentence_label": "title"}, {"sentence_index": 1, "sentence_text": "HANOI, June 29 (Xinhua) -- During a two-day raid in Vietnam's northern Son La province, police killed two kingpins of a ring which trafficked large amounts of heroin from Laos to Vietnam, local media reported on Friday.", "sentence_label": "Main"}, {"sentence_index": 2, "sentence_text": "During the raid from Wednesday to Thursday with the presence of nearly 300 police officers with many armoured vehicles and telecommunications signal-jamming equipment, the two kingpins, Nguyen Thanh Tuan, 34, and Nguyen Van Thuan, 35, were killed in gunfire, after they refused to surrender and opened fire to the officers, online newspaper VnExpress reported.", "sentence_label": "Main"}, {"sentence_index": 3, "sentence_text": "After the two men died at their den in Van Ho district, three of their underlings surrendered.", "sentence_label": "Main_Consequence"}, {"sentence_index": 4, "sentence_text": "Local police confiscated three grenades, four military guns, 415 bullets and many gas cylinders at the den which was fortified with bullet-proof bunkers, explosives and high-power riffles.", "sentence_label": "Cause_General"}, {"sentence_index": 5, "sentence_text": "According to Vietnamese investigators, Tuan, born in Hanoi, established new drug trafficking rings after old ones were busted by local police.", "sentence_label": "Cause_General"}, {"sentence_index": 6, "sentence_text": "He never showed up at drug transactions, just using phones to run many rings from distance in the last 10 years.", "sentence_label": "Cause_General"}, {"sentence_index": 7, "sentence_text": "In 2015, Tuan escaped after one of his rings' members was arrested when transporting and hiding a total 490 cakes of heroin weighing over 170 kilograms in Hanoi.", "sentence_label": "Distant_Historical"}, {"sentence_index": 8, "sentence_text": "According to investigators, by 2015, his rings had trafficked nearly 1,200 cakes of heroin.", "sentence_label": "Distant_Historical"}, {"sentence_index": 9, "sentence_text": "On Thursday, border guards of central Nghe An province conducted a raid in Ky Son district, trying to arrest two local drug traffickers, Voice of Vietnam reported.", "sentence_label": "Cause_Specific"}, {"sentence_index": 10, "sentence_text": "One of the traffickers opened fire vigorously, injuring two border guard officers, and then escaping to a jungle.", "sentence_label": "Cause_Specific"}, {"sentence_index": 11, "sentence_text": "The other trafficker, Vu Ba Xenh, a 39-year-old teacher of a primary school in the district, was arrested, and then he confessed that they transported drugs from Laos to Vietnam.", "sentence_label": "Cause_General"}, {"sentence_index": 12, "sentence_text": "The border guards confiscated 20 cakes of heroin, seven kilos of methamphetamine, 12,000 pills of synthetic drugs, one handgun and 15 bullets.", "sentence_label": "Cause_General"}, {"sentence_index": 13, "sentence_text": "According to Vietnamese law, those convicted of smuggling over 600 grams of heroin or more than 2.5 kilos of methamphetamine are punishable by death.", "sentence_label": "Cause_General"}, {"sentence_index": 14, "sentence_text": "Making or trading 100 grams of heroin or 300 grams of other illegal drugs also faces death penalty.", "sentence_label": "Cause_General"}]}