{"file_name": "./NewsDiscourseData/json_annotations/train/Crime/AXinhua_4.json", "sentences": [{"sentence_index": "title", "sentence_text": "Spotlight: Turkey's nationalist party demands amnesty for over 160,000 prisoners - Xinhua", "sentence_label": "title"}, {"sentence_index": 1, "sentence_text": "Source: Xinhua| 2018-10-02 06:21:15|Editor: ZX", "sentence_label": "NA"}, {"sentence_index": 2, "sentence_text": "Video Player Close", "sentence_label": "NA"}, {"sentence_index": 3, "sentence_text": "ANKARA, Oct. 1 (Xinhua) -- Turkey's nationalist party has been urging its election ally ruling Justice and Development Party (AKP) for an amnesty that will pardon more than 160,000 prisoners including a notorious mafia leader.", "sentence_label": "Main"}, {"sentence_index": 4, "sentence_text": "According to party officials, the amnesty covers crimes committed before May 19 and will be subject to one-off 5 years conditional reduced sentence, thus paving the way for the release of 162,989 people.", "sentence_label": "Cause_General"}, {"sentence_index": 5, "sentence_text": "The idea of an amnesty first came to public attention in May, ahead of June 24 Turkish parliament elections, as part of the election campaign of the Nationalist Movement Party (MHP).", "sentence_label": "Distant_Historical"}, {"sentence_index": 6, "sentence_text": "The nationalist party's leader Devlet Bahceli paid a visit in May to Alaattin Cakici, a ringleader of the Turkish underworld, after Cakici was taken from prison, where he is serving his time, to a hospital after the general amnesty was suggested.", "sentence_label": "Distant_Historical"}, {"sentence_index": 7, "sentence_text": "The kingpin was convicted of several crimes including leading a crime syndicate to gain profit and instigate murder.", "sentence_label": "Distant_Historical"}, {"sentence_index": 8, "sentence_text": "Cakici is affiliated with nationalist circles and was first arrested after the 1980 coup which tried to link the murder of 41 people to the MHP and a number of nationalist organizations.", "sentence_label": "Cause_General"}, {"sentence_index": 9, "sentence_text": "Local media said he had been working for Turkey's National Intelligence Organization abroad at the time.", "sentence_label": "Distant_Evaluation"}, {"sentence_index": 10, "sentence_text": "Bahceli openly advocated ultra-nationalist Cakici's release, calling him a \"hero.\"", "sentence_label": "Distant_Evaluation"}, {"sentence_index": 11, "sentence_text": "On May 13, Erdogan turned down the amnesty request although both parties were in an alliance for June 24 parliament and presidential elections.", "sentence_label": "Cause_General"}, {"sentence_index": 12, "sentence_text": "The MHP said the current bill will relieve pressure on overcrowded jails and release those imprisoned by politically-influenced judges.", "sentence_label": "Distant_Expectations_Consequences"}, {"sentence_index": 13, "sentence_text": "\"The physical conditions of prisons are pretty insufficient.", "sentence_label": "Distant_Evaluation"}, {"sentence_index": 14, "sentence_text": "Occupancy rates are causing violation of human rights for people there.", "sentence_label": "Distant_Evaluation"}, {"sentence_index": 15, "sentence_text": "The capacity of 449 prisons is 211,274,\" the MHP deputy chair Feti Yildiz said.", "sentence_label": "Cause_General"}, {"sentence_index": 16, "sentence_text": "As of Sept. 21, 253,535 people were recorded to have be imprisoned, Yildiz said, adding that the health of prisoners deteriorates and it becomes harder to live with dignity and self-respect.", "sentence_label": "Distant_Evaluation"}, {"sentence_index": 17, "sentence_text": "The nationalist party has recently mounted its calls for a general pardon since the ruling AKP and MHP are approaching another possible alliance in upcoming local elections scheduled for March 2019.", "sentence_label": "Cause_Specific"}, {"sentence_index": 18, "sentence_text": "Turkey's president and the ruling party leader Recep Tayyip Erdogan are not keen on amnesty, but did not ruled out a pardon to prisoners as the two parties are on the eve of alliance talks.", "sentence_label": "Distant_Evaluation"}, {"sentence_index": 19, "sentence_text": "Erdogan said on Sept. 23 that their principle was to grant amnesty only to convicts who committed crimes against the state, and crimes against individuals are not covered.", "sentence_label": "Distant_Expectations_Consequences"}, {"sentence_index": 20, "sentence_text": "The AKP cannot ignore a proposal by an ally party in the election, AKP's Deputy Chairman Hayati Yazici said last week.", "sentence_label": "Distant_Evaluation"}, {"sentence_index": 21, "sentence_text": "He noted that the bill should be carefully evaluated \"without any ulterior motives, taking into account its effects on the society, the fight against crime, the judiciary and the perception of justice.\"", "sentence_label": "Distant_Evaluation"}, {"sentence_index": 22, "sentence_text": "The AKP is not enthusiastic with the amnesty proposal but the ruling party does not want to harm the possible alliance, said Emine Kaplan, a journalist covering parliament affairs at daily Cumhuriyet.", "sentence_label": "Distant_Evaluation"}, {"sentence_index": 23, "sentence_text": "However, Bahri Ozturk, dean of Istanbul Culture University Faculty of Law, warns that a general pardon will undermine the authority of law and cause long-term problems within society, as this will be a political decision made from populist ideas rather than legal reasons.", "sentence_label": "Distant_Expectations_Consequences"}, {"sentence_index": 24, "sentence_text": "\"An amnesty has never been a solution to problems in Turkey.", "sentence_label": "Distant_Evaluation"}, {"sentence_index": 25, "sentence_text": "Those released were convicted again over similar charges after previous amnesties in the country,\" he noted.", "sentence_label": "Distant_Evaluation"}]}