{"file_name": "./NewsDiscourseData/json_annotations/train/Crime/AXinhua_21.json", "sentences": [{"sentence_index": "title", "sentence_text": "Egypt sentences 75 Brotherhood prominent figures to death in sit-in case - Xinhua", "sentence_label": "title"}, {"sentence_index": 1, "sentence_text": "Source: Xinhua| 2018-07-28 20:21:58|Editor: xuxin", "sentence_label": "NA"}, {"sentence_index": 2, "sentence_text": "Video Player Close", "sentence_label": "NA"}, {"sentence_index": 3, "sentence_text": "A judge speaks during a verdict session in Cairo, Egypt July 28, 2018.", "sentence_label": "NA"}, {"sentence_index": 4, "sentence_text": "An Egyptian court on Saturday sentenced 75 members of the outlawed Muslim Brotherhood to death over charges of violence and murder, a judicial source said.", "sentence_label": "NA"}, {"sentence_index": 5, "sentence_text": "(Xinhua/Ahmed Gomaa)", "sentence_label": "NA"}, {"sentence_index": 6, "sentence_text": "CAIRO, July 28 (Xinhua) -- An Egyptian court on Saturday sentenced 75 members of the outlawed Muslim Brotherhood to death over charges of violence and murder, a judicial source said.", "sentence_label": "Main"}, {"sentence_index": 7, "sentence_text": "The case, publicly known as \"Breaking up Rabaa Sit-in,\" dated back to 2013.", "sentence_label": "Distant_Historical"}, {"sentence_index": 8, "sentence_text": "The convicted were charged with causing deaths of policemen, attempted murder and vandalism, the source told Xinhua.", "sentence_label": "Cause_Specific"}, {"sentence_index": 9, "sentence_text": "The court referred the sentence to Grand Mufti, the country's highest Islamic official who will give the religious judgment of all preliminary death sentences.", "sentence_label": "Cause_General"}, {"sentence_index": 10, "sentence_text": "The Mufti's opinion is non-binding as it is usually considered a formality.", "sentence_label": "Distant_Evaluation"}, {"sentence_index": 11, "sentence_text": "The defendants included Essam El-Erian, the deputy leader of the Brotherhood's freedom and Justice Party, Moahmed al-Beltagi, secretary general of the party, Safwat Hegazi, prominent preacher of the Brotherhood, and Assem Abdel Maguid, prominent member of the group's Shura Council, as well as other Islamists leaders.", "sentence_label": "Cause_General"}, {"sentence_index": 12, "sentence_text": "Rabaa was one of two sites where supporters of the ousted Islamist President Mohamed Morsi gathered in the weeks following his overthrow by the army in July 2013 in response to mass protests against his one-year rule.", "sentence_label": "Distant_Historical"}, {"sentence_index": 13, "sentence_text": "The sit-in was dispersed violently by security men, after many warnings by the government.", "sentence_label": "Distant_Historical"}, {"sentence_index": 14, "sentence_text": "The protesters have been accused of hindering traffic, causing public disorder, terrifying the residents as they possessed weapons.", "sentence_label": "Distant_Historical"}, {"sentence_index": 15, "sentence_text": "Morsi's Brotherhood group was banned by the government and most of his group have received verdicts varied from death, to life sentences over violence, killing and espionage.", "sentence_label": "Cause_General"}, {"sentence_index": 16, "sentence_text": "Morsi is currently serving a 20-year prison sentence over inciting deadly clashes between his supporters and opponents in late 2012 and a 25-year jail term over leaking classified documents to Qatar.", "sentence_label": "Cause_General"}, {"sentence_index": 17, "sentence_text": "The verdicts can be appealed.", "sentence_label": "Distant_Expectations_Consequences"}, {"sentence_index": 18, "sentence_text": "Ahmad Ban, expert with Cairo-based Nile Center for religious movement affairs, and a Brotherhood dissident, said the verdicts could be appealed several times, predicting president Abdel Fattah al-Sisi will pardon several figures including Morsi when if finally comes to execution.", "sentence_label": "Distant_Expectations_Consequences"}, {"sentence_index": 19, "sentence_text": "\"The pardon will be focused mainly on the Islamists who weren't involved directly in killing security men or civilians,\" he said.", "sentence_label": "Distant_Expectations_Consequences"}, {"sentence_index": 20, "sentence_text": "He added both the country and the Brotherhood group will seek reconciliation, but each side is waiting for more concessions.", "sentence_label": "Distant_Expectations_Consequences"}, {"sentence_index": 21, "sentence_text": "Sentencing for more than 660 other Islamists in another case was set for Sept. 8, according to state-run Ahram news website.", "sentence_label": "Distant_Expectations_Consequences"}, {"sentence_index": 22, "sentence_text": "The case involves the Muslim Brotherhood's Supreme Guide Mohammed Badie and a photographer Mahmoud Abu Zeid.", "sentence_label": "Cause_General"}, {"sentence_index": 23, "sentence_text": "Charges range from murder to damaging public property.", "sentence_label": "Cause_General"}, {"sentence_index": 24, "sentence_text": "Since Morsi's ouster, Egypt has been facing a wave of terror attacks that have killed hundreds of policemen and soldiers as well as civilians.", "sentence_label": "Cause_General"}, {"sentence_index": 25, "sentence_text": "A Sinai-based militant group affiliated with the Islamic State (IS) regional terrorist group has claimed responsibility for most of the attacks in Egypt over the past few years.", "sentence_label": "Cause_General"}, {"sentence_index": 26, "sentence_text": "Meanwhile, the Egyptian forces have killed hundreds of terrorists and arrested thousands of suspects during the country's anti-terror war declared by newly re-elected President Abdel-Fattah al-Sisi, the army chief then, following Morsi's ouster.", "sentence_label": "Cause_General"}]}