{"file_name": "./NewsDiscourseData/json_annotations/train/Crime/AXinhua_23.json", "sentences": [{"sentence_index": "title", "sentence_text": "Refugee suspected of murdering German girl arrested in Iraq - Xinhua", "sentence_label": "title"}, {"sentence_index": 1, "sentence_text": "BERLIN, June 8 (Xinhua) -- A refugee suspected of the rape and murder of a 14-year-old girl in western Germany has been arrested in Iraq, the German Interior Ministry confirmed on Friday.", "sentence_label": "Main"}, {"sentence_index": 2, "sentence_text": "According to Interior Minister and Christian Social Union (CSU) leader Horst Seehofer, Kurdish security forces seized the 20-year-old Ali B. in northern Iraq.", "sentence_label": "Main"}, {"sentence_index": 3, "sentence_text": "Seehofer thanked local authorities for their swift assistance in the investigation and said that the German foreign office and police had begun filing a request for the suspect's extradition \"in accordance with international regulations.\"", "sentence_label": "Main_Consequence"}, {"sentence_index": 4, "sentence_text": "The asylum seeker Ali B. stands accused of having raped and murdered the 14-year-old girl Susanna F. before successfully fleeing with his entire family from the German refugee center in Wiesbaden-Erbenheim to his native country of Iraq.", "sentence_label": "Cause_Specific"}, {"sentence_index": 5, "sentence_text": "In the event, airport personnel failed to notice that the names given by the group in Arabic on the boarding tickets for the flights to Iraq via Istanbul did not match the identification papers.", "sentence_label": "Cause_General"}, {"sentence_index": 6, "sentence_text": "Seehofer announced the news of the suspect's subsequent arrest during a hastily-convened press conference in the town of Quedlinburg.", "sentence_label": "Cause_General"}, {"sentence_index": 7, "sentence_text": "\"It is important for me to inform the population that no one can feel safe (from prosecution) anywhere on Earth after this horrible crime thanks to international cooperation\", the CSU leader said.", "sentence_label": "Distant_Evaluation"}, {"sentence_index": 8, "sentence_text": "However, a spokesperson for the Wiesbaden state prosecution office noted that Germany has not signed an extradition treaty with Iraq and that it was hence a matter for local judiciary authorities to decide whether or not to fulfil Berlin's request.", "sentence_label": "Distant_Expectations_Consequences"}, {"sentence_index": 9, "sentence_text": "An Iraqi trial as an alternative solution is not possible under the German constitution as the crime would \"carry a potential death sentence\" in the suspect's home country.", "sentence_label": "Cause_General"}, {"sentence_index": 10, "sentence_text": "Susanna F. was a member of Germany's Jewish community who volunteered at the refugee center in Wiesbaden-Erbenheim and reportedly knew the brother of the suspect.", "sentence_label": "Cause_General"}, {"sentence_index": 11, "sentence_text": "After disappearing two weeks ago, police revealed on Thursday that they had found the mutilated body of the 14-year-old and issued a public search warrant for Ali B. as the primary suspect in the case.", "sentence_label": "Cause_General"}, {"sentence_index": 12, "sentence_text": "German police reiterated on Friday that they were still asking people with any knowledge of the case to come forward in order to enhance their understandings of the events which led to the teenager's death.", "sentence_label": "Cause_General"}, {"sentence_index": 13, "sentence_text": "A 35-year-old refugee with Turkish nationality was temporarily taken into custody on suspicion of being involved in the murder but has since been released again.", "sentence_label": "Cause_General"}, {"sentence_index": 14, "sentence_text": "State prosecutors emphasized that no evidence had surfaced prior to Ali B.", "sentence_label": "Cause_General"}, {"sentence_index": 15, "sentence_text": "'s airborne escape on May 23 to link him to the disappearance of Susanna F. Only on the following day did a 13-year-old boy living at the same refugee center report to police that the suspect had boasted about committing the crime.", "sentence_label": "Cause_General"}, {"sentence_index": 16, "sentence_text": "The case has provoked widespread outrage in Germany, not least because Ali B. was known to police as being violent and had already been accused of raping an 11-year-old girl living at the same Wiesbaden-Erbenheim refugee center.", "sentence_label": "Distant_Evaluation"}, {"sentence_index": 17, "sentence_text": "The suspect was formally denied asylum status at the end of 2016 and subsequently filed an ongoing appeal.", "sentence_label": "Distant_Historical"}, {"sentence_index": 18, "sentence_text": "Carsten Schneider, the German Social Democrats' (SPD) deputy parliamentary faction leader, called for a swift clarification of how the suspect managed to escape and how he could now be placed before a court in Germany \"as fast as possible.\"", "sentence_label": "Distant_Evaluation"}, {"sentence_index": 19, "sentence_text": "Free Democratic Party (FDP) leader Christian Lindner further opined in the newspaper BILD that the incident raised the question of \"why rejected asylums seekers are not deported more resolutely.\"", "sentence_label": "Distant_Evaluation"}]}