{"file_name": "./NewsDiscourseData/json_annotations/train/Crime/AXinhua_280.json", "sentences": [{"sentence_index": "title", "sentence_text": "Israel remands Palestinian girl filmed slapping soldier in West Bank - Xinhua", "sentence_label": "title"}, {"sentence_index": 1, "sentence_text": "Source: Xinhua| 2017-12-20 01:27:49|Editor: Yurou", "sentence_label": "NA"}, {"sentence_index": 2, "sentence_text": "Video Player Close", "sentence_label": "NA"}, {"sentence_index": 3, "sentence_text": "Palestinian girl Ahed Tamimi (2nd R) appears at a military court in the Ofer Prison near the West Bank City of Ramallah, on Dec. 20, 2017.", "sentence_label": "NA"}, {"sentence_index": 4, "sentence_text": "The Palestinian girl who was caught on video slapping a soldier in the Israeli-occupied West Bank has been remanded in custody until Thursday, the police said on Tuesday.", "sentence_label": "NA"}, {"sentence_index": 5, "sentence_text": "(Xinhua/Muammar Awad)", "sentence_label": "NA"}, {"sentence_index": 6, "sentence_text": "JERUSALEM, Dec. 19 (Xinhua) -- A Palestinian girl who was caught on video slapping a soldier in the Israeli-occupied West Bank has been remanded in custody until Thursday, the police said on Tuesday.", "sentence_label": "Main"}, {"sentence_index": 7, "sentence_text": "The arrest came in the wake of an incident, in which Ahed Tamimi, 17, and another teenager were seen on a video footage slapping and kicking two heavily-armed Israeli soldiers in the Palestinian village of Nabi Saleh in the central West Bank.", "sentence_label": "Cause_Specific"}, {"sentence_index": 8, "sentence_text": "The soldiers remained impassive, without responding to the provocation.", "sentence_label": "Cause_General"}, {"sentence_index": 9, "sentence_text": "The video quickly became viral on social networks and widely broadcast by Israeli media.", "sentence_label": "Cause_General"}, {"sentence_index": 10, "sentence_text": "Overnight, troops raided Tamimi's family home and arrested the teenager and her mother.", "sentence_label": "Cause_Specific"}, {"sentence_index": 11, "sentence_text": "Hours after the pre-dawn raid, Defense Minister Avigdor Liberman vowed to exact a price from the girl, her family, and her village.", "sentence_label": "Distant_Expectations_Consequences"}, {"sentence_index": 12, "sentence_text": "\"Everyone involved, not only the girl but also her parents and those around them will not escape from what they deserve,\" he told reporters during a tour along the fence between Israel and the Gaza Strip.", "sentence_label": "Distant_Expectations_Consequences"}, {"sentence_index": 13, "sentence_text": "\"Whoever goes wild during the day, will be arrested at night.", "sentence_label": "Distant_Evaluation"}, {"sentence_index": 14, "sentence_text": "This is also an important message,\" Liberman said.", "sentence_label": "Distant_Evaluation"}, {"sentence_index": 15, "sentence_text": "The Palestinians struggle against the Israeli occupation of the West Bank, East Jerusalem, and the Gaza Strip, territories that Israel seized in the 1967 and has held ever since, despite international protest.", "sentence_label": "Cause_General"}]}