{"file_name": "./NewsDiscourseData/json_annotations/train/Crime/AXinhua_42.json", "sentences": [{"sentence_index": "title", "sentence_text": "Egyptian police kill 6 terrorists near Cairo - Xinhua", "sentence_label": "title"}, {"sentence_index": 1, "sentence_text": "Source: Xinhua| 2018-08-13 19:18:30|Editor: xuxin", "sentence_label": "NA"}, {"sentence_index": 2, "sentence_text": "Video Player Close", "sentence_label": "NA"}, {"sentence_index": 3, "sentence_text": "CAIRO, Aug. 13 (Xinhua) -- Egyptian security forces on Monday killed six terrorists during security raids in Sixth of October city, south of the capital Cairo.", "sentence_label": "Main"}, {"sentence_index": 4, "sentence_text": "The Egyptian Interior Ministry said in a statement that the national security agency received information that a terrorist cell is taking a shelter in an apartment in Sixth of October city.", "sentence_label": "Cause_Specific"}, {"sentence_index": 5, "sentence_text": "According to the information, the terrorist cell is planning a series of hostile attacks to target some vital installations, places of worship, police and army personnel during the upcoming al-Adha feast celebrations.", "sentence_label": "Cause_Specific"}, {"sentence_index": 6, "sentence_text": "Police raided the apartment and killed six terrorists in a shootout, the statement said, adding that three of the terrorists were identified.", "sentence_label": "Main"}, {"sentence_index": 7, "sentence_text": "Three machine guns, a birdshot rifle and bullets were seized during the raid.", "sentence_label": "Cause_General"}, {"sentence_index": 8, "sentence_text": "Egypt has been fighting a wave of terrorism that killed hundreds of policemen and soldiers, as well as civilians, since the military removed former Islamist President Mohamed Morsi in July 2013 in response to mass protests against his one-year rule and his currently outlawed Muslim Brotherhood group.", "sentence_label": "Cause_General"}, {"sentence_index": 9, "sentence_text": "A Sinai-based group loyal to the regional Islamic State terrorist group claimed responsibility for most of the terrorist attacks in Egypt over the past few years.", "sentence_label": "Cause_General"}, {"sentence_index": 10, "sentence_text": "Meanwhile, the security forces killed hundreds of terrorists and arrested thousands of suspects during the country's anti-terror war.", "sentence_label": "Cause_General"}]}