{"file_name": "./NewsDiscourseData/json_annotations/train/Crime/AXinhua_22.json", "sentences": [{"sentence_index": "title", "sentence_text": "High profile Serbian lawyer killed in possible clash of drug cartels - Xinhua", "sentence_label": "title"}, {"sentence_index": 1, "sentence_text": "Source: Xinhua| 2018-07-29 19:40:17|Editor: xuxin", "sentence_label": "NA"}, {"sentence_index": 2, "sentence_text": "Video Player Close", "sentence_label": "NA"}, {"sentence_index": 3, "sentence_text": "BELGRADE, July 29 (Xinhua) -- Serbian lawyer Dragoslav Misa Ognjanovic was gunned down here on Saturday by an unknown perpetrator while his son was wounded, the police confirmed Sunday.", "sentence_label": "Main"}, {"sentence_index": 4, "sentence_text": "The murder of the 56-year-old lawyer who was involved in some of the biggest cases in the past decade took place in New Belgrade around 7:30 p.m. local time in front of an apartment building.", "sentence_label": "Main"}, {"sentence_index": 5, "sentence_text": "Head of the Criminal Police Directorate Dejan Kovacevic stated in a statement that the criminal police inspectors are conducting the investigation, while several other units are engaged in an ongoing intensive search for the perpetrator who killed lawyer Ognjanovic and wounded his 26-year-old son.", "sentence_label": "Cause_General"}, {"sentence_index": 6, "sentence_text": "Ognjanovic had represented some of the most famous clients.", "sentence_label": "Distant_Evaluation"}, {"sentence_index": 7, "sentence_text": "According to the reports, he was one of legal advisors of the former Serbia's President Slobodan Milosevic who was trialed for war crimes at the Hague, Netherlands until his death in 2006.", "sentence_label": "Distant_Historical"}, {"sentence_index": 8, "sentence_text": "Moreover, media reports connected Ognjanovic with Luka Bojovic, a citizen of Serbia who serves 18 years of prison in Spain due to organized crime charges, as well as Djordje Prelic, a leader of Partizan football fans convicted for murdering a French football fan in downtown Belgrade.", "sentence_label": "Distant_Historical"}, {"sentence_index": 9, "sentence_text": "According to reports, in recent years Ognjanovic mostly worked for Bojovic, while on the other hand, in past several months numerous Bojovic's associates and friends were shot dead in Belgrade in an alleged war of clans for the domination over the illegal narcotics trade.", "sentence_label": "Cause_Specific"}, {"sentence_index": 10, "sentence_text": "President of the Bar Association of Serbia Viktor Gostiljac told Tanjug News Agency that lawyers are in shock after the murder of Ognjanovic and announced that the association will stop working next week in protest.", "sentence_label": "Distant_Expectations_Consequences"}, {"sentence_index": 11, "sentence_text": "Gostiljac said on behalf of the members of the bar association that this represents an attack on all lawyers and demanded immediate action from the competent authorities.", "sentence_label": "Distant_Evaluation"}, {"sentence_index": 12, "sentence_text": "Immediately after the shooting, the police started a thorough operation of stopping and searching all suspicious vehicles and passers-by.", "sentence_label": "Main_Consequence"}]}