{"file_name": "./NewsDiscourseData/json_annotations/train/Crime/AXinhua_39.json", "sentences": [{"sentence_index": "title", "sentence_text": "Somali army kills 10 al-Shabab militants in southern Somalia - Xinhua", "sentence_label": "title"}, {"sentence_index": 1, "sentence_text": "MOGADISHU, June 5 (Xinhua) -- At least ten al-Shabab fighters were killed and one fighter arrested after fierce fighting between the Somali National Army (SNA) and the militants early Tuesday in Bardhere town, southern part of the Horn of Africa nation.", "sentence_label": "Main"}, {"sentence_index": 2, "sentence_text": "SNA Commander for the 10th Sector, Osman Sheikh Abdi, told reporters that they lost one soldier and three others were injured during the dawn attack which was foiled in Bardhere town in Gedo region.", "sentence_label": "Cause_General"}, {"sentence_index": 3, "sentence_text": "\"The Somali National Army killed 10 al-Shabab fighters and captured another one alive after launching an ambush on Tuesday morning.", "sentence_label": "Main"}, {"sentence_index": 4, "sentence_text": "The attack was foiled and the army killed ten of them,\" Abdi said.", "sentence_label": "Cause_General"}, {"sentence_index": 5, "sentence_text": "Independent sources said the insurgents had attempted to overrun the Bardhere military base but failed to succeed in carrying out the terrorist attack.", "sentence_label": "Cause_General"}, {"sentence_index": 6, "sentence_text": "The fighting took place near the main bridge at the entrance of Bardhere town and the fighting took several hours and ended at around 6 a.m.", "sentence_label": "Cause_General"}, {"sentence_index": 7, "sentence_text": "He said many residents were asleep when the fighting took place.", "sentence_label": "Distant_Evaluation"}, {"sentence_index": 8, "sentence_text": "The Somali militants claimed they inflicted heavy losses on the government forces in the latest fighting in the Bardhere town in the southern region.", "sentence_label": "Distant_Evaluation"}]}