{"file_name": "./NewsDiscourseData/json_annotations/train/Crime/AXinhua_3.json", "sentences": [{"sentence_index": "title", "sentence_text": "London's \"knife crime squad\" boosted as killings reach 100 - Xinhua", "sentence_label": "title"}, {"sentence_index": 1, "sentence_text": "Source: Xinhua| 2018-09-12 00:41:40|Editor: ZX", "sentence_label": "NA"}, {"sentence_index": 2, "sentence_text": "Video Player Close", "sentence_label": "NA"}, {"sentence_index": 3, "sentence_text": "LONDON, Sept. 11 (Xinhua) -- London Mayor Sadiq Khan and Metropolitan Police Commissioner Cressida Dick announced Tuesday they were adding an extra 122 police officers to a violent crime task force to crack down on knife attacks in the British capital.", "sentence_label": "Main"}, {"sentence_index": 4, "sentence_text": "The move comes just days after the London Assembly said an investigation into serious crime was being started as figures revealed there have been 100 homicides so far this year in the capital.", "sentence_label": "Cause_General"}, {"sentence_index": 5, "sentence_text": "The extra officers will temporarily move from the Met's roads and transport policing command and will be ready to start next Monday as part of an elite team tasked with making arrests and taking weapons off the streets in the areas of London with the highest concentrations of knife and other forms of violent crime.", "sentence_label": "Distant_Expectations_Consequences"}, {"sentence_index": 6, "sentence_text": "The task force, originally launched in April, has so far made 895 arrests, carried out 1,400 weapons sweeps, removing 212 knives and nearly 200 offensive weapons from the streets of London.", "sentence_label": "Cause_General"}, {"sentence_index": 7, "sentence_text": "Khan said: \"The level of violent crime in London is unacceptably high.", "sentence_label": "Distant_Evaluation"}, {"sentence_index": 8, "sentence_text": "As well as setting up the new dedicated violent crime task force to focus on the areas worst affected, I'm bringing together the Met Police with local councils, charities, community groups and others to work on a public health approach to tackling knife crime.\"", "sentence_label": "Distant_Expectations_Consequences"}, {"sentence_index": 9, "sentence_text": "\"The causes of violent crime are extremely complex, and involve culture, community, gangs, drugs, poverty, and a lack of opportunities and have been made much worse by the government's huge cuts to the Metropolitan Police and youth services across our city, resulting in police numbers falling to the lowest level in 20 years.\"", "sentence_label": "Distant_Evaluation"}, {"sentence_index": 10, "sentence_text": "The roads and transport policing command is the largest police unit in Britain, made up of more than 2,300 police and community support officers.", "sentence_label": "Cause_General"}, {"sentence_index": 11, "sentence_text": "Meanwhile, the London Assembly police and crime committee is currently investigating how violence across London can be reduced.", "sentence_label": "Cause_General"}, {"sentence_index": 12, "sentence_text": "New analysis at city hall shows that so far this year domestic violence is just as much an issue as other types of violence.", "sentence_label": "Distant_Evaluation"}, {"sentence_index": 13, "sentence_text": "Of the 100 cases, 38 homicides happened in the street and 35 in the home.", "sentence_label": "Cause_General"}, {"sentence_index": 14, "sentence_text": "Ten killings involved a gun and 59 involved a knife, with half of the victims aged under 25.", "sentence_label": "Cause_General"}, {"sentence_index": 15, "sentence_text": "Police and crime committee chairman Steve O'Connell said: \"The overwhelming use of knives in these killings presents a severe challenge to the police and our community...We must take a long hard look at the causes of violence in all its forms.\"", "sentence_label": "Distant_Evaluation"}]}