{"file_name": "./NewsDiscourseData/json_annotations/train/Crime/AXinhua_19.json", "sentences": [{"sentence_index": "title", "sentence_text": "Mexico condemns murder of political candidate - Xinhua", "sentence_label": "title"}, {"sentence_index": 1, "sentence_text": "MEXICO CITY, June 9 (Xinhua) -- The government of the northern Mexican state of Coahuila condemned on Saturday the murder of a candidate of the Revolutionary Institutional Party (PRI).", "sentence_label": "Main"}, {"sentence_index": 2, "sentence_text": "The 43-year-old former mayor Fernando Puron was murdered Friday evening in the city of Piedras Negras.", "sentence_label": "Cause_Specific"}, {"sentence_index": 3, "sentence_text": "The governor of Coahuila, Miguel Angel Riquelme, slammed the murder and said his administration would find those responsible and punish them.", "sentence_label": "Distant_Expectations_Consequences"}, {"sentence_index": 4, "sentence_text": "According to local press reports, an assassin shot Puron in the head, when he was leaving a debate at the Autonomous University of Coahuila.", "sentence_label": "Cause_Specific"}, {"sentence_index": 5, "sentence_text": "\"I have instructed the security forces in the state, in coordination with ministerial authorities, to carry out an expedited investigation to clarify the facts,\" said Riquelme in a statement.", "sentence_label": "Distant_Evaluation"}, {"sentence_index": 6, "sentence_text": "The governor called Puron an exemplary public servant who, as mayor of Piedras Negras, had combated crime as the city suffered a wave of violence from the Los Zetas cartel.", "sentence_label": "Distant_Evaluation"}, {"sentence_index": 7, "sentence_text": "Puron had been the target of death threats painted on walls in the city in February 2016.", "sentence_label": "Distant_Historical"}, {"sentence_index": 8, "sentence_text": "The counselor of Mexico's National Electoral Institute (INE), Marco Antonio Banos, lamented in a television interview that this murder joined the 20 or so assassinations of candidates during the campaign.", "sentence_label": "Distant_Evaluation"}, {"sentence_index": 9, "sentence_text": "Puron's remains were handed over on Saturday morning to be displayed by his family in a church of Piedras Negras.", "sentence_label": "Cause_General"}, {"sentence_index": 10, "sentence_text": "Around 88 million Mexicans are called on to vote on July 1 to elect a new president, eight governors, the mayor of Mexico City, as well as 500 federal deputies and 128 senators.", "sentence_label": "Distant_Expectations_Consequences"}]}