{"file_name": "./NewsDiscourseData/json_annotations/train/Crime/AXinhua_24.json", "sentences": [{"sentence_index": "title", "sentence_text": "5 terrorists killed in police raid northern Egypt - Xinhua", "sentence_label": "title"}, {"sentence_index": 1, "sentence_text": "Source: Xinhua| 2018-08-01 02:39:55|Editor: yan", "sentence_label": "NA"}, {"sentence_index": 2, "sentence_text": "Video Player Close", "sentence_label": "NA"}, {"sentence_index": 3, "sentence_text": "CAIRO, July 31 (Xinhua) -- The Egyptian police killed five terrorists of the so-called Hasm group in a shootout during a raid on their hideout in Qalioubiya province north of the capital Cairo, the Egyptian Interior Ministry said in a statement Tuesday.", "sentence_label": "Main"}, {"sentence_index": 4, "sentence_text": "The police said the militants were involved in carrying out several terrorist operations including the murder of a police officer and the assassination attempt of Alexandria security chief.", "sentence_label": "Cause_Specific"}, {"sentence_index": 5, "sentence_text": "The five belong to the so-called Hasm group, which the police refer to as the armed wing of the currently outlawed Muslim Brotherhood group of former Islamist President Mohamed Morsi.", "sentence_label": "Cause_General"}, {"sentence_index": 6, "sentence_text": "Meanwhile, the police raided another hiding place in Cairo and arrested five Hasm members and seized a number of machine guns and shotguns in their possession, according to the statement.", "sentence_label": "Cause_General"}, {"sentence_index": 7, "sentence_text": "In late June, the police killed four Hasm militants in a similar raid in Upper Egypt's province of Assiut, saying they were involved in a car bomb attack in March that killed two policemen in the northern province of Alexandria.", "sentence_label": "Cause_General"}, {"sentence_index": 8, "sentence_text": "A day after the blast, which failed to harm Alexandria security chief, the police announced killing six of Hasm militants and said they were also involved in the terror operation.", "sentence_label": "Cause_General"}, {"sentence_index": 9, "sentence_text": "Hasm appeared in late 2016 and claimed responsibility for a number of terrorist attacks that killed policemen in the country.", "sentence_label": "Distant_Historical"}, {"sentence_index": 10, "sentence_text": "Terror activities in Egypt have killed hundreds of policemen, soldiers and civilians since the military toppled Morsi in July 2013 in response to mass protests against his one-year rule and his Brotherhood group.", "sentence_label": "Cause_General"}, {"sentence_index": 11, "sentence_text": "The Sinai-based branch of the Islamic State (IS) regional terrorist group claimed responsibility for most of the terror operations in Egypt over the past few years.", "sentence_label": "Cause_General"}, {"sentence_index": 12, "sentence_text": "The Egyptian forces killed hundreds of terrorists and arrested thousands of suspects during the country's anti-terror war declared by President Abdel-Fattah al-Sisi, the army chief then, following Morsi's ouster.", "sentence_label": "Cause_General"}]}