{"file_name": "./NewsDiscourseData/json_annotations/train/Crime/AXinhua_36.json", "sentences": [{"sentence_index": "title", "sentence_text": "5 militants killed in ongoing Indian-controlled Kashmir gunfight - Xinhua", "sentence_label": "title"}, {"sentence_index": 1, "sentence_text": "Source: Xinhua| 2018-08-04 12:27:06|Editor: xuxin", "sentence_label": "NA"}, {"sentence_index": 2, "sentence_text": "Video Player Close", "sentence_label": "NA"}, {"sentence_index": 3, "sentence_text": "People shout as they participate in the funeral of a militant in Malikgund village, some 65km south of Srinagar, the summer capital of Indian-controlled Kashmir, Aug. 4, 2018.", "sentence_label": "NA"}, {"sentence_index": 4, "sentence_text": "Five militants and a civilian were killed Saturday in a fierce gunfight and subsequent clashes in restive Indian-controlled Kashmir, officials said.", "sentence_label": "NA"}, {"sentence_index": 5, "sentence_text": "(Xinhua/Javed Dar)", "sentence_label": "NA"}, {"sentence_index": 6, "sentence_text": "SRINAGAR, Indian-controlled Kashmir, Aug. 4 (Xinhua) -- Five militants were killed on Saturday in an ongoing fierce gunfight with contingents of government forces in restive Indian-controlled Kashmir, officials said.", "sentence_label": "Main"}, {"sentence_index": 7, "sentence_text": "The gunfight broke out Friday night in village Kiloora of Shopian district, about 57 km south of Srinagar city, the summer capital of Indian-controlled Kashmir.", "sentence_label": "Cause_General"}, {"sentence_index": 8, "sentence_text": "\"In a fierce gunfight in Shopian, five militants have been killed,\" Indian army spokesperson Col Rajesh Kalia told Xinhua.", "sentence_label": "Main"}, {"sentence_index": 9, "sentence_text": "\"One militant was killed during night and four others were killed in the morning during the fresh exchange of fire.\"", "sentence_label": "Main"}, {"sentence_index": 10, "sentence_text": "According to police, the militants holed up in a house inside an orchard fired upon the contingents of police and army.", "sentence_label": "Cause_General"}, {"sentence_index": 11, "sentence_text": "The area was cordoned off on specific intelligence inputs suggesting presence of militants, police said.", "sentence_label": "Cause_Specific"}, {"sentence_index": 12, "sentence_text": "Officials said Indian army and police have not suffered any casualties in the stand-off.", "sentence_label": "Cause_General"}, {"sentence_index": 13, "sentence_text": "The identity of slain militants was being ascertained.", "sentence_label": "Cause_General"}, {"sentence_index": 14, "sentence_text": "However, police said they were affiliated with Lashkar-e-Toiba.", "sentence_label": "Cause_General"}, {"sentence_index": 15, "sentence_text": "\"The search operation is still underway in the area,\" a police official said.", "sentence_label": "Cause_General"}, {"sentence_index": 16, "sentence_text": "Two militants and an Indian army trooper were killed on Friday in a similar gunfight in Sopore of Baramulla district.", "sentence_label": "Cause_General"}, {"sentence_index": 17, "sentence_text": "Militant groups opposing New Delhi's rule have been engaged in a guerrilla war with Indian troops in the region since 1989.", "sentence_label": "Cause_General"}, {"sentence_index": 18, "sentence_text": "Gunfight between the two sides takes place intermittently.", "sentence_label": "Cause_General"}]}