{"file_name": "./NewsDiscourseData/json_annotations/train/Crime/AXinhua_2.json", "sentences": [{"sentence_index": "title", "sentence_text": "Cambodian court frees former opposition leader on bail - Xinhua", "sentence_label": "title"}, {"sentence_index": 1, "sentence_text": "Source: Xinhua| 2018-09-10 08:37:18|Editor: ZX", "sentence_label": "NA"}, {"sentence_index": 2, "sentence_text": "Video Player Close", "sentence_label": "NA"}, {"sentence_index": 3, "sentence_text": "PHNOM PENH, Sept. 10 (Xinhua) -- A Cambodian court on Monday granted bail to former opposition leader Kem Sokha charged with treason, according to a court verdict.", "sentence_label": "Main"}, {"sentence_index": 4, "sentence_text": "In the verdict, Phnom Penh Municipal Court judge Ky Rithy ordered the prison chief to free Kem Sokha, former president of the Cambodia National Rescue Party (CNRP), on bail.", "sentence_label": "Main"}, {"sentence_index": 5, "sentence_text": "Chan Chen, one of Kem Sokha's lawyers, confirmed Sokha's release, saying that his client was freed from the Trapaing Thlong Prison in southeastern Tboung Khmum province at 3:30 a.m. local time and arrived at his home in Phnom Penh's Tuol Kork district at around 5:00 a.m. local time.", "sentence_label": "Main_Consequence"}, {"sentence_index": 6, "sentence_text": "\"As his lawyer, I welcome this move and congratulate my client on being released on bail,\" he told Xinhua.", "sentence_label": "Distant_Evaluation"}, {"sentence_index": 7, "sentence_text": "Kem Sokha, 65, was arrested on Sept. 3 last year and charged with treason for conspiring with a foreign power in an attempt to overthrow the government.", "sentence_label": "Distant_Historical"}, {"sentence_index": 8, "sentence_text": "He could face up to 30 years in prison if found guilty of committing treason.", "sentence_label": "Distant_Expectations_Consequences"}, {"sentence_index": 9, "sentence_text": "More than two months after his arrest, the CNRP was dissolved by the Supreme Court and 118 senior party members were banned from joining politics for five years.", "sentence_label": "Distant_Historical"}]}