{"file_name": "./NewsDiscourseData/json_annotations/train/Crime/AXinhua_430.json", "sentences": [{"sentence_index": "title", "sentence_text": "Gunmen attack Libya's Tripoli international airport, kill 3 - Xinhua", "sentence_label": "title"}, {"sentence_index": 1, "sentence_text": "Source: Xinhua| 2018-01-15 20:31:24|Editor: pengying", "sentence_label": "NA"}, {"sentence_index": 2, "sentence_text": "Video Player Close", "sentence_label": "NA"}, {"sentence_index": 3, "sentence_text": "TRIPOLI, Jan. 15 (Xinhua) -- An armed group on Monday attacked Tripoli International Airport of Libya with heavy weapons, killing three people and injuring several others.", "sentence_label": "Main"}, {"sentence_index": 4, "sentence_text": "\"The criminal militia known as Bashir al-Baqarah and all the criminals wanted by the Deterrent Force attacked the International Airport after escaping (jail) and joining the militia,\" the Special Deterrent Force in charge of securing the airport said in a statement on its official Facebook page.", "sentence_label": "Main"}, {"sentence_index": 5, "sentence_text": "The force noted that the attackers are being dealt with \"until they are defeated and expelled from the M'etiga airport and the prison, where more than 2,500 inmates are detained on various charges.\"", "sentence_label": "Distant_Expectations_Consequences"}, {"sentence_index": 6, "sentence_text": "The force posted images of tanks deployed around the airport.", "sentence_label": "Cause_General"}, {"sentence_index": 7, "sentence_text": "The head of the field hospital of Tripoli confirmed that three people were killed and several others were injured by the clashes.", "sentence_label": "Main_Consequence"}, {"sentence_index": 8, "sentence_text": "The head of the Civil Aviation Authority, Nasr-Addin Shayeb al-Ain said the airport has been temporarily closed for security reasons.", "sentence_label": "Main_Consequence"}, {"sentence_index": 9, "sentence_text": "\"The closure of the airport was because of the ongoing clashes.", "sentence_label": "Main_Consequence"}, {"sentence_index": 10, "sentence_text": "We are waiting for the clashes to stop and for the airport to be secure again to resume air traffic,\" al-Ain told Xinhua, pointing out that flights have been temporarily transferred to the airport of Misurata city, some 250 km east Tripoli.", "sentence_label": "Distant_Expectations_Consequences"}, {"sentence_index": 11, "sentence_text": "The M'eiga International Airport of Tripoli witnessed frequent clashes and armed attacks, most recently in October 2017.", "sentence_label": "Distant_Historical"}, {"sentence_index": 12, "sentence_text": "However, Monday's attack is the most violent one the airport has witnessed so far, as gunmen attacked the air hub and the prison inside it, where hundreds of terrorists have been detained over the past few years.", "sentence_label": "Distant_Evaluation"}]}