{"file_name": "./NewsDiscourseData/json_annotations/train/Crime/AXinhua_25.json", "sentences": [{"sentence_index": "title", "sentence_text": "Turku attack suspect given life sentence for terrorist offenses - Xinhua", "sentence_label": "title"}, {"sentence_index": 1, "sentence_text": "HELSINKI, June 15 (Xinhua) -- The suspect of the deadly knife attack that took place in Turku, western Finland last year was sentenced to life in prison for his terrorist offenses, the district court of southwest Finland announced on Friday.", "sentence_label": "Main"}, {"sentence_index": 2, "sentence_text": "It is the first time that a crime in Finland has been legally classified as terrorist attack, said Finnish national broadcaster Yle.", "sentence_label": "Cause_General"}, {"sentence_index": 3, "sentence_text": "The 23-year-old Moroccan young man Abderrahman Bouanane admitted stabbing to death two women and injuring eight other people at a market square in central Turku.", "sentence_label": "Cause_Specific"}, {"sentence_index": 4, "sentence_text": "The trial began in April this year.", "sentence_label": "Cause_General"}, {"sentence_index": 5, "sentence_text": "The court found the man guilty of two counts of murder with terrorist intent and eight counts of attempted murder with terrorist intent, and decided to give life sentence, stating that the attacks were carried out in \"a premeditated and exceptionally cruel manner\".", "sentence_label": "Cause_Specific"}, {"sentence_index": 6, "sentence_text": "In addition to the prison sentence, the court ordered the offender to pay about 450,000 euros of compensation to victims and their families for their sufferings and damages.", "sentence_label": "Cause_General"}, {"sentence_index": 7, "sentence_text": "The average length of a \"life sentence\" in Finland is over 14 years.", "sentence_label": "Cause_General"}, {"sentence_index": 8, "sentence_text": "A prisoner may be eligible for release after 12 years, while the longest prison term has lasted for 22 years, said Yle.", "sentence_label": "Distant_Expectations_Consequences"}, {"sentence_index": 9, "sentence_text": "Bouanane arrived in Finland in December 2016 applying for asylum.", "sentence_label": "Distant_Historical"}, {"sentence_index": 10, "sentence_text": "His first application was rejected.", "sentence_label": "Distant_Historical"}, {"sentence_index": 11, "sentence_text": "He made an appeal and was waiting for the final decision when he launched the attack.", "sentence_label": "Distant_Historical"}, {"sentence_index": 12, "sentence_text": "Reports said he was influenced by religious radicalism during the waiting period.", "sentence_label": "Cause_General"}, {"sentence_index": 13, "sentence_text": "(1 euro = 1.16 U.S. dollars)", "sentence_label": "NA"}]}