{"file_name": "./NewsDiscourseData/json_annotations/train/Crime/AXinhua_26.json", "sentences": [{"sentence_index": "title", "sentence_text": "Ecuador says two more abducted on Colombia border - Xinhua", "sentence_label": "title"}, {"sentence_index": 1, "sentence_text": "Source: Xinhua| 2018-04-18 05:36:16|Editor: Chengcheng", "sentence_label": "NA"}, {"sentence_index": 2, "sentence_text": "Video Player Close", "sentence_label": "NA"}, {"sentence_index": 3, "sentence_text": "QUITO, April 17 (Xinhua) -- Ecuador on Tuesday reported the second kidnapping in less than a month along its border with Colombia, following the killings of three other abductees last week.", "sentence_label": "Main"}, {"sentence_index": 4, "sentence_text": "The latest victims were identified as an Ecuadorian couple abducted by the Oliver Sinisterra front, the same dissident guerrilla group that was behind the previous kidnapping, Ecuadorian Defense Minister Patricio Zambrano said.", "sentence_label": "Cause_Specific"}, {"sentence_index": 5, "sentence_text": "\"The information we have... is that they are Ecuadorians from a province close to Esmeraldas,\" Zambrano said in a televised address.", "sentence_label": "Cause_General"}, {"sentence_index": 6, "sentence_text": "In response to rumors the pair may be members of the military, Zambrano said \"we don't have information that they are agents.\"", "sentence_label": "Distant_Evaluation"}, {"sentence_index": 7, "sentence_text": "The dissident group, which broke away from Colombia's Revolutionary Armed Force (FARC) after it signed a peace deal with the government, is headed by Walter Patricio Arizala, also known as \"Guacho,\" who ordered the capture and killing of a press team from Ecuador's El Comercio daily.", "sentence_label": "Cause_General"}, {"sentence_index": 8, "sentence_text": "The abduction of the two journalists and their driver shocked the nation.", "sentence_label": "Distant_Evaluation"}, {"sentence_index": 9, "sentence_text": "They were apparently preparing a report on violence and crime in the border region when the rebels seized them in a bid to negotiate an exchange for three of their own who were in custody.", "sentence_label": "Cause_General"}, {"sentence_index": 10, "sentence_text": "Last week, Ecuador's President Lenin Moreno traveled to Lima, Peru for a summit, only to turn around and come back after learning the killings of the three.", "sentence_label": "Cause_General"}, {"sentence_index": 11, "sentence_text": "According to Ecuador's Interior Minister Cesar Navas, the rebels sent a proof of life video of the kidnapped couple to the government on Monday night via the social networking app Whatsapp.", "sentence_label": "Cause_General"}, {"sentence_index": 12, "sentence_text": "\"It's the first time that 'Guacho' sends proof of life directly to us through a communications channel, not like on prior occasions when he did it through Colombian media outlets,\" said Navas, calling the rebels \"drug traffickers.\"", "sentence_label": "Cause_General"}, {"sentence_index": 13, "sentence_text": "In the video, \"the drug traffickers request through their kidnap victims that their demands be met,\" he said.", "sentence_label": "Cause_General"}, {"sentence_index": 14, "sentence_text": "The footage shows a man and a woman standing and facing a camera, their hands tied, as an armed rebel wearing a hooded mask stands guard on each side.", "sentence_label": "Cause_General"}, {"sentence_index": 15, "sentence_text": "In the video, the bound couple ask Ecuador's president to comply with their captors' demands so they do not meet the same fate as the journalists.", "sentence_label": "Cause_General"}, {"sentence_index": 16, "sentence_text": "The victims, identified by the government as Oscar Efren Villacis Gomez and Katty Vanesa Velasco Pinargote, are believed to be abducted late Wednesday or early Thursday in the town of San Lorenzo, Esmeraldas.", "sentence_label": "Cause_Specific"}, {"sentence_index": 17, "sentence_text": "Moreno called an emergency meeting of his Public Security Committee to decide \"how to proceed given this new threat,\" said Navas.", "sentence_label": "Cause_General"}, {"sentence_index": 18, "sentence_text": "The dissident rebels are looking to ship their drugs out of Ecuador via the Mataje River, which divides the two countries, said the minister.", "sentence_label": "Cause_General"}, {"sentence_index": 19, "sentence_text": "Ecuador will resort to \"all the military pressure needed to bring peace again to the border area.", "sentence_label": "Distant_Expectations_Consequences"}, {"sentence_index": 20, "sentence_text": "Ecuador's peace is not to be negotiated with killers,\" he said.", "sentence_label": "Distant_Evaluation"}]}