{"file_name": "./NewsDiscourseData/json_annotations/train/Crime/Pnyt_corpus_data_2007_04_13_1839941.json", "sentences": [{"sentence_index": "title", "sentence_text": "Latest Casualty Is Symbol of City\u2019s Heyday and Unity", "sentence_label": "title"}, {"sentence_index": 1, "sentence_text": "There is not much left in Baghdad that all its residents, Sunnis and Shiites, laborers and professors, consider their own.", "sentence_label": "Distant_Evaluation"}, {"sentence_index": 2, "sentence_text": "But the Sarafiya bridge, flung across the Tigris, tied the city together, literally and metaphorically.", "sentence_label": "Cause_General"}, {"sentence_index": 3, "sentence_text": "When the bridge was destroyed early Thursday morning by a truck bomb that collapsed a large section into the river, Baghdad mourned.", "sentence_label": "Main"}, {"sentence_index": 4, "sentence_text": "People who had crossed the bridge every day to go to their jobs on the opposite side gathered on the riverbanks and stood weeping as if they had lost someone they loved.", "sentence_label": "Main_Consequence"}, {"sentence_index": 5, "sentence_text": "More people have died in many other bombings, but the destruction of the bridge struck at the city's soul, at its lingering romance with an all but vanished image of Baghdad as a Paris of the Middle East.", "sentence_label": "Distant_Evaluation"}, {"sentence_index": 6, "sentence_text": "The steel bridge, which spans a stretch of river about 500 yards wide, was built by a British company at a time when foreigners from all over the world came to the city to study and work.", "sentence_label": "Distant_Historical"}, {"sentence_index": 7, "sentence_text": "Construction started in 1946, and it was completed in 1951, while the British-installed monarchy was in place.", "sentence_label": "Distant_Historical"}, {"sentence_index": 8, "sentence_text": "Built to accommodate train tracks as well as a roadway for cars, the bridge linked Baghdad's two main rail stations and was one of the city's main transit points across the Tigris.", "sentence_label": "Cause_General"}, {"sentence_index": 9, "sentence_text": "Most of the city is divided now, with the west bank of the Tigris predominantly Sunni and the east side predominantly Shiite.", "sentence_label": "Main_Consequence"}, {"sentence_index": 10, "sentence_text": "But so far the neighborhoods on either side of the Sarafiya bridge have been spared the worst of the violence, and both are still mixed as so much of the city once was.", "sentence_label": "Distant_Evaluation"}, {"sentence_index": 11, "sentence_text": "Every Baghdadi seemed to have a memory of the bridge on Thursday.", "sentence_label": "Distant_Evaluation"}, {"sentence_index": 12, "sentence_text": "An engineer for the General Committee for Trains and Bridges remembered coming to the city from the country as a child and standing in awe before the marvelous bridge.", "sentence_label": "Distant_Anecdotal"}, {"sentence_index": 13, "sentence_text": "''I used to walk nearby the bridge along with my cousins dazzled to see the train moving on the track, puffing out the smoke backward,'' he said.", "sentence_label": "Distant_Anecdotal"}, {"sentence_index": 14, "sentence_text": "An Iraqi reporter described crossing it to go to art school every day.", "sentence_label": "Distant_Anecdotal"}, {"sentence_index": 15, "sentence_text": "''Sometimes alone or with a girlfriend,'' he said.", "sentence_label": "Distant_Anecdotal"}, {"sentence_index": 16, "sentence_text": "''Sometimes I used to spend hours looking at the river from above.''", "sentence_label": "Distant_Anecdotal"}, {"sentence_index": 17, "sentence_text": "Riyadh Yosif, a day laborer who walked across the bridge to look for work in the industrial area on the other side of the river each morning, described feeling utter shock when he rushed out after he heard the bomb.", "sentence_label": "Distant_Anecdotal"}, {"sentence_index": 18, "sentence_text": "''We went out to see what happened, and the bridge, which I loved so much, I found was destroyed.''", "sentence_label": "Distant_Anecdotal"}, {"sentence_index": 19, "sentence_text": "He began to cry.", "sentence_label": "Distant_Anecdotal"}, {"sentence_index": 20, "sentence_text": "''I wish they had killed one of my children rather than destroying the bridge, which I consider part of my heart.", "sentence_label": "Distant_Anecdotal"}, {"sentence_index": 21, "sentence_text": "''This bridge is so important to us.", "sentence_label": "Distant_Anecdotal"}, {"sentence_index": 22, "sentence_text": "We cross it every day to look for work.", "sentence_label": "Distant_Anecdotal"}, {"sentence_index": 23, "sentence_text": "What shall we do now?", "sentence_label": "Distant_Anecdotal"}, {"sentence_index": 24, "sentence_text": "They have destroyed us as well.''", "sentence_label": "Distant_Anecdotal"}]}