{"file_name": "./NewsDiscourseData/json_annotations/train/Crime/Pnyt_corpus_data_2007_04_13_1839913.json", "sentences": [{"sentence_index": "title", "sentence_text": "U.S. Indicts an Ohio Man in Terror Conspiracy Case", "sentence_label": "title"}, {"sentence_index": 1, "sentence_text": "An American citizen from Columbus, Ohio, was indicted there Thursday on charges of training with Al Qaeda and conspiring to attack Americans at European resorts and to destroy United States embassies and military bases abroad.", "sentence_label": "Main"}, {"sentence_index": 2, "sentence_text": "Federal prosecutors in Columbus said the suspect, Christopher Paul, 43, began supporting terrorists in the United States, Africa and Europe in 1989, buying explosives and helping to train radical Islamic fundamentalists in Germany.", "sentence_label": "Distant_Historical"}, {"sentence_index": 3, "sentence_text": "The most serious charge, carrying a penalty of life imprisonment, is conspiracy to use a weapon of mass destruction -- bombs with which, the indictment says, the American tourists, embassies and bases, in unspecified countries, were to be attacked.", "sentence_label": "Distant_Evaluation"}, {"sentence_index": 4, "sentence_text": "Michael Brooks, an F.B.I.", "sentence_label": "Distant_Evaluation"}, {"sentence_index": 5, "sentence_text": "spokesman here in Cincinnati, declined to say whether any of the attacks had actually been carried out.", "sentence_label": "Distant_Evaluation"}, {"sentence_index": 6, "sentence_text": "Further details, Mr. Brooks said, will emerge at trial.", "sentence_label": "Distant_Expectations_Consequences"}, {"sentence_index": 7, "sentence_text": "Mr. Paul, born in Columbus, was arrested at his apartment there late Wednesday and appeared in federal court on Thursday.", "sentence_label": "Cause_Specific"}, {"sentence_index": 8, "sentence_text": "His lawyer, Don Wolery, said he would plead not guilty Friday at his arraignment.", "sentence_label": "Distant_Expectations_Consequences"}, {"sentence_index": 9, "sentence_text": "Mr. Wolery declined additional comment.", "sentence_label": "Cause_General"}, {"sentence_index": 10, "sentence_text": "But Hisham Jenhawi, a friend of Mr. Paul and his wife, told The Associated Press that he could not believe the charges.", "sentence_label": "Distant_Anecdotal"}, {"sentence_index": 11, "sentence_text": "''The way he speaks,'' Mr. Jenhawi said, ''the kindness he has, it isn't even close to his personality to do something like this.''", "sentence_label": "Distant_Anecdotal"}, {"sentence_index": 12, "sentence_text": "Mr. Jenhawi said that he had known Mr. Paul about a year, that they attended the same mosque and that their daughters played together.", "sentence_label": "Distant_Anecdotal"}, {"sentence_index": 13, "sentence_text": "Mr. Paul's daughter is about 9 years old and is home-schooled, Mr. Jenhawi said.", "sentence_label": "Distant_Anecdotal"}, {"sentence_index": 14, "sentence_text": "Mr. Brooks, the F.B.I.", "sentence_label": "Cause_General"}, {"sentence_index": 15, "sentence_text": "spokesman, said the investigation of Mr. Paul had taken four years, a result, he said, of the complexity of compiling admissible evidence from eight countries.", "sentence_label": "Cause_General"}, {"sentence_index": 16, "sentence_text": "Mr. Paul was born Paul Kenyatta Laws and changed his name to Abdulmalek Kenyatta in 1989 before settling on Christopher Paul in 1994.", "sentence_label": "Distant_Historical"}, {"sentence_index": 17, "sentence_text": "The indictment says he participated in military-style training in an unspecified county in 1990 and joined Al Qaeda one year later, offering his services on trips to Pakistan and Afghanistan.", "sentence_label": "Distant_Historical"}, {"sentence_index": 18, "sentence_text": "In Peshawar, Pakistan, it says, he stayed at Beit-ul-Ansar guesthouse, which the United States later designated a base of a foreign terrorist organization affiliated with Al Qaeda.", "sentence_label": "Distant_Historical"}, {"sentence_index": 19, "sentence_text": "There, the government says, he met a former personal pilot for Osama bin Laden.", "sentence_label": "Distant_Historical"}, {"sentence_index": 20, "sentence_text": "The indictment does not describe any outcome of this meeting.", "sentence_label": "Cause_General"}, {"sentence_index": 21, "sentence_text": "Mr. Paul is married to a woman identified in the indictment only as F. Bashir.", "sentence_label": "Cause_General"}, {"sentence_index": 22, "sentence_text": "Her name appears in connection with a letter that, the government says, Mr. Paul sent her before they were married concerning the rearing of their future children as ''little mujahideen.''", "sentence_label": "Distant_Historical"}, {"sentence_index": 23, "sentence_text": "The indictment says Mr. Paul stored a variety of items at residences in Columbus, including laser range finders, a night vision scope, books and literature on explosives, remote control devices and survival gear.", "sentence_label": "Distant_Historical"}, {"sentence_index": 24, "sentence_text": "Some of those items, seized from Mr. Paul's apartment, are listed by the government as evidence in the coming trial of another terrorism suspect, Nuradin Abdi, who is charged with plotting to blow up a shopping mall in the Columbus area.", "sentence_label": "Cause_General"}]}