{"file_name": "./NewsDiscourseData/json_annotations/train/Crime/Pnyt_corpus_data_2007_04_13_1839885.json", "sentences": [{"sentence_index": "title", "sentence_text": "A 17-Year Nightmare of Identity Theft Finally Results in Criminal Charges", "sentence_label": "title"}, {"sentence_index": 1, "sentence_text": "For 17 years, David B. Dahlstrom, a locksmith in Salt Lake City, has not been entirely himself.", "sentence_label": "Cause_General"}, {"sentence_index": 2, "sentence_text": "That is because, the authorities here say, Yorck A. Rogge, a German immigrant in Los Angeles, has been him, too.", "sentence_label": "Cause_Specific"}, {"sentence_index": 3, "sentence_text": "The real Mr. Dahlstrom, 45, had lived a relatively uneventful life with his wife until Mr. Rogge entered the picture, prosecutors said.", "sentence_label": "Cause_General"}, {"sentence_index": 4, "sentence_text": "Mr. Rogge, 41, who was first arrested using Mr. Dahlstrom's name in 1990, has committed a string of crimes under it, the authorities said, and is in a state prison for violating parole after being charged with stealing a car and assaulting his girlfriend last year.", "sentence_label": "Cause_Specific"}, {"sentence_index": 5, "sentence_text": "Prosecutors in Los Angeles want to keep him there.", "sentence_label": "Distant_Evaluation"}, {"sentence_index": 6, "sentence_text": "The city attorney's office filed charges on Wednesday against Mr. Rogge, accusing him of 81 counts of identity theft and fraud.", "sentence_label": "Main"}, {"sentence_index": 7, "sentence_text": "The case illustrates the tangled trail identity theft can leave, said Rocky Delgadillo, the city attorney, although he called this one ''extraordinary'' both for the duration of the fraud and the number of crimes traced to Mr. Rogge under his assumed name.", "sentence_label": "Distant_Evaluation"}, {"sentence_index": 8, "sentence_text": "As a result, Mr. Delgadillo said, Mr. Dahlstrom has had difficulty getting credit and at one point was detained by police officers serving an arrest warrant in his name.", "sentence_label": "Distant_Historical"}, {"sentence_index": 9, "sentence_text": "''This certainly demonstrates the kind of nightmare identity theft victims can suffer,'' said Mr. Delgadillo, whose office last year established a special unit of four prosecutors to investigate identity theft, a problem federal authorities say has grown considerably in the past decade.", "sentence_label": "Distant_Evaluation"}, {"sentence_index": 10, "sentence_text": "Mr. Dahlstrom said the ordeal had left him feeling ''violated and confused.''", "sentence_label": "Distant_Evaluation"}, {"sentence_index": 11, "sentence_text": "''Me and my wife have been stressed,'' he added, ''my credit has gone downhill.", "sentence_label": "Distant_Evaluation"}, {"sentence_index": 12, "sentence_text": "I cannot believe it happened to me.''", "sentence_label": "Distant_Evaluation"}, {"sentence_index": 13, "sentence_text": "Mr. Dahlstrom told the authorities that in 1985 he lost his wallet in Utah.", "sentence_label": "Distant_Historical"}, {"sentence_index": 14, "sentence_text": "The wallet contained his birth certificate, Social Security card and driver's license.", "sentence_label": "Distant_Historical"}, {"sentence_index": 15, "sentence_text": "Prosecutors said Mr. Rogge used Mr. Dahlstrom's identity in 1990, when he was arrested and convicted of driving under the influence of alcohol in Los Angeles.", "sentence_label": "Distant_Historical"}, {"sentence_index": 16, "sentence_text": "From 1990 until last year, Mr. Rogge was convicted of a series of crimes using Mr. Dahlstrom's identity.", "sentence_label": "Distant_Historical"}, {"sentence_index": 17, "sentence_text": "Vandalism in 1994.", "sentence_label": "Distant_Historical"}, {"sentence_index": 18, "sentence_text": "Burglary in 1995.", "sentence_label": "Distant_Historical"}, {"sentence_index": 19, "sentence_text": "Leaving an accident scene in 2001.", "sentence_label": "Distant_Historical"}, {"sentence_index": 20, "sentence_text": "Making a bomb threat in 2004.", "sentence_label": "Distant_Historical"}, {"sentence_index": 21, "sentence_text": "For much of that time Mr. Rogge had a California driver's license in Mr. Dahlstrom's name.", "sentence_label": "Distant_Historical"}, {"sentence_index": 22, "sentence_text": "Prosecutors are trying to learn when it was first issued and how.", "sentence_label": "Cause_General"}, {"sentence_index": 23, "sentence_text": "Jerry Baik, a deputy city attorney, said defendants' records of previous arrests often lists aliases, but the police and prosecutors focusing on the crime of the moment rarely check the aliases against stolen identities.", "sentence_label": "Distant_Evaluation"}, {"sentence_index": 24, "sentence_text": "Mr. Dahlstrom, meanwhile, first became aware his identity had been stolen when he was denied a credit card in 1997 because of what a creditor called ''fraudulent activity.''", "sentence_label": "Distant_Historical"}, {"sentence_index": 25, "sentence_text": "In 1998, he received an insurance claim for an accident he was not involved in and another claim a few years after that.", "sentence_label": "Distant_Historical"}, {"sentence_index": 26, "sentence_text": "When he reported the trouble to the authorities in Utah they referred him to the police in Los Angeles, where the incidents occurred.", "sentence_label": "Distant_Historical"}, {"sentence_index": 27, "sentence_text": "The Los Angeles police, he said, cautioned him that unless he had the true name of a suspect little could be done.", "sentence_label": "Distant_Historical"}, {"sentence_index": 28, "sentence_text": "Problems mounted.", "sentence_label": "Distant_Evaluation"}, {"sentence_index": 29, "sentence_text": "Last year, the police in Utah told him there was a warrant for his arrest, and Mr. Dahlstrom called the Los Angeles city attorney's office pleading for help.", "sentence_label": "Distant_Historical"}, {"sentence_index": 30, "sentence_text": "Ultimately, there were some lucky breaks.", "sentence_label": "Distant_Evaluation"}, {"sentence_index": 31, "sentence_text": "Mr. Rogge's girlfriend, in a pique of anger, divulged his true name to a parole officer last year, who called Mr. Dahlstrom, who called the city attorney's office, starting a deeper investigation.", "sentence_label": "Distant_Historical"}, {"sentence_index": 32, "sentence_text": "Investigators determined the fingerprints of the two Mr. Dahlstroms did not match.", "sentence_label": "Distant_Historical"}, {"sentence_index": 33, "sentence_text": "From marriage license records, they established that Mr. Rogge was a German citizen, later confirmed by the German authorities, and investigators said it appeared he had entered the United States illegally.", "sentence_label": "Distant_Historical"}, {"sentence_index": 34, "sentence_text": "A check of criminal records showed the streak of crimes Mr. Rogge committed under Mr. Dahlstrom's name, the authorities said, while Mr. Dahlstrom has struggled to clear up the bad credit prosecutors say Mr. Rogge left him.", "sentence_label": "Distant_Historical"}, {"sentence_index": 35, "sentence_text": "Mr. Delgadillo said his office would issue documents to help Mr. Dahlstrom with creditors.", "sentence_label": "Distant_Expectations_Consequences"}, {"sentence_index": 36, "sentence_text": "Mr. Baik said that Mr. Rogge, who was arrested in prison, had not been assigned a lawyer, pending his arraignment next week.", "sentence_label": "Cause_General"}, {"sentence_index": 37, "sentence_text": "If convicted on all the counts, he could be given a sentence totaling 31 years, but the maximum penalty is rarely given.", "sentence_label": "Distant_Expectations_Consequences"}, {"sentence_index": 38, "sentence_text": "The city attorney's office, which prosecutes misdemeanors, is considering turning the case over to the district attorney's office, which could file felony charges leading to a stiffer sentence.", "sentence_label": "Cause_General"}, {"sentence_index": 39, "sentence_text": "There may be yet another twist in the case.", "sentence_label": "Distant_Expectations_Consequences"}, {"sentence_index": 40, "sentence_text": "Prosecutors are trying to determine whether the Mr. Rogge in custody is the same Yorck Rogge who, according to an article in The Los Angeles Times at the time, was honored by a San Fernando Valley civic group in 1987 for helping chase a purse snatcher.", "sentence_label": "Cause_General"}]}