{"file_name": "./NewsDiscourseData/json_annotations/train/Crime/Pnyt_corpus_data_2007_04_13_1839921.json", "sentences": [{"sentence_index": "title", "sentence_text": "Italy Proposes Rules for Handling Abductions", "sentence_label": "title"}, {"sentence_index": 1, "sentence_text": "Italy's fragile government, under fire for making a deal to free an Italian journalist in Afghanistan, on Thursday proposed international standards for confronting the rising number of high-profile kidnappings in war zones.", "sentence_label": "Main"}, {"sentence_index": 2, "sentence_text": "The Italian move came as new appeals went out for Alan Johnston, the BBC reporter kidnapped at gunpoint in Gaza a month ago.", "sentence_label": "Cause_Specific"}, {"sentence_index": 3, "sentence_text": "In New York, the United Nations secretary general, Ban Ki-moon, called for Mr. Johnston's release, saying that freedom of the press should be protected ''as a matter of principle.''", "sentence_label": "Distant_Evaluation"}, {"sentence_index": 4, "sentence_text": "There has been no word from Mr. Johnston, 44, since he disappeared on March 12.", "sentence_label": "Cause_General"}, {"sentence_index": 5, "sentence_text": "On Thursday, however, a Palestinian official, Saeb Erekat, said the government ''has been reassured by many sources that Mr. Johnston is alive.''", "sentence_label": "Distant_Evaluation"}, {"sentence_index": 6, "sentence_text": "Hostage-taking has long been a threat in the wars in Afghanistan and Iraq, though concerns have recently risen on several fronts.", "sentence_label": "Cause_General"}, {"sentence_index": 7, "sentence_text": "Among them was the two-week detention of 15 British sailors and marines by Iran, which accused them of trespassing in its national waters.", "sentence_label": "Cause_General"}, {"sentence_index": 8, "sentence_text": "All were released unharmed last week, amid allegations, denied by Britain, that an exchange was made for an Iranian diplomat arrested in Iraq.", "sentence_label": "Cause_General"}, {"sentence_index": 9, "sentence_text": "Here in Italy, the government has faced criticism at home and abroad for pressuring the Afghan government to release five Taliban prisoners for Daniele Mastrogiacomo, a reporter for La Repubblica, kidnapped last month.", "sentence_label": "Distant_Evaluation"}, {"sentence_index": 10, "sentence_text": "The United States, Britain and other nations contended that the deal would encourage more kidnappings.", "sentence_label": "Distant_Expectations_Consequences"}, {"sentence_index": 11, "sentence_text": "Inside Italy, that criticism rose on Sunday after Mr. Mastrogiacomo's Afghan interpreter, Ajmal Naqshbandi, was killed by the Taliban, which were demanding the release of two other prisoners.", "sentence_label": "Cause_Specific"}, {"sentence_index": 12, "sentence_text": "On Thursday, Massimo D'Alema, foreign minister for Italy's center-left government, strongly defended the deal to free Mr. Mastrogiacomo.", "sentence_label": "Distant_Evaluation"}, {"sentence_index": 13, "sentence_text": "''We acted on the basis of one criterion: that of giving priority to the safety of the hostages,'' he said in a speech to the lower house of Parliament.", "sentence_label": "Distant_Evaluation"}, {"sentence_index": 14, "sentence_text": "''This is an established principle, used over the years by various governments and always supported.''", "sentence_label": "Distant_Evaluation"}, {"sentence_index": 15, "sentence_text": "In this case, he said, Italy had been tricked, because it believed that the trade for Mr. Mastrogiacomo had included Mr. Naqshbandi as well.", "sentence_label": "Distant_Evaluation"}, {"sentence_index": 16, "sentence_text": "More generally, he said he believed that there should always be room for negotiation if it would save a hostage's life.", "sentence_label": "Distant_Evaluation"}, {"sentence_index": 17, "sentence_text": "''At the same time, I think it's time to explore the possibility of guidelines shared on an international level, a code of shared behavior,'' he said.", "sentence_label": "Main"}, {"sentence_index": 18, "sentence_text": "''I think, for example, in the case of Afghanistan, of a discussion at NATO.''", "sentence_label": "Distant_Evaluation"}, {"sentence_index": 19, "sentence_text": "Center-right opposition leaders have accused the government of putting undue pressure on the Afghan government to swap the prisoners, and for caring more about the life of an Italian journalist than his Afghan interpreter.", "sentence_label": "Distant_Evaluation"}, {"sentence_index": 20, "sentence_text": "Mr. Mastrogiacomo's driver was also killed, shortly after he was kidnapped in southern Afghanistan.", "sentence_label": "Cause_Specific"}, {"sentence_index": 21, "sentence_text": "In the West Bank city of Ramallah, the BBC's director general, Mark Thompson, said at a news conference that he had met with the Palestinian president, Mahmoud Abbas, on Wednesday evening to discuss Mr. Johnston, and that Mr. Abbas had told him there was ''credible evidence'' that Mr. Johnston was safe and well.", "sentence_label": "Distant_Evaluation"}, {"sentence_index": 22, "sentence_text": "In Gaza City, Palestinian journalists rallied for Mr. Johnston's release, and they drove a convoy of cars through the city's streets.", "sentence_label": "Cause_General"}, {"sentence_index": 23, "sentence_text": "About 18 foreign journalists and aid workers have been kidnapped in Gaza in the past year, but most have been released unharmed, within hours or days.", "sentence_label": "Distant_Historical"}]}