{"file_name": "./NewsDiscourseData/json_annotations/train/Crime/Pnyt_corpus_data_2007_04_13_1839939.json", "sentences": [{"sentence_index": "title", "sentence_text": "Pakistani Army Says Its Forces Are Gaining in Tribal Lands", "sentence_label": "title"}, {"sentence_index": 1, "sentence_text": "After some of the heaviest fighting in two years in tribal areas bordering Afghanistan, Pakistan's generals are claiming initial success in their latest efforts to combat foreign militants and regain some control in one of the most lawless regions.", "sentence_label": "Main"}, {"sentence_index": 2, "sentence_text": "President Pervez Musharraf acknowledged Thursday for the first time that the Pakistani military had been involved in the recent heavy fighting in the tribal area of South Waziristan and said that nearly 300 foreign militants had been killed.", "sentence_label": "Cause_Specific"}, {"sentence_index": 3, "sentence_text": "The commander of Pakistani troops in the tribal areas, Maj. Gen. Gul Muhammad, put the figure much lower, at 150 to 200, in a briefing for journalists in Wana, the main town of South Waziristan, on Wednesday.", "sentence_label": "Cause_Specific"}, {"sentence_index": 4, "sentence_text": "By some estimates only dozens have been killed.", "sentence_label": "Cause_Specific"}, {"sentence_index": 5, "sentence_text": "Foreign journalists are not permitted to visit the tribal areas, except a few selected ones under strictly controlled visits, and there has been no independent verification of casualty figures.", "sentence_label": "Cause_General"}, {"sentence_index": 6, "sentence_text": "The military does appear to have gained more control in the immediate region of Wana, and General Muhammad said the progress made in clearing the area of foreign militants -- mainly Uzbeks and other Central Asians who have been allied with Al Qaeda -- would serve as a model to use in the rest of the region, including the equally lawless North Waziristan next door.", "sentence_label": "Distant_Expectations_Consequences"}, {"sentence_index": 7, "sentence_text": "Pakistan has been under heavy pressure from the United States and NATO countries to contain the spreading lawlessness of its tribal areas which Pakistani, Afghan and foreign militants have been using to wage an expanding insurgency across the border in Afghanistan.", "sentence_label": "Cause_Specific"}, {"sentence_index": 8, "sentence_text": "South Waziristan had become a Taliban state in all but name after a peace deal with militants in 2005 gave them freedom to operate while the military withdrew to its barracks.", "sentence_label": "Cause_General"}, {"sentence_index": 9, "sentence_text": "The Pakistani military abandoned broad-scale military operations in favor of negotiated peace deals with the militants over the past two years.", "sentence_label": "Cause_General"}, {"sentence_index": 10, "sentence_text": "The strategy has been criticized for allowing militants a haven to regroup and increase their attacks across the border in Afghanistan and possibly farther afield.", "sentence_label": "Cause_General"}, {"sentence_index": 11, "sentence_text": "The military has now set upon a third way to tackle the problem of militancy in its tribal regions, backing local armed tribesmen who have turned against the foreigners and their local protectors.", "sentence_label": "Cause_General"}, {"sentence_index": 12, "sentence_text": "A rift emerged between a local commander and Uzbek fighters in his region in November and the military, and intelligence agencies admit they have sought to exploit the growing animosity among the local tribespeople toward the foreign militants, whom they accused of thuggery, robberies and murders.", "sentence_label": "Distant_Historical"}, {"sentence_index": 13, "sentence_text": "''It's indigenous and it's picking up momentum,'' General Muhammad said.", "sentence_label": "Distant_Evaluation"}, {"sentence_index": 14, "sentence_text": "''It's a homegrown affair.''", "sentence_label": "Distant_Evaluation"}, {"sentence_index": 15, "sentence_text": "In a speech at a military conference in Islamabad on Thursday, President Musharraf said: ''The people of South Waziristan now have risen against the foreigners.", "sentence_label": "Distant_Evaluation"}, {"sentence_index": 16, "sentence_text": "They have killed about 300 of them, and they got support from the Pakistan Army.", "sentence_label": "Cause_Specific"}, {"sentence_index": 17, "sentence_text": "They asked for support.''", "sentence_label": "Distant_Evaluation"}, {"sentence_index": 18, "sentence_text": "Military and paramilitary forces have moved in and occupied strategic hilltops and ridges in several areas that were until now controlled by militants in Shin Warsak, Kalosha and Tora Gola, General Muhammad said.", "sentence_label": "Cause_Specific"}, {"sentence_index": 19, "sentence_text": "The immediate Wana region was almost clear of Uzbek militants, and tribal volunteers were chasing them in Nandran, a mountainous area near the Afghan border.", "sentence_label": "Cause_General"}, {"sentence_index": 20, "sentence_text": "Even as it explains the recent developments as a homegrown uprising, the government is claiming credit for the shift in tribal dynamics as a result of its three-pronged strategy, referred to by General Muhammad as coercive deployment, political engagement and socio-economic development, to ''win over the hearts and minds of the people.''", "sentence_label": "Distant_Evaluation"}, {"sentence_index": 21, "sentence_text": "Yet it remains unclear whether all is as the military says.", "sentence_label": "Distant_Evaluation"}, {"sentence_index": 22, "sentence_text": "Promised meetings with members of the political administration of South Waziristan and with tribal elders did not materialize on the journalists' visit to the region Wednesday.", "sentence_label": "Cause_General"}, {"sentence_index": 23, "sentence_text": "And while the military has tried to depict the fighting as local tribespeople moving against the foreigners, in fact it has been led by a Pakistani Taliban commander, Maulavi Nazir, who has close links to the Afghan Taliban and Arab members of Al Qaeda.", "sentence_label": "Cause_General"}, {"sentence_index": 24, "sentence_text": "One of his accusations against the Uzbek group of militants has been that they did not want to fight foreign troops in Afghanistan, but preferred to attack pro-American Pakistanis, whether tribal elders or government members.", "sentence_label": "Distant_Evaluation"}, {"sentence_index": 25, "sentence_text": "Answering a volley of questions regarding Mr. Nazir, General Muhammad said only that the militant commander was subservient to his tribe and not above it.", "sentence_label": "Distant_Evaluation"}, {"sentence_index": 26, "sentence_text": "Hundreds of foreign militants remain in the region, probably including the leaders of Al Qaeda, Osama bin Laden and his deputy, Ayman al- Zawahri, officials admit.", "sentence_label": "Distant_Evaluation"}, {"sentence_index": 27, "sentence_text": "''It will take time,'' the general said.", "sentence_label": "Distant_Expectations_Consequences"}, {"sentence_index": 28, "sentence_text": "''There are no quick fixes in this war.", "sentence_label": "Distant_Evaluation"}, {"sentence_index": 29, "sentence_text": "We are here for a long haul.''", "sentence_label": "Distant_Evaluation"}, {"sentence_index": 30, "sentence_text": "THE REACH OF WAR", "sentence_label": "NA"}]}