{"file_name": "./NewsDiscourseData/json_annotations/train/Crime/Pnyt_corpus_data_2007_04_13_1839918.json", "sentences": [{"sentence_index": "title", "sentence_text": "Toll in Bombings in Algeria Rises to 33; Manhunt Begins", "sentence_label": "title"}, {"sentence_index": 1, "sentence_text": "The death toll from Wednesday's suicide bombings in Algeria rose by 10 on Thursday, to 33, and the police mounted a nationwide manhunt for those responsible for the attacks.", "sentence_label": "Main_Consequence"}, {"sentence_index": 2, "sentence_text": "Al Qaeda in the Islamic Maghreb, North Africa's most active terrorist group, claimed responsibility for the twin bombings, which were directed at the main government building in Algiers and at a police station east of the city.", "sentence_label": "Main"}, {"sentence_index": 3, "sentence_text": "More than 200 people were wounded.", "sentence_label": "Main_Consequence"}, {"sentence_index": 4, "sentence_text": "It could have been even worse: the police found a third bomb in a Mercedes-Benz sedan near the home of Ali Tounsi, director general of the national police, according to witnesses and local press reports.", "sentence_label": "Cause_General"}, {"sentence_index": 5, "sentence_text": "The bomb was defused.", "sentence_label": "Cause_General"}, {"sentence_index": 6, "sentence_text": "It was apparently one of the bombs referred to on Islamist Web sites on Wednesday, which claimed that a third suicide bomber was attacking the Algerian headquarters of Interpol.", "sentence_label": "Cause_General"}, {"sentence_index": 7, "sentence_text": "Interpol links police forces in 186 countries around the world.", "sentence_label": "Cause_General"}, {"sentence_index": 8, "sentence_text": "The police set up checkpoints around Algiers and increased patrols on the outskirts, but the mood there had already darkened.", "sentence_label": "Main_Consequence"}, {"sentence_index": 9, "sentence_text": "The French-language daily newspaper Libert\u00e9 wrote that the attacks ''have wakened the demons of a violence we believed had been contained.''", "sentence_label": "Distant_Evaluation"}, {"sentence_index": 10, "sentence_text": "Algeria has only recently emerged from the shadows of a brutal civil war, set off when the military canceled elections in 1992 that a fundamentalist Islamic party was poised to win.", "sentence_label": "Distant_Evaluation"}, {"sentence_index": 11, "sentence_text": "The war, which wound down after a government amnesty in 1999, was marked by horrific massacres of men, women and children -- slitting throats was common-- that left deep scars in the national psyche.", "sentence_label": "Distant_Historical"}, {"sentence_index": 12, "sentence_text": "A national reconciliation program last year sought to shut that history firmly in the past with a new amnesty for the remaining Islamist fighters and with the release of hundreds of former fighters from jail.", "sentence_label": "Distant_Historical"}, {"sentence_index": 13, "sentence_text": "Even talking of the past atrocities became illegal.", "sentence_label": "Distant_Historical"}, {"sentence_index": 14, "sentence_text": "A committed core of Islamists kept up the fight, but most Algerians were confident that the movement had been defeated, as repeated government pronouncements claimed.", "sentence_label": "Cause_General"}, {"sentence_index": 15, "sentence_text": "Islamists warned otherwise, however.", "sentence_label": "Distant_Evaluation"}, {"sentence_index": 16, "sentence_text": "''When you leave a small fire burning, it can spread,'' Abdelhak Layada, a founder of the Armed Islamic Group, said in an interview last June, shortly after he was freed under the reconciliation program.", "sentence_label": "Distant_Historical"}, {"sentence_index": 17, "sentence_text": "The Armed Islamic Group was a precursor to the Salafist Group for Preaching and Combat, which announced an alliance with Al Qaeda last year and recently changed its name to Al Qaeda in the Islamic Maghreb.", "sentence_label": "Distant_Historical"}, {"sentence_index": 18, "sentence_text": "The bombings took place on the fifth anniversary of a deadly truck bombing at El Ghriba Synagogue in Djerba, Tunisia, for which the Salafists claimed responsibility.", "sentence_label": "Cause_General"}, {"sentence_index": 19, "sentence_text": "Twenty-one people died in that attack.", "sentence_label": "Distant_Historical"}, {"sentence_index": 20, "sentence_text": "Al Qaeda in the Islamic Maghreb continues to claim that it does not attack ordinary Algerians, but Wednesday's bombings showed otherwise.", "sentence_label": "Distant_Evaluation"}, {"sentence_index": 21, "sentence_text": "Many of the people who died were office workers or bystanders outside the government building.", "sentence_label": "Cause_General"}, {"sentence_index": 22, "sentence_text": "People were quick to blame the government, saying lenience toward former rebels encouraged the movement and weakened the resolve of the army and the police.", "sentence_label": "Distant_Evaluation"}, {"sentence_index": 23, "sentence_text": "''There's been a lack of vigilance on the part of the security forces,'' said Mahmoud Belhimeur, an editor at El Khabar newspaper.", "sentence_label": "Distant_Evaluation"}, {"sentence_index": 24, "sentence_text": "''They said that it's over, but they forgot that these people operate best when it's calm.''", "sentence_label": "Distant_Evaluation"}]}