{"file_name": "./NewsDiscourseData/json_annotations/train/Crime/PReuters_8.json", "sentences": [{"sentence_index": "title", "sentence_text": "Iraqi protesters call for downfall of politicians", "sentence_label": "title"}, {"sentence_index": 1, "sentence_text": "BAGHDAD, July 20 (Reuters) - Thousands of Iraqis angry about poor services protested in Baghdad and the southern oil hub of Basra on Friday, calling for the downfall of political parties as they escalated demonstrations backed by the country\u2019s most powerful clerics.", "sentence_label": "Main"}, {"sentence_index": 2, "sentence_text": "In Basra, crumbling from years of neglect and under-investment, about 3,000 protesters gathered outside the headquarters of the provincial governorate.", "sentence_label": "Main"}, {"sentence_index": 3, "sentence_text": "\u201cThe people want the downfall of political parties!\u201d they chanted, echoing a slogan of the 2011 uprisings across the Arab world, as politicians struggled to form a new government following a May 12 election marred by allegations of corruption.", "sentence_label": "Main"}, {"sentence_index": 4, "sentence_text": "Prime Minister Haider al-Abadi, who is seeking a second term, promised his government would fund electricity and water projects in Basra, where the colour of tap water is often brown because it contains dirt and mud.", "sentence_label": "Distant_Expectations_Consequences"}, {"sentence_index": 5, "sentence_text": "\u201cThe promises they make are all lies,\u201d said Khaled Hassan, 42, a health worker in Basra.", "sentence_label": "Distant_Anecdotal"}, {"sentence_index": 6, "sentence_text": "\u201cWe will not keep quiet.\u201d", "sentence_label": "Distant_Anecdotal"}, {"sentence_index": 7, "sentence_text": "On Thursday, powerful Shi\u2019ite Muslim cleric Moqtada al-Sadr, whose bloc finished first in the election, said politicians should suspend efforts to form a coalition until the protesters\u2019 demands are met.", "sentence_label": "Distant_Evaluation"}, {"sentence_index": 8, "sentence_text": "Sadr, whose militiamen staged violent uprisings against U.S. forces after the 2003 invasion, has in the past mobilised tens of thousands of people to press his demands.", "sentence_label": "Distant_Historical"}, {"sentence_index": 9, "sentence_text": "Grand Ayatollah Ali al-Sistani, the most influential cleric in Iraq, has also expressed solidarity with the demonstrators.", "sentence_label": "Distant_Evaluation"}, {"sentence_index": 10, "sentence_text": "Protests have swept cities in the south, Iraq\u2019s Shi\u2019ite heartland.", "sentence_label": "Cause_General"}, {"sentence_index": 11, "sentence_text": "Three protesters have died and dozens of members of the security forces have been injured.", "sentence_label": "Cause_General"}, {"sentence_index": 12, "sentence_text": "Some of the protests have taken place at the entrance to major oilfields.", "sentence_label": "Cause_General"}, {"sentence_index": 13, "sentence_text": "Officials say production has not been affected.", "sentence_label": "Cause_General"}, {"sentence_index": 14, "sentence_text": "On Friday, about 300 people vented their anger in one of Baghdad\u2019s main squares.", "sentence_label": "Cause_General"}, {"sentence_index": 15, "sentence_text": "One held up a posters which read: \u201cThe revolution of the poor.\u201d", "sentence_label": "Distant_Anecdotal"}]}