{"file_name": "./NewsDiscourseData/json_annotations/train/Crime/PReuters_89.json", "sentences": [{"sentence_index": "title", "sentence_text": "Bike-riding gunmen kill Philippine mayor in second murder in two days", "sentence_label": "title"}, {"sentence_index": 1, "sentence_text": "MANILA (Reuters) - Motorcycle-borne gunmen on Tuesday assassinated a mayor in a town north of the Philippine capital, the second such killing of an official in two days, police said.", "sentence_label": "Main"}, {"sentence_index": 2, "sentence_text": "Ferdinand Bote, 57, became the 12th elected local official murdered since President Rodrigo Duterte unleashed a deadly anti-narcotics campaign after coming to power two years ago, although Bote was not linked to the drug trade.", "sentence_label": "Cause_General"}, {"sentence_index": 3, "sentence_text": "He and his driver were leaving a government office in the capital of Nueva Ecija province when gunmen approached his sport utility vehicle and shot him dead, said Adrian Gabriel, the town\u2019s police chief.", "sentence_label": "Cause_Specific"}, {"sentence_index": 4, "sentence_text": "\u201cHe was repeatedly shot with the use of a short firearm,\u201d police said in an initial report, but the driver escaped unhurt.", "sentence_label": "Cause_Specific"}, {"sentence_index": 5, "sentence_text": "Police retrieved at least 18 empty shells at the scene.", "sentence_label": "Cause_General"}, {"sentence_index": 6, "sentence_text": "The government will spare no effort in getting to the bottom of the latest crime, said Harry Roque, a spokesman for Duterte.", "sentence_label": "Distant_Evaluation"}, {"sentence_index": 7, "sentence_text": "\u201cWe assure everyone that we will discharge the state obligation for every murder,\u201d Roque said in a statement, promising a fair and thorough investigation by police to bring the perpetrators to justice.", "sentence_label": "Distant_Expectations_Consequences"}, {"sentence_index": 8, "sentence_text": "On Monday, Antonio Halili, 72, who had gained prominence in 2016 for parading drug suspects in the streets of Tanauan, south of Manila, was hit by a bullet in the chest while attending a weekly flag-raising ceremony.", "sentence_label": "Cause_General"}, {"sentence_index": 9, "sentence_text": "Duterte said the mayor may have had some drug involvement and his \u201cwalk of shame\u201d campaign to parade suspects was a ploy to convince police he was not engaged in the illegal drug trade.", "sentence_label": "Distant_Evaluation"}, {"sentence_index": 10, "sentence_text": "At Halili\u2019s wake, his daughter Angeline told reporters it was unfair to link her father to the drug trade, and said Duterte had been misinformed.", "sentence_label": "Distant_Evaluation"}, {"sentence_index": 11, "sentence_text": "\u201cI can\u2019t blame the president,\u201d she added.", "sentence_label": "Distant_Evaluation"}, {"sentence_index": 12, "sentence_text": "\u201cIf that\u2019s always what you hear from the same people that you talk to \u2014 and they keep telling you the same thing \u2014 it gets in your system to the point that you believe it, even though it\u2019s a lie.\u201d", "sentence_label": "Distant_Evaluation"}, {"sentence_index": 13, "sentence_text": "Halili had been stripped of his supervisory powers over police in October 2017, due to a proliferation of illegal drugs in his city, amid allegations by the national police that he may have been involved.", "sentence_label": "Distant_Historical"}, {"sentence_index": 14, "sentence_text": "Halili had denied the allegations.", "sentence_label": "Distant_Historical"}, {"sentence_index": 15, "sentence_text": "Police have killed more than 4,200 people in the anti-narcotics campaign since July 2016, with another 2,500 suspected drug suspects killed by unknown assailants over the same period.", "sentence_label": "Cause_General"}, {"sentence_index": 16, "sentence_text": "Human rights advocates said the victims were executed by the police, who have denied the accusations, saying most of the killings were done in self-defense.", "sentence_label": "Distant_Evaluation"}]}