{"file_name": "./NewsDiscourseData/json_annotations/train/Crime/PReuters_94.json", "sentences": [{"sentence_index": "title", "sentence_text": "Iraq extradites suspected killer of 14-year-old girl to Germany", "sentence_label": "title"}, {"sentence_index": 1, "sentence_text": "BERLIN (Reuters) - Iraq has extradited a 20-year-old Iraqi suspected of raping and killing a 14-year-old girl in Germany last month, German Interior Minister Horst Seehofer said on Saturday.", "sentence_label": "Main"}, {"sentence_index": 2, "sentence_text": "Twenty-year-old Iraqi Ali B. is escorted by special police upon his arrival in Wiesbaden, Germany, June 9, 2018, after his arrest by police in the Kurdistan region of Iraq, admitting to the rape and murder of Susanna F., a 14-year-old German girl.", "sentence_label": "NA"}, {"sentence_index": 3, "sentence_text": "REUTERS/Ralph Orlowski", "sentence_label": "NA"}, {"sentence_index": 4, "sentence_text": "\u201cI\u2019m glad that the alleged perpetrator wanted by German authorities is back in Germany,\u201d Seehofer said in a statement, adding that the investigation of the case could now be accelerated.", "sentence_label": "Distant_Expectations_Consequences"}, {"sentence_index": 5, "sentence_text": "\u201cFor the girl\u2019s family, that is only a small consolation, and my thoughts are with them during these difficult hours,\u201d Seehofer said.", "sentence_label": "Distant_Evaluation"}, {"sentence_index": 6, "sentence_text": "\u201cBut for the state and our society, it is important that crimes are cleared up and suspects are brought to justice.\u201d", "sentence_label": "Distant_Evaluation"}, {"sentence_index": 7, "sentence_text": "Police in the Kurdistan region of Iraq said on Saturday the Iraqi suspect had admitted to the murder of 14-year-old Susanna Feldman in Germany, where the case has stoked the immigration debate.", "sentence_label": "Cause_Specific"}, {"sentence_index": 8, "sentence_text": "The Jewish teenager from Mainz near Frankfurt was found dead on Wednesday in a wooded area in Wiesbaden, near a refugee center where the alleged attacker had lived, German police said.", "sentence_label": "Cause_Specific"}, {"sentence_index": 9, "sentence_text": "An autopsy showed she had been the victim of a violent and sexual attack.", "sentence_label": "Cause_Specific"}, {"sentence_index": 10, "sentence_text": "Police said there was no evidence her religion had been a factor and the Central Council of Jews in Germany cautioned against attributing any anti-Semitic motive.", "sentence_label": "Distant_Evaluation"}, {"sentence_index": 11, "sentence_text": "Kurdish security forces had taken the suspect, identified by German authorities as Ali Bashar, into custody on Friday after he fled from Germany last week.", "sentence_label": "Cause_Specific"}, {"sentence_index": 12, "sentence_text": "\u201cOfficers in Zakho (in Iraq\u2019s semi-autonomous Kurdish region) called me and said they had located the suspect and would arrest him as soon as he comes to the city,\u201d Dohuk city police chief Tariq Ahmed told Reuters.", "sentence_label": "Cause_General"}, {"sentence_index": 13, "sentence_text": "\u201cHe had been staying at a hotel in Dohuk and after realizing the police were after him left for Zakho to stay at a relative\u2019s house.", "sentence_label": "Cause_General"}, {"sentence_index": 14, "sentence_text": "He was asleep there at night and was arrested in that house at 5:30 (a.m.),\u201d Ahmed said.", "sentence_label": "Cause_Specific"}, {"sentence_index": 15, "sentence_text": "He said the suspect had confessed to killing the German teenager during interrogation by Kurdish security authorities.", "sentence_label": "Cause_Specific"}, {"sentence_index": 16, "sentence_text": "INCREDIBLE SUFFERING", "sentence_label": "Distant_Evaluation"}, {"sentence_index": 17, "sentence_text": "German media reported earlier that Bashar was expected to be extradited to Germany on Saturday evening and questioned by German investigators on Sunday.", "sentence_label": "Cause_General"}, {"sentence_index": 18, "sentence_text": "German federal police declined to comment on the details emerging from the suspect\u2019s arrest or on the report on the timing of extradition.", "sentence_label": "Cause_General"}, {"sentence_index": 19, "sentence_text": "Chancellor Angela Merkel expressed her dismay at the crime and said it should be a reminder to Germans of the need to do whatever possible for the integration of immigrants.", "sentence_label": "Distant_Evaluation"}, {"sentence_index": 20, "sentence_text": "\u201cThe incredible suffering experienced by the family, the victim, affects everyone, including me,\u201d she said on the sidelines of a G7 summit meeting in Canada.", "sentence_label": "Distant_Evaluation"}, {"sentence_index": 21, "sentence_text": "\u201cThe cooperation in this regard between German and Kurdish security authorities worked well here ...", "sentence_label": "Distant_Evaluation"}, {"sentence_index": 22, "sentence_text": "It is good that the alleged perpetrator was caught, that he probably also will be returning to Germany,\u201d Merkel said.", "sentence_label": "Distant_Evaluation"}, {"sentence_index": 23, "sentence_text": "She added, \u201cThis is a reminder to all of us, first, to take the task of integration very seriously, to make our common values very clear, again and again.", "sentence_label": "Distant_Evaluation"}, {"sentence_index": 24, "sentence_text": "But also to punish any crime.", "sentence_label": "Distant_Evaluation"}, {"sentence_index": 25, "sentence_text": "We can only live together if we all stick to our laws.\u201d", "sentence_label": "Distant_Evaluation"}, {"sentence_index": 26, "sentence_text": "Slideshow (7 Images)", "sentence_label": "NA"}, {"sentence_index": 27, "sentence_text": "Merkel\u2019s decision to take in large numbers of asylum seekers during Europe\u2019s 2015 migrant crisis has stirred a political backlash, with many politicians calling for new rules to make it easier to deport immigrants.", "sentence_label": "Cause_General"}, {"sentence_index": 28, "sentence_text": "Bashar had been living in Germany as a refugee since 2015, German media have reported.", "sentence_label": "Cause_General"}, {"sentence_index": 29, "sentence_text": "German police set up a special call center for tips from the public and issued releases in Arabic and Turkish.", "sentence_label": "Cause_General"}, {"sentence_index": 30, "sentence_text": "They said on Thursday that Bashar had likely fled to Erbil in the KRG.", "sentence_label": "Distant_Evaluation"}]}