{"file_name": "./NewsDiscourseData/json_annotations/train/Crime/PReuters_80.json", "sentences": [{"sentence_index": "title", "sentence_text": "Father who forgave son for family's murder asks Texas to spare his life", "sentence_label": "title"}, {"sentence_index": 1, "sentence_text": "(This version of the Feb 18 story corrects name from Keith to Kevin in second paragraph)", "sentence_label": "NA"}, {"sentence_index": 2, "sentence_text": "By Jon Herskovitz", "sentence_label": "NA"}, {"sentence_index": 3, "sentence_text": "AUSTIN, Texas (Reuters) - A Texas man who survived a deadly domestic attack hatched by his son is pushing the state to grant clemency to the condemned man, although it has never spared a death row inmate solely at the formal request of the victim\u2019s family.", "sentence_label": "Main"}, {"sentence_index": 4, "sentence_text": "Thomas \u201cBart\u201d Whitaker is set to be put to death by lethal injection on Feb. 22 for masterminding a 2003 plot near Houston that left his mother Tricia, 51, and brother Kevin, 19, dead and his father Kent with a bullet wound near his heart.", "sentence_label": "Cause_Specific"}, {"sentence_index": 5, "sentence_text": "In the 31 states with capital punishment, district attorneys make the decision whether to seek death, balancing the punishment that they consider best serves society with the wishes of the victim\u2019s family.", "sentence_label": "Cause_General"}, {"sentence_index": 6, "sentence_text": "In this case, the local Texas prosecutors pursued death and jurors decided Bart Whitaker, 38, deserved to be executed.", "sentence_label": "Distant_Historical"}, {"sentence_index": 7, "sentence_text": "His father, a 69-year-old devout Christian and retired executive, says if that penalty is implemented, it will only intensify his pain.", "sentence_label": "Distant_Expectations_Consequences"}, {"sentence_index": 8, "sentence_text": "\u201cI am going to be thrown into a deeper grief at the hands of the state of Texas, in the name of justice,\u201d Kent Whitaker said last week, after a 30-minute meeting with the chairman of the Texas Board of Pardons and Paroles in Austin.", "sentence_label": "Distant_Expectations_Consequences"}, {"sentence_index": 9, "sentence_text": "Whitaker says his son has been a model inmate and has provided letters from death row prison guards to back him up.", "sentence_label": "Distant_Evaluation"}, {"sentence_index": 10, "sentence_text": "According to the clemency petition, Kent Whitaker, his relatives and his wife\u2019s family do not want Texas to execute Bart.", "sentence_label": "Distant_Evaluation"}, {"sentence_index": 11, "sentence_text": "The panel\u2019s decision is due on Tuesday, two days before the execution.", "sentence_label": "Cause_General"}, {"sentence_index": 12, "sentence_text": "If it recommends commuting the death sentence to life in prison, Governor Greg Abbott, a Republican, would make the final decision.", "sentence_label": "Distant_Expectations_Consequences"}, {"sentence_index": 13, "sentence_text": "Tim Cole, an assistant professor of law at the University of North Texas Dallas College of Law and a former Texas district attorney, said the case points to a major flaw in the U.S. capital punishment system.", "sentence_label": "Distant_Evaluation"}, {"sentence_index": 14, "sentence_text": "With no consistent criteria for prosecutors on whether they should seek execution, he said, the system is arbitrary.", "sentence_label": "Distant_Evaluation"}, {"sentence_index": 15, "sentence_text": "\u201cIt is completely up to that one person, the district attorney, to seek death or not,\u201d he said.", "sentence_label": "Distant_Evaluation"}, {"sentence_index": 16, "sentence_text": "The Whitaker case is an outlier, however.", "sentence_label": "Distant_Evaluation"}, {"sentence_index": 17, "sentence_text": "In many cases, family members want the district attorney to seek the maximum punishment, Cole said.", "sentence_label": "Distant_Evaluation"}, {"sentence_index": 18, "sentence_text": "Since the U.S. Supreme Court reinstated the death penalty in 1976, clemency at the request of a forgiving victim\u2019s family has been almost unheard of, according to the non-profit Death Penalty Information Center, which monitors U.S. capital punishment.", "sentence_label": "Distant_Evaluation"}, {"sentence_index": 19, "sentence_text": "It did happen in Georgia in 1990, the group said.", "sentence_label": "Distant_Historical"}, {"sentence_index": 20, "sentence_text": "It is far more common for courts to halt executions for reasons ranging from doubts over guilt to procedural problems with prosecutions than it is for a governor to grant clemency.", "sentence_label": "Distant_Evaluation"}, {"sentence_index": 21, "sentence_text": "Money may have motivated Bart Whitaker to plan to murder his family with the help of two other men, court documents showed.", "sentence_label": "Distant_Evaluation"}, {"sentence_index": 22, "sentence_text": "One of those men, his roommate Chris Brashear, shot the father, mother and brother after the family returned from a dinner out.", "sentence_label": "Distant_Historical"}, {"sentence_index": 23, "sentence_text": "He shot Bart in the bicep to make it look he had also been attacked, court documents said.", "sentence_label": "Distant_Historical"}, {"sentence_index": 24, "sentence_text": "The two other men helped prosecutors pin the crime on Whitaker and were not sentenced to death.", "sentence_label": "Distant_Historical"}, {"sentence_index": 25, "sentence_text": "Local prosecutors said they considered the family\u2019s views but stood by Whitaker\u2019s sentence as appropriate for such a brutal crime.", "sentence_label": "Distant_Evaluation"}, {"sentence_index": 26, "sentence_text": "\u201cWe represent all of the community.", "sentence_label": "Distant_Evaluation"}, {"sentence_index": 27, "sentence_text": "It is not just one person we represent,\u201d said Fred Felcman, first assistant district attorney for the Fort Bend County District Attorney\u2019s Office.", "sentence_label": "Distant_Evaluation"}, {"sentence_index": 28, "sentence_text": "\u201cLegally, justice says that he should be executed.\u201d", "sentence_label": "Distant_Evaluation"}, {"sentence_index": 29, "sentence_text": "Thomas Whitaker appears in a booking photo by the Texas Department of Criminal Justice in Huntsville, Texas, U.S., obtained by Reuters on February 16, 2018.", "sentence_label": "NA"}, {"sentence_index": 30, "sentence_text": "Texas Department of Criminal Justice/Handout via REUTERS", "sentence_label": "NA"}, {"sentence_index": 31, "sentence_text": "Felcman believes Bart Whitaker is a sociopath and a master manipulator.", "sentence_label": "Distant_Evaluation"}, {"sentence_index": 32, "sentence_text": "In the clemency petition, Kent Whitaker recalled lying in his hospital bed and facing the choice of slipping into despair or offering his son forgiveness.", "sentence_label": "Distant_Evaluation"}, {"sentence_index": 33, "sentence_text": "He said his faith led him to the latter option, which he hopes will sway Texas officials.", "sentence_label": "Distant_Expectations_Consequences"}, {"sentence_index": 34, "sentence_text": "\u201cWe are not asking them to forgive him, or to let him go,\u201d he added.", "sentence_label": "Distant_Expectations_Consequences"}, {"sentence_index": 35, "sentence_text": "\u201cWe just want them to let him live.\u201d", "sentence_label": "Distant_Expectations_Consequences"}]}