{"file_name": "./NewsDiscourseData/json_annotations/train/Crime/PReuters_82.json", "sentences": [{"sentence_index": "title", "sentence_text": "Slovak protesters demand police chief be fired over journalist's murder", "sentence_label": "title"}, {"sentence_index": 1, "sentence_text": "BRATISLAVA (Reuters) - Slovaks returned to the streets in their tens of thousands on Thursday, in one of the biggest demonstrations over the murder of an investigative journalist since protests that forced the prime minister to resign last month.", "sentence_label": "Main"}, {"sentence_index": 2, "sentence_text": "People attend a protest rally in reaction to the murder of Slovak investigative reporter Jan Kuciak and his fiancee Martina Kusnirova, in Bratislava, Slovakia April 5, 2018.", "sentence_label": "NA"}, {"sentence_index": 3, "sentence_text": "REUTERS/Radovan Stoklasa", "sentence_label": "NA"}, {"sentence_index": 4, "sentence_text": "The gunning-down of Jan Kuciak, 27, who investigated corruption among politically-connected business people, and his fiancee at their home in February increased widespread anger about persistent corruption allegations.", "sentence_label": "Cause_Specific"}, {"sentence_index": 5, "sentence_text": "Long-serving prime minister Robert Fico stepped down to save his three-party government, and picked his deputy, Peter Pellegrini, to lead a reshuffled cabinet.", "sentence_label": "Cause_General"}, {"sentence_index": 6, "sentence_text": "Thursday\u2019s protesters - estimated to number up to 45,000 by News website Dennik N, close to the 50,000 who marched at the height of protests last month - demanded more tangible change and called for the police chief to resign.", "sentence_label": "Main"}, {"sentence_index": 7, "sentence_text": "Police did not provide any crowd figures.", "sentence_label": "Cause_General"}, {"sentence_index": 8, "sentence_text": "\u201cThe new government hasn\u2019t done anything to convince me it will be different than the old government,\u201d 38-year-old protester Jan Filip said.", "sentence_label": "Distant_Anecdotal"}, {"sentence_index": 9, "sentence_text": "\u201cAlmost all of the cases Kuciak covered could already have been investigated, yet none of them made it to court.\u201d", "sentence_label": "Distant_Anecdotal"}, {"sentence_index": 10, "sentence_text": "Protester\u2019s said police chief Tibor Gaspar must go, and called for the law to be changed to prevent the interior minister naming his successor, something they said might ensure an impartial investigation of Kuciak\u2019s murder.", "sentence_label": "Distant_Evaluation"}, {"sentence_index": 11, "sentence_text": "President Andrej Kiska repeated his calls for Gaspar to resign to help rebuild public trust.", "sentence_label": "Distant_Evaluation"}, {"sentence_index": 12, "sentence_text": "Interior Minister Tomas Drucker said he may need weeks to assess Gaspar\u2019s performance.", "sentence_label": "Distant_Evaluation"}, {"sentence_index": 13, "sentence_text": "Kuciak, who police believe was murdered in a contract killing related to his journalism, used to report on suspected tax fraud, sometimes by people with links to the ruling Smer party.", "sentence_label": "Cause_Specific"}, {"sentence_index": 14, "sentence_text": "He also reported on deals between the government and the country\u2019s biggest privately-owned security firm, whose owner is related to Gaspar.", "sentence_label": "Cause_Specific"}, {"sentence_index": 15, "sentence_text": "The police chief has denied any wrongdoing.", "sentence_label": "Distant_Evaluation"}, {"sentence_index": 16, "sentence_text": "Gaspar was appointed in 2012 by Robert Kalinak, who resigned as interior minister last month.", "sentence_label": "Cause_General"}, {"sentence_index": 17, "sentence_text": "Kuciak had published stories about Kalinak, who has denied wrongdoing.", "sentence_label": "Cause_Specific"}, {"sentence_index": 18, "sentence_text": "Before his death, Kuciak was investigating Italian businessmen in Slovakia with suspected mafia links, one of whom had had business dealings with two people who later worked in Fico\u2019s office before resigning in the wake of the murder.", "sentence_label": "Cause_Specific"}, {"sentence_index": 19, "sentence_text": "The two have denied any links to the killing.", "sentence_label": "Distant_Evaluation"}, {"sentence_index": 20, "sentence_text": "According to Transparency International, no senior Slovak politician has been sent to prison for corruption in the past six years, while six regional politicians have been given suspended sentences.", "sentence_label": "Cause_General"}, {"sentence_index": 21, "sentence_text": "About 48 percent of bribe cases dealt with by courts involved amounts of less than 100 euros.", "sentence_label": "Cause_General"}]}