{"file_name": "./NewsDiscourseData/json_annotations/train/Crime/PReuters_95.json", "sentences": [{"sentence_index": "title", "sentence_text": "Five more charged in Tanzania for murder of anti-poaching activist", "sentence_label": "title"}, {"sentence_index": 1, "sentence_text": "DAR ES SALAAM (Reuters) - Five more suspects were charged in a Tanzanian court on Friday for the murder of prominent conservationist Wayne Lotter, bringing to eight the total number of people arraigned over the killing.", "sentence_label": "Main"}, {"sentence_index": 2, "sentence_text": "Three other suspects were charged for the same crime in October last year.", "sentence_label": "Distant_Historical"}, {"sentence_index": 3, "sentence_text": "Lotter, 51, co-founder of PAMS Foundation USA, a non governmental organization that supports anti-poaching efforts across Africa, was shot dead in Tanzania\u2019s commercial capital Dar es Salaam on Aug. 16, 2017.The five suspects charged yesterday include a Burundian national, Nduimana Jonas, 40, who is also known by the alias \u201cthe Priest,\u201d according to court documents seen by Reuters.", "sentence_label": "Distant_Historical"}, {"sentence_index": 4, "sentence_text": "The other suspects arraigned on Friday at the Kisutu Resident Magistrate\u2019s Court are Tanzanian businessmen Godfrey Salamba, 42, Innocent Kimaro, 23, Chambie Ally, 32, and a local bank employee, Robert Mwaipyana, 31.The three suspects charged last year for shooting dead the South African-born conservationist are bank employee Khalid Mwinyi, 33, his sister Rahma Mwinyi, 37, and a laborer, Mohamed Maganga, 61.The suspects, who were charged with murder and conspiracy to commit murder, were not allowed to enter a plea until the case is transferred to the Tanzanian High Court, which has jurisdiction over murder cases.", "sentence_label": "Cause_General"}, {"sentence_index": 5, "sentence_text": "The case was adjourned until March 6 when it is scheduled to come up for another mentioning.Lotter supported an elite Tanzanian anti-poaching unit that has had a number of successful arrests in recent years, colleagues said.He also worked on the Ivory Queen case, which saw Yang Feng Glan, a Chinese, charged with running a smuggling empire that stretched form East Africa to Asian markets.", "sentence_label": "Cause_General"}, {"sentence_index": 6, "sentence_text": "She denies the charges in a separate ongoing court case in Tanzania.", "sentence_label": "Cause_General"}, {"sentence_index": 7, "sentence_text": "It was unclear if Lotter\u2019s death was related to his work, colleagues said.", "sentence_label": "Distant_Evaluation"}, {"sentence_index": 8, "sentence_text": "His assailant reportedly stole his laptop, said two colleagues who declined to be named.", "sentence_label": "Distant_Anecdotal"}, {"sentence_index": 9, "sentence_text": "\u201cWe are relieved that some of the perpetrators responsible for his untimely death have been apprehended and are being brought to justice,\u201d PAMS Foundation said in a statement.", "sentence_label": "Distant_Evaluation"}]}