{"file_name": "./NewsDiscourseData/json_annotations/train/Crime/PReuters_92.json", "sentences": [{"sentence_index": "title", "sentence_text": "Former Virginia Tech student convicted in 13-year-old girl's murder", "sentence_label": "title"}, {"sentence_index": 1, "sentence_text": "(Reuters) - A former Virginia Tech student was convicted of kidnapping and murdering a 13-year-old girl after telling the judge overseeing his trial that he wanted to enter a plea of no contest on Friday, a local prosecutor said.", "sentence_label": "Main"}, {"sentence_index": 2, "sentence_text": "David Eisenhauer, 19, was convicted of abducting, killing and concealing the body of middle-school student Nicole Lovell in January 2016, according to Mary Pettitt, the chief prosecutor in Montgomery County, Virginia.", "sentence_label": "Main"}, {"sentence_index": 3, "sentence_text": "He faces a sentence of up to life in prison.", "sentence_label": "Main_Consequence"}, {"sentence_index": 4, "sentence_text": "Lovell\u2019s body was found stabbed by a rural North Carolina roadside, about 90 miles south of her hometown of Blacksburg.", "sentence_label": "Distant_Historical"}, {"sentence_index": 5, "sentence_text": "She had disappeared four days earlier from Blacksburg, where Virginia Tech is located, and the crime left the university and local community reeling.", "sentence_label": "Distant_Historical"}, {"sentence_index": 6, "sentence_text": "Eisenhauer may have had an inappropriate relationship with Lovell, the Washington Post has reported.", "sentence_label": "Distant_Evaluation"}, {"sentence_index": 7, "sentence_text": "Lovell told a friend she planned to run away with Eisenhauer and start a family, the Post reported.", "sentence_label": "Distant_Anecdotal"}, {"sentence_index": 8, "sentence_text": "Under Virginia law, a defendant can plead no contest without admitting to the crime if the defendant agrees that the prosecutor has enough evidence that the court return a guilty verdict.", "sentence_label": "Cause_General"}, {"sentence_index": 9, "sentence_text": "It is treated the same as a guilty plea for conviction and sentencing.", "sentence_label": "Cause_General"}, {"sentence_index": 10, "sentence_text": "A second former Virginia Polytechnic Institute student, Natalie Keepers, who is charged with being Eisenhauer\u2019s accomplice and helping to conceal Lovell\u2019s body faces trial later this year after pleading not guilty.", "sentence_label": "Cause_General"}, {"sentence_index": 11, "sentence_text": "Keepers, 20, became friends with Eisenhauer, a fellow engineering student, before Lovell\u2019s abduction, according to police in Blacksburg.", "sentence_label": "Distant_Evaluation"}, {"sentence_index": 12, "sentence_text": "Keepers also faces life in prison if convicted.", "sentence_label": "Distant_Expectations_Consequences"}, {"sentence_index": 13, "sentence_text": "In brief, emotional remarks made after the hearing on Friday, Lovell\u2019s mother, Tammy Weeks, said she was blessed to raise a \u201cbright and beautiful girl.\u201d", "sentence_label": "Distant_Evaluation"}, {"sentence_index": 14, "sentence_text": "\u201cWe fought every fight together but this last one,\u201d Weeks said, clutching a tissue.", "sentence_label": "Distant_Evaluation"}]}