{"file_name": "./NewsDiscourseData/json_annotations/train/Crime/PReuters_75.json", "sentences": [{"sentence_index": "title", "sentence_text": "California police offer $50,000 reward in long-unsolved murders", "sentence_label": "title"}, {"sentence_index": 1, "sentence_text": "LOS ANGELES (Reuters) - California law enforcement officials on Friday offered a $50,000 reward to help crack the 1991 murders of an aspiring crime scene investigator and her family, hoping to capitalize on advances in DNA technology and publicity surrounding another high-profile case.", "sentence_label": "Main"}, {"sentence_index": 2, "sentence_text": "In announcing a new push to solve the 27-year-old killings of state employee Marcy Jacobs, her husband and her daughter, California Attorney General Xavier Becerra and Sacramento Police Chief Daniel Hahn said they hoped new witnesses would come forward.", "sentence_label": "Distant_Expectations_Consequences"}, {"sentence_index": 3, "sentence_text": "\u201cOver the years, this case has been very challenging for multiple investigators.", "sentence_label": "Distant_Evaluation"}, {"sentence_index": 4, "sentence_text": "Due to forensic advances, detectives working with the California Department of Justice have again begun actively working this case,\u201d Hahn said in a statement.", "sentence_label": "Distant_Evaluation"}, {"sentence_index": 5, "sentence_text": "\u201cWe are hoping with the passage of time, and the offer of a $50,000 reward, anyone who has information regarding this incident will come forward to help solve this extremely violent crime,\u201d Hahn said.", "sentence_label": "Distant_Expectations_Consequences"}, {"sentence_index": 6, "sentence_text": "DNA evidence was collected from the crime scene at the Jacobs\u2019 Sacramento home, but police declined to say if investigators were employing techniques similar to those used in the separate \u201cGolden State Killer\u201d case to try to identify a culprit.", "sentence_label": "Distant_Evaluation"}, {"sentence_index": 7, "sentence_text": "Former police officer Joseph James DeAngelo, 72, was arrested in April and charged with 12 murders in the 1970s and 1980s attributed to the long-elusive Golden State Killer.", "sentence_label": "Cause_General"}, {"sentence_index": 8, "sentence_text": "DeAngelo was identified as a suspect after detectives compared DNA from several crime scenes to online DNA-genealogy data, finding a partial match in a distant relative.", "sentence_label": "Cause_General"}, {"sentence_index": 9, "sentence_text": "Some experts have raised ethical questions about use by law enforcement of consumer genealogy websites.", "sentence_label": "Distant_Evaluation"}, {"sentence_index": 10, "sentence_text": "Authorities do not believe there is a link between the Jacobs case and the Golden State Killer murders.", "sentence_label": "Distant_Evaluation"}, {"sentence_index": 11, "sentence_text": "Marcy Jacobs, a 31-year-old California Department of Justice staff services employee, was attending night classes to become a crime scene investigator when she was found dead at her home on Jan. 14, 1991, along with her husband Michael, 33, and daughter Jenny, 9.", "sentence_label": "Distant_Historical"}, {"sentence_index": 12, "sentence_text": "\u201cObviously there have been advancements in that (DNA) area, also relationships change over time,\u201d public information officer Vance Chandler of the California Department of Justice said in reference to the Jacobs case, declining to elaborate.", "sentence_label": "Distant_Evaluation"}, {"sentence_index": 13, "sentence_text": "Detectives have long believed that the murders were carried out by more than one suspect who came to the home seeking valuables stored in a safe there by a friend of Michael Jacobs.", "sentence_label": "Distant_Evaluation"}, {"sentence_index": 14, "sentence_text": "\u201cWe call on the public to help bring their killers to justice,\u201d Becerra said in a statement.", "sentence_label": "Distant_Expectations_Consequences"}, {"sentence_index": 15, "sentence_text": "\u201cWe owe the Jacobs family and all their loved ones nothing less.\u201d", "sentence_label": "Distant_Evaluation"}]}