{"file_name": "./NewsDiscourseData/json_annotations/train/Crime/PReuters_83.json", "sentences": [{"sentence_index": "title", "sentence_text": "'Whitey' Bulger partner ties ex-New England mob boss to 1993 murder", "sentence_label": "title"}, {"sentence_index": 1, "sentence_text": "BOSTON (Reuters) - The ex-partner of convicted Boston gangster James \u201cWhitey\u201d Bulger testified on Thursday that he witnessed the strangling of a nightclub manager who died in 1993 as the former boss of the New England mafia watched.", "sentence_label": "Main"}, {"sentence_index": 2, "sentence_text": "L-R: Francis \"Cadillac Frank\" Salemme, Stephen Flemmi, Francis Salemme Jr and Luigi Manocchio appear in a U.S. government surveillance photograph taken in 1993 provided by the U.S. Attorney's Office in Boston, Massachusetts.", "sentence_label": "NA"}, {"sentence_index": 3, "sentence_text": "U.S.", "sentence_label": "NA"}, {"sentence_index": 4, "sentence_text": "Courtesy U.S. Attorney's Office/Handout via REUTERS", "sentence_label": "NA"}, {"sentence_index": 5, "sentence_text": "Stephen \u201cThe Rifleman\u201d Flemmi, who is serving a life sentence for 10 murders, told jurors in federal court in Boston that he saw Francis \u201cCadillac Frank\u201d Salemme\u2019s son strangle Steven DiSarro as his father watched.", "sentence_label": "Main"}, {"sentence_index": 6, "sentence_text": "Flemmi delivered the testimony during his second day on the stand as the star witness in Salemme\u2019s murder trial.", "sentence_label": "Cause_Specific"}, {"sentence_index": 7, "sentence_text": "Salemme, who has confessed to eight other murders, denies killing DiSarro.", "sentence_label": "Cause_General"}, {"sentence_index": 8, "sentence_text": "Flemmi said he saw the incident after Salemme, who headed the New England family of La Costa Nostra, in an earlier conversation expressed concerns that DiSarro was speaking to authorities and might implicate him in criminal activities.", "sentence_label": "Distant_Historical"}, {"sentence_index": 9, "sentence_text": "\u201cDid you obtain impression about Mr. DiSarro\u2019s fate?\u201d Assistant U.S. Attorney Fred Wyshak asked.", "sentence_label": "Distant_Evaluation"}, {"sentence_index": 10, "sentence_text": "\u201cOh yes, Frank wanted to kill him,\u201d Flemmi said.", "sentence_label": "Distant_Evaluation"}, {"sentence_index": 11, "sentence_text": "Flemmi, 83, said he witnessed the strangling when on May 10, 1993, he went to Salemme\u2019s home to talk to Salemme, 84, who he had known and worked with since the 1960s.", "sentence_label": "Distant_Historical"}, {"sentence_index": 12, "sentence_text": "He said that he saw Frank Salemme Jr in the kitchen strangling DiSarro as Paul Weadick, an associate also on trial, held his legs and the senior Salemme watched.", "sentence_label": "Distant_Historical"}, {"sentence_index": 13, "sentence_text": "Weadick also denies killing Salemme.", "sentence_label": "Cause_General"}, {"sentence_index": 14, "sentence_text": "Concerned Salemme might be under surveillance, Flemmi said that he quickly left.", "sentence_label": "Distant_Historical"}, {"sentence_index": 15, "sentence_text": "But he said Salemme later told him DiSarro was killed and that his body was buried in a 20-foot deep hole at a Rhode Island construction site.", "sentence_label": "Distant_Historical"}, {"sentence_index": 16, "sentence_text": "The testimony by Flemmi, who has been cooperating with authorities, provided a flashback to an era when organized crime in Boston was run by Salemme and Bulger, the notorious gangster now serving life in prison.", "sentence_label": "Distant_Evaluation"}, {"sentence_index": 17, "sentence_text": "Flemmi, who also testified against Bulger at his 2013 trial, said he last saw Salemme while in jail in 1999.", "sentence_label": "Distant_Historical"}, {"sentence_index": 18, "sentence_text": "On Wednesday, Flemmi said he did not recognize Salemme in the courtroom even though he was sitting nearby.", "sentence_label": "Distant_Evaluation"}, {"sentence_index": 19, "sentence_text": "\u201cI would recognize him if I see him, but I don\u2019t see him,\u201d Flemmi said.", "sentence_label": "Distant_Evaluation"}, {"sentence_index": 20, "sentence_text": "According to prosecutors, Salemme had a secret interest in a music venue called The Channel, which DiSarro had purchased.", "sentence_label": "Distant_Evaluation"}, {"sentence_index": 21, "sentence_text": "In 1993, a Federal Bureau of Investigation agent told DiSarro he would be indicted and should cooperate with authorities who were probing Salemme and his son, who died in 1995, prosecutors have said.", "sentence_label": "Distant_Historical"}, {"sentence_index": 22, "sentence_text": "Authorities found his body in 2016 behind a mill in Providence, Rhode Island.", "sentence_label": "Distant_Historical"}]}