{"file_name": "./NewsDiscourseData/json_annotations/train/Crime/PReuters_91.json", "sentences": [{"sentence_index": "title", "sentence_text": "Paris attacks suspect jailed for 20 years for Belgian attempted murder", "sentence_label": "title"}, {"sentence_index": 1, "sentence_text": "BRUSSELS (Reuters) - A Belgian court sentenced Paris attacks suspect Salah Abdeslam and a co-accused to 20 years in prison on Monday for trying to kill police during a shootout in Brussels in 2016.", "sentence_label": "Main"}, {"sentence_index": 2, "sentence_text": "Judge Marie-France Keutgen told the courtroom that 28-year-old Abdeslam and Tunisian Sofien Ayari, 24, had been found guilty of \u201cattempted terrorist murder\u201d during the shootout in March 2016.", "sentence_label": "Cause_Specific"}, {"sentence_index": 3, "sentence_text": "Abdeslam is in a French prison awaiting trial for his role in the Islamic State attacks in Paris in November 2015 in which 130 people were killed.", "sentence_label": "Cause_General"}, {"sentence_index": 4, "sentence_text": "Prosecutors say he is the lone survivor of a suicide squad.", "sentence_label": "Cause_General"}, {"sentence_index": 5, "sentence_text": "Neither he nor Ayari, who is in custody in Belgium, was present for the judgment.", "sentence_label": "Cause_General"}, {"sentence_index": 6, "sentence_text": "Despite the absence of both accused, security was tight around the Brussels court, with heavily armed police on guard.", "sentence_label": "Cause_General"}, {"sentence_index": 7, "sentence_text": "By the time of the shootout in the Brussels district of Forest on March 15, 2016, Abdeslam had been in hiding for four months after fleeing Paris the night his elder brother blew himself up at a cafe.", "sentence_label": "Distant_Historical"}, {"sentence_index": 8, "sentence_text": "Prosecutors who accuse Abdeslam of helping organize the attacks and ferry former fighters from Syria around Europe say he, too, would have died if his suicide vest had not failed to detonate.", "sentence_label": "Distant_Evaluation"}, {"sentence_index": 9, "sentence_text": "His lawyers do not dispute Abdeslam was in Paris during the attacks.", "sentence_label": "Cause_General"}, {"sentence_index": 10, "sentence_text": "They finally stumbled across him when, with French officers, they went to inspect a suspect apartment in Forest and then came under a hail of gunfire which wounded four of them.", "sentence_label": "Distant_Historical"}, {"sentence_index": 11, "sentence_text": "After a three-hour siege ended with marksmen killing a 35-year-old Algerian called Mohamed Belkaid, police found an arms cache.", "sentence_label": "Distant_Historical"}, {"sentence_index": 12, "sentence_text": "Abdeslam\u2019s DNA found at the scene linked him to the shootout and that led to his arrest three days later in a different apartment in Brussels.", "sentence_label": "Distant_Historical"}, {"sentence_index": 13, "sentence_text": "Slideshow (4 Images)", "sentence_label": "NA"}, {"sentence_index": 14, "sentence_text": "Four days after his arrest, suicide bombers attacked Brussels Airport and the city\u2019s metro, killing 32 people.", "sentence_label": "Distant_Historical"}, {"sentence_index": 15, "sentence_text": "Officials believe Abdeslam had links with the bombers and that they brought forward their attack because they feared Abdeslam might reveal their plans under interrogation.", "sentence_label": "Distant_Evaluation"}, {"sentence_index": 16, "sentence_text": "Abdeslam was present on the opening day of the trial, but refused to answer the judge\u2019s questions.", "sentence_label": "Distant_Historical"}, {"sentence_index": 17, "sentence_text": "His lawyer Sven Mary told reporters on Monday that he discuss the case with his client before determining whether to appeal.", "sentence_label": "Distant_Expectations_Consequences"}]}