{"file_name": "./NewsDiscourseData/json_annotations/train/Crime/PReuters_6.json", "sentences": [{"sentence_index": "title", "sentence_text": "Another political murder rocks Mexico in last weeks of presidential race", "sentence_label": "title"}, {"sentence_index": 1, "sentence_text": "MEXICO CITY (Reuters) - Gunmen shot and killed a mayor running for re-election in Mexico on Thursday, the second murder of a politician in a week after a candidate running for federal office was shot in the back of the head while taking a selfie with a supporter.", "sentence_label": "Main"}, {"sentence_index": 2, "sentence_text": "At least 113 politicians have been killed in the bloodiest election campaign in Mexico\u2019s modern history, and the violence appears to be intensifying in the final weeks before the July 1 nationwide election.", "sentence_label": "Cause_General"}, {"sentence_index": 3, "sentence_text": "Political assassinations have rocked the electoral season leading up to July 1, when voters will decide over 3,000 down-ballot seats and elect a new president.", "sentence_label": "Cause_General"}, {"sentence_index": 4, "sentence_text": "Widespread disenchantment with the ruling Institutional Revolutionary Party (PRI) over record levels of violence, political corruption and sluggish economic growth has helped propel leftist Andres Manuel Lopez Obrador to lead voter preferences for the presidency.", "sentence_label": "Distant_Evaluation"}, {"sentence_index": 5, "sentence_text": "The mayoral candidate, Alejandro Chavez Zavala, of the right-left coalition led by the National Action Party (PAN), died in a hospital on Thursday while being treated for wounds, Michoacan Governor Silvano Aureoles said in a tweet.", "sentence_label": "Cause_General"}, {"sentence_index": 6, "sentence_text": "Aureoles demanded justice for the small-town mayor\u2019s murder and said that authorities would investigate the attack, in which Chavez\u2019s wife was also injured.", "sentence_label": "Distant_Expectations_Consequences"}, {"sentence_index": 7, "sentence_text": "The announcement of Chavez\u2019s death follows the disappearance of Ismael Aguirre Rodriguez, a mayoral candidate in Nadadores, a hamlet in northern Coahuila state.", "sentence_label": "Cause_General"}, {"sentence_index": 8, "sentence_text": "Aguirre went missing in broad daylight on Tuesday after he stepped out to buy drinks, according to local media.", "sentence_label": "Cause_General"}, {"sentence_index": 9, "sentence_text": "Fernando Puron, a federal candidate for the PRI, was slain Friday in Coahuila state after a bearded gunman opened fire on him as he greeted supporters following a political debate in Piedras Negras, a border city in northern Mexico.", "sentence_label": "Main"}, {"sentence_index": 10, "sentence_text": "The shocking scene was captured on a CCTV camera.", "sentence_label": "Cause_General"}, {"sentence_index": 11, "sentence_text": "According to Mexico City-based security consultancy Etellekt, at least 113 candidates and politicians have been killed since September.", "sentence_label": "Cause_General"}, {"sentence_index": 12, "sentence_text": "Many of the slain candidates were running for local office.", "sentence_label": "Cause_General"}, {"sentence_index": 13, "sentence_text": "\u201cThe risk going forward is that there will be reluctance to participate in local politics because it has become so dangerous,\u201d said Michael Lettieri, a historian at the Center for U.S.-Mexican Studies at the University of California, San Diego.", "sentence_label": "Distant_Expectations_Consequences"}]}