{"file_name": "./NewsDiscourseData/json_annotations/train/Crime/PReuters_61.json", "sentences": [{"sentence_index": "title", "sentence_text": "French police suspect anti-Semitism in murder of 85-year-old", "sentence_label": "title"}, {"sentence_index": 1, "sentence_text": "PARIS (Reuters) - Two men arrested over the murder of a Holocaust-era survivor who was repeatedly stabbed in her Paris home are suspected of killing her because she was Jewish, a judicial source said on Tuesday.", "sentence_label": "Main"}, {"sentence_index": 2, "sentence_text": "Red tape police seals and a photograph are seen on the front door of the appartment of Mireille Knoll in Paris, France, March 27, 2018.", "sentence_label": "NA"}, {"sentence_index": 3, "sentence_text": "Mireille Knoll, 85, was found dead on Friday at her apartment in Paris's central 11th district.", "sentence_label": "NA"}, {"sentence_index": 4, "sentence_text": "She had been stabbed multiple times and her flat set alight.", "sentence_label": "NA"}, {"sentence_index": 5, "sentence_text": "REUTERS/Clotaire Achi", "sentence_label": "NA"}, {"sentence_index": 6, "sentence_text": "Mireille Knoll, 85, was found dead with 11 stab wounds at her apartment in a working class area of the capital on Friday.", "sentence_label": "Cause_Specific"}, {"sentence_index": 7, "sentence_text": "The apartment was set on fire after the attack.", "sentence_label": "Cause_Specific"}, {"sentence_index": 8, "sentence_text": "One of the suspects was a long-time neighbor who recently finished a jail sentence for a sex offense, the victim\u2019s son Daniel Knoll told i24 News, an Israeli channel.", "sentence_label": "Cause_General"}, {"sentence_index": 9, "sentence_text": "He said the neighbor had spent much of Friday, when the Jewish day of rest begins at sundown, chatting with his mother at the apartment, with the two sharing a drink.", "sentence_label": "Cause_Specific"}, {"sentence_index": 10, "sentence_text": "According to the judicial source, the arrested men were notified by a judge that they are suspected of murder motivated by the victim\u2019s \u201creal or supposed adherence to a religion\u201d, as well as aggravated theft and damage to property.", "sentence_label": "Cause_General"}, {"sentence_index": 11, "sentence_text": "President Emmanuel Macron described the death as a horrific crime.", "sentence_label": "Distant_Evaluation"}, {"sentence_index": 12, "sentence_text": "\u201cI reaffirm my total determination in fighting anti-Semitism,\u201d he wrote on Twitter late on Monday.", "sentence_label": "Distant_Evaluation"}, {"sentence_index": 13, "sentence_text": "Interior Minister Gerard Collomb said the murder underscored how far France still had to go to combat anti-Semitism.", "sentence_label": "Distant_Evaluation"}, {"sentence_index": 14, "sentence_text": "\u201cSince the start of the year, no fewer than 33 anti-Semitic acts have been committed,\u201d he told the Senate.", "sentence_label": "Distant_Evaluation"}, {"sentence_index": 15, "sentence_text": "\u201cThis cancer cannot be allowed to eat away at our nation.\u201d", "sentence_label": "Distant_Evaluation"}, {"sentence_index": 16, "sentence_text": "Mireille Knoll had lived in the neighborhood - in the building where she died and another on the same street - for 60 years, said Francis Kalifat, head of Crif, a body that represents France\u2019s 400,000-strong Jewish community.", "sentence_label": "Cause_General"}, {"sentence_index": 17, "sentence_text": "Knoll - who narrowly escaped being rounded up with around 13,000 Jews who were held at a cycling track in Paris in July 1942 before being deported to Auschwitz - had known the suspect since he was seven years old, he added.", "sentence_label": "Cause_General"}, {"sentence_index": 18, "sentence_text": "One source close to the investigation told Reuters the two arrested men had given conflicting accounts to police.", "sentence_label": "Distant_Anecdotal"}, {"sentence_index": 19, "sentence_text": "One told interrogators he heard the other shout the words \u201cGod is greatest\u201d in Arabic during the attack.", "sentence_label": "Distant_Anecdotal"}, {"sentence_index": 20, "sentence_text": "The second suspect is a homeless man, according to Gilles-William Goldnadel, the victim\u2019s lawyer.", "sentence_label": "Cause_General"}, {"sentence_index": 21, "sentence_text": "Daniel Knoll said his mother suffered from Parkinson\u2019s disease and was not aware that her neighbor had spent time in jail for molesting the 12-year-old daughter of a woman who acted as her live-in carer.", "sentence_label": "Distant_Evaluation"}, {"sentence_index": 22, "sentence_text": "France\u2019s Jewish community, the largest in Europe, has complained for years of a rise in anti-Semitic hate crimes.", "sentence_label": "Cause_General"}, {"sentence_index": 23, "sentence_text": "In 2015, vandals desecrated 250 tombstones in a Jewish cemetery in eastern France only days after four Jews were killed in an attack on a kosher grocery in Paris.", "sentence_label": "Distant_Historical"}, {"sentence_index": 24, "sentence_text": "Knoll\u2019s killing took place a year to the day after the murder of Sarah Halimi-Attal, a 65-year-old whose killing prosecutors believe was anti-Semitic.", "sentence_label": "Distant_Historical"}, {"sentence_index": 25, "sentence_text": "France\u2019s chief rabbi on Monday described Knoll\u2019s death as a \u201chorror\u201d and Jewish leaders called for a march in her memory, which is set to take place on Wednesday evening.", "sentence_label": "Distant_Expectations_Consequences"}]}