{"file_name": "./NewsDiscourseData/json_annotations/train/Crime/PReuters_93.json", "sentences": [{"sentence_index": "title", "sentence_text": "Prosecution urges murder conviction of former New England mob boss", "sentence_label": "title"}, {"sentence_index": 1, "sentence_text": "BOSTON (Reuters) - A federal prosecutor on Monday urged jurors to find a former New England mob boss guilty of murdering a nightclub manager in 1993, citing the eyewitness testimony of the ex-partner of convicted Boston gangster James \u201cWhitey\u201d Bulger.", "sentence_label": "Main"}, {"sentence_index": 2, "sentence_text": "L-R: Francis \"Cadillac Frank\" Salemme, Stephen Flemmi, Francis Salemme Jr and Luigi Manocchio appear in a U.S. government surveillance photograph taken in 1993 provided by the U.S. Attorney's Office in Boston, Massachusetts.", "sentence_label": "NA"}, {"sentence_index": 3, "sentence_text": "U.S.", "sentence_label": "NA"}, {"sentence_index": 4, "sentence_text": "Courtesy U.S. Attorney's Office/Handout via REUTERS", "sentence_label": "NA"}, {"sentence_index": 5, "sentence_text": "Assistant U.S. Attorney William Ferland asked the federal jury in Boston to credit the testimony of Stephen \u201cThe Rifleman\u201d Flemmi, who said he saw the son of Francis \u201cCadillac Frank\u201d Salemme strangle Steven DiSarro as the elder Salemme watched.", "sentence_label": "Main"}, {"sentence_index": 6, "sentence_text": "Ferland said Flemmi told authorities about DiSarro\u2019s slaying when he cut a deal to plead guilty to 10 murders and become a cooperating witness in 2003, long before DiSarro\u2019s remains were found in Rhode Island in 2016.", "sentence_label": "Cause_Specific"}, {"sentence_index": 7, "sentence_text": "Flemmi testified that on May 10, 1993, he went to Salemme\u2019s home, where he saw Salemme\u2019s now-deceased son, Frank Jr., strangle DiSarro as Paul Weadick, an associate also on trial, held his legs and Salemme Sr. watched.", "sentence_label": "Cause_Specific"}, {"sentence_index": 8, "sentence_text": "Ferland said Salemme decided to have DiSarro killed after coming to believe he was cooperating with authorities investigating him.", "sentence_label": "Distant_Evaluation"}, {"sentence_index": 9, "sentence_text": "\u201cHe looks like a seasoned, old, polite gentleman,\u201d Ferland told jurors, pointing to the 84-year-old defendant.", "sentence_label": "Distant_Evaluation"}, {"sentence_index": 10, "sentence_text": "\u201cThat\u2019s not who we\u2019re talking about here.", "sentence_label": "Distant_Evaluation"}, {"sentence_index": 11, "sentence_text": "We\u2019re talking about Frank Salemme from 25 years ago.\u201d", "sentence_label": "Distant_Evaluation"}, {"sentence_index": 12, "sentence_text": "Steven Boozang, Salemme\u2019s lawyer, countered by urging jurors to reject the testimony of the government\u2019s star witnesses including Flemmi, who he called a \u201csociopath.\u201d", "sentence_label": "Distant_Evaluation"}, {"sentence_index": 13, "sentence_text": "He argued Flemmi, who is serving a life prison term, made up the story of witnessing DiSarro\u2019s murder in order to implicate a top organized crime figure and win a potential sentence reduction.", "sentence_label": "Distant_Evaluation"}, {"sentence_index": 14, "sentence_text": "\u201cHe\u2019s a career opportunist,\u201d Boozang said in his closing argument.", "sentence_label": "Distant_Evaluation"}, {"sentence_index": 15, "sentence_text": "\u201cHe\u2019s deceived people his whole life.", "sentence_label": "Distant_Evaluation"}, {"sentence_index": 16, "sentence_text": "He\u2019s lying to you.", "sentence_label": "Distant_Evaluation"}, {"sentence_index": 17, "sentence_text": "He\u2019s lying to the government.", "sentence_label": "Distant_Evaluation"}, {"sentence_index": 18, "sentence_text": "The trial has provided a flashback to an era when organized crime in Boston was run by Salemme, who headed the New England family of La Costa Nostra, and Bulger, who is now serving life in prison.", "sentence_label": "Distant_Evaluation"}, {"sentence_index": 19, "sentence_text": "According to prosecutors, Salemme had a secret interest in a music venue called The Channel, which DiSarro had purchased.", "sentence_label": "Distant_Evaluation"}, {"sentence_index": 20, "sentence_text": "In 1993, a Federal Bureau of Investigation agent told DiSarro he would be indicted and should cooperate with authorities who were investigating Salemme and his son, who died in 1995, prosecutors have said.", "sentence_label": "Distant_Historical"}, {"sentence_index": 21, "sentence_text": "Authorities found DiSarro\u2019s body in 2016 buried behind a mill in Providence, Rhode Island.", "sentence_label": "Distant_Historical"}]}