{"file_name": "./NewsDiscourseData/json_annotations/train/Crime/PReuters_79.json", "sentences": [{"sentence_index": "title", "sentence_text": "Slovak protests force police chief to quit over journalist's murder", "sentence_label": "title"}, {"sentence_index": 1, "sentence_text": "BRATISLAVA (Reuters) - Slovakia\u2019s national police chief has agreed to step down by the end of May, Prime Minister Peter Pellegrini said on Tuesday, yielding to public pressure for his dismissal in the wake of the murder of a journalist that has rocked the country for weeks.", "sentence_label": "Main"}, {"sentence_index": 2, "sentence_text": "FILE PHOTO: People attend a protest rally in reaction to the murder of Slovak investigative reporter Jan Kuciak and his fiancee Martina Kusnirova, in Bratislava, Slovakia April 5, 2018.", "sentence_label": "NA"}, {"sentence_index": 3, "sentence_text": "REUTERS/Radovan Stoklasa/File Photo", "sentence_label": "NA"}, {"sentence_index": 4, "sentence_text": "Tens of thousands of Slovaks have been protesting since the February murder of Jan Kuciak, who investigated corruption and links between politicians and businessmen, and his fiancee.", "sentence_label": "Cause_Specific"}, {"sentence_index": 5, "sentence_text": "The protesters have been demanding guarantees of an independent investigation of the case.", "sentence_label": "Cause_Specific"}, {"sentence_index": 6, "sentence_text": "The demonstrations - the biggest in decades in the EU member country - led long-term prime minister Robert Fico to resign along with his cabinet last month.", "sentence_label": "Cause_General"}, {"sentence_index": 7, "sentence_text": "Police President Tibor Gaspar was another top official on the protesters\u2019 list.", "sentence_label": "Cause_Specific"}, {"sentence_index": 8, "sentence_text": "\u201cI see the police president as a competent professional ...", "sentence_label": "Distant_Evaluation"}, {"sentence_index": 9, "sentence_text": "But I see he was the target of enormous political pressure, even attacks on all the police force,\u201d said new Prime Minister Peter Pellegrini.", "sentence_label": "Distant_Evaluation"}, {"sentence_index": 10, "sentence_text": "\u201cWe agreed that in order to calm the tensions and free the police from media pressure, he will resign by the end of May.\u201d", "sentence_label": "Distant_Expectations_Consequences"}, {"sentence_index": 11, "sentence_text": "Pellegrini is a member of Fico\u2019s Smer party, which has been losing voter support in recent weeks, although the next election is not due for two years.", "sentence_label": "Distant_Evaluation"}, {"sentence_index": 12, "sentence_text": "The new cabinet is made up of the same three parties as the previous administration.", "sentence_label": "Cause_General"}, {"sentence_index": 13, "sentence_text": "Fico still leads the party, giving him a behind-the-scenes position of informal power similar to that which Law and Justice Party chief Jaroslaw Kaczynski holds in Poland.", "sentence_label": "Distant_Evaluation"}, {"sentence_index": 14, "sentence_text": "In power for 10 of the last 12 years, Fico has avoided disputes with Brussels over the rule of law unlike neighboring Poland and Hungary.", "sentence_label": "Cause_General"}, {"sentence_index": 15, "sentence_text": "He has positioned Slovakia as a \u2018pro-European island\u2019 among euro-sceptics.", "sentence_label": "Cause_General"}, {"sentence_index": 16, "sentence_text": "Protesters say Fico\u2019s cabinets failed to fight sleaze in politics, however, and they fear that the government reshuffle has not gone far enough.", "sentence_label": "Distant_Evaluation"}, {"sentence_index": 17, "sentence_text": "While they also sought the departure of the police chief, Pellegrini said Gaspar\u2019s departure would have little effect.", "sentence_label": "Distant_Expectations_Consequences"}, {"sentence_index": 18, "sentence_text": "\u201cGaspar\u2019s resignation will not have any impact on the investigation of (Kuciak\u2019s) murder as the police chief has not had any influence on the investigation so far,\u201d Pellegrini said.", "sentence_label": "Distant_Expectations_Consequences"}, {"sentence_index": 19, "sentence_text": "Nobody has been charged in connection with the murder, which the prosecutor overseeing the case said was likely a contract killing.", "sentence_label": "Distant_Evaluation"}, {"sentence_index": 20, "sentence_text": "Kuciak\u2019s last story, published posthumously, investigated links between Italian businessmen in Slovakia, one of whom has since been charged in cases involving drug trafficking in Italy and abuse of EU subsidies in Slovakia, and two Slovaks who later went on to work in Fico\u2019s government office.", "sentence_label": "Cause_General"}, {"sentence_index": 21, "sentence_text": "All have denied any wrongdoing.", "sentence_label": "Distant_Evaluation"}, {"sentence_index": 22, "sentence_text": "Some of Kuciak\u2019s reporting also dealt with deals between the government and Slovakia\u2019s biggest privately owned security firm, whose owner is related to Gaspar.", "sentence_label": "Cause_General"}, {"sentence_index": 23, "sentence_text": "The police chief has denied wrongdoing or any conflict of interest.", "sentence_label": "Distant_Evaluation"}, {"sentence_index": 24, "sentence_text": "Gaspar\u2019s previous reluctance to quit forced Interior Minister Tomas Drucker to announce his own resignation on Monday, just three weeks after taking the job.", "sentence_label": "Cause_General"}, {"sentence_index": 25, "sentence_text": "Drucker said he did not have grounds to fire Gaspar and could not square such a move with the public pressure for him to go.", "sentence_label": "Distant_Evaluation"}, {"sentence_index": 26, "sentence_text": "Pellegrini said he hoped to find \u201cwithin days\u201d a replacement for Drucker who will in turn pick a caretaker police chief.", "sentence_label": "Distant_Expectations_Consequences"}, {"sentence_index": 27, "sentence_text": "President Andrej Kiska, a long-time adversary of Fico, said Gaspar\u2019s departure was the least the government could do to ease the situation.", "sentence_label": "Distant_Evaluation"}, {"sentence_index": 28, "sentence_text": "\u201cA new minister has to strengthen the guarantees of an independent and impartial investigation of the murder of Jan Kuciak and Martina Kusnirova, as well as numerous (other) unsolved scandals.\u201d", "sentence_label": "Distant_Evaluation"}]}