{"file_name": "./NewsDiscourseData/json_annotations/train/Crime/PReuters_74.json", "sentences": [{"sentence_index": "title", "sentence_text": "Ex-U.S. soldier, two others convicted of murder-for-hire plot in Philippines", "sentence_label": "title"}, {"sentence_index": 1, "sentence_text": "Thai policemen escort Joseph Hunter, a former U.S. Army sergeant nicknamed Rambo, as he arrives at Don Mueang International Airport in Bangkok, Thailand on September 27, 2013.", "sentence_label": "NA"}, {"sentence_index": 2, "sentence_text": "REUTERS/Chaiwat Subprasom/Files Photo", "sentence_label": "NA"}, {"sentence_index": 3, "sentence_text": "NEW YORK (Reuters) - A former U.S. Army sergeant and two other U.S. citizens were found guilty by a jury in Manhattan federal court on Wednesday of taking part in a plot to murder a woman in the Philippines for money, prosecutors said.", "sentence_label": "Main"}, {"sentence_index": 4, "sentence_text": "Ex-soldier Joseph Manuel Hunter, Adam Samia and Carl David Stillwell were convicted of charges including murder-for-hire, which carries a mandatory life sentence, according to the office of U.S. Attorney Geoffrey Berman in Manhattan.", "sentence_label": "Cause_Specific"}, {"sentence_index": 5, "sentence_text": "\u201cObviously, we\u2019re disappointed, but respect the jury\u2019s verdict,\u201d said Robert Ray, a lawyer for Stillwell, adding he planned to appeal.", "sentence_label": "Distant_Evaluation"}, {"sentence_index": 6, "sentence_text": "Lawyers for Hunter and Samia could not immediately be reached for comment.", "sentence_label": "Cause_General"}, {"sentence_index": 7, "sentence_text": "Hunter, 52, is scheduled to be sentenced by U.S. District Judge Ronnie Abrams on Sep. 7.", "sentence_label": "Cause_General"}, {"sentence_index": 8, "sentence_text": "He is already serving a 20-year sentence after pleading guilty in 2015 to separate charges of conspiring to kill a federal drug agent and an informant.", "sentence_label": "Cause_General"}, {"sentence_index": 9, "sentence_text": "Samia, 43, and Stillwell, 50, are scheduled to be sentenced by Abrams on Sep. 14.", "sentence_label": "Cause_General"}, {"sentence_index": 10, "sentence_text": "Samia is a self-described \u201cpersonal protection/security industry\u201d professional trained in tactics and weapons, while Stillwell\u2019s resume says he worked at a North Carolina firm that provides firearms training, according to court filings.", "sentence_label": "Cause_General"}, {"sentence_index": 11, "sentence_text": "Prosecutors said Samia and Stillwell traveled to the Philippines and murdered a woman there in February 2012, and were each paid $35,000 by Hunter.", "sentence_label": "Distant_Historical"}, {"sentence_index": 12, "sentence_text": "The woman was shot multiple times in the face and left on a pile of garbage, prosecutors said.", "sentence_label": "Distant_Historical"}, {"sentence_index": 13, "sentence_text": "The first charges against Hunter stemmed from a U.S. Drug Enforcement Administration sting operation that followed the arrest in Liberia in 2012 of Hunter\u2019s boss, Paul Le Roux, the Zimbabwe-born head of a multinational criminal organization.", "sentence_label": "Distant_Historical"}, {"sentence_index": 14, "sentence_text": "Le Roux subsequently agreed to cooperate with authorities.", "sentence_label": "Distant_Historical"}, {"sentence_index": 15, "sentence_text": "He admitted to shipping drugs and weapons around the world and to having ordered various murders, and ordered a fake murder-for-hire operation to help authorities catch Hunter, according to court records.", "sentence_label": "Distant_Historical"}]}