{"file_name": "./NewsDiscourseData/json_annotations/train/Crime/PReuters_96.json", "sentences": [{"sentence_index": "title", "sentence_text": "U.S. Supreme Court turns away 'Making a Murderer' case appeal", "sentence_label": "title"}, {"sentence_index": 1, "sentence_text": "WASHINGTON (Reuters) - The U.S. Supreme Court on Monday refused to hear a Wisconsin man\u2019s challenge to his conviction in a 2005 murder in which he said police coerced him into confessing, a case featured in a Netflix documentary series called \u201cMaking a Murderer.\u201d", "sentence_label": "Main"}, {"sentence_index": 2, "sentence_text": "The justices turned away Brendan Dassey\u2019s appeal of a lower court ruling upholding his conviction for murder, sexual assault and mutilation of a corpse in the death of a freelance photographer named Teresa Halbach.", "sentence_label": "Main"}, {"sentence_index": 3, "sentence_text": "Dassey, 16 years old at the time of the murder and now 28, told police officers who interrogated him four times in 48 hours that he had helped his uncle, Steven Avery, rape and kill Halbach.", "sentence_label": "Distant_Historical"}, {"sentence_index": 4, "sentence_text": "Dassey\u2019s lawyers have said he has \u201csignificant intellectual and social limitations\u201d and was coerced into confessing in violation of his constitutional rights.", "sentence_label": "Distant_Evaluation"}, {"sentence_index": 5, "sentence_text": "Dassey and Avery were convicted of the murder in separate trials.", "sentence_label": "Distant_Historical"}, {"sentence_index": 6, "sentence_text": "Avery is now 55.", "sentence_label": "Cause_General"}, {"sentence_index": 7, "sentence_text": "Both men are in prison in Wisconsin.", "sentence_label": "Cause_General"}, {"sentence_index": 8, "sentence_text": "Dassey\u2019s attorney, Laura Nirider, said she would continue to fight to free her client.", "sentence_label": "Distant_Expectations_Consequences"}, {"sentence_index": 9, "sentence_text": "\u201cBrendan was a 16 year old with intellectual and social disabilities when he confessed to a crime he did not commit,\u201d she said in a statement.", "sentence_label": "Distant_Evaluation"}, {"sentence_index": 10, "sentence_text": "\u201cThe video of Brendan\u2019s interrogation shows a confused boy who was manipulated by experienced police officers into accepting their story of how the murder of Teresa Halbach happened.\u201d", "sentence_label": "Distant_Evaluation"}, {"sentence_index": 11, "sentence_text": "Wisconsin Attorney General Brad Schimel was pleased with Monday\u2019s decision.", "sentence_label": "Distant_Evaluation"}, {"sentence_index": 12, "sentence_text": "\u201cWe hope the family and friends of Ms. Halbach can find comfort in knowing this ordeal has finally come to a close,\u201d Schimel said in a statement.", "sentence_label": "Distant_Evaluation"}, {"sentence_index": 13, "sentence_text": "A 10-part Netflix documentary called into question the conduct of law enforcement officials in Manitowoc County, drawing attention to the case and the broader issue of the rights of criminal defendants.", "sentence_label": "Cause_General"}, {"sentence_index": 14, "sentence_text": "The victim\u2019s charred remains were found in an incineration pit at Avery\u2019s home and scrap yard about 80 miles (130 km) north of Milwaukee.", "sentence_label": "Distant_Historical"}, {"sentence_index": 15, "sentence_text": "Dassey and his uncle were convicted of the 2005 murder in separate trials.", "sentence_label": "Distant_Historical"}, {"sentence_index": 16, "sentence_text": "Both were given sentences of life in prison.", "sentence_label": "Distant_Historical"}, {"sentence_index": 17, "sentence_text": "A federal magistrate judge in 2016 found that the confession had been coerced.", "sentence_label": "Distant_Historical"}, {"sentence_index": 18, "sentence_text": "A three-judge panel of the Chicago-based 7th U.S.", "sentence_label": "Distant_Historical"}, {"sentence_index": 19, "sentence_text": "Circuit Court of Appeals initially upheld the judge\u2019s ruling, but in a rehearing requested by state prosecutors the 7th Circuit ruled against Dassey.", "sentence_label": "Distant_Historical"}, {"sentence_index": 20, "sentence_text": "Dassey\u2019s lawyers have said that during interrogation he frequently gave incorrect answers, suggesting he was not involved in the murder.", "sentence_label": "Distant_Evaluation"}, {"sentence_index": 21, "sentence_text": "They cited exchanges in which Dassey gave correct answers only when fed the answers by the police officers.", "sentence_label": "Distant_Evaluation"}, {"sentence_index": 22, "sentence_text": "The 7th Circuit concluded that Dassey had spoken to police voluntarily with his mother\u2019s permission, and provided investigators with \u201cdamning details\u201d about the killing in response to open-ended questions.", "sentence_label": "Distant_Historical"}]}