{"file_name": "./NewsDiscourseData/json_annotations/train/Crime/PReuters_88.json", "sentences": [{"sentence_index": "title", "sentence_text": "Maryland police were unaware of hostile tweets by murder suspect", "sentence_label": "title"}, {"sentence_index": 1, "sentence_text": "(This story contains language that some readers might find offensive)", "sentence_label": "NA"}, {"sentence_index": 2, "sentence_text": "Jarrod Ramos, suspected of killing five people at the offices of the Capital Gazette newspaper office in Annapolis, Maryland, U.S., June 28, 2018 is seen in this Anne Arundel Police Department booking photo provided June 29, 2018.", "sentence_label": "NA"}, {"sentence_index": 3, "sentence_text": "Anne Arundel Police/Handout via REUTERS", "sentence_label": "NA"}, {"sentence_index": 4, "sentence_text": "By Gina Cherelus and Tea Kvetenadze", "sentence_label": "NA"}, {"sentence_index": 5, "sentence_text": "(Reuters) - The man suspected of killing five people in a Maryland newsroom posted a barrage of hostile tweets over more than two years about the newspaper but law enforcement remained unaware of those posts until after the attack, the local police chief said on Friday.", "sentence_label": "Distant_Evaluation"}, {"sentence_index": 6, "sentence_text": "Police, however, had known that the suspect, Jarrod Ramos, had posted threatening comments on his web page about the newspaper, which he had unsuccessfully sued for defamation in 2012.", "sentence_label": "Distant_Historical"}, {"sentence_index": 7, "sentence_text": "\u201cWe were not aware of that history until last night.", "sentence_label": "Distant_Evaluation"}, {"sentence_index": 8, "sentence_text": "Should we have been?", "sentence_label": "Distant_Evaluation"}, {"sentence_index": 9, "sentence_text": "In a perfect world, sure, we should have been.", "sentence_label": "Distant_Evaluation"}, {"sentence_index": 10, "sentence_text": "We were not,\u201d Anne Arundel County Police Chief Timothy Altomare conceded about the tweets at a briefing the day after the shooting at the Annapolis office of the Capital Gazette news group.", "sentence_label": "Distant_Evaluation"}, {"sentence_index": 11, "sentence_text": "\u201cWe get a threat call a day.", "sentence_label": "Distant_Evaluation"}, {"sentence_index": 12, "sentence_text": "It is hard to keep up with them,\u201d Altomare said.", "sentence_label": "Distant_Evaluation"}, {"sentence_index": 13, "sentence_text": "Ramos had accused one of the Capital Gazette\u2019s newspapers, The Capital, of defamation for reporting on his guilty plea to a misdemeanor charge of harassing a female acquaintance online.", "sentence_label": "Distant_Historical"}, {"sentence_index": 14, "sentence_text": "After his suit was tossed out of court in 2013, Capital Gazette attorneys and officials alerted police about \u201cfrank comments\u201d online by Ramos directed at the newspaper and its journalists, Altomare told the briefing.", "sentence_label": "Distant_Historical"}, {"sentence_index": 15, "sentence_text": "But during a 2013 conference call between Capital Gazette attorneys and police investigators, lawyers said the company decided against pressing harassment charges against Ramos, the chief said.", "sentence_label": "Distant_Historical"}, {"sentence_index": 16, "sentence_text": "\u201cThere was a fear that doing so would exacerbate an already flammable situation,\u201d Altomare said.", "sentence_label": "Distant_Evaluation"}, {"sentence_index": 17, "sentence_text": "A representative from the Baltimore Sun Media Group, which owns the Capital Gazette, did not immediately respond to a request for comment.", "sentence_label": "Cause_General"}, {"sentence_index": 18, "sentence_text": "When asked why the department did not insist on pursuing criminal charges at the time, Altomare said it was the investigator\u2019s call and he would not question it in hindsight.", "sentence_label": "Distant_Evaluation"}, {"sentence_index": 19, "sentence_text": "\u201cIf it is felony, we push,\u201d Altomare said.", "sentence_label": "Distant_Evaluation"}, {"sentence_index": 20, "sentence_text": "\u201cIf it is a misdemeanor - a lot of misdemeanors go the way of not charging.", "sentence_label": "Distant_Evaluation"}, {"sentence_index": 21, "sentence_text": "I don\u2019t feel the department was negligent in any way.\u201d", "sentence_label": "Distant_Evaluation"}, {"sentence_index": 22, "sentence_text": "\u201cLEAVE ME ALONE\u201d", "sentence_label": "Distant_Evaluation"}, {"sentence_index": 23, "sentence_text": "Ramos began by at least 2014 to post regularly on a Twitter account about his legal battle against The Capital, using a handle that incorporated the name of the reporter who wrote the story that triggered the failed defamation lawsuit.", "sentence_label": "Distant_Historical"}, {"sentence_index": 24, "sentence_text": "The tweets on the account @EricHartleyFrnd referenced the battle against The Capital, its then-editor Thomas Marquardt and reporter Eric Hartley, who has since left the newspaper.", "sentence_label": "Distant_Historical"}, {"sentence_index": 25, "sentence_text": "\u201cYes, Eric Thomas Hartley, you moved to ... oh just go ahead and kill yourself already before I do (legally in court),\u201d read a tweet in 2014.", "sentence_label": "Distant_Historical"}, {"sentence_index": 26, "sentence_text": "The account abruptly went silent in January 2016.", "sentence_label": "Distant_Historical"}, {"sentence_index": 27, "sentence_text": "But on Thursday, before the newsroom shooting began, a new post appeared: \u201cFuck you, leave me alone @judgemoylanfrnd,\u201d a reference to Judge Charles Moylan, who upheld the dismissal of the defamation case in 2015.", "sentence_label": "Cause_General"}, {"sentence_index": 28, "sentence_text": "Ramos, 38, from Laurel, Maryland, faces five counts of first degree murder in Anne Arundel County criminal court.", "sentence_label": "Main"}, {"sentence_index": 29, "sentence_text": "Marquardt told the Baltimore Sun he was not surprised to hear Ramos identified as the gunman.", "sentence_label": "Distant_Evaluation"}, {"sentence_index": 30, "sentence_text": "\u201cI was seriously concerned he would threaten us with physical violence,\u201d Marquardt said.", "sentence_label": "Distant_Evaluation"}, {"sentence_index": 31, "sentence_text": "\u201cI even told my wife, \u2018We have to be concerned.", "sentence_label": "Distant_Evaluation"}, {"sentence_index": 32, "sentence_text": "This guy could really hurt us.\u2019\u201d", "sentence_label": "Distant_Evaluation"}]}