{"file_name": "./NewsDiscourseData/json_annotations/train/Crime/PReuters_85.json", "sentences": [{"sentence_index": "title", "sentence_text": "Third arrest made in killing of rapper XXXTentacion: officials", "sentence_label": "title"}, {"sentence_index": 1, "sentence_text": "FORT LAUDERDALE, Fla. (Reuters) - The third of four men indicted last week in the killing of up-and-coming rapper XXXTentacion was arrested in Georgia on Wednesday, officials said.", "sentence_label": "Main"}, {"sentence_index": 2, "sentence_text": "FILE PHOTO: Robert Allen, 22, a suspect in the shooting death of rapper XXXTentacion, whose real name is Jahseh Dwayne Onfroy, is seen in this Broward Sheriff's Office photo released in Fort Lauderdale, Florida, U.S., July 19, 2018.", "sentence_label": "NA"}, {"sentence_index": 3, "sentence_text": "Courtesy Broward Sheriff's Office/Handout via REUTERS/File Photo", "sentence_label": "NA"}, {"sentence_index": 4, "sentence_text": "Robert Allen, 22, of Fort Lauderdale, Florida, was being held on Thursday in southern Georgia awaiting transfer to Broward County, Florida, where the 20-year-old \u201cSad\u201d rapper was killed in an apparent robbery in broad daylight, the Broward sheriff\u2019s office said.", "sentence_label": "Cause_Specific"}, {"sentence_index": 5, "sentence_text": "Allen was one of four men indicted a week ago for the June 18 murder of XXXTentacion, who was born and raised as Jahseh Onfroy in Plantation, Florida.", "sentence_label": "Cause_Specific"}, {"sentence_index": 6, "sentence_text": "Allen was arrested by U.S. marshals without incident at a relative\u2019s house where he had been staying, said Deputy U.S.", "sentence_label": "Main"}, {"sentence_index": 7, "sentence_text": "Marshal John Edgar, supervisor of the marshals task force out of Macon and Savannah, Georgia.", "sentence_label": "Main"}, {"sentence_index": 8, "sentence_text": "A fourth man, Trayvon Newsome, 20, was still at large on Thursday and two others, Dedrick Williams and Michael Boatwright, both 22, were already in custody on charges of first-degree murder with a firearm and armed robbery with a firearm.", "sentence_label": "Cause_General"}, {"sentence_index": 9, "sentence_text": "XXXTentacion was killed as he left a business in Deerfield Beach, about 40 miles north of Miami.", "sentence_label": "Cause_Specific"}, {"sentence_index": 10, "sentence_text": "XXXTentacion\u2019s hit \u201cSad,\u201d rose to No.", "sentence_label": "Cause_General"}, {"sentence_index": 11, "sentence_text": "1 on the Billboard Hot 100 charts following his death.", "sentence_label": "Cause_General"}, {"sentence_index": 12, "sentence_text": "It was the first time a solo artist in a lead role reached the top spot posthumously since Notorious B.I.G.\u2019s \u201cMo Money Mo Problems\u201d in 1997, Billboard reported.", "sentence_label": "Cause_General"}, {"sentence_index": 13, "sentence_text": "Attorneys for Boatwright and Williams could not be reached on Thursday.", "sentence_label": "Cause_General"}, {"sentence_index": 14, "sentence_text": "Boatwright and Newsome were armed when they confronted the rapper in an apparent robbery, Broward sheriff\u2019s officials said.", "sentence_label": "Cause_Specific"}, {"sentence_index": 15, "sentence_text": "The 20-year-old rapper was taken to a local hospital where he was pronounced dead, according to officials.", "sentence_label": "Cause_Specific"}, {"sentence_index": 16, "sentence_text": "XXXTentacion released his first album in August 2017.", "sentence_label": "Distant_Historical"}, {"sentence_index": 17, "sentence_text": "His second album \u201c?\u201d debuted at No.", "sentence_label": "Distant_Historical"}, {"sentence_index": 18, "sentence_text": "1 on the Billboard 200 album chart when it was released in March.", "sentence_label": "Distant_Historical"}]}