{"file_name": "./NewsDiscourseData/json_annotations/train/Crime/PReuters_63.json", "sentences": [{"sentence_index": "title", "sentence_text": "Britain charges two Russians for state-backed plot to kill Skripals", "sentence_label": "title"}, {"sentence_index": 1, "sentence_text": "LONDON (Reuters) - Britain charged two Russians in absentia on Wednesday with the attempted murder of a former Russian spy and his daughter, and said the suspects were military intelligence officers almost certainly acting on orders from high up in the Russian state.", "sentence_label": "Main"}, {"sentence_index": 2, "sentence_text": "British police revealed images of the two men they said had flown to Britain for a weekend in March to kill former spy Sergei Skripal with Novichok, a military-grade nerve agent.", "sentence_label": "Cause_Specific"}, {"sentence_index": 3, "sentence_text": "Skripal\u2019s daughter Yulia and a police officer who attended the scene also fell ill in the case, which has caused the biggest East-West diplomatic expulsions since the Cold War.", "sentence_label": "Cause_General"}, {"sentence_index": 4, "sentence_text": "A woman later died from Novichok poisoning after her partner found a counterfeit perfume bottle which police believe had been used to smuggle the nerve agent into Britain.", "sentence_label": "Cause_General"}, {"sentence_index": 5, "sentence_text": "British authorities identified the suspects as Russian nationals traveling on genuine passports under the aliases Alexander Petrov and Ruslan Boshirov.", "sentence_label": "Cause_General"}, {"sentence_index": 6, "sentence_text": "Prime Minister Theresa May told parliament the government had concluded they were officers in Russia\u2019s military intelligence service, the GRU.", "sentence_label": "Cause_Specific"}, {"sentence_index": 7, "sentence_text": "\u201cThe GRU is a highly disciplined organization with a well-established chain of command, so this was not a rogue operation,\u201d May said.", "sentence_label": "Distant_Evaluation"}, {"sentence_index": 8, "sentence_text": "\u201cIt was almost certainly also approved outside the GRU at a senior level of the Russian state.\u201d", "sentence_label": "Distant_Evaluation"}, {"sentence_index": 9, "sentence_text": "Skripal, himself a former GRU officer who betrayed dozens of agents to Britain\u2019s MI6 foreign spy service, was found unconscious with Yulia on a public bench in the southern English city of Salisbury on March 4.", "sentence_label": "Cause_Specific"}, {"sentence_index": 10, "sentence_text": "Police released security camera images of the two suspects and outlined a three-day mission that took them from Moscow to London to Salisbury, where they sprayed poison on Skripal\u2019s door before flying back to Moscow hours later.", "sentence_label": "Cause_Specific"}, {"sentence_index": 11, "sentence_text": "The Russian charge d\u2019affaires in London was summoned to the Foreign Office to be told Britain wanted those responsible to be brought to justice.", "sentence_label": "Cause_General"}, {"sentence_index": 12, "sentence_text": "However Moscow, which has repeatedly denied any involvement in the attack, said the names meant nothing.", "sentence_label": "Distant_Evaluation"}, {"sentence_index": 13, "sentence_text": "\u201cWe have heard or seen two names, these names mean nothing to me personally,\u201d Kremlin aide Yuri Ushakov told reporters in Moscow.", "sentence_label": "Distant_Evaluation"}, {"sentence_index": 14, "sentence_text": "\u201cI don\u2019t understand why this was done and what sort of signal the British side is sending.\u201d", "sentence_label": "Distant_Evaluation"}, {"sentence_index": 15, "sentence_text": "Britain and dozens of other countries have kicked out scores of Russian diplomats over the incident, and Moscow has responded tit-for-tat with an identical number of expulsions.", "sentence_label": "Cause_General"}, {"sentence_index": 16, "sentence_text": "The affair has worsened Russian relations with the West, already under strain over Ukraine, Syria and other issues.", "sentence_label": "Distant_Evaluation"}, {"sentence_index": 17, "sentence_text": "May\u2019s spokesman said May had briefed U.S. President Donald Trump on Tuesday evening.", "sentence_label": "Cause_General"}, {"sentence_index": 18, "sentence_text": "U.S.", "sentence_label": "Distant_Evaluation"}, {"sentence_index": 19, "sentence_text": "Ambassador to Britain Woody Johnson said on Twitter the United States stood with Britain in holding Russia accountable for its \u201cact of aggression\u201d.", "sentence_label": "Distant_Evaluation"}, {"sentence_index": 20, "sentence_text": "Britain will update the U.N. Security Council at a meeting on Thursday.", "sentence_label": "Cause_General"}, {"sentence_index": 21, "sentence_text": "Alexander Petrov and Ruslan Boshirov, who were formally accused of attempting to murder former Russian intelligence officer Sergei Skripal and his daughter Yulia in Salisbury, are seen in an image handed out by the Metropolitan Police in London, Britain September 5, 2018.", "sentence_label": "NA"}, {"sentence_index": 22, "sentence_text": "Metroplitan Police handout via REUTERS", "sentence_label": "NA"}, {"sentence_index": 23, "sentence_text": "\u201cREMARKABLY SOPHISTICATED\u201d", "sentence_label": "Distant_Evaluation"}, {"sentence_index": 24, "sentence_text": "The \u201cremarkably sophisticated\u201d attack appeared to be a clear assassination attempt, said Neil Basu, head of UK counter terrorism policing.", "sentence_label": "Distant_Evaluation"}, {"sentence_index": 25, "sentence_text": "He described an investigation which involved 250 detectives and analysis of some 11,000 hours of video.", "sentence_label": "Cause_Specific"}, {"sentence_index": 26, "sentence_text": "According to police, the suspects, both around 40 years old, flew to London from Moscow on March 2.", "sentence_label": "Cause_Specific"}, {"sentence_index": 27, "sentence_text": "They spent two nights in an east London hotel, making two day trips to Salisbury, the first for reconnaissance, the second to kill Skripal.", "sentence_label": "Cause_Specific"}, {"sentence_index": 28, "sentence_text": "They flew out on March 4, hours after the Skripals were found unconscious.", "sentence_label": "Cause_Specific"}, {"sentence_index": 29, "sentence_text": "Security cameras filmed the suspects near Skripal\u2019s house, and traces of Novichok were found in their London hotel room.", "sentence_label": "Cause_Specific"}, {"sentence_index": 30, "sentence_text": "The Russians were charged with conspiracy to murder Sergei Skripal and with the attempted murder of Skripal, his daughter and police officer Nick Bailey.", "sentence_label": "Main"}, {"sentence_index": 31, "sentence_text": "They are also charged with illegal use and possession of a chemical weapon.", "sentence_label": "Main"}, {"sentence_index": 32, "sentence_text": "A European arrest warrant has been issued for them, but prosecutors said Britain would not ask Moscow to extradite Russian citizens because Russia\u2019s constitution forbids it.", "sentence_label": "Distant_Evaluation"}, {"sentence_index": 33, "sentence_text": "Basu said the Skripals were making a good recovery.", "sentence_label": "Distant_Evaluation"}, {"sentence_index": 34, "sentence_text": "A woman near Salisbury, Dawn Sturgess, died in July and her partner Charlie Rowley fell ill after Rowley found a counterfeit bottle of Nina Ricci perfume in a charity collection box and brought it home.", "sentence_label": "Cause_General"}, {"sentence_index": 35, "sentence_text": "It contained Novichok.", "sentence_label": "Cause_General"}, {"sentence_index": 36, "sentence_text": "Basu said police had no doubt the events were linked, and were discussing charges over the Sturgess and Rowley case with prosecutors.", "sentence_label": "Distant_Evaluation"}, {"sentence_index": 37, "sentence_text": "Slideshow (14 Images)", "sentence_label": "NA"}, {"sentence_index": 38, "sentence_text": "The Skripal case has been likened by British politicians to the murder of Russian dissident ex-spy Alexander Litvinenko, who was poisoned with a rare radioactive isotope in a London hotel in 2006.", "sentence_label": "Distant_Historical"}, {"sentence_index": 39, "sentence_text": "Britain charged two Russians with his murder but both remain in Russia, and one later won a seat in parliament.", "sentence_label": "Distant_Historical"}, {"sentence_index": 40, "sentence_text": "May said the Litvinenko case showed there was no point to demanding the Skripal suspects\u2019 extradition.", "sentence_label": "Distant_Evaluation"}, {"sentence_index": 41, "sentence_text": "\u201cBut should either of these individuals ever again travel outside Russia, we will take every possible step to detain them, to extradite them and to bring them to face justice here in the United Kingdom.\u201d", "sentence_label": "Distant_Expectations_Consequences"}]}