{"file_name": "./NewsDiscourseData/json_annotations/train/Crime/PReuters_81.json", "sentences": [{"sentence_index": "title", "sentence_text": "EU to check on money laundering moves in Malta, journalist's murder", "sentence_label": "title"}, {"sentence_index": 1, "sentence_text": "BRUSSELS (Reuters) - The European Union\u2019s justice commissioner said on Monday she will visit Malta in the coming weeks to look at its anti-money laundering moves and check on how an investigation is going into the murder of an investigative journalist.", "sentence_label": "Main"}, {"sentence_index": 2, "sentence_text": "European Commission Vice-President Frans Timmermans (not pictured) and European Commissioner Vera Jourova hold a news conference on the European Commission proposal concerning the protection of whistleblowers, in Brussels, Belgium, April 23, 2018.", "sentence_label": "NA"}, {"sentence_index": 3, "sentence_text": "REUTERS/Eric Vidal", "sentence_label": "NA"}, {"sentence_index": 4, "sentence_text": "Her visit will increase pressure on the EU member after the European Parliament expressed \u201cserious concerns\u201d about police independence and international money-laundering on the island in a resolution adopted last year..", "sentence_label": "Distant_Expectations_Consequences"}, {"sentence_index": 5, "sentence_text": "The resolution was adopted after Maltese journalist Daphne Caruana Galizia, an anti-corruption campaigner, was killed in October by a car bomb.", "sentence_label": "Distant_Historical"}, {"sentence_index": 6, "sentence_text": "(reut.rs/2EYpxlB)", "sentence_label": "NA"}, {"sentence_index": 7, "sentence_text": "Commissioner Vera Jourova said she planned to go to Malta by June to discuss \u201cseveral\u201d open issues with the authorities.", "sentence_label": "Main"}, {"sentence_index": 8, "sentence_text": "Her decision came as a group of local and international media groups, including Reuters, began following up stories covered by Caruana Galizia, in an initiative called the Daphne Project.", "sentence_label": "Cause_Specific"}, {"sentence_index": 9, "sentence_text": "Malta, together with other EU states, faces a sanction procedure for its delay in adopting new EU rules against money laundering.", "sentence_label": "Cause_General"}, {"sentence_index": 10, "sentence_text": "Jourova said she wanted to address this issue in her forthcoming visit and also the strengthening of the Maltese agency to tackle money laundering, the Financial Intelligence Analysis Unit.", "sentence_label": "Main"}, {"sentence_index": 11, "sentence_text": "\u201cI of course want to inquiry about the state of play in the investigation on the murder of Madame Galizia,\u201d Jourova told a new conference in Brussels.", "sentence_label": "Distant_Evaluation"}, {"sentence_index": 12, "sentence_text": "Three people have been so far charged for the execution of the murder but police have not yet identified who ordered the killing.", "sentence_label": "Cause_General"}, {"sentence_index": 13, "sentence_text": "\u201cThis investigation is not just about bringing to justice the people who have actually made the bomb, and made the explosion that killed Daphne.", "sentence_label": "Distant_Evaluation"}, {"sentence_index": 14, "sentence_text": "This is also about uncovering who gave the order to do that,\u201d the commission\u2019s vice president Frans Timmermans said, speaking at the same news conference with Jourova.", "sentence_label": "Distant_Evaluation"}, {"sentence_index": 15, "sentence_text": "\u201cWe will keep pushing the Maltese authorities,\u201d he said.", "sentence_label": "Distant_Expectations_Consequences"}, {"sentence_index": 16, "sentence_text": "Jourova also said she will discuss Malta\u2019s program to sell citizenship to wealthy individuals.", "sentence_label": "Main"}, {"sentence_index": 17, "sentence_text": "Timmermans insisted that EU passports can be sold only to individuals who have a clear, \u201cdemonstrable\u201d link to an European Union country.", "sentence_label": "Cause_General"}, {"sentence_index": 18, "sentence_text": "\u201cThis is a question that, I think, can be raised with the Maltese authorities when discussing the passport scheme,\u201d he said.", "sentence_label": "Distant_Evaluation"}, {"sentence_index": 19, "sentence_text": "The Commission forced Malta in 2014 to amend its scheme so that only people who had effectively resided on the island for at least 12 months could obtain citizenship, but the country has since allowed foreigners to buy passports with laxer requirements, the Daphne Project consortium found.", "sentence_label": "Distant_Historical"}]}