{"file_name": "./NewsDiscourseData/json_annotations/train/Crime/PReuters_87.json", "sentences": [{"sentence_index": "title", "sentence_text": "UK treating death of Russian businessman Glushkov as murder: police", "sentence_label": "title"}, {"sentence_index": 1, "sentence_text": "LONDON (Reuters) - British police said on Friday they had launched a murder investigation following the death this week of a Russian associate of late tycoon Boris Berezovsky.", "sentence_label": "Main"}, {"sentence_index": 2, "sentence_text": "FILE PHOTO: Police stand on duty outside the home of Nikolai Glushkov in New Malden, on the outskirts of London Britain, March 14, 2018.", "sentence_label": "NA"}, {"sentence_index": 3, "sentence_text": "REUTERS/Peter Nicholls", "sentence_label": "NA"}, {"sentence_index": 4, "sentence_text": "\u201cA murder investigation has been launched following the results of a post mortem into the death of 68-year-old Russian businessman Nikolai Glushkov,\u201d London\u2019s Metropolitan Police said, adding the cause of death was \u201ccompression to the neck\u201d.", "sentence_label": "Main"}, {"sentence_index": 5, "sentence_text": "The police said in a statement that at this stage there was nothing to suggest a link to the attempted murders of former Russian spy Sergei Skripal and his daughter on March 4 or that poison was involved.", "sentence_label": "Distant_Evaluation"}, {"sentence_index": 6, "sentence_text": "Earlier on Friday Russia\u2019s Investigative Committee said it had opened a criminal investigation into both the attempted murder of Yulia Skripal and what it said was the murder of Glushkov.", "sentence_label": "Cause_General"}, {"sentence_index": 7, "sentence_text": "It also said it was ready to cooperate with British authorities on the two cases.", "sentence_label": "Distant_Expectations_Consequences"}, {"sentence_index": 8, "sentence_text": "British Foreign Secretary Boris Johnson said on Friday it was \u201coverwhelmingly likely\u201d that Russian President Vladimir Putin himself had made the decision to use a military-grade nerve toxin to strike down Sergei Skripal.", "sentence_label": "Distant_Evaluation"}, {"sentence_index": 9, "sentence_text": "Russia has denied any involvement and has accused Britain of whipping up Russophobia", "sentence_label": "Distant_Evaluation"}, {"sentence_index": 10, "sentence_text": "London police said specialist counter-terrorism officers continued to lead the investigation into Glushkov\u2019s death as a precaution due to the associations he was believed to have had.", "sentence_label": "Distant_Evaluation"}, {"sentence_index": 11, "sentence_text": "\u201cGODFATHER OF THE KREMLIN\u201d", "sentence_label": "Distant_Evaluation"}, {"sentence_index": 12, "sentence_text": "British interior minister Amber Rudd instructed police and intelligence services earlier this week to look at 14 deaths over recent years which were not originally treated as suspicious by police but where media allegations of Russian state involvement had been made.", "sentence_label": "Cause_General"}, {"sentence_index": 13, "sentence_text": "Glushkov had worked for Russian airline Aeroflot and at Berezovksy\u2019s LogoVAZ car company.", "sentence_label": "Cause_General"}, {"sentence_index": 14, "sentence_text": "Berezovsky was found dead in March 2013 with a scarf tied around his neck in the bathroom of a luxury mansion west of London.", "sentence_label": "Distant_Historical"}, {"sentence_index": 15, "sentence_text": "The 67-year-old tycoon had been one of Russia\u2019s most powerful figures in the years after the collapse of the Soviet Union.", "sentence_label": "Distant_Historical"}, {"sentence_index": 16, "sentence_text": "Berezovsky was known as the \u201cgodfather of the Kremlin\u201d before fleeing to London after a row with Putin in 2000, the year the former KGB officer became Russia\u2019s president.", "sentence_label": "Distant_Historical"}, {"sentence_index": 17, "sentence_text": "Britain granted Berezovsky political asylum three years later on the grounds that his life would be in danger if he went back home.", "sentence_label": "Distant_Historical"}, {"sentence_index": 18, "sentence_text": "His family feared he might have been murdered by enemies in Russia, but British police and forensic experts concluded that Berezovsky had committed suicide.", "sentence_label": "Distant_Historical"}, {"sentence_index": 19, "sentence_text": "A British judge in 2014 reached an open verdict on Berezovsky\u2019s death, saying he could not be sure if the Russian killed himself at his former wife\u2019s British home or was the victim of foul play.", "sentence_label": "Distant_Historical"}]}