{"file_name": "./NewsDiscourseData/json_annotations/train/Crime/PReuters_97.json", "sentences": [{"sentence_index": "title", "sentence_text": "Canadian police charge suspected serial killer with sixth murder", "sentence_label": "title"}, {"sentence_index": 1, "sentence_text": "FILE PHOTO: Accused killer, Bruce McArthur, a 66-year-old freelance landscaper appears in a photo posted on his social media account.", "sentence_label": "NA"}, {"sentence_index": 2, "sentence_text": "Facebook/Handout via REUTERS/File Photo", "sentence_label": "NA"}, {"sentence_index": 3, "sentence_text": "TORONTO (Reuters) - Toronto police said on Friday that they have charged Bruce McArthur with a sixth murder, expanding the number of deaths blamed on the 66-year-old landscaper in a case that has shaken the city\u2019s gay community.", "sentence_label": "Main"}, {"sentence_index": 4, "sentence_text": "Authorities have charged McArthur with the murder of Skandaraj Navaratnam, a 40-year-old man who went missing in 2010 from a neighborhood in downtown Toronto that is known as the city\u2019s gay village, according to Toronto detective Hank Idsinga.", "sentence_label": "Main"}, {"sentence_index": 5, "sentence_text": "McArthur, who was arrested in January, has not filed a plea on any of the charges.", "sentence_label": "Cause_General"}, {"sentence_index": 6, "sentence_text": "His lawyer Calvin Rosemond declined to comment when reached by phone on Friday.", "sentence_label": "Cause_General"}, {"sentence_index": 7, "sentence_text": "Toronto police have been criticized by some in the gay community for taking years to solve disappearances dating back to at least 2010.", "sentence_label": "Distant_Evaluation"}, {"sentence_index": 8, "sentence_text": "Navaratnam\u2019s remains were among those found in large planters at a north Toronto home where McArthur did landscaping work, Idsinga said at a press conference.", "sentence_label": "Cause_Specific"}, {"sentence_index": 9, "sentence_text": "Police have yet to identify three other individuals whose remains were found in the planters, Idsinga said.", "sentence_label": "Cause_General"}, {"sentence_index": 10, "sentence_text": "McArthur has also been charged with killing five other men: Selim Esen, Andrew Kinsman, Majeed Kayhan, Soroush Marmudi and Dean Lisowick.", "sentence_label": "Cause_General"}, {"sentence_index": 11, "sentence_text": "Police have said they will continue to search for evidence of more killings as they believe there are more victims.", "sentence_label": "Distant_Expectations_Consequences"}, {"sentence_index": 12, "sentence_text": "When the ground warms up, authorities intend to use police dogs to search for more evidence on the grounds of the home where the remains have been found, Idsinga said.", "sentence_label": "Distant_Expectations_Consequences"}]}