{"file_name": "./NewsDiscourseData/json_annotations/train/Crime/PReuters_62.json", "sentences": [{"sentence_index": "title", "sentence_text": "Danish inventor gets life for gory murder of journalist on his submarine", "sentence_label": "title"}, {"sentence_index": 1, "sentence_text": "COPENHAGEN (Reuters) - Danish inventor Peter Madsen was sentenced to life in prison on Wednesday for murdering, sexually mutilating and dismembering a Swedish female journalist with premeditation aboard his home-made submarine in Copenhagen harbor in 2017.", "sentence_label": "Main"}, {"sentence_index": 2, "sentence_text": "Madsen, dressed entirely in black, sat motionless as the Copenhagen City Court handed down its verdict in a grisly case straight from the pages of a dark Scandinavian psycho-thriller.", "sentence_label": "Cause_General"}, {"sentence_index": 3, "sentence_text": "Already well known in Denmark for his submarines and his plan to send a human into space in a home-made rocket, Madsen was detained last August when he emerged from his submarine without Wall, a 30-year-old who was researching a piece on him.", "sentence_label": "Distant_Historical"}, {"sentence_index": 4, "sentence_text": "Later that month, police identified a torso washed ashore in Copenhagen as Wall\u2019s.", "sentence_label": "Distant_Historical"}, {"sentence_index": 5, "sentence_text": "Her arms, legs and head were found later.", "sentence_label": "Distant_Historical"}, {"sentence_index": 6, "sentence_text": "Madsen changed his version of events several times, finally arguing that Wall had been suffocated by an accidental gas leak.", "sentence_label": "Cause_General"}, {"sentence_index": 7, "sentence_text": "But forensic tests found that she had either been strangled or had her throat cut - and that around the time of her death, Madsen had stabbed her in her breasts and genitals with a knife or screwdriver.", "sentence_label": "Distant_Historical"}, {"sentence_index": 8, "sentence_text": "Judge Anette Burkoe said the panel of judges had been unanimous in finding him guilty of a murder that had been planned.", "sentence_label": "Cause_Specific"}, {"sentence_index": 9, "sentence_text": "During the trial, a police prosecutor said images of women being strangled and decapitated, \u201cwhich we presumed to be real\u201d, had been found on Madsen\u2019s computer in a laboratory he ran.", "sentence_label": "Distant_Evaluation"}, {"sentence_index": 10, "sentence_text": "Wall was a freelance journalist whose work had appeared in Harper\u2019s Magazine, Time, the New York Times, the Atlantic Magazine, the Guardian, Foreign Policy and the South China Morning Post.", "sentence_label": "Distant_Historical"}, {"sentence_index": 11, "sentence_text": "A courtroom sketch shows Peter Madsen during the trial regarding the killing of Swedish journalist Kim Wall, in Copenhagen, Denmark on April 25, 2018.", "sentence_label": "NA"}, {"sentence_index": 12, "sentence_text": "Ritzau Scanpix/Anne Gyrite Schutt/via REUTERS", "sentence_label": "NA"}, {"sentence_index": 13, "sentence_text": "She held degrees from New York\u2019s Columbia University and the London School of Economics and had written about topics ranging from gender and social justice to pop culture and foreign policy, according to her LinkedIn profile.", "sentence_label": "Distant_Historical"}, {"sentence_index": 14, "sentence_text": "\u201cHE BROUGHT COFFEE AND COOKIES\u201d", "sentence_label": "Distant_Historical"}, {"sentence_index": 15, "sentence_text": "Wall had been writing an article for the U.S. magazine Wired on Madsen\u2019s race against another Danish group to be the first to send a person into space in a home-made rocket, her boyfriend told the court during the trial.", "sentence_label": "Distant_Historical"}, {"sentence_index": 16, "sentence_text": "Wall had split her time between New York and Beijing, and was planning to move to China with her boyfriend less than a week after the fatal trip.", "sentence_label": "Distant_Historical"}, {"sentence_index": 17, "sentence_text": "Poignantly, she sent him unsuspecting text messages on the evening she was meeting Madsen, reading: \u201cI\u2019m still alive btw\u201d, \u201cBut going down now\u201d, \u201cI love you!!", "sentence_label": "Distant_Historical"}, {"sentence_index": 18, "sentence_text": "!\u201d, \u201cHe brought coffee and cookies too\u201d.", "sentence_label": "Distant_Historical"}, {"sentence_index": 19, "sentence_text": "Wall\u2019s closest relatives were not present in court; her mother had previously said: \u201cShe gave a voice to the weak, the vulnerable and marginalized people.", "sentence_label": "Distant_Evaluation"}, {"sentence_index": 20, "sentence_text": "That voice would have been needed for a long, long time.", "sentence_label": "Distant_Evaluation"}, {"sentence_index": 21, "sentence_text": "Now, that won\u2019t be.\u201d", "sentence_label": "Distant_Evaluation"}, {"sentence_index": 22, "sentence_text": "Madsen, 47, admitted to dismembering the body and throwing it off his 17-metre (56-ft) submarine, but denied murder.", "sentence_label": "Cause_General"}, {"sentence_index": 23, "sentence_text": "But the court found that he had dismembered the body to conceal the evidence of the killing.", "sentence_label": "Cause_General"}, {"sentence_index": 24, "sentence_text": "He was also found to have committed \u201csexual assault without intercourse\u201d in relation to the 14 interior and exterior stab wounds found on Wall\u2019s genitals.", "sentence_label": "Distant_Historical"}, {"sentence_index": 25, "sentence_text": "Forensic tests did not support Madsen\u2019s claim that Wall had suffocated, and the judge said the explanation was not credible and \u201cnot consistent with the subsequent decision to dismember the body\u201d.", "sentence_label": "Distant_Evaluation"}, {"sentence_index": 26, "sentence_text": "Slideshow (7 Images)", "sentence_label": "NA"}, {"sentence_index": 27, "sentence_text": "A life sentence in Denmark is typically around 15 years without parole.", "sentence_label": "Cause_General"}, {"sentence_index": 28, "sentence_text": "The longest-serving convict in modern Danish history is set to begin his 34th year behind bars this year after the murder of two young adults in 1985.", "sentence_label": "Cause_General"}, {"sentence_index": 29, "sentence_text": "Madsen will appeal against the sentence, his lawyer told the court.", "sentence_label": "Distant_Expectations_Consequences"}, {"sentence_index": 30, "sentence_text": "A memorial fund set up in Kim Wall\u2019s name by her parents, brother and friends has received donations from over a thousand individuals.", "sentence_label": "Cause_General"}]}