{"file_name": "./NewsDiscourseData/json_annotations/train/Crime/PReuters_9.json", "sentences": [{"sentence_index": "title", "sentence_text": "EU calls for fast inquiry into killing of Bulgarian journalist", "sentence_label": "title"}, {"sentence_index": 1, "sentence_text": "RUSE, Bulgaria (Reuters) - The European Commission urged Bulgaria on Monday to conduct a rapid investigation into the killing of journalist Viktoria Marinova as hundreds of mourners held vigils in her hometown and cities throughout the Balkan country.", "sentence_label": "Main"}, {"sentence_index": 2, "sentence_text": "Bulgarian TV journalist Viktoria Marinova.", "sentence_label": "NA"}, {"sentence_index": 3, "sentence_text": "TVN.bg/via Reuters", "sentence_label": "NA"}, {"sentence_index": 4, "sentence_text": "Prosecutors said the 30-year-old had been raped, beaten and suffocated.", "sentence_label": "Cause_Specific"}, {"sentence_index": 5, "sentence_text": "Marinova\u2019s body was found in a park near the Danube river in Ruse on Saturday.", "sentence_label": "Cause_Specific"}, {"sentence_index": 6, "sentence_text": "\u201cThere is no democracy without a free press ... We expect a swift and thorough investigation to bring those responsible to justice,\u201d the European Commission, the European Union\u2019s executive said in a tweet.", "sentence_label": "Distant_Expectations_Consequences"}, {"sentence_index": 7, "sentence_text": "Bulgaria ranked 111 out of 180 countries in the Reporters Without Borders world press freedom index this year, lower than any other EU member.", "sentence_label": "Cause_General"}, {"sentence_index": 8, "sentence_text": "While there has been no link established to her work so far, the killing has angered and upset many in a country where people are frustrated with rampant corruption and an inefficient and graft-prone judiciary, for which Sofia has been repeatedly rapped by the European Commission.", "sentence_label": "Cause_General"}, {"sentence_index": 9, "sentence_text": "On her last aired TV show, on Sept. 30, Marinova introduced two journalists who were investigating alleged corruption involving EU funds.", "sentence_label": "Cause_General"}, {"sentence_index": 10, "sentence_text": "She said the regional current affairs show, \u201cDetector\u201d, would do similar investigations.", "sentence_label": "Distant_Evaluation"}, {"sentence_index": 11, "sentence_text": "Chief Prosecutor Sotir Tsatsarov said a bank transfer of 14 million euros ($16.06 million) had been frozen as part of a pre-trial investigation into issues raised by the investigative journalists on the show but declined to give further details.", "sentence_label": "Cause_General"}, {"sentence_index": 12, "sentence_text": "\u201cThere is no way that I can believe that this killing is random, after it happened just few days after the show that featured such massive misuse of funds.", "sentence_label": "Distant_Evaluation"}, {"sentence_index": 13, "sentence_text": "I am glad so many people are here,\u201d said Stoyka Panagonova, a mother of three, at the vigil in Ruse.", "sentence_label": "Distant_Evaluation"}, {"sentence_index": 14, "sentence_text": "The European anti-fraud office OLAF declined to comment on the killing.", "sentence_label": "Cause_General"}, {"sentence_index": 15, "sentence_text": "But its press office said it was \u201caware of allegations concerning possible misuse of EU funds in Bulgaria that have been brought to light by journalists in recent weeks\u201d.", "sentence_label": "Distant_Evaluation"}, {"sentence_index": 16, "sentence_text": "Marinova\u2019s appearance on \u201cDetector\u201d was the first time she had anchored the show on Ruse-based TV station TVN - a popular channel in northeastern Bulgaria.", "sentence_label": "Cause_General"}, {"sentence_index": 17, "sentence_text": "Previously, she was best known for presenting a regional lifestyle show and was not a household name nationally.", "sentence_label": "Cause_General"}, {"sentence_index": 18, "sentence_text": "CANDLES LIT", "sentence_label": "Cause_General"}, {"sentence_index": 19, "sentence_text": "Interior Minister Mladen Marinov has said that there was no evidence to suggest a link to Marinova\u2019s work as journalist so far - something echoed by police and prosecutors.", "sentence_label": "Distant_Evaluation"}, {"sentence_index": 20, "sentence_text": "\u201cWe are working on all possible motives and we do not exclude any,\u201d Marinov told reporters on Monday in Ruse, Bulgaria\u2019s main Danube river port city.", "sentence_label": "Distant_Evaluation"}, {"sentence_index": 21, "sentence_text": "He said no match had been found so far for DNA collected from the crime scene, which was close to a psychiatric clinic.", "sentence_label": "Cause_General"}, {"sentence_index": 22, "sentence_text": "Police and prosecutors said they were working on three possible motives - whether Marinova was a victim of a random attack by a person with a mental disorder, a planned attack or whether the crime was linked to her personal life.", "sentence_label": "Distant_Evaluation"}, {"sentence_index": 23, "sentence_text": "Marinova would be the third journalist murdered in the European Union over the past 12 months.", "sentence_label": "Cause_General"}, {"sentence_index": 24, "sentence_text": "Daphne Caruana Galizia, Malta\u2019s best-known investigative reporter, was killed when a bomb blew up her car in October last year and Slovak journalist Jan Kuciak was shot dead in February.", "sentence_label": "Distant_Historical"}, {"sentence_index": 25, "sentence_text": "Hundreds of people flocked to Ruse\u2019s main square to put flowers in front of a picture of Marinova, with some in the crowds urging the authorities not to play down the possibility her work was a reason for the killing.", "sentence_label": "Cause_General"}, {"sentence_index": 26, "sentence_text": "Slideshow (3 Images)", "sentence_label": "NA"}, {"sentence_index": 27, "sentence_text": "\u201cI strongly hope that the truth will soon be uncovered, her perpetrator or perpetrators found and justly punished,\u201d Teodora Shopova said after lighting a candle at the vigil.", "sentence_label": "Distant_Anecdotal"}, {"sentence_index": 28, "sentence_text": "Vigils for Marinova, mother of a seven-year-old daughter, were also held in downtown Sofia as well as several other cities, with many demanding justice and an independent, even international, investigation.", "sentence_label": "Cause_General"}, {"sentence_index": 29, "sentence_text": "The TVN channel expressed shock over the killing of its colleague and board member, but declined to comment further.", "sentence_label": "Distant_Evaluation"}]}