{"file_name": "./NewsDiscourseData/json_annotations/train/Crime/PReuters_84.json", "sentences": [{"sentence_index": "title", "sentence_text": "Magistrate refuses bail to men accused of Malta journalist's murder", "sentence_label": "title"}, {"sentence_index": 1, "sentence_text": "FILE PHOTO: Matthew Caruana Galizia, son of assassinated investigative journalist Daphne Caruana Galizia, and her mother Rose Vella attend a vigil and demonstration marking eight months since her murder in a car bomb, in Valletta, Malta June 16, 2018.", "sentence_label": "NA"}, {"sentence_index": 2, "sentence_text": "REUTERS/Darrin Zammit Lupi/File Photo", "sentence_label": "NA"}, {"sentence_index": 3, "sentence_text": "VALLETTA (Reuters) - A Maltese magistrate on Wednesday refused bail to three men accused of murdering Maltese anti-corruption journalist Daphne Caruana Galizia last year, saying they could flee and their release would upset the public.", "sentence_label": "Main"}, {"sentence_index": 4, "sentence_text": "\u201cThe way the murder was committed was very disturbing and bore a close resemblance to a mafia execution.", "sentence_label": "Distant_Evaluation"}, {"sentence_index": 5, "sentence_text": "Therefore the court feels it should protect society from the disturbance which granting bail would create,\u201d Magistrate Claire Stafrace Zammit said in her decreed denying bail.", "sentence_label": "Distant_Evaluation"}, {"sentence_index": 6, "sentence_text": "\u201cThe victim was not an ordinary individual, she was a journalist, and therefore her murder can be interpreted as an attack on freedom of expression, which is one of the pillars of our society,\u201d she said.", "sentence_label": "Distant_Evaluation"}, {"sentence_index": 7, "sentence_text": "Alfred Degiorgio, his brother George Degiorgio, and Vince Muscat were arrested at the end of last year and accused of the October 2017 car-bomb assassination, though police have said they suspect the murder was ordered by someone else.", "sentence_label": "Distant_Historical"}, {"sentence_index": 8, "sentence_text": "In pre-trial hearings, prosecutors said the bomb had been placed in Caruana Galizia\u2019s car and set off by a text message from a mobile phone on a yacht belonging to the Degiorgios.", "sentence_label": "Distant_Historical"}, {"sentence_index": 9, "sentence_text": "Stafrace Zammit has already ruled that there is enough evidence for the three to be tried, but the trial\u2019s start date has not been set.", "sentence_label": "Distant_Evaluation"}, {"sentence_index": 10, "sentence_text": "All three are pleading not guilty.", "sentence_label": "Cause_General"}, {"sentence_index": 11, "sentence_text": "On Wednesday, the magistrate said her decision was based on the gravity of the crime and her belief that \u201con the basis of their record\u201d the men probably would not hesitate to flee if granted bail.", "sentence_label": "Distant_Evaluation"}, {"sentence_index": 12, "sentence_text": "The accused may not have acted alone, she said, so their release could also interfere with efforts to track down others who may have been involved.", "sentence_label": "Distant_Evaluation"}, {"sentence_index": 13, "sentence_text": "Since Caruana Galizia\u2019s murder, Malta has come under pressure from European Union institutions, with an inquiry under way on its banking supervision and calls for investigations into the Mediterranean island country\u2019s rule of law.", "sentence_label": "Cause_General"}]}