{"file_name": "./NewsDiscourseData/json_annotations/train/Crime/PReuters_90.json", "sentences": [{"sentence_index": "title", "sentence_text": "Colorado man held on suspicion of killing wife, two children", "sentence_label": "title"}, {"sentence_index": 1, "sentence_text": "DENVER (Reuters) - A Colorado man, who earlier this week pleaded for the safe return of his pregnant wife and their two young daughters after they went missing, has been arrested on suspicion of killing them, police said on Thursday.", "sentence_label": "Main"}, {"sentence_index": 2, "sentence_text": "The body of a woman, believed to be the spouse of Christopher Watts, 33, of Frederick, Colorado, was discovered on a property owned by Anadarko Petroleum Corp, police said.", "sentence_label": "Cause_Specific"}, {"sentence_index": 3, "sentence_text": "Watts worked at the property, according to media reports.", "sentence_label": "Cause_Specific"}, {"sentence_index": 4, "sentence_text": "The search for the bodies of the couple\u2019s two daughters, Celeste, 3, and Bella, 4, turned up human remains that were believed to belong to the two children, Frederick police said on Twitter on Thursday.", "sentence_label": "Cause_Specific"}, {"sentence_index": 5, "sentence_text": "Their bodies were found in the same area as their mother, Shanann Watts, 34.", "sentence_label": "Cause_Specific"}, {"sentence_index": 6, "sentence_text": "Christopher Watts was taken into custody late on Wednesday for the suspected murder of his wife and two daughters.", "sentence_label": "Main"}, {"sentence_index": 7, "sentence_text": "\u201cThis is absolutely the worst possible outcome that any of us could imagine,\u201d John Camper, director of the Colorado Bureau of Investigation, told a news briefing about the incident in Frederick, about 30 miles (50 km) north of Denver.", "sentence_label": "Distant_Evaluation"}, {"sentence_index": 8, "sentence_text": "Officials also declined to comment on media reports that Watts had confessed to the killings.", "sentence_label": "Cause_General"}, {"sentence_index": 9, "sentence_text": "Weld County District Attorney Michael Rourke told reporters his office had until Monday to file formal charges against Watts.", "sentence_label": "Cause_General"}, {"sentence_index": 10, "sentence_text": "Watts made a brief appearance in court and was ordered held without bail until at least his next court appearance next week, Weld County assistant district attorney Robert Miller said by phone.", "sentence_label": "Main_Consequence"}, {"sentence_index": 11, "sentence_text": "Watts, dressed in an orange jail jumpsuit and in shackles, did not speak to reporters.", "sentence_label": "Cause_General"}, {"sentence_index": 12, "sentence_text": "Chrisopher Watts, 33, arrested on suspicion of murdering his pregnant wife and two young daughters, in Frederick, Colorado, U.S., is shown in this handout photo provided August 16, 2018.", "sentence_label": "NA"}, {"sentence_index": 13, "sentence_text": "Weld County Sheriff's Office/Handout via REUTERS", "sentence_label": "NA"}, {"sentence_index": 14, "sentence_text": "Prosecutors said in court they believed Watts\u2019 wife and two daughters were killed at their home, TV station Denver 7 reported from the courthouse.", "sentence_label": "Distant_Evaluation"}, {"sentence_index": 15, "sentence_text": "Watts said in an interview with Denver 7 on Tuesday he was torn up inside about his family going missing and pleaded for their return.", "sentence_label": "Distant_Evaluation"}, {"sentence_index": 16, "sentence_text": "\u201cI just want them to come back,\u201d Watts told the broadcaster.", "sentence_label": "Distant_Evaluation"}, {"sentence_index": 17, "sentence_text": "\u201cMy kids are my life.", "sentence_label": "Distant_Evaluation"}, {"sentence_index": 18, "sentence_text": "Those smiles light up my life.", "sentence_label": "Distant_Evaluation"}, {"sentence_index": 19, "sentence_text": "I want everybody to just come home.\u201d", "sentence_label": "Distant_Evaluation"}]}