{"file_name": "./NewsDiscourseData/json_annotations/train/Crime/PReuters_60.json", "sentences": [{"sentence_index": "title", "sentence_text": "Murder of man with albinism in Malawi sparks call for death penalty", "sentence_label": "title"}, {"sentence_index": 1, "sentence_text": "BLANTYRE, Malawi (Thomson Reuters Foundation) - The latest murder of a man with albinism in Malawi - the 22nd in four years - has sparked calls for their killers to be executed to deter a wave of attacks in the poor southern African nation.", "sentence_label": "Main"}, {"sentence_index": 2, "sentence_text": "The dismembered corpse of 22-year-old McDonald Masambuka was found buried in southern Malawi several weeks after he went missing in March.", "sentence_label": "Cause_Specific"}, {"sentence_index": 3, "sentence_text": "Several body parts were missing.", "sentence_label": "Cause_Specific"}, {"sentence_index": 4, "sentence_text": "A Catholic priest, police officer and medical officer are among 11 people facing charges of conspiracy and murder, police spokesman James Kadadzera told the Thomson Reuters Foundation.", "sentence_label": "Cause_General"}, {"sentence_index": 5, "sentence_text": "Information minister Nicholas Dausi said international rights groups and donors were preventing the government from using the death penalty to deter such crimes in Malawi, where people with albinism are hunted down for their body parts.", "sentence_label": "Distant_Evaluation"}, {"sentence_index": 6, "sentence_text": "\u201cThey are stopping us from enforcing capital punishment,\u201d Dausi was quoted by local media as saying at Masambuka\u2019s funeral last month.", "sentence_label": "Distant_Evaluation"}, {"sentence_index": 7, "sentence_text": "\u201cYet in their countries they execute murderers.", "sentence_label": "Distant_Evaluation"}, {"sentence_index": 8, "sentence_text": "Is this fair?\u201d", "sentence_label": "Distant_Evaluation"}, {"sentence_index": 9, "sentence_text": "Malawi is one of the most dangerous countries in the world for people with albinism - a lack of pigmentation in the skin, hair and eyes - who are targeted so that their body parts can be used in magical potions and other ritual practices.", "sentence_label": "Cause_General"}, {"sentence_index": 10, "sentence_text": "The United Nations\u2019 top expert on albinism has said people with the condition risk \u201cextinction\u201d in Malawi due to relentless attacks fueled by superstitions.", "sentence_label": "Distant_Expectations_Consequences"}, {"sentence_index": 11, "sentence_text": "President Peter Mutharika has since said Malawi should have an \u201chonest debate\u201d about whether to apply the death sentence to those found guilty of murdering people with albinism.", "sentence_label": "Cause_General"}, {"sentence_index": 12, "sentence_text": "Malawi suspended capital punishment more than 20 years ago as it embraced democratic reforms.", "sentence_label": "Distant_Historical"}, {"sentence_index": 13, "sentence_text": "Although the death penalty still exists in law, it has been declared unconstitutional.", "sentence_label": "Cause_General"}, {"sentence_index": 14, "sentence_text": "MURDERS", "sentence_label": "Cause_General"}, {"sentence_index": 15, "sentence_text": "But rights groups said the focus on the death penalty was misplaced and the government should step up its efforts to investigate unsolved murders and protect people with albinism.", "sentence_label": "Distant_Evaluation"}, {"sentence_index": 16, "sentence_text": "\u201cWe never have any experience where the death penalty has been successful as a deterrent,\u201d said Overstone Kondowe, head of the Association of People with Albinism in Malawi (APAM), which helps about 3,400 people with the condition.", "sentence_label": "Distant_Evaluation"}, {"sentence_index": 17, "sentence_text": "It has recorded 146 attacks in Malawi since 2014.", "sentence_label": "Cause_General"}, {"sentence_index": 18, "sentence_text": "About one in 20,000 people worldwide have the congenital disorder, with higher rates in sub-Saharan Africa.", "sentence_label": "Cause_General"}, {"sentence_index": 19, "sentence_text": "Only five of 22 murders reported since 2014 are in court, said Kondowe, with 17 unsolved.", "sentence_label": "Cause_General"}, {"sentence_index": 20, "sentence_text": "\u201cWe don\u2019t have even have a suspect and nobody has been prosecuted,\u201d he said of the 17 cases, adding that the police should reopen them now that they have better equipment.", "sentence_label": "Distant_Evaluation"}, {"sentence_index": 21, "sentence_text": "\u201cWe didn\u2019t have facilities of DNA testing to help with the investigation, so we\u2019re seeking that because the current capacity can help to shed light on who was responsible.\u201d", "sentence_label": "Distant_Expectations_Consequences"}, {"sentence_index": 22, "sentence_text": "Rights groups called on the government to establish a commission of inquiry to find out who is behind the attacks, amid claims that they are organized by criminal gangs.", "sentence_label": "Distant_Expectations_Consequences"}, {"sentence_index": 23, "sentence_text": "\u201cThere is a green light with the recent case where we have seen high profile people involved,\u201d said Timothy Mtambo, who heads the Centre for Human Rights and Rehabilitation, a charity.", "sentence_label": "Distant_Evaluation"}, {"sentence_index": 24, "sentence_text": "\u201cWe believe a good investigation can open up our windows as to who is behind the trade ... We would be able to say we have unveiled the market and done (away) with the roots.\u201d", "sentence_label": "Distant_Expectations_Consequences"}, {"sentence_index": 25, "sentence_text": "Mtambo also echoed a United Nations\u2019 call on the government to implement its own plan to strengthen protection measures, including buying sturdy locks for poor families at risk of attack, and for public education to eradicate superstitions.", "sentence_label": "Distant_Evaluation"}, {"sentence_index": 26, "sentence_text": "\u201cIt should invest in preventative measures, not \u2018curing\u2019 the problem,\u201d he said.", "sentence_label": "Distant_Evaluation"}, {"sentence_index": 27, "sentence_text": "\u201cIt needs to understand where we have people with albinism, which can help in drawing security plans.", "sentence_label": "Distant_Expectations_Consequences"}, {"sentence_index": 28, "sentence_text": "Currently there is no proper program.\u201d", "sentence_label": "Distant_Evaluation"}]}