{"file_name": "./NewsDiscourseData/json_annotations/train/Crime/PReuters_76.json", "sentences": [{"sentence_index": "title", "sentence_text": "Minnesota officer charged with murder in Australian's death", "sentence_label": "title"}, {"sentence_index": 1, "sentence_text": "MINNEAPOLIS (Reuters) - The Minneapolis police officer who fatally shot an unarmed Australian woman last July was arrested on Tuesday on charges of third-degree murder and second-degree manslaughter, prosecutors said.", "sentence_label": "Main"}, {"sentence_index": 2, "sentence_text": "Mohamed Noor, 32, turned himself in and was arrested for the death of Justine Damond, 40, who had called 911 about a possible sexual assault near her house, Hennepin County Attorney Mike Freeman said at a news conference announcing the charges.", "sentence_label": "Cause_General"}, {"sentence_index": 3, "sentence_text": "\u201cThere is no evidence that Officer Noor encountered a threat, appreciated a threat, investigated a threat or confirmed a threat that justified his decision to use deadly force,\u201d Freeman said.", "sentence_label": "Distant_Evaluation"}, {"sentence_index": 4, "sentence_text": "\u201cInstead, Officer Noor recklessly and intentionally fired his handgun.\u201d", "sentence_label": "Distant_Historical"}, {"sentence_index": 5, "sentence_text": "After Noor shot her, Damond put her hands on the gunshot wound on the left side of her abdomen and said, \u201cI\u2019m dying\u201d or \u201cI\u2019m dead,\u201d Freeman said.", "sentence_label": "Distant_Historical"}, {"sentence_index": 6, "sentence_text": "The shooting drew condemnation in Minnesota and Australia, where Prime Minister Malcolm Turnbull called it \u201cshocking\u201d and \u201cinexplicable.\u201d Then-Minneapolis police chief Jamee Harteau resigned after city officials said procedures had been violated and Damond \u201cdidn\u2019t have to die.\u201d", "sentence_label": "Distant_Evaluation"}, {"sentence_index": 7, "sentence_text": "The third-degree murder charge accused Noor of committing an \u201ceminently dangerous act\u201d and showing a \u201cdepraved mind,\u201d and the second-degree manslaughter charge cited \u201cculpable negligence creating unreasonable risk,\u201d the records showed.", "sentence_label": "Cause_Specific"}, {"sentence_index": 8, "sentence_text": "The penalty for third-degree murder is up to 25 years in prison and second-degree manslaughter carries a penalty of up to 10 years, according to a state website.", "sentence_label": "Cause_General"}, {"sentence_index": 9, "sentence_text": "Freeman, Minneapolis\u2019 top prosecutor, had delayed his decision in December, saying his office needed more time and that he lacked sufficient evidence to charge Noor.", "sentence_label": "Distant_Historical"}, {"sentence_index": 10, "sentence_text": "Mohamed Noor, 32, is pictured in this undated handout photo obtained by Reuters March 20, 2018.", "sentence_label": "NA"}, {"sentence_index": 11, "sentence_text": "Hennepin County Sheriff's Office/Handout via REUTERS", "sentence_label": "NA"}, {"sentence_index": 12, "sentence_text": "Noor has been on paid leave and refused to be interviewed by Minnesota state investigators.", "sentence_label": "Cause_General"}, {"sentence_index": 13, "sentence_text": "Noor\u2019s attorney, Tom Plunkett, said his client should not be charged.", "sentence_label": "Distant_Evaluation"}, {"sentence_index": 14, "sentence_text": "\u201cThe loss of Justine Ruszczyk Damond is a tragedy and Officer Noor again personally extends his continued condolences to her family for their loss,\u201d Plunkett said in a statement.", "sentence_label": "Distant_Evaluation"}, {"sentence_index": 15, "sentence_text": "\u201cThe facts will show that Officer Noor acted as he has been trained and consistent with established departmental policy,\u201d Plunkett added.", "sentence_label": "Distant_Expectations_Consequences"}, {"sentence_index": 16, "sentence_text": "\u201cOfficer Noor should not have been charged with any crime.\u201d", "sentence_label": "Distant_Evaluation"}, {"sentence_index": 17, "sentence_text": "\u2018INIQUITOUS ACT\u2019", "sentence_label": "Distant_Evaluation"}, {"sentence_index": 18, "sentence_text": "Damond\u2019s fiance, Don Damond, and her father, John Ruszczyk, issued a joint statement in which they praised the decision to charge Noor and hoped it resulted in a conviction, calling it \u201cone step toward justice for this iniquitous act.\u201d", "sentence_label": "Distant_Evaluation"}, {"sentence_index": 19, "sentence_text": "\u201cNo charges can bring our Justine back.", "sentence_label": "Distant_Evaluation"}, {"sentence_index": 20, "sentence_text": "However, justice demands accountability for those responsible for recklessly killing the fellow citizens they are sworn to protect,\u201d they said in the statement.", "sentence_label": "Distant_Evaluation"}, {"sentence_index": 21, "sentence_text": "Damond, who was living in Minneapolis and engaged to be married, approached the police after their arrival, authorities have said.", "sentence_label": "Distant_Historical"}, {"sentence_index": 22, "sentence_text": "She had owned a meditation and life-coaching company.", "sentence_label": "Distant_Historical"}, {"sentence_index": 23, "sentence_text": "Neither Noor, who came to the United States from Somalia as a child, nor Matthew Harrity, another officer in the patrol car, had their body cameras activated, police have said.", "sentence_label": "Distant_Historical"}, {"sentence_index": 24, "sentence_text": "FILE PHOTO: Justine Damond, also known as Justine Ruszczyk, from Sydney, is seen in this 2015 photo released by Stephen Govel Photography in New York, U.S., on July 17, 2017.", "sentence_label": "NA"}, {"sentence_index": 25, "sentence_text": "Courtesy Stephen Govel/Stephen Govel Photography/Handout/File Photo via REUTERS", "sentence_label": "NA"}, {"sentence_index": 26, "sentence_text": "Harrity was startled by a loud sound near the patrol car shortly before Noor fired from the passenger seat of the patrol car through Harrity\u2019s window, Freeman said.", "sentence_label": "Distant_Evaluation"}, {"sentence_index": 27, "sentence_text": "Harrity, who pulled out his handgun during the incident but did not fire it, said both officers \u201cgot spooked\u201d when Damond appeared \u201cout of nowhere,\u201d Freeman said.", "sentence_label": "Distant_Evaluation"}, {"sentence_index": 28, "sentence_text": "Noor is scheduled to make an initial court appearance on Wednesday in Hennepin County District Court in Minneapolis.", "sentence_label": "Cause_General"}, {"sentence_index": 29, "sentence_text": "Prosecutors are asking that Noor\u2019s bail be set at $500,000, Freeman said.", "sentence_label": "Cause_General"}]}