{"file_name": "./NewsDiscourseData/json_annotations/train/Crime/PXinhua_48.json", "sentences": [{"sentence_index": "title", "sentence_text": "U.S. white nationalist convicted of murder in deadly Charlottesville car assault - Xinhua", "sentence_label": "title"}, {"sentence_index": 1, "sentence_text": "Source: Xinhua| 2018-12-08 08:01:07|Editor: mmm", "sentence_label": "NA"}, {"sentence_index": 2, "sentence_text": "Video Player Close", "sentence_label": "NA"}, {"sentence_index": 3, "sentence_text": "WASHINGTON, Dec. 7 (Xinhua) -- A U.S. white nationalist who drove a car into a group of peaceful counterprotesters against a \"Unite the Right\" rally in Charlottesville, Virginia last year was found guilty on Friday of first-degree murder.", "sentence_label": "Main"}, {"sentence_index": 4, "sentence_text": "James Alex Fields, Jr., a 21-year-old Nazi sympathizer from Maumee, Ohio, plowed his car into the crowd, killing 32-year-old paralegal Heather Heyer while injuring nearly 20 others in August last year.", "sentence_label": "Distant_Historical"}, {"sentence_index": 5, "sentence_text": "A jury in Charlottesville also found Fields guilty of five counts of aggravated malicious wounding, three of malicious wounding, and one hit-and-run count.", "sentence_label": "Main"}, {"sentence_index": 6, "sentence_text": "The jury deliberated for seven hours before convicting Fields, according to local media reports.", "sentence_label": "Cause_General"}, {"sentence_index": 7, "sentence_text": "Federal prosecutors described Fields as a Nazi sympathizer who has advocated violence against blacks and Jews on social media and who participated in chants promoting white supremacy and racist views during the \"Unite the Right rally.\"", "sentence_label": "Cause_General"}, {"sentence_index": 8, "sentence_text": "After the rally was dispersed, Fields drove to where the counterprotest was taking place in downtown Charlottesville and backed up to the top of a hill, said the indictment.", "sentence_label": "Distant_Historical"}, {"sentence_index": 9, "sentence_text": "\"Fields then rapidly accelerated, ran through a stop sign and across a raised pedestrian mall, and drove directly into the crowd, striking numerous individuals, killing Heather Heyer, and injuring many others,\" the indictment said.", "sentence_label": "Distant_Historical"}, {"sentence_index": 10, "sentence_text": "\"Fields' vehicle stopped only when it struck another vehicle ...", "sentence_label": "Distant_Historical"}, {"sentence_index": 11, "sentence_text": "He then rapidly reversed his vehicle and fled the scene.\"", "sentence_label": "Distant_Historical"}, {"sentence_index": 12, "sentence_text": "said the indictment.", "sentence_label": "Distant_Historical"}, {"sentence_index": 13, "sentence_text": "He faces six potential life sentences for the murder conviction when sentencing begins Monday.", "sentence_label": "Distant_Expectations_Consequences"}]}