{"file_name": "./NewsDiscourseData/json_annotations/train/Crime/PXinhua_53.json", "sentences": [{"sentence_index": "title", "sentence_text": "Egypt court upholds death sentence against 10 over killing top prosecutor - Xinhua", "sentence_label": "title"}, {"sentence_index": 1, "sentence_text": "Source: Xinhua| 2018-11-25 20:52:07|Editor: mym", "sentence_label": "NA"}, {"sentence_index": 2, "sentence_text": "Video Player Close", "sentence_label": "NA"}, {"sentence_index": 3, "sentence_text": "CAIRO, Nov. 25 (Xinhua) -- An Egyptian court on Sunday confirmed death sentence against 10 defendants over killing former public prosecutor in a bomb attack on his car in 2015, state-run Ahram newspapers reported on its website.", "sentence_label": "Main"}, {"sentence_index": 4, "sentence_text": "The defendants were convicted of premeditated murder, association with a terrorist organization, and possessing weapons and explosives.", "sentence_label": "Cause_Specific"}, {"sentence_index": 5, "sentence_text": "The Court of Cassation, Egypt's top court that gives final verdicts, reduced death sentence to life in prison (which is 25 years in Egypt) for six others who have been charged in the same case after receiving the decision of the Grand Mufti.", "sentence_label": "Main"}, {"sentence_index": 6, "sentence_text": "The Grand Mufti, the country's interpreter of religious law, is the country's highest Islamic official who gives religious judgment of all preliminary death sentences.", "sentence_label": "Cause_General"}, {"sentence_index": 7, "sentence_text": "The Mufti's opinion is non-binding as it is usually considered a formality, but it could alleviate the sentences in some cases and the top court could take it.", "sentence_label": "Cause_General"}, {"sentence_index": 8, "sentence_text": "The court also confirmed that 46 defendants have been listed as terrorists over the same charges.", "sentence_label": "Main"}, {"sentence_index": 9, "sentence_text": "A total of 38 were sentenced to 10 to 15 years in prison over possession of weapons.", "sentence_label": "Main"}, {"sentence_index": 10, "sentence_text": "Former public prosecutor Hisham Barakat died of his injuries after a car-bomb attack in Cairo on June 29, 2015.", "sentence_label": "Distant_Historical"}, {"sentence_index": 11, "sentence_text": "A group, calling itself \"the Giza Popular Resistance,\" claimed responsibility for the attack.", "sentence_label": "Distant_Historical"}, {"sentence_index": 12, "sentence_text": "Barakat was appointed as chief prosecutor following the ouster of Islamist President Mohamed Morsi in 2013.", "sentence_label": "Distant_Historical"}]}