{"file_name": "./NewsDiscourseData/json_annotations/train/Crime/PXinhua_47.json", "sentences": [{"sentence_index": "title", "sentence_text": "21-year-old convicted of murdering Chinese student in Los Angeles - Xinhua", "sentence_label": "title"}, {"sentence_index": 1, "sentence_text": "Source: Xinhua| 2018-12-13 13:58:25|Editor: Yang Yi", "sentence_label": "NA"}, {"sentence_index": 2, "sentence_text": "Video Player Close", "sentence_label": "NA"}, {"sentence_index": 3, "sentence_text": "LOS ANGELES, Dec.12 (Xinhua) -- A 21-year-old suspect was convicted on Wednesday of first-degree murder and other charges for his role in the 2014 murder of Xinran Ji, a Chinese graduate student at the University of Southern California.", "sentence_label": "Main"}, {"sentence_index": 4, "sentence_text": "The jurors handed down the verdict after about two hours of deliberation, convicting Alberto Ochoa of one count each of first-degree murder, assault with a deadly weapon, second-degree robbery and attempted second-degree robbery.", "sentence_label": "Main"}, {"sentence_index": 5, "sentence_text": "Ochoa, who faces life in prison without parole, will be sentenced on March 8 next year, though he is entitled to a parole hearing after spending 25 years behind bars under California state law given his age at the time of the crimes.", "sentence_label": "Cause_General"}, {"sentence_index": 6, "sentence_text": "\"We're very satisfied with the outcome of this case,\" Deputy District Attorney John McKinney told reporters outside court after the verdict.", "sentence_label": "Distant_Evaluation"}, {"sentence_index": 7, "sentence_text": "\"We believe the jury listened to the evidence, followed the law, returned the proper verdict.", "sentence_label": "Distant_Evaluation"}, {"sentence_index": 8, "sentence_text": "The greatest satisfaction, though, is for whatever closure and peace there is for Ji's family back in China, who have been following these proceedings,\" he said.", "sentence_label": "Distant_Evaluation"}, {"sentence_index": 9, "sentence_text": "Ochoa and three others confronted 24-year-old Xinran Ji, who was walking home from a study group near the university campus early on July 24, 2014.", "sentence_label": "Distant_Historical"}, {"sentence_index": 10, "sentence_text": "Ochoa struck the victim with a metal bat before he ran away.", "sentence_label": "Distant_Historical"}, {"sentence_index": 11, "sentence_text": "Andrew Garcia, another defendant in the case, eventually caught up to Ji and hit him repeatedly with the bat.", "sentence_label": "Distant_Historical"}, {"sentence_index": 12, "sentence_text": "Ji made his way back to his apartment where he was found dead hours later by a roommate.", "sentence_label": "Distant_Historical"}, {"sentence_index": 13, "sentence_text": "In August 2017, Garcia was sentenced to life in prison without parole after jurors found him guilty of one count each of first-degree murder, robbery, attempted robbery and assault with a deadly weapon.", "sentence_label": "Distant_Historical"}, {"sentence_index": 14, "sentence_text": "Jonathan Del Carmen, who was also a member of the group, pleaded guilty last year to one count of second-degree murder, and another suspected attacker, named Alejandra Guerrero, was convicted in October 2016 of one count each of first-degree murder, robbery, attempted robbery and assault with a deadly weapon.", "sentence_label": "Distant_Historical"}, {"sentence_index": 15, "sentence_text": "Del Carmen was sentenced to 15 years to life in state prison, while Guerrero was sentenced to life in prison without parole.", "sentence_label": "Distant_Historical"}]}