{"file_name": "./NewsDiscourseData/json_annotations/train/Crime/PXinhua_5.json", "sentences": [{"sentence_index": "title", "sentence_text": "Three people charged with crimes in murder of journalist in Slovakia - Xinhua", "sentence_label": "title"}, {"sentence_index": 1, "sentence_text": "Source: Xinhua| 2018-09-29 22:04:54|Editor: xuxin", "sentence_label": "NA"}, {"sentence_index": 2, "sentence_text": "Video Player Close", "sentence_label": "NA"}, {"sentence_index": 3, "sentence_text": "BRATISLAVA, Sept.29 (Xinhua) -- Three people has been accused of a serious crime of premeditated murder and other crimes in case of murders of investigative journalist Jan Kuciak and his fiancee Martina Kusnirova, Slovak Prosecutor-General's Office spokesperson Andrea Predajnova confirmed on Saturday.", "sentence_label": "Main"}, {"sentence_index": 4, "sentence_text": "Originally, eight suspects were detained.", "sentence_label": "Cause_General"}, {"sentence_index": 5, "sentence_text": "\"After their hearing, five persons were released, while charges were pressed against three persons, identified for legal reasons only as T.S., M.M.", "sentence_label": "Cause_General"}, {"sentence_index": 6, "sentence_text": "and Z.A.", "sentence_label": "Cause_General"}, {"sentence_index": 7, "sentence_text": "No more information can be released at the moment.", "sentence_label": "Cause_General"}, {"sentence_index": 8, "sentence_text": "The Prosecutor's Office will provide more details in upcoming days,\" stressed Predajnova.", "sentence_label": "Distant_Expectations_Consequences"}, {"sentence_index": 9, "sentence_text": "Jan Kuciak was an investigative journalist working for news website Aktuality.sk.", "sentence_label": "Distant_Historical"}, {"sentence_index": 10, "sentence_text": "He and his fiancee were murdered in their house in Velka Maca (Trnava region) on February 21, 2018 with gunshots from a 9 mm pistol.", "sentence_label": "Distant_Historical"}, {"sentence_index": 11, "sentence_text": "The double murder provoked mass protests across the country, eventually leading to the resignations of then prime minister Robert Fico along with several other cabinet ministers and state officials.", "sentence_label": "Cause_General"}, {"sentence_index": 12, "sentence_text": "A total of eight suspects were detained during a police raid in Kolarovo (Nitra region) on Thursday.", "sentence_label": "Cause_Specific"}, {"sentence_index": 13, "sentence_text": "As many as 55 elite police officers were engaged in the police raid that lasted the whole Thursday.", "sentence_label": "Cause_General"}]}