{"file_name": "./NewsDiscourseData/json_annotations/train/Crime/PXinhua_46.json", "sentences": [{"sentence_index": "title", "sentence_text": "Turkish president says people close to Saudi crown prince behind Khashoggi's murder - Xinhua", "sentence_label": "title"}, {"sentence_index": 1, "sentence_text": "Source: Xinhua| 2018-12-14 19:10:06|Editor: xuxin", "sentence_label": "NA"}, {"sentence_index": 2, "sentence_text": "Video Player Close", "sentence_label": "NA"}, {"sentence_index": 3, "sentence_text": "ISTANBUL, Dec. 14 (Xinhua) -- Turkish President Recep Tayyip Erdogan said on Friday that some persons close to Saudi Arabia's crown prince assumed an active role in the murder of Saudi journalist Jamal Khashoggi.", "sentence_label": "Main"}, {"sentence_index": 4, "sentence_text": "\"We understand from the voice recordings that those closest to the crown prince had an active role in Khashoggi's killing,\" Erdogan said at a conference in Istanbul.", "sentence_label": "Main"}, {"sentence_index": 5, "sentence_text": "The previous day, the U.S. Senate approved a resolution holding Saudi Crown Prince Mohammed bin Salman Al Saud responsible for the murder of Khashoggi.", "sentence_label": "Cause_General"}, {"sentence_index": 6, "sentence_text": "Speaking about the resolution, Erdogan said there would be more developments about the issue as \"Turkey submitted all the information to Americans.\"", "sentence_label": "Distant_Expectations_Consequences"}, {"sentence_index": 7, "sentence_text": "Erdogan also stressed that his country would continue to chase the issue until the end to reveal the naked truth behind the murder.", "sentence_label": "Distant_Expectations_Consequences"}, {"sentence_index": 8, "sentence_text": "According to the Istanbul prosecutor, Khashoggi was strangled to death after he entered the Saudi consulate in Istanbul on Oct. 2 and his body was then dismembered and destroyed.", "sentence_label": "Cause_Specific"}, {"sentence_index": 9, "sentence_text": "Earlier this month, Istanbul's chief prosecutor issued arrest warrants for two Saudi suspects, identified as former deputy head of Saudi intelligence and a former aide to the Saudi crown prince, over the killing of Khashoggi.", "sentence_label": "Cause_Specific"}]}