{"file_name": "./NewsDiscourseData/json_annotations/train/Crime/PXinhua_49.json", "sentences": [{"sentence_index": "title", "sentence_text": "Canada sanctions 17 Saudis linked to Khashoggi murder - Xinhua", "sentence_label": "title"}, {"sentence_index": 1, "sentence_text": "Source: Xinhua| 2018-11-30 02:24:11|Editor: Mu Xuequan", "sentence_label": "NA"}, {"sentence_index": 2, "sentence_text": "Video Player Close", "sentence_label": "NA"}, {"sentence_index": 3, "sentence_text": "OTTAWA, Nov. 29 (Xinhua) -- Canada on Thursday announced sanctions targeting 17 Saudi nationals linked to the murder of Saudi journalist Jamal Khashoggi.", "sentence_label": "Main"}, {"sentence_index": 4, "sentence_text": "In an initial written statement, Canadian Foreign Affairs Minister Chrystia Freeland said Khashoggi's killing was \"abhorrent and represents an unconscionable attack on the freedom of expression of all individuals\" and the sanctions were aimed at people \"responsible for or complicit in\" Khashoggi's death.", "sentence_label": "Distant_Evaluation"}, {"sentence_index": 5, "sentence_text": "The 17 individuals will not be able to enter Canada and will have any assets they may have in the country frozen.", "sentence_label": "Main_Consequence"}, {"sentence_index": 6, "sentence_text": "U.S. intelligence officials have said that the murder was carried out by agents of the Saudi government and ordered by Crown Prince Mohammed bin Salman.", "sentence_label": "Cause_Specific"}, {"sentence_index": 7, "sentence_text": "Freeland said Canada had a responsibility to react, calling Khashoggi's murder \"vile\" and \"premeditated,\" adding that to date, Saudi Arabia's explanation lacks consistency and credibility.", "sentence_label": "Distant_Evaluation"}, {"sentence_index": 8, "sentence_text": "\"We continue to call for a credible and independent international investigation.", "sentence_label": "Distant_Evaluation"}, {"sentence_index": 9, "sentence_text": "This case is not closed.", "sentence_label": "Distant_Evaluation"}, {"sentence_index": 10, "sentence_text": "Those responsible for Mr. Khashoggi's death must be held to account and must face justice,\" she said.", "sentence_label": "Distant_Evaluation"}, {"sentence_index": 11, "sentence_text": "Freeland said Canada is currently reviewing its sale of light armored vehicles to Saudi Arabia, and as that review is ongoing, no new arms permits are being issued.", "sentence_label": "Cause_General"}, {"sentence_index": 12, "sentence_text": "She said that Canadian security officials have been in direct contact with Turkey regarding its investigation, information has been shared, and that the director of the Canadian Security Intelligence Service has been to Turkey.", "sentence_label": "Cause_General"}, {"sentence_index": 13, "sentence_text": "\"We believe that in naming people and in saying in the view of the government of Canada that someone is responsible for something so serious and so odious, it's very important to gather all the facts.", "sentence_label": "Distant_Evaluation"}, {"sentence_index": 14, "sentence_text": "It's very important to act and to speak only on the basis of real certainty,\" said the Canadian minister.", "sentence_label": "Distant_Evaluation"}, {"sentence_index": 15, "sentence_text": "Khashoggi has been missing since he entered the Saudi consulate in Istanbul on Oct. 2.", "sentence_label": "Cause_Specific"}, {"sentence_index": 16, "sentence_text": "The Saudi authorities said Khashoggi died in a \"brawl\" in its consulate.", "sentence_label": "Cause_Specific"}, {"sentence_index": 17, "sentence_text": "After releasing the results of its initial investigation, the Saudi Public Prosecution announced that 18 Saudis were arrested for their alleged connections with the killing.", "sentence_label": "Cause_Specific"}, {"sentence_index": 18, "sentence_text": "The U.S. Treasury imposed sanctions on 17 individuals over their alleged roles in the killing of Khashoggi last week, following U.S. State Department's decision in late October to revoke 21 Saudi suspects' visas.", "sentence_label": "Cause_Specific"}]}