{"file_name": "./NewsDiscourseData/json_annotations/train/Crime/PXinhua_50.json", "sentences": [{"sentence_index": "title", "sentence_text": "Turkey charges 28 suspects over murder of Russian envoy - Xinhua", "sentence_label": "title"}, {"sentence_index": 1, "sentence_text": "Source: Xinhua| 2018-11-24 04:50:25|Editor: yan", "sentence_label": "NA"}, {"sentence_index": 2, "sentence_text": "Video Player Close", "sentence_label": "NA"}, {"sentence_index": 3, "sentence_text": "ANKARA, Nov. 23 (Xinhua) -- Turkish prosecutors have charged 28 suspects, including U.S.-based cleric Fetullah Gulen, over assassination of Russian Ambassador to Turkey Andrey Karlov, Anadolu Agency reported on Friday.", "sentence_label": "Main"}, {"sentence_index": 4, "sentence_text": "Andrey Karlov was shot dead by an off-duty Turkish police officer Mevlut Mert Altintas at the opening of an art gallery exhibition in Ankara on Dec. 19, 2016.", "sentence_label": "Cause_Specific"}, {"sentence_index": 5, "sentence_text": "Turkish prosecutors have completed two-year investigation into the assassination of Russian envoy and submitted the indictment to an Ankara court.", "sentence_label": "Cause_General"}, {"sentence_index": 6, "sentence_text": "The indictment says the assassination \"is an act of provocation targeting Turkey-Russia relations.\"", "sentence_label": "Distant_Evaluation"}, {"sentence_index": 7, "sentence_text": "According to the indictment, the murderer previously planned to kill the ambassador at a dinner for ambassadors hosted by the ruling party on June 27, 2016, but the assassination attempt failed as Karlov was abroad on that day.", "sentence_label": "Distant_Evaluation"}, {"sentence_index": 8, "sentence_text": "A total of eight people were arrested as part of the investigation, including four former police officers.", "sentence_label": "Distant_Historical"}, {"sentence_index": 9, "sentence_text": "Fethullah Gulen, the U.S.-based preacher, is accused by Ankara of orchestrating a failed coup attempt on July 15, 2016.", "sentence_label": "Distant_Historical"}, {"sentence_index": 10, "sentence_text": "At least 251 people were killed and over 2,200 people were injured in the coup attempt.", "sentence_label": "Distant_Historical"}]}