{"file_name": "./NewsDiscourseData/json_annotations/train/Crime/PXinhua_52.json", "sentences": [{"sentence_index": "title", "sentence_text": "Israel files indictments against mother, brother of escaped Palestinian murderer - Xinhua", "sentence_label": "title"}, {"sentence_index": 1, "sentence_text": "Source: Xinhua| 2018-11-17 03:06:02|Editor: Mu Xuequan", "sentence_label": "NA"}, {"sentence_index": 2, "sentence_text": "Video Player Close", "sentence_label": "NA"}, {"sentence_index": 3, "sentence_text": "JERUSALEM, Nov. 16 (Xinhua) -- Israeli military prosecution filed indictments against the mother and brother of a Palestinian who \"carried out a murderous attack\" in a factory, the Israel Defense Forces (IDF) reported on Friday.", "sentence_label": "Main"}, {"sentence_index": 4, "sentence_text": "The two are indicted of not preventing the murder which killed two Israelis.", "sentence_label": "Main"}, {"sentence_index": 5, "sentence_text": "The incident took place on Oct. 7 in the Barkan Industrial Zone, a settlement industrial compound in the northern Israeli-occupied West Bank, where Israelis and Palestinians work side by side.", "sentence_label": "Cause_Specific"}, {"sentence_index": 6, "sentence_text": "According to eyewitnesses, the killer, 23-year-old Ashraf Na'alowa, took plastic restraints from the factory warehouse, saying that he needed them to fix an electrical problem.", "sentence_label": "Cause_Specific"}, {"sentence_index": 7, "sentence_text": "After fixing, he took his rifle, went up to the second floor, and forced a Palestinian cleaner to tie an Israeli worker with the restraints.", "sentence_label": "Cause_Specific"}, {"sentence_index": 8, "sentence_text": "Then he shot and killed her.", "sentence_label": "Cause_Specific"}, {"sentence_index": 9, "sentence_text": "Another Israeli worker was also shot dead after trying to escape.", "sentence_label": "Cause_Specific"}, {"sentence_index": 10, "sentence_text": "Then the murderer managed to escape and was never caught.", "sentence_label": "Cause_Specific"}, {"sentence_index": 11, "sentence_text": "According to the indictments, the murderer's mother knew that her son had a weapon and trained with it.", "sentence_label": "Cause_Specific"}, {"sentence_index": 12, "sentence_text": "According to the prosecution, two weeks prior to the attack, the murderer told his mother of his intentions to commit it.", "sentence_label": "Cause_Specific"}, {"sentence_index": 13, "sentence_text": "The mother also informed the brother of these details, but the two failed to act to prevent the attack, as alleged in the indictment.", "sentence_label": "Cause_Specific"}, {"sentence_index": 14, "sentence_text": "In addition, the brother is indicted of trying to hide the records of their home's security cameras after the attack.", "sentence_label": "Cause_Specific"}]}