{"file_name": "./NewsDiscourseData/json_annotations/train/Crime/PXinhua_51.json", "sentences": [{"sentence_index": "title", "sentence_text": "Turkish prosecutor issues arrest warrants for 2 Saudis over Khashoggi's murder - Xinhua", "sentence_label": "title"}, {"sentence_index": 1, "sentence_text": "Source: Xinhua| 2018-12-05 17:44:36|Editor: mym", "sentence_label": "NA"}, {"sentence_index": 2, "sentence_text": "Video Player Close", "sentence_label": "NA"}, {"sentence_index": 3, "sentence_text": "ISTANBUL, Dec. 5 (Xinhua) -- Istanbul's chief prosecutor on Wednesday issued arrest warrants for two Saudi Arabian citizens over the killing of the Saudi journalist Jamal Khashoggi, a local newspaper reported.", "sentence_label": "Main"}, {"sentence_index": 4, "sentence_text": "The Hurriyet daily identified the suspects as former deputy head of Saudi intelligence General Ahmed Asiri and Saud al-Qahtani, a former aide to Saudi Crown Prince Mohammed bin Salman Al Saud.", "sentence_label": "Main"}, {"sentence_index": 5, "sentence_text": "The chief prosecutor said in a statement that there is a \"strong suspicion that Asiri and al-Qahtani were among planners of Khashoggi's killing,\" the daily said.", "sentence_label": "Distant_Evaluation"}, {"sentence_index": 6, "sentence_text": "According to the Istanbul prosecutor, Khashoggi was strangled to death after he entered the Saudi consulate in Istanbul on Oct. 2 and his body was then dismembered and destroyed.", "sentence_label": "Cause_Specific"}, {"sentence_index": 7, "sentence_text": "The Saudi public prosecutor has demanded \"death penalty\" against five of the suspects implicated in the murder of Khashoggi.", "sentence_label": "Distant_Evaluation"}]}