{"file_name": "./Propaganda/json_annotations/train/article762152527.json", "num_sentences": 20, "sentences": [{"sentence_id": 0, "sentence_start": 0, "sentence_end": 17, "sentence_text": "Spygate Coverup?", "sentence_label": "NA", "tokens_list": ["Spygate", "Coverup", "?"], "tokens_dicts_list": [{"token": "Spygate", "start_char": 0, "end_char": 7, "token_label": "NA"}, {"token": "Coverup", "start_char": 8, "end_char": 15, "token_label": "NA"}, {"token": "?", "start_char": 15, "end_char": 16, "token_label": "NA"}], "news_discourse_role": 0, "news_discourse_role_prob_0": 0.9276137948036194, "news_discourse_role_prob_1": 0.04234082251787186, "news_discourse_role_prob_2": 0.0017552280332893133, "news_discourse_role_prob_3": 0.007190493401139975, "news_discourse_role_prob_4": 0.00893611740320921, "news_discourse_role_prob_5": 0.0007595145725645125, "news_discourse_role_prob_6": 0.0027789268642663956, "news_discourse_role_prob_7": 0.008066602982580662, "news_discourse_role_prob_8": 0.0005585611797869205, "latter_discourse_relation": 3, "latter_discourse_relation_prob_comp": 0.0006842706352472305, "latter_discourse_relation_prob_cont": 0.003092600964009762, "latter_discourse_relation_prob_temp": 0.0004751326923724264, "latter_discourse_relation_prob_expan": 0.9957481026649475, "previous_discourse_relation": -1}, {"sentence_id": 1, "sentence_start": 18, "sentence_end": 72, "sentence_text": "https://www.lewrockwell.com/lrc-blog/spygate-coverup/", "sentence_label": "NA", "tokens_list": ["https", ":", "//www.lewrockwell.com/lrc-blog/spygate-coverup/"], "tokens_dicts_list": [{"token": "https", "start_char": 18, "end_char": 23, "token_label": "NA"}, {"token": ":", "start_char": 23, "end_char": 24, "token_label": "NA"}, {"token": "//www.lewrockwell.com/lrc-blog/spygate-coverup/", "start_char": 24, "end_char": 71, "token_label": "NA"}], "news_discourse_role": 0, "news_discourse_role_prob_0": 0.9995792508125305, "news_discourse_role_prob_1": 2.4627428501844406e-05, "news_discourse_role_prob_2": 7.269257184816524e-05, "news_discourse_role_prob_3": 8.4066259660176e-06, "news_discourse_role_prob_4": 0.0002929309557657689, "news_discourse_role_prob_5": 4.362872914498439e-06, "news_discourse_role_prob_6": 8.065520887612365e-06, "news_discourse_role_prob_7": 8.166347470250912e-06, "news_discourse_role_prob_8": 1.5901777032922837e-06, "previous_discourse_relation": 3, "previous_discourse_relation_prob_comp": 0.0006842706352472305, "previous_discourse_relation_prob_cont": 0.003092600964009762, "previous_discourse_relation_prob_temp": 0.0004751326923724264, "previous_discourse_relation_prob_expan": 0.9957481026649475, "latter_discourse_relation": 3, "latter_discourse_relation_prob_comp": 0.002746753627434373, "latter_discourse_relation_prob_cont": 0.006003493443131447, "latter_discourse_relation_prob_temp": 0.001622110023163259, "latter_discourse_relation_prob_expan": 0.9896275997161865}, {"sentence_id": 2, "sentence_start": 72, "sentence_end": 191, "sentence_text": "Rep. Ron DeSantis (R-FL) accuses the Republican House leadership of dragging their heels in the Spygate investigation.", "sentence_label": "NA", "tokens_list": ["Rep.", "Ron", "DeSantis", "(", "R-FL", ")", "accuses", "the", "Republican", "House", "leadership", "of", "dragging", "their", "heels", "in", "the", "Spygate", "investigation", "."], "tokens_dicts_list": [{"token": "Rep.", "start_char": 72, "end_char": 76, "token_label": "NA"}, {"token": "Ron", "start_char": 77, "end_char": 80, "token_label": "NA"}, {"token": "DeSantis", "start_char": 81, "end_char": 89, "token_label": "NA"}, {"token": "(", "start_char": 90, "end_char": 91, "token_label": "NA"}, {"token": "R-FL", "start_char": 91, "end_char": 95, "token_label": "NA"}, {"token": ")", "start_char": 95, "end_char": 96, "token_label": "NA"}, {"token": "accuses", "start_char": 97, "end_char": 104, "token_label": "NA"}, {"token": "the", "start_char": 105, "end_char": 108, "token_label": "NA"}, {"token": "Republican", "start_char": 109, "end_char": 119, "token_label": "NA"}, {"token": "House", "start_char": 120, "end_char": 125, "token_label": "NA"}, {"token": "leadership", "start_char": 126, "end_char": 136, "token_label": "NA"}, {"token": "of", "start_char": 137, "end_char": 139, "token_label": "NA"}, {"token": "dragging", "start_char": 140, "end_char": 148, "token_label": "NA"}, {"token": "their", "start_char": 149, "end_char": 154, "token_label": "NA"}, {"token": "heels", "start_char": 155, "end_char": 160, "token_label": "NA"}, {"token": "in", "start_char": 161, "end_char": 163, "token_label": "NA"}, {"token": "the", "start_char": 164, "end_char": 167, "token_label": "NA"}, {"token": "Spygate", "start_char": 168, "end_char": 175, "token_label": "NA"}, {"token": "investigation", "start_char": 176, "end_char": 189, "token_label": "NA"}, {"token": ".", "start_char": 189, "end_char": 190, "token_label": "NA"}], "news_discourse_role": 7, "news_discourse_role_prob_0": 0.012056545354425907, "news_discourse_role_prob_1": 0.19199885427951813, "news_discourse_role_prob_2": 0.019810745492577553, "news_discourse_role_prob_3": 0.15672020614147186, "news_discourse_role_prob_4": 0.05839376151561737, "news_discourse_role_prob_5": 0.003883850760757923, "news_discourse_role_prob_6": 0.03437047451734543, "news_discourse_role_prob_7": 0.5150524377822876, "news_discourse_role_prob_8": 0.00771311717107892, "previous_discourse_relation": 3, "previous_discourse_relation_prob_comp": 0.002746753627434373, "previous_discourse_relation_prob_cont": 0.006003493443131447, "previous_discourse_relation_prob_temp": 0.001622110023163259, "previous_discourse_relation_prob_expan": 0.9896275997161865, "latter_discourse_relation": 3, "latter_discourse_relation_prob_comp": 0.008621535263955593, "latter_discourse_relation_prob_cont": 0.03434311971068382, "latter_discourse_relation_prob_temp": 0.0006327860173769295, "latter_discourse_relation_prob_expan": 0.9564024806022644}, {"sentence_id": 3, "sentence_start": 191, "sentence_end": 313, "sentence_text": "This has been evident for months now, as there are many connections and obvious questions that haven\u2019t been investigated.", "sentence_label": "NA", "tokens_list": ["This", "has", "been", "evident", "for", "months", "now", ",", "as", "there", "are", "many", "connections", "and", "obvious", "questions", "that", "haven\u2019t", "been", "investigated", "."], "tokens_dicts_list": [{"token": "This", "start_char": 191, "end_char": 195, "token_label": "NA"}, {"token": "has", "start_char": 196, "end_char": 199, "token_label": "NA"}, {"token": "been", "start_char": 200, "end_char": 204, "token_label": "NA"}, {"token": "evident", "start_char": 205, "end_char": 212, "token_label": "NA"}, {"token": "for", "start_char": 213, "end_char": 216, "token_label": "NA"}, {"token": "months", "start_char": 217, "end_char": 223, "token_label": "NA"}, {"token": "now", "start_char": 224, "end_char": 227, "token_label": "NA"}, {"token": ",", "start_char": 227, "end_char": 228, "token_label": "NA"}, {"token": "as", "start_char": 229, "end_char": 231, "token_label": "NA"}, {"token": "there", "start_char": 232, "end_char": 237, "token_label": "NA"}, {"token": "are", "start_char": 238, "end_char": 241, "token_label": "NA"}, {"token": "many", "start_char": 242, "end_char": 246, "token_label": "NA"}, {"token": "connections", "start_char": 247, "end_char": 258, "token_label": "NA"}, {"token": "and", "start_char": 259, "end_char": 262, "token_label": "NA"}, {"token": "obvious", "start_char": 263, "end_char": 270, "token_label": "NA"}, {"token": "questions", "start_char": 271, "end_char": 280, "token_label": "NA"}, {"token": "that", "start_char": 281, "end_char": 285, "token_label": "NA"}, {"token": "haven\u2019t", "start_char": 286, "end_char": 293, "token_label": "NA"}, {"token": "been", "start_char": 294, "end_char": 298, "token_label": "NA"}, {"token": "investigated", "start_char": 299, "end_char": 311, "token_label": "NA"}, {"token": ".", "start_char": 311, "end_char": 312, "token_label": "NA"}], "news_discourse_role": 7, "news_discourse_role_prob_0": 4.4357875594869256e-05, "news_discourse_role_prob_1": 0.04165644571185112, "news_discourse_role_prob_2": 0.0029696975834667683, "news_discourse_role_prob_3": 0.29232385754585266, "news_discourse_role_prob_4": 0.17261408269405365, "news_discourse_role_prob_5": 0.0042749494314193726, "news_discourse_role_prob_6": 0.0011482242261990905, "news_discourse_role_prob_7": 0.4835853576660156, "news_discourse_role_prob_8": 0.0013830342795699835, "previous_discourse_relation": 3, "previous_discourse_relation_prob_comp": 0.008621535263955593, "previous_discourse_relation_prob_cont": 0.03434311971068382, "previous_discourse_relation_prob_temp": 0.0006327860173769295, "previous_discourse_relation_prob_expan": 0.9564024806022644, "latter_discourse_relation": 3, "latter_discourse_relation_prob_comp": 0.0005528155015781522, "latter_discourse_relation_prob_cont": 0.0014382528606802225, "latter_discourse_relation_prob_temp": 0.00015506910858675838, "latter_discourse_relation_prob_expan": 0.9978538155555725}, {"sentence_id": 4, "sentence_start": 313, "sentence_end": 370, "sentence_text": "The FBI files contain memos that need to be scoured too.", "sentence_label": "NA", "tokens_list": ["The", "FBI", "files", "contain", "memos", "that", "need", "to", "be", "scoured", "too", "."], "tokens_dicts_list": [{"token": "The", "start_char": 313, "end_char": 316, "token_label": "NA"}, {"token": "FBI", "start_char": 317, "end_char": 320, "token_label": "NA"}, {"token": "files", "start_char": 321, "end_char": 326, "token_label": "NA"}, {"token": "contain", "start_char": 327, "end_char": 334, "token_label": "NA"}, {"token": "memos", "start_char": 335, "end_char": 340, "token_label": "NA"}, {"token": "that", "start_char": 341, "end_char": 345, "token_label": "NA"}, {"token": "need", "start_char": 346, "end_char": 350, "token_label": "NA"}, {"token": "to", "start_char": 351, "end_char": 353, "token_label": "NA"}, {"token": "be", "start_char": 354, "end_char": 356, "token_label": "NA"}, {"token": "scoured", "start_char": 357, "end_char": 364, "token_label": "NA"}, {"token": "too", "start_char": 365, "end_char": 368, "token_label": "NA"}, {"token": ".", "start_char": 368, "end_char": 369, "token_label": "NA"}], "news_discourse_role": 4, "news_discourse_role_prob_0": 0.00045165090705268085, "news_discourse_role_prob_1": 0.08257691562175751, "news_discourse_role_prob_2": 0.010385876521468163, "news_discourse_role_prob_3": 0.04967915266752243, "news_discourse_role_prob_4": 0.8096446990966797, "news_discourse_role_prob_5": 0.002672989619895816, "news_discourse_role_prob_6": 0.0006143738282844424, "news_discourse_role_prob_7": 0.036330997943878174, "news_discourse_role_prob_8": 0.007643380202353001, "previous_discourse_relation": 3, "previous_discourse_relation_prob_comp": 0.0005528155015781522, "previous_discourse_relation_prob_cont": 0.0014382528606802225, "previous_discourse_relation_prob_temp": 0.00015506910858675838, "previous_discourse_relation_prob_expan": 0.9978538155555725, "latter_discourse_relation": 3, "latter_discourse_relation_prob_comp": 0.002456734189763665, "latter_discourse_relation_prob_cont": 0.0035112916957587004, "latter_discourse_relation_prob_temp": 0.0004403071361593902, "latter_discourse_relation_prob_expan": 0.9935916066169739}, {"sentence_id": 5, "sentence_start": 370, "sentence_end": 554, "sentence_text": "The House leaders are Paul Ryan (Speaker of the House), Kevin McCarthy (Majority Leader), Steve Scalise (Majority Whip) and Cathy McMorris Rodgers (House Republican Conference Chair).", "sentence_label": "NA", "tokens_list": ["The", "House", "leaders", "are", "Paul", "Ryan", "(", "Speaker", "of", "the", "House", ")", ",", "Kevin", "McCarthy", "(", "Majority", "Leader", ")", ",", "Steve", "Scalise", "(", "Majority", "Whip", ")", "and", "Cathy", "McMorris", "Rodgers", "(", "House", "Republican", "Conference", "Chair", ")", "."], "tokens_dicts_list": [{"token": "The", "start_char": 370, "end_char": 373, "token_label": "NA"}, {"token": "House", "start_char": 374, "end_char": 379, "token_label": "NA"}, {"token": "leaders", "start_char": 380, "end_char": 387, "token_label": "NA"}, {"token": "are", "start_char": 388, "end_char": 391, "token_label": "NA"}, {"token": "Paul", "start_char": 392, "end_char": 396, "token_label": "NA"}, {"token": "Ryan", "start_char": 397, "end_char": 401, "token_label": "NA"}, {"token": "(", "start_char": 402, "end_char": 403, "token_label": "NA"}, {"token": "Speaker", "start_char": 403, "end_char": 410, "token_label": "NA"}, {"token": "of", "start_char": 411, "end_char": 413, "token_label": "NA"}, {"token": "the", "start_char": 414, "end_char": 417, "token_label": "NA"}, {"token": "House", "start_char": 418, "end_char": 423, "token_label": "NA"}, {"token": ")", "start_char": 423, "end_char": 424, "token_label": "NA"}, {"token": ",", "start_char": 424, "end_char": 425, "token_label": "NA"}, {"token": "Kevin", "start_char": 426, "end_char": 431, "token_label": "NA"}, {"token": "McCarthy", "start_char": 432, "end_char": 440, "token_label": "NA"}, {"token": "(", "start_char": 441, "end_char": 442, "token_label": "NA"}, {"token": "Majority", "start_char": 442, "end_char": 450, "token_label": "NA"}, {"token": "Leader", "start_char": 451, "end_char": 457, "token_label": "NA"}, {"token": ")", "start_char": 457, "end_char": 458, "token_label": "NA"}, {"token": ",", "start_char": 458, "end_char": 459, "token_label": "NA"}, {"token": "Steve", "start_char": 460, "end_char": 465, "token_label": "NA"}, {"token": "Scalise", "start_char": 466, "end_char": 473, "token_label": "NA"}, {"token": "(", "start_char": 474, "end_char": 475, "token_label": "NA"}, {"token": "Majority", "start_char": 475, "end_char": 483, "token_label": "NA"}, {"token": "Whip", "start_char": 484, "end_char": 488, "token_label": "NA"}, {"token": ")", "start_char": 488, "end_char": 489, "token_label": "NA"}, {"token": "and", "start_char": 490, "end_char": 493, "token_label": "NA"}, {"token": "Cathy", "start_char": 494, "end_char": 499, "token_label": "NA"}, {"token": "McMorris", "start_char": 500, "end_char": 508, "token_label": "NA"}, {"token": "Rodgers", "start_char": 509, "end_char": 516, "token_label": "NA"}, {"token": "(", "start_char": 517, "end_char": 518, "token_label": "NA"}, {"token": "House", "start_char": 518, "end_char": 523, "token_label": "NA"}, {"token": "Republican", "start_char": 524, "end_char": 534, "token_label": "NA"}, {"token": "Conference", "start_char": 535, "end_char": 545, "token_label": "NA"}, {"token": "Chair", "start_char": 546, "end_char": 551, "token_label": "NA"}, {"token": ")", "start_char": 551, "end_char": 552, "token_label": "NA"}, {"token": ".", "start_char": 552, "end_char": 553, "token_label": "NA"}], "news_discourse_role": 4, "news_discourse_role_prob_0": 0.001194233656860888, "news_discourse_role_prob_1": 0.336368590593338, "news_discourse_role_prob_2": 0.040947820991277695, "news_discourse_role_prob_3": 0.016305100172758102, "news_discourse_role_prob_4": 0.6024042367935181, "news_discourse_role_prob_5": 0.00011079147952841595, "news_discourse_role_prob_6": 0.00018454622477293015, "news_discourse_role_prob_7": 0.002111834241077304, "news_discourse_role_prob_8": 0.0003728654410224408, "previous_discourse_relation": 3, "previous_discourse_relation_prob_comp": 0.002456734189763665, "previous_discourse_relation_prob_cont": 0.0035112916957587004, "previous_discourse_relation_prob_temp": 0.0004403071361593902, "previous_discourse_relation_prob_expan": 0.9935916066169739, "latter_discourse_relation": 3, "latter_discourse_relation_prob_comp": 0.2805262506008148, "latter_discourse_relation_prob_cont": 0.13145408034324646, "latter_discourse_relation_prob_temp": 0.001049696933478117, "latter_discourse_relation_prob_expan": 0.5869700312614441}, {"sentence_id": 6, "sentence_start": 554, "sentence_end": 619, "sentence_text": "There is a decided lack of aggressiveness of this investigation.", "sentence_label": "NA", "tokens_list": ["There", "is", "a", "decided", "lack", "of", "aggressiveness", "of", "this", "investigation", "."], "tokens_dicts_list": [{"token": "There", "start_char": 554, "end_char": 559, "token_label": "NA"}, {"token": "is", "start_char": 560, "end_char": 562, "token_label": "NA"}, {"token": "a", "start_char": 563, "end_char": 564, "token_label": "NA"}, {"token": "decided", "start_char": 565, "end_char": 572, "token_label": "NA"}, {"token": "lack", "start_char": 573, "end_char": 577, "token_label": "NA"}, {"token": "of", "start_char": 578, "end_char": 580, "token_label": "NA"}, {"token": "aggressiveness", "start_char": 581, "end_char": 595, "token_label": "NA"}, {"token": "of", "start_char": 596, "end_char": 598, "token_label": "NA"}, {"token": "this", "start_char": 599, "end_char": 603, "token_label": "NA"}, {"token": "investigation", "start_char": 604, "end_char": 617, "token_label": "NA"}, {"token": ".", "start_char": 617, "end_char": 618, "token_label": "NA"}], "news_discourse_role": 7, "news_discourse_role_prob_0": 0.000955163617618382, "news_discourse_role_prob_1": 0.09318690747022629, "news_discourse_role_prob_2": 0.0010507000843062997, "news_discourse_role_prob_3": 0.06923136115074158, "news_discourse_role_prob_4": 0.008495199494063854, "news_discourse_role_prob_5": 0.003034124383702874, "news_discourse_role_prob_6": 0.0031974955927580595, "news_discourse_role_prob_7": 0.8184722661972046, "news_discourse_role_prob_8": 0.0023768432438373566, "previous_discourse_relation": 3, "previous_discourse_relation_prob_comp": 0.2805262506008148, "previous_discourse_relation_prob_cont": 0.13145408034324646, "previous_discourse_relation_prob_temp": 0.001049696933478117, "previous_discourse_relation_prob_expan": 0.5869700312614441, "latter_discourse_relation": 3, "latter_discourse_relation_prob_comp": 0.0003413036174606532, "latter_discourse_relation_prob_cont": 0.0025890953838825226, "latter_discourse_relation_prob_temp": 3.6839825042989105e-05, "latter_discourse_relation_prob_expan": 0.997032642364502}, {"sentence_id": 7, "sentence_start": 619, "sentence_end": 898, "sentence_text": "One source is Paul Ryan: Evidence: \u201cHouse Speaker Paul Ryan said Wednesday that Oversight Chairman Trey Gowdy was \u2018accurate\u2019 when he argued the FBI has acted appropriately in its ongoing probe of potential Russian links to the Trump campaign.\u201d How could Ryan possibly know this?", "sentence_label": "Doubt", "tokens_list": ["One", "source", "is", "Paul", "Ryan", ":", "Evidence", ":", "\u201cHouse", "Speaker", "Paul", "Ryan", "said", "Wednesday", "that", "Oversight", "Chairman", "Trey", "Gowdy", "was", "\u2018accurate\u2019", "when", "he", "argued", "the", "FBI", "has", "acted", "appropriately", "in", "its", "ongoing", "probe", "of", "potential", "Russian", "links", "to", "the", "Trump", "campaign.\u201d", "How", "could", "Ryan", "possibly", "know", "this", "?"], "tokens_dicts_list": [{"token": "One", "start_char": 619, "end_char": 622, "token_label": "NA"}, {"token": "source", "start_char": 623, "end_char": 629, "token_label": "NA"}, {"token": "is", "start_char": 630, "end_char": 632, "token_label": "NA"}, {"token": "Paul", "start_char": 633, "end_char": 637, "token_label": "NA"}, {"token": "Ryan", "start_char": 638, "end_char": 642, "token_label": "NA"}, {"token": ":", "start_char": 642, "end_char": 643, "token_label": "NA"}, {"token": "Evidence", "start_char": 644, "end_char": 652, "token_label": "NA"}, {"token": ":", "start_char": 652, "end_char": 653, "token_label": "NA"}, {"token": "\u201cHouse", "start_char": 654, "end_char": 660, "token_label": "NA"}, {"token": "Speaker", "start_char": 661, "end_char": 668, "token_label": "NA"}, {"token": "Paul", "start_char": 669, "end_char": 673, "token_label": "NA"}, {"token": "Ryan", "start_char": 674, "end_char": 678, "token_label": "NA"}, {"token": "said", "start_char": 679, "end_char": 683, "token_label": "NA"}, {"token": "Wednesday", "start_char": 684, "end_char": 693, "token_label": "NA"}, {"token": "that", "start_char": 694, "end_char": 698, "token_label": "NA"}, {"token": "Oversight", "start_char": 699, "end_char": 708, "token_label": "NA"}, {"token": "Chairman", "start_char": 709, "end_char": 717, "token_label": "NA"}, {"token": "Trey", "start_char": 718, "end_char": 722, "token_label": "NA"}, {"token": "Gowdy", "start_char": 723, "end_char": 728, "token_label": "NA"}, {"token": "was", "start_char": 729, "end_char": 732, "token_label": "NA"}, {"token": "\u2018accurate\u2019", "start_char": 733, "end_char": 743, "token_label": "NA"}, {"token": "when", "start_char": 744, "end_char": 748, "token_label": "NA"}, {"token": "he", "start_char": 749, "end_char": 751, "token_label": "NA"}, {"token": "argued", "start_char": 752, "end_char": 758, "token_label": "NA"}, {"token": "the", "start_char": 759, "end_char": 762, "token_label": "NA"}, {"token": "FBI", "start_char": 763, "end_char": 766, "token_label": "NA"}, {"token": "has", "start_char": 767, "end_char": 770, "token_label": "NA"}, {"token": "acted", "start_char": 771, "end_char": 776, "token_label": "NA"}, {"token": "appropriately", "start_char": 777, "end_char": 790, "token_label": "NA"}, {"token": "in", "start_char": 791, "end_char": 793, "token_label": "NA"}, {"token": "its", "start_char": 794, "end_char": 797, "token_label": "NA"}, {"token": "ongoing", "start_char": 798, "end_char": 805, "token_label": "NA"}, {"token": "probe", "start_char": 806, "end_char": 811, "token_label": "NA"}, {"token": "of", "start_char": 812, "end_char": 814, "token_label": "NA"}, {"token": "potential", "start_char": 815, "end_char": 824, "token_label": "NA"}, {"token": "Russian", "start_char": 825, "end_char": 832, "token_label": "NA"}, {"token": "links", "start_char": 833, "end_char": 838, "token_label": "NA"}, {"token": "to", "start_char": 839, "end_char": 841, "token_label": "NA"}, {"token": "the", "start_char": 842, "end_char": 845, "token_label": "NA"}, {"token": "Trump", "start_char": 846, "end_char": 851, "token_label": "NA"}, {"token": "campaign.\u201d", "start_char": 852, "end_char": 862, "token_label": "NA"}, {"token": "How", "start_char": 863, "end_char": 866, "token_label": "Doubt"}, {"token": "could", "start_char": 867, "end_char": 872, "token_label": "Doubt"}, {"token": "Ryan", "start_char": 873, "end_char": 877, "token_label": "Doubt"}, {"token": "possibly", "start_char": 878, "end_char": 886, "token_label": "Doubt"}, {"token": "know", "start_char": 887, "end_char": 891, "token_label": "Doubt"}, {"token": "this", "start_char": 892, "end_char": 896, "token_label": "Doubt"}, {"token": "?", "start_char": 896, "end_char": 897, "token_label": "Doubt"}], "news_discourse_role": 7, "news_discourse_role_prob_0": 0.0005122929578647017, "news_discourse_role_prob_1": 0.01600264199078083, "news_discourse_role_prob_2": 0.0034724127035588026, "news_discourse_role_prob_3": 0.1189517006278038, "news_discourse_role_prob_4": 0.23283632099628448, "news_discourse_role_prob_5": 0.042412519454956055, "news_discourse_role_prob_6": 0.005667614284902811, "news_discourse_role_prob_7": 0.5783870220184326, "news_discourse_role_prob_8": 0.0017574748490005732, "previous_discourse_relation": 3, "previous_discourse_relation_prob_comp": 0.0003413036174606532, "previous_discourse_relation_prob_cont": 0.0025890953838825226, "previous_discourse_relation_prob_temp": 3.6839825042989105e-05, "previous_discourse_relation_prob_expan": 0.997032642364502, "latter_discourse_relation": 3, "latter_discourse_relation_prob_comp": 0.005801785737276077, "latter_discourse_relation_prob_cont": 0.013055848889052868, "latter_discourse_relation_prob_temp": 0.00036066974280402064, "latter_discourse_relation_prob_expan": 0.9807817935943604}, {"sentence_id": 8, "sentence_start": 898, "sentence_end": 976, "sentence_text": "Isn\u2019t he prejudging the case without even finding out what actually happened?", "sentence_label": "Doubt", "tokens_list": ["Isn\u2019t", "he", "prejudging", "the", "case", "without", "even", "finding", "out", "what", "actually", "happened", "?"], "tokens_dicts_list": [{"token": "Isn\u2019t", "start_char": 898, "end_char": 903, "token_label": "Doubt"}, {"token": "he", "start_char": 904, "end_char": 906, "token_label": "Doubt"}, {"token": "prejudging", "start_char": 907, "end_char": 917, "token_label": "Doubt"}, {"token": "the", "start_char": 918, "end_char": 921, "token_label": "Doubt"}, {"token": "case", "start_char": 922, "end_char": 926, "token_label": "Doubt"}, {"token": "without", "start_char": 927, "end_char": 934, "token_label": "Doubt"}, {"token": "even", "start_char": 935, "end_char": 939, "token_label": "Doubt"}, {"token": "finding", "start_char": 940, "end_char": 947, "token_label": "Doubt"}, {"token": "out", "start_char": 948, "end_char": 951, "token_label": "Doubt"}, {"token": "what", "start_char": 952, "end_char": 956, "token_label": "Doubt"}, {"token": "actually", "start_char": 957, "end_char": 965, "token_label": "Doubt"}, {"token": "happened", "start_char": 966, "end_char": 974, "token_label": "Doubt"}, {"token": "?", "start_char": 974, "end_char": 975, "token_label": "Doubt"}], "news_discourse_role": 7, "news_discourse_role_prob_0": 0.0005468212184496224, "news_discourse_role_prob_1": 0.0308085810393095, "news_discourse_role_prob_2": 0.0002623458858579397, "news_discourse_role_prob_3": 0.022141290828585625, "news_discourse_role_prob_4": 0.002681054873391986, "news_discourse_role_prob_5": 0.006227308418601751, "news_discourse_role_prob_6": 0.008969461545348167, "news_discourse_role_prob_7": 0.9217555522918701, "news_discourse_role_prob_8": 0.006607567425817251, "previous_discourse_relation": 3, "previous_discourse_relation_prob_comp": 0.005801785737276077, "previous_discourse_relation_prob_cont": 0.013055848889052868, "previous_discourse_relation_prob_temp": 0.00036066974280402064, "previous_discourse_relation_prob_expan": 0.9807817935943604, "latter_discourse_relation": 3, "latter_discourse_relation_prob_comp": 0.008361232466995716, "latter_discourse_relation_prob_cont": 0.26364099979400635, "latter_discourse_relation_prob_temp": 0.00025878651649691164, "latter_discourse_relation_prob_expan": 0.7277389764785767}, {"sentence_id": 9, "sentence_start": 976, "sentence_end": 1074, "sentence_text": "If Ryan is correct, an investigation will show it; but the current evidence suggests he is wrong.", "sentence_label": "NA", "tokens_list": ["If", "Ryan", "is", "correct", ",", "an", "investigation", "will", "show", "it", ";", "but", "the", "current", "evidence", "suggests", "he", "is", "wrong", "."], "tokens_dicts_list": [{"token": "If", "start_char": 976, "end_char": 978, "token_label": "NA"}, {"token": "Ryan", "start_char": 979, "end_char": 983, "token_label": "NA"}, {"token": "is", "start_char": 984, "end_char": 986, "token_label": "NA"}, {"token": "correct", "start_char": 987, "end_char": 994, "token_label": "NA"}, {"token": ",", "start_char": 994, "end_char": 995, "token_label": "NA"}, {"token": "an", "start_char": 996, "end_char": 998, "token_label": "NA"}, {"token": "investigation", "start_char": 999, "end_char": 1012, "token_label": "NA"}, {"token": "will", "start_char": 1013, "end_char": 1017, "token_label": "NA"}, {"token": "show", "start_char": 1018, "end_char": 1022, "token_label": "NA"}, {"token": "it", "start_char": 1023, "end_char": 1025, "token_label": "NA"}, {"token": ";", "start_char": 1025, "end_char": 1026, "token_label": "NA"}, {"token": "but", "start_char": 1027, "end_char": 1030, "token_label": "NA"}, {"token": "the", "start_char": 1031, "end_char": 1034, "token_label": "NA"}, {"token": "current", "start_char": 1035, "end_char": 1042, "token_label": "NA"}, {"token": "evidence", "start_char": 1043, "end_char": 1051, "token_label": "NA"}, {"token": "suggests", "start_char": 1052, "end_char": 1060, "token_label": "NA"}, {"token": "he", "start_char": 1061, "end_char": 1063, "token_label": "NA"}, {"token": "is", "start_char": 1064, "end_char": 1066, "token_label": "NA"}, {"token": "wrong", "start_char": 1067, "end_char": 1072, "token_label": "NA"}, {"token": ".", "start_char": 1072, "end_char": 1073, "token_label": "NA"}], "news_discourse_role": 7, "news_discourse_role_prob_0": 0.00042875585495494306, "news_discourse_role_prob_1": 0.03291413187980652, "news_discourse_role_prob_2": 0.0008354216115549207, "news_discourse_role_prob_3": 0.015383600257337093, "news_discourse_role_prob_4": 0.0040695457719266415, "news_discourse_role_prob_5": 0.004381608683615923, "news_discourse_role_prob_6": 0.02061448059976101, "news_discourse_role_prob_7": 0.6273657083511353, "news_discourse_role_prob_8": 0.29400673508644104, "previous_discourse_relation": 3, "previous_discourse_relation_prob_comp": 0.008361232466995716, "previous_discourse_relation_prob_cont": 0.26364099979400635, "previous_discourse_relation_prob_temp": 0.00025878651649691164, "previous_discourse_relation_prob_expan": 0.7277389764785767, "latter_discourse_relation": 3, "latter_discourse_relation_prob_comp": 0.002119914861395955, "latter_discourse_relation_prob_cont": 0.20253093540668488, "latter_discourse_relation_prob_temp": 0.000466330093331635, "latter_discourse_relation_prob_expan": 0.7948828935623169}, {"sentence_id": 10, "sentence_start": 1074, "sentence_end": 1225, "sentence_text": "By short-circuiting the investigation, Ryan is betraying the interest of the American people to learn what the FBI and CIA actually did against Trump.", "sentence_label": "Flag-Waving", "tokens_list": ["By", "short-circuiting", "the", "investigation", ",", "Ryan", "is", "betraying", "the", "interest", "of", "the", "American", "people", "to", "learn", "what", "the", "FBI", "and", "CIA", "actually", "did", "against", "Trump", "."], "tokens_dicts_list": [{"token": "By", "start_char": 1074, "end_char": 1076, "token_label": "NA"}, {"token": "short-circuiting", "start_char": 1077, "end_char": 1093, "token_label": "NA"}, {"token": "the", "start_char": 1094, "end_char": 1097, "token_label": "NA"}, {"token": "investigation", "start_char": 1098, "end_char": 1111, "token_label": "NA"}, {"token": ",", "start_char": 1111, "end_char": 1112, "token_label": "NA"}, {"token": "Ryan", "start_char": 1113, "end_char": 1117, "token_label": "NA"}, {"token": "is", "start_char": 1118, "end_char": 1120, "token_label": "NA"}, {"token": "betraying", "start_char": 1121, "end_char": 1130, "token_label": "Flag-Waving"}, {"token": "the", "start_char": 1131, "end_char": 1134, "token_label": "Flag-Waving"}, {"token": "interest", "start_char": 1135, "end_char": 1143, "token_label": "Flag-Waving"}, {"token": "of", "start_char": 1144, "end_char": 1146, "token_label": "Flag-Waving"}, {"token": "the", "start_char": 1147, "end_char": 1150, "token_label": "Flag-Waving"}, {"token": "American", "start_char": 1151, "end_char": 1159, "token_label": "Flag-Waving"}, {"token": "people", "start_char": 1160, "end_char": 1166, "token_label": "Flag-Waving"}, {"token": "to", "start_char": 1167, "end_char": 1169, "token_label": "NA"}, {"token": "learn", "start_char": 1170, "end_char": 1175, "token_label": "NA"}, {"token": "what", "start_char": 1176, "end_char": 1180, "token_label": "NA"}, {"token": "the", "start_char": 1181, "end_char": 1184, "token_label": "NA"}, {"token": "FBI", "start_char": 1185, "end_char": 1188, "token_label": "NA"}, {"token": "and", "start_char": 1189, "end_char": 1192, "token_label": "NA"}, {"token": "CIA", "start_char": 1193, "end_char": 1196, "token_label": "NA"}, {"token": "actually", "start_char": 1197, "end_char": 1205, "token_label": "NA"}, {"token": "did", "start_char": 1206, "end_char": 1209, "token_label": "NA"}, {"token": "against", "start_char": 1210, "end_char": 1217, "token_label": "NA"}, {"token": "Trump", "start_char": 1218, "end_char": 1223, "token_label": "NA"}, {"token": ".", "start_char": 1223, "end_char": 1224, "token_label": "NA"}], "news_discourse_role": 7, "news_discourse_role_prob_0": 0.000884408422280103, "news_discourse_role_prob_1": 0.10464008152484894, "news_discourse_role_prob_2": 0.0010001357877627015, "news_discourse_role_prob_3": 0.01842191256582737, "news_discourse_role_prob_4": 0.004476925358176231, "news_discourse_role_prob_5": 0.003254424314945936, "news_discourse_role_prob_6": 0.0068349940702319145, "news_discourse_role_prob_7": 0.8169412612915039, "news_discourse_role_prob_8": 0.043545886874198914, "previous_discourse_relation": 3, "previous_discourse_relation_prob_comp": 0.002119914861395955, "previous_discourse_relation_prob_cont": 0.20253093540668488, "previous_discourse_relation_prob_temp": 0.000466330093331635, "previous_discourse_relation_prob_expan": 0.7948828935623169, "latter_discourse_relation": 3, "latter_discourse_relation_prob_comp": 0.005719617009162903, "latter_discourse_relation_prob_cont": 0.0008162381709553301, "latter_discourse_relation_prob_temp": 0.000299790408462286, "latter_discourse_relation_prob_expan": 0.9931643605232239}, {"sentence_id": 11, "sentence_start": 1225, "sentence_end": 1425, "sentence_text": "Another Republican who wants to stop investigating is former RNC Chair, Michael Steele: \u201cThere is no Spygate because there are no spies in the campaign.\u201d The attitude of Steve Scalise is wishy-washy.", "sentence_label": "Loaded_Language", "tokens_list": ["Another", "Republican", "who", "wants", "to", "stop", "investigating", "is", "former", "RNC", "Chair", ",", "Michael", "Steele", ":", "\u201cThere", "is", "no", "Spygate", "because", "there", "are", "no", "spies", "in", "the", "campaign.\u201d", "The", "attitude", "of", "Steve", "Scalise", "is", "wishy-washy", "."], "tokens_dicts_list": [{"token": "Another", "start_char": 1225, "end_char": 1232, "token_label": "NA"}, {"token": "Republican", "start_char": 1233, "end_char": 1243, "token_label": "NA"}, {"token": "who", "start_char": 1244, "end_char": 1247, "token_label": "NA"}, {"token": "wants", "start_char": 1248, "end_char": 1253, "token_label": "NA"}, {"token": "to", "start_char": 1254, "end_char": 1256, "token_label": "NA"}, {"token": "stop", "start_char": 1257, "end_char": 1261, "token_label": "NA"}, {"token": "investigating", "start_char": 1262, "end_char": 1275, "token_label": "NA"}, {"token": "is", "start_char": 1276, "end_char": 1278, "token_label": "NA"}, {"token": "former", "start_char": 1279, "end_char": 1285, "token_label": "NA"}, {"token": "RNC", "start_char": 1286, "end_char": 1289, "token_label": "NA"}, {"token": "Chair", "start_char": 1290, "end_char": 1295, "token_label": "NA"}, {"token": ",", "start_char": 1295, "end_char": 1296, "token_label": "NA"}, {"token": "Michael", "start_char": 1297, "end_char": 1304, "token_label": "NA"}, {"token": "Steele", "start_char": 1305, "end_char": 1311, "token_label": "NA"}, {"token": ":", "start_char": 1311, "end_char": 1312, "token_label": "NA"}, {"token": "\u201cThere", "start_char": 1313, "end_char": 1319, "token_label": "NA"}, {"token": "is", "start_char": 1320, "end_char": 1322, "token_label": "NA"}, {"token": "no", "start_char": 1323, "end_char": 1325, "token_label": "NA"}, {"token": "Spygate", "start_char": 1326, "end_char": 1333, "token_label": "NA"}, {"token": "because", "start_char": 1334, "end_char": 1341, "token_label": "NA"}, {"token": "there", "start_char": 1342, "end_char": 1347, "token_label": "NA"}, {"token": "are", "start_char": 1348, "end_char": 1351, "token_label": "NA"}, {"token": "no", "start_char": 1352, "end_char": 1354, "token_label": "NA"}, {"token": "spies", "start_char": 1355, "end_char": 1360, "token_label": "NA"}, {"token": "in", "start_char": 1361, "end_char": 1363, "token_label": "NA"}, {"token": "the", "start_char": 1364, "end_char": 1367, "token_label": "NA"}, {"token": "campaign.\u201d", "start_char": 1368, "end_char": 1378, "token_label": "NA"}, {"token": "The", "start_char": 1379, "end_char": 1382, "token_label": "NA"}, {"token": "attitude", "start_char": 1383, "end_char": 1391, "token_label": "NA"}, {"token": "of", "start_char": 1392, "end_char": 1394, "token_label": "NA"}, {"token": "Steve", "start_char": 1395, "end_char": 1400, "token_label": "NA"}, {"token": "Scalise", "start_char": 1401, "end_char": 1408, "token_label": "NA"}, {"token": "is", "start_char": 1409, "end_char": 1411, "token_label": "NA"}, {"token": "wishy-washy", "start_char": 1412, "end_char": 1423, "token_label": "Loaded_Language"}, {"token": ".", "start_char": 1423, "end_char": 1424, "token_label": "NA"}], "news_discourse_role": 7, "news_discourse_role_prob_0": 0.0015259215142577887, "news_discourse_role_prob_1": 0.047869812697172165, "news_discourse_role_prob_2": 0.001971716759726405, "news_discourse_role_prob_3": 0.011631782166659832, "news_discourse_role_prob_4": 0.008628620766103268, "news_discourse_role_prob_5": 0.002824984258040786, "news_discourse_role_prob_6": 0.04869117960333824, "news_discourse_role_prob_7": 0.843867301940918, "news_discourse_role_prob_8": 0.03298867866396904, "previous_discourse_relation": 3, "previous_discourse_relation_prob_comp": 0.005719617009162903, "previous_discourse_relation_prob_cont": 0.0008162381709553301, "previous_discourse_relation_prob_temp": 0.000299790408462286, "previous_discourse_relation_prob_expan": 0.9931643605232239, "latter_discourse_relation": 3, "latter_discourse_relation_prob_comp": 0.0021622178610414267, "latter_discourse_relation_prob_cont": 0.03585059195756912, "latter_discourse_relation_prob_temp": 0.0002256875013699755, "latter_discourse_relation_prob_expan": 0.9617614150047302}, {"sentence_id": 12, "sentence_start": 1425, "sentence_end": 1566, "sentence_text": "He\u2019s open to a special prosecutor, but his responses come across as passive, lacking push, zeal and enthusiasm to delve deeply into Spygate.", "sentence_label": "Loaded_Language", "tokens_list": ["He\u2019s", "open", "to", "a", "special", "prosecutor", ",", "but", "his", "responses", "come", "across", "as", "passive", ",", "lacking", "push", ",", "zeal", "and", "enthusiasm", "to", "delve", "deeply", "into", "Spygate", "."], "tokens_dicts_list": [{"token": "He\u2019s", "start_char": 1425, "end_char": 1429, "token_label": "NA"}, {"token": "open", "start_char": 1430, "end_char": 1434, "token_label": "NA"}, {"token": "to", "start_char": 1435, "end_char": 1437, "token_label": "NA"}, {"token": "a", "start_char": 1438, "end_char": 1439, "token_label": "NA"}, {"token": "special", "start_char": 1440, "end_char": 1447, "token_label": "NA"}, {"token": "prosecutor", "start_char": 1448, "end_char": 1458, "token_label": "NA"}, {"token": ",", "start_char": 1458, "end_char": 1459, "token_label": "NA"}, {"token": "but", "start_char": 1460, "end_char": 1463, "token_label": "NA"}, {"token": "his", "start_char": 1464, "end_char": 1467, "token_label": "NA"}, {"token": "responses", "start_char": 1468, "end_char": 1477, "token_label": "NA"}, {"token": "come", "start_char": 1478, "end_char": 1482, "token_label": "NA"}, {"token": "across", "start_char": 1483, "end_char": 1489, "token_label": "NA"}, {"token": "as", "start_char": 1490, "end_char": 1492, "token_label": "NA"}, {"token": "passive", "start_char": 1493, "end_char": 1500, "token_label": "NA"}, {"token": ",", "start_char": 1500, "end_char": 1501, "token_label": "NA"}, {"token": "lacking", "start_char": 1502, "end_char": 1509, "token_label": "Loaded_Language"}, {"token": "push", "start_char": 1510, "end_char": 1514, "token_label": "Loaded_Language"}, {"token": ",", "start_char": 1514, "end_char": 1515, "token_label": "Loaded_Language"}, {"token": "zeal", "start_char": 1516, "end_char": 1520, "token_label": "Loaded_Language"}, {"token": "and", "start_char": 1521, "end_char": 1524, "token_label": "Loaded_Language"}, {"token": "enthusiasm", "start_char": 1525, "end_char": 1535, "token_label": "Loaded_Language"}, {"token": "to", "start_char": 1536, "end_char": 1538, "token_label": "NA"}, {"token": "delve", "start_char": 1539, "end_char": 1544, "token_label": "NA"}, {"token": "deeply", "start_char": 1545, "end_char": 1551, "token_label": "NA"}, {"token": "into", "start_char": 1552, "end_char": 1556, "token_label": "NA"}, {"token": "Spygate", "start_char": 1557, "end_char": 1564, "token_label": "NA"}, {"token": ".", "start_char": 1564, "end_char": 1565, "token_label": "NA"}], "news_discourse_role": 7, "news_discourse_role_prob_0": 6.654304161202163e-05, "news_discourse_role_prob_1": 0.007631766609847546, "news_discourse_role_prob_2": 0.00022932174033485353, "news_discourse_role_prob_3": 0.00575884198769927, "news_discourse_role_prob_4": 0.007181315217167139, "news_discourse_role_prob_5": 0.0020043731201440096, "news_discourse_role_prob_6": 0.010376153513789177, "news_discourse_role_prob_7": 0.9569888114929199, "news_discourse_role_prob_8": 0.009762872010469437, "previous_discourse_relation": 3, "previous_discourse_relation_prob_comp": 0.0021622178610414267, "previous_discourse_relation_prob_cont": 0.03585059195756912, "previous_discourse_relation_prob_temp": 0.0002256875013699755, "previous_discourse_relation_prob_expan": 0.9617614150047302, "latter_discourse_relation": 3, "latter_discourse_relation_prob_comp": 0.007818046025931835, "latter_discourse_relation_prob_cont": 0.20425276458263397, "latter_discourse_relation_prob_temp": 0.0004954097094014287, "latter_discourse_relation_prob_expan": 0.7874338030815125}, {"sentence_id": 13, "sentence_start": 1566, "sentence_end": 1786, "sentence_text": "There is a kind of coverup at work here in which important Republicans do not want to bolster Trump by adding substance to Spygate, and they do not want to clean up the FBI by aggressively investigating Spygate further.", "sentence_label": "NA", "tokens_list": ["There", "is", "a", "kind", "of", "coverup", "at", "work", "here", "in", "which", "important", "Republicans", "do", "not", "want", "to", "bolster", "Trump", "by", "adding", "substance", "to", "Spygate", ",", "and", "they", "do", "not", "want", "to", "clean", "up", "the", "FBI", "by", "aggressively", "investigating", "Spygate", "further", "."], "tokens_dicts_list": [{"token": "There", "start_char": 1566, "end_char": 1571, "token_label": "NA"}, {"token": "is", "start_char": 1572, "end_char": 1574, "token_label": "NA"}, {"token": "a", "start_char": 1575, "end_char": 1576, "token_label": "NA"}, {"token": "kind", "start_char": 1577, "end_char": 1581, "token_label": "NA"}, {"token": "of", "start_char": 1582, "end_char": 1584, "token_label": "NA"}, {"token": "coverup", "start_char": 1585, "end_char": 1592, "token_label": "NA"}, {"token": "at", "start_char": 1593, "end_char": 1595, "token_label": "NA"}, {"token": "work", "start_char": 1596, "end_char": 1600, "token_label": "NA"}, {"token": "here", "start_char": 1601, "end_char": 1605, "token_label": "NA"}, {"token": "in", "start_char": 1606, "end_char": 1608, "token_label": "NA"}, {"token": "which", "start_char": 1609, "end_char": 1614, "token_label": "NA"}, {"token": "important", "start_char": 1615, "end_char": 1624, "token_label": "NA"}, {"token": "Republicans", "start_char": 1625, "end_char": 1636, "token_label": "NA"}, {"token": "do", "start_char": 1637, "end_char": 1639, "token_label": "NA"}, {"token": "not", "start_char": 1640, "end_char": 1643, "token_label": "NA"}, {"token": "want", "start_char": 1644, "end_char": 1648, "token_label": "NA"}, {"token": "to", "start_char": 1649, "end_char": 1651, "token_label": "NA"}, {"token": "bolster", "start_char": 1652, "end_char": 1659, "token_label": "NA"}, {"token": "Trump", "start_char": 1660, "end_char": 1665, "token_label": "NA"}, {"token": "by", "start_char": 1666, "end_char": 1668, "token_label": "NA"}, {"token": "adding", "start_char": 1669, "end_char": 1675, "token_label": "NA"}, {"token": "substance", "start_char": 1676, "end_char": 1685, "token_label": "NA"}, {"token": "to", "start_char": 1686, "end_char": 1688, "token_label": "NA"}, {"token": "Spygate", "start_char": 1689, "end_char": 1696, "token_label": "NA"}, {"token": ",", "start_char": 1696, "end_char": 1697, "token_label": "NA"}, {"token": "and", "start_char": 1698, "end_char": 1701, "token_label": "NA"}, {"token": "they", "start_char": 1702, "end_char": 1706, "token_label": "NA"}, {"token": "do", "start_char": 1707, "end_char": 1709, "token_label": "NA"}, {"token": "not", "start_char": 1710, "end_char": 1713, "token_label": "NA"}, {"token": "want", "start_char": 1714, "end_char": 1718, "token_label": "NA"}, {"token": "to", "start_char": 1719, "end_char": 1721, "token_label": "NA"}, {"token": "clean", "start_char": 1722, "end_char": 1727, "token_label": "NA"}, {"token": "up", "start_char": 1728, "end_char": 1730, "token_label": "NA"}, {"token": "the", "start_char": 1731, "end_char": 1734, "token_label": "NA"}, {"token": "FBI", "start_char": 1735, "end_char": 1738, "token_label": "NA"}, {"token": "by", "start_char": 1739, "end_char": 1741, "token_label": "NA"}, {"token": "aggressively", "start_char": 1742, "end_char": 1754, "token_label": "NA"}, {"token": "investigating", "start_char": 1755, "end_char": 1768, "token_label": "NA"}, {"token": "Spygate", "start_char": 1769, "end_char": 1776, "token_label": "NA"}, {"token": "further", "start_char": 1777, "end_char": 1784, "token_label": "NA"}, {"token": ".", "start_char": 1784, "end_char": 1785, "token_label": "NA"}], "news_discourse_role": 7, "news_discourse_role_prob_0": 0.0008141258149407804, "news_discourse_role_prob_1": 0.08581633865833282, "news_discourse_role_prob_2": 0.0005237217410467565, "news_discourse_role_prob_3": 0.03010077029466629, "news_discourse_role_prob_4": 0.007849142886698246, "news_discourse_role_prob_5": 0.002148908097296953, "news_discourse_role_prob_6": 0.002447999780997634, "news_discourse_role_prob_7": 0.8474879860877991, "news_discourse_role_prob_8": 0.022810986265540123, "previous_discourse_relation": 3, "previous_discourse_relation_prob_comp": 0.007818046025931835, "previous_discourse_relation_prob_cont": 0.20425276458263397, "previous_discourse_relation_prob_temp": 0.0004954097094014287, "previous_discourse_relation_prob_expan": 0.7874338030815125, "latter_discourse_relation": 3, "latter_discourse_relation_prob_comp": 0.0005222326144576073, "latter_discourse_relation_prob_cont": 0.0030620030593127012, "latter_discourse_relation_prob_temp": 3.0389886887860484e-05, "latter_discourse_relation_prob_expan": 0.9963853359222412}, {"sentence_id": 14, "sentence_start": 1786, "sentence_end": 1870, "sentence_text": "They don\u2019t want the rotten inner workings of the organization to be aired publicly.", "sentence_label": "Loaded_Language", "tokens_list": ["They", "don\u2019t", "want", "the", "rotten", "inner", "workings", "of", "the", "organization", "to", "be", "aired", "publicly", "."], "tokens_dicts_list": [{"token": "They", "start_char": 1786, "end_char": 1790, "token_label": "NA"}, {"token": "don\u2019t", "start_char": 1791, "end_char": 1796, "token_label": "NA"}, {"token": "want", "start_char": 1797, "end_char": 1801, "token_label": "NA"}, {"token": "the", "start_char": 1802, "end_char": 1805, "token_label": "Loaded_Language"}, {"token": "rotten", "start_char": 1806, "end_char": 1812, "token_label": "Loaded_Language"}, {"token": "inner", "start_char": 1813, "end_char": 1818, "token_label": "Loaded_Language"}, {"token": "workings", "start_char": 1819, "end_char": 1827, "token_label": "Loaded_Language"}, {"token": "of", "start_char": 1828, "end_char": 1830, "token_label": "NA"}, {"token": "the", "start_char": 1831, "end_char": 1834, "token_label": "NA"}, {"token": "organization", "start_char": 1835, "end_char": 1847, "token_label": "NA"}, {"token": "to", "start_char": 1848, "end_char": 1850, "token_label": "NA"}, {"token": "be", "start_char": 1851, "end_char": 1853, "token_label": "NA"}, {"token": "aired", "start_char": 1854, "end_char": 1859, "token_label": "NA"}, {"token": "publicly", "start_char": 1860, "end_char": 1868, "token_label": "NA"}, {"token": ".", "start_char": 1868, "end_char": 1869, "token_label": "NA"}], "news_discourse_role": 7, "news_discourse_role_prob_0": 0.0006184414378367364, "news_discourse_role_prob_1": 0.016845544800162315, "news_discourse_role_prob_2": 0.0033251415006816387, "news_discourse_role_prob_3": 0.01857740245759487, "news_discourse_role_prob_4": 0.03816741704940796, "news_discourse_role_prob_5": 0.004968361463397741, "news_discourse_role_prob_6": 0.03626258298754692, "news_discourse_role_prob_7": 0.8072904348373413, "news_discourse_role_prob_8": 0.07394463568925858, "previous_discourse_relation": 3, "previous_discourse_relation_prob_comp": 0.0005222326144576073, "previous_discourse_relation_prob_cont": 0.0030620030593127012, "previous_discourse_relation_prob_temp": 3.0389886887860484e-05, "previous_discourse_relation_prob_expan": 0.9963853359222412, "latter_discourse_relation": 3, "latter_discourse_relation_prob_comp": 0.0008783641969785094, "latter_discourse_relation_prob_cont": 0.005793523043394089, "latter_discourse_relation_prob_temp": 8.003906987141818e-05, "latter_discourse_relation_prob_expan": 0.9932481050491333}, {"sentence_id": 15, "sentence_start": 1870, "sentence_end": 1914, "sentence_text": "They want to preserve the FBI\u2019s reputation.", "sentence_label": "Straw_Men", "tokens_list": ["They", "want", "to", "preserve", "the", "FBI\u2019s", "reputation", "."], "tokens_dicts_list": [{"token": "They", "start_char": 1870, "end_char": 1874, "token_label": "Straw_Men"}, {"token": "want", "start_char": 1875, "end_char": 1879, "token_label": "Straw_Men"}, {"token": "to", "start_char": 1880, "end_char": 1882, "token_label": "Straw_Men"}, {"token": "preserve", "start_char": 1883, "end_char": 1891, "token_label": "Straw_Men"}, {"token": "the", "start_char": 1892, "end_char": 1895, "token_label": "Straw_Men"}, {"token": "FBI\u2019s", "start_char": 1896, "end_char": 1901, "token_label": "Straw_Men"}, {"token": "reputation", "start_char": 1902, "end_char": 1912, "token_label": "Straw_Men"}, {"token": ".", "start_char": 1912, "end_char": 1913, "token_label": "Straw_Men"}], "news_discourse_role": 7, "news_discourse_role_prob_0": 0.001859292620792985, "news_discourse_role_prob_1": 0.006140050478279591, "news_discourse_role_prob_2": 0.00221178587526083, "news_discourse_role_prob_3": 0.010441132821142673, "news_discourse_role_prob_4": 0.027602193877100945, "news_discourse_role_prob_5": 0.005612035281956196, "news_discourse_role_prob_6": 0.05121508240699768, "news_discourse_role_prob_7": 0.788057267665863, "news_discourse_role_prob_8": 0.10686125606298447, "previous_discourse_relation": 3, "previous_discourse_relation_prob_comp": 0.0008783641969785094, "previous_discourse_relation_prob_cont": 0.005793523043394089, "previous_discourse_relation_prob_temp": 8.003906987141818e-05, "previous_discourse_relation_prob_expan": 0.9932481050491333, "latter_discourse_relation": 3, "latter_discourse_relation_prob_comp": 0.01492761168628931, "latter_discourse_relation_prob_cont": 0.05784409120678902, "latter_discourse_relation_prob_temp": 0.0006287543219514191, "latter_discourse_relation_prob_expan": 0.9265995025634766}, {"sentence_id": 16, "sentence_start": 1914, "sentence_end": 1955, "sentence_text": "They don\u2019t care to see Trump vindicated.", "sentence_label": "Straw_Men", "tokens_list": ["They", "don\u2019t", "care", "to", "see", "Trump", "vindicated", "."], "tokens_dicts_list": [{"token": "They", "start_char": 1914, "end_char": 1918, "token_label": "Straw_Men"}, {"token": "don\u2019t", "start_char": 1919, "end_char": 1924, "token_label": "Straw_Men"}, {"token": "care", "start_char": 1925, "end_char": 1929, "token_label": "Straw_Men"}, {"token": "to", "start_char": 1930, "end_char": 1932, "token_label": "Straw_Men"}, {"token": "see", "start_char": 1933, "end_char": 1936, "token_label": "Straw_Men"}, {"token": "Trump", "start_char": 1937, "end_char": 1942, "token_label": "Straw_Men"}, {"token": "vindicated", "start_char": 1943, "end_char": 1953, "token_label": "Straw_Men"}, {"token": ".", "start_char": 1953, "end_char": 1954, "token_label": "Straw_Men"}], "news_discourse_role": 7, "news_discourse_role_prob_0": 0.0018668065313249826, "news_discourse_role_prob_1": 0.004968683701008558, "news_discourse_role_prob_2": 0.0009673142340034246, "news_discourse_role_prob_3": 0.007872512564063072, "news_discourse_role_prob_4": 0.011226527392864227, "news_discourse_role_prob_5": 0.004435431677848101, "news_discourse_role_prob_6": 0.037639766931533813, "news_discourse_role_prob_7": 0.8618133664131165, "news_discourse_role_prob_8": 0.06920958310365677, "previous_discourse_relation": 3, "previous_discourse_relation_prob_comp": 0.01492761168628931, "previous_discourse_relation_prob_cont": 0.05784409120678902, "previous_discourse_relation_prob_temp": 0.0006287543219514191, "previous_discourse_relation_prob_expan": 0.9265995025634766, "latter_discourse_relation": 1, "latter_discourse_relation_prob_comp": 0.061874307692050934, "latter_discourse_relation_prob_cont": 0.5646533966064453, "latter_discourse_relation_prob_temp": 0.0003884369507431984, "latter_discourse_relation_prob_expan": 0.37308385968208313}, {"sentence_id": 17, "sentence_start": 1955, "sentence_end": 2028, "sentence_text": "The contrast with the Watergate investigation and hearings is startling.", "sentence_label": "Loaded_Language", "tokens_list": ["The", "contrast", "with", "the", "Watergate", "investigation", "and", "hearings", "is", "startling", "."], "tokens_dicts_list": [{"token": "The", "start_char": 1955, "end_char": 1958, "token_label": "NA"}, {"token": "contrast", "start_char": 1959, "end_char": 1967, "token_label": "NA"}, {"token": "with", "start_char": 1968, "end_char": 1972, "token_label": "NA"}, {"token": "the", "start_char": 1973, "end_char": 1976, "token_label": "NA"}, {"token": "Watergate", "start_char": 1977, "end_char": 1986, "token_label": "NA"}, {"token": "investigation", "start_char": 1987, "end_char": 2000, "token_label": "NA"}, {"token": "and", "start_char": 2001, "end_char": 2004, "token_label": "NA"}, {"token": "hearings", "start_char": 2005, "end_char": 2013, "token_label": "NA"}, {"token": "is", "start_char": 2014, "end_char": 2016, "token_label": "NA"}, {"token": "startling", "start_char": 2017, "end_char": 2026, "token_label": "Loaded_Language"}, {"token": ".", "start_char": 2026, "end_char": 2027, "token_label": "NA"}], "news_discourse_role": 7, "news_discourse_role_prob_0": 0.0034949362743645906, "news_discourse_role_prob_1": 0.004456409253180027, "news_discourse_role_prob_2": 0.000518171931616962, "news_discourse_role_prob_3": 0.0074459584429860115, "news_discourse_role_prob_4": 0.006069623865187168, "news_discourse_role_prob_5": 0.005490818526595831, "news_discourse_role_prob_6": 0.004587685223668814, "news_discourse_role_prob_7": 0.9667870402336121, "news_discourse_role_prob_8": 0.0011493898928165436, "previous_discourse_relation": 1, "previous_discourse_relation_prob_comp": 0.061874307692050934, "previous_discourse_relation_prob_cont": 0.5646533966064453, "previous_discourse_relation_prob_temp": 0.0003884369507431984, "previous_discourse_relation_prob_expan": 0.37308385968208313, "latter_discourse_relation": 3, "latter_discourse_relation_prob_comp": 0.0013671073829755187, "latter_discourse_relation_prob_cont": 0.05279195308685303, "latter_discourse_relation_prob_temp": 0.018647197633981705, "latter_discourse_relation_prob_expan": 0.9271937012672424}, {"sentence_id": 18, "sentence_start": 2028, "sentence_end": 2052, "sentence_text": "1:33 pm on June 6, 2018", "sentence_label": "NA", "tokens_list": ["1:33", "pm", "on", "June", "6", ",", "2018"], "tokens_dicts_list": [{"token": "1:33", "start_char": 2028, "end_char": 2032, "token_label": "NA"}, {"token": "pm", "start_char": 2033, "end_char": 2035, "token_label": "NA"}, {"token": "on", "start_char": 2036, "end_char": 2038, "token_label": "NA"}, {"token": "June", "start_char": 2039, "end_char": 2043, "token_label": "NA"}, {"token": "6", "start_char": 2044, "end_char": 2045, "token_label": "NA"}, {"token": ",", "start_char": 2045, "end_char": 2046, "token_label": "NA"}, {"token": "2018", "start_char": 2047, "end_char": 2051, "token_label": "NA"}], "news_discourse_role": 0, "news_discourse_role_prob_0": 0.998364269733429, "news_discourse_role_prob_1": 3.540407487889752e-05, "news_discourse_role_prob_2": 6.757009396096691e-05, "news_discourse_role_prob_3": 6.847803888376802e-05, "news_discourse_role_prob_4": 0.0005245964275673032, "news_discourse_role_prob_5": 0.0008177474956028163, "news_discourse_role_prob_6": 3.655792897916399e-05, "news_discourse_role_prob_7": 7.539297075709328e-05, "news_discourse_role_prob_8": 9.988445526687428e-06, "previous_discourse_relation": 3, "previous_discourse_relation_prob_comp": 0.0013671073829755187, "previous_discourse_relation_prob_cont": 0.05279195308685303, "previous_discourse_relation_prob_temp": 0.018647197633981705, "previous_discourse_relation_prob_expan": 0.9271937012672424, "latter_discourse_relation": 3, "latter_discourse_relation_prob_comp": 0.006373769138008356, "latter_discourse_relation_prob_cont": 0.4160645306110382, "latter_discourse_relation_prob_temp": 0.0642276406288147, "latter_discourse_relation_prob_expan": 0.5133340358734131}, {"sentence_id": 19, "sentence_start": 2052, "sentence_end": 2082, "sentence_text": "The Best of Michael S. Rozeff", "sentence_label": "NA", "tokens_list": ["The", "Best", "of", "Michael", "S.", "Rozeff"], "tokens_dicts_list": [{"token": "The", "start_char": 2052, "end_char": 2055, "token_label": "NA"}, {"token": "Best", "start_char": 2056, "end_char": 2060, "token_label": "NA"}, {"token": "of", "start_char": 2061, "end_char": 2063, "token_label": "NA"}, {"token": "Michael", "start_char": 2064, "end_char": 2071, "token_label": "NA"}, {"token": "S.", "start_char": 2072, "end_char": 2074, "token_label": "NA"}, {"token": "Rozeff", "start_char": 2075, "end_char": 2081, "token_label": "NA"}], "news_discourse_role": 0, "news_discourse_role_prob_0": 0.974953830242157, "news_discourse_role_prob_1": 0.00020350381964817643, "news_discourse_role_prob_2": 0.0004367937508504838, "news_discourse_role_prob_3": 0.0008091994095593691, "news_discourse_role_prob_4": 0.009427334181964397, "news_discourse_role_prob_5": 0.0063546993769705296, "news_discourse_role_prob_6": 0.0005369261489249766, "news_discourse_role_prob_7": 0.00703929178416729, "news_discourse_role_prob_8": 0.0002384079562034458, "previous_discourse_relation": 3, "previous_discourse_relation_prob_comp": 0.006373769138008356, "previous_discourse_relation_prob_cont": 0.4160645306110382, "previous_discourse_relation_prob_temp": 0.0642276406288147, "previous_discourse_relation_prob_expan": 0.5133340358734131, "latter_discourse_relation": -1}]}