{"file_name": "./Propaganda/json_annotations/train/article7709388279.json", "num_sentences": 25, "sentences": [{"sentence_id": 0, "sentence_start": 0, "sentence_end": 53, "sentence_text": "The Hammond Pardons Bring Justice to Obama's Victims", "sentence_label": "Name_Calling,Labeling", "tokens_list": ["The", "Hammond", "Pardons", "Bring", "Justice", "to", "Obama", "'s", "Victims"], "tokens_dicts_list": [{"token": "The", "start_char": 0, "end_char": 3, "token_label": "NA"}, {"token": "Hammond", "start_char": 4, "end_char": 11, "token_label": "NA"}, {"token": "Pardons", "start_char": 12, "end_char": 19, "token_label": "NA"}, {"token": "Bring", "start_char": 20, "end_char": 25, "token_label": "NA"}, {"token": "Justice", "start_char": 26, "end_char": 33, "token_label": "NA"}, {"token": "to", "start_char": 34, "end_char": 36, "token_label": "NA"}, {"token": "Obama", "start_char": 37, "end_char": 42, "token_label": "Name_Calling,Labeling"}, {"token": "'s", "start_char": 42, "end_char": 44, "token_label": "Name_Calling,Labeling"}, {"token": "Victims", "start_char": 45, "end_char": 52, "token_label": "Name_Calling,Labeling"}], "news_discourse_role": 0, "news_discourse_role_prob_0": 0.7267583012580872, "news_discourse_role_prob_1": 0.2544510066509247, "news_discourse_role_prob_2": 0.00380268064327538, "news_discourse_role_prob_3": 0.004329428542405367, "news_discourse_role_prob_4": 0.008917958475649357, "news_discourse_role_prob_5": 8.86928173713386e-05, "news_discourse_role_prob_6": 0.0004395311407279223, "news_discourse_role_prob_7": 0.000668885768391192, "news_discourse_role_prob_8": 0.0005433723563328385, "latter_discourse_relation": 3, "latter_discourse_relation_prob_comp": 0.08092842251062393, "latter_discourse_relation_prob_cont": 0.24932746589183807, "latter_discourse_relation_prob_temp": 0.006262569688260555, "latter_discourse_relation_prob_expan": 0.663481593132019, "previous_discourse_relation": -1}, {"sentence_id": 1, "sentence_start": 54, "sentence_end": 188, "sentence_text": "The media very deliberately misreported the Bundy standoff, ridiculing the men involved and shrugging at the murder of LaVoy Finicum.", "sentence_label": "Exaggeration,Minimisation", "tokens_list": ["The", "media", "very", "deliberately", "misreported", "the", "Bundy", "standoff", ",", "ridiculing", "the", "men", "involved", "and", "shrugging", "at", "the", "murder", "of", "LaVoy", "Finicum", "."], "tokens_dicts_list": [{"token": "The", "start_char": 54, "end_char": 57, "token_label": "NA"}, {"token": "media", "start_char": 58, "end_char": 63, "token_label": "NA"}, {"token": "very", "start_char": 64, "end_char": 68, "token_label": "Loaded_Language"}, {"token": "deliberately", "start_char": 69, "end_char": 81, "token_label": "Loaded_Language"}, {"token": "misreported", "start_char": 82, "end_char": 93, "token_label": "NA"}, {"token": "the", "start_char": 94, "end_char": 97, "token_label": "NA"}, {"token": "Bundy", "start_char": 98, "end_char": 103, "token_label": "NA"}, {"token": "standoff", "start_char": 104, "end_char": 112, "token_label": "NA"}, {"token": ",", "start_char": 112, "end_char": 113, "token_label": "NA"}, {"token": "ridiculing", "start_char": 114, "end_char": 124, "token_label": "Loaded_Language"}, {"token": "the", "start_char": 125, "end_char": 128, "token_label": "NA"}, {"token": "men", "start_char": 129, "end_char": 132, "token_label": "NA"}, {"token": "involved", "start_char": 133, "end_char": 141, "token_label": "NA"}, {"token": "and", "start_char": 142, "end_char": 145, "token_label": "NA"}, {"token": "shrugging", "start_char": 146, "end_char": 155, "token_label": "Exaggeration,Minimisation"}, {"token": "at", "start_char": 156, "end_char": 158, "token_label": "Exaggeration,Minimisation"}, {"token": "the", "start_char": 159, "end_char": 162, "token_label": "Exaggeration,Minimisation"}, {"token": "murder", "start_char": 163, "end_char": 169, "token_label": "Exaggeration,Minimisation"}, {"token": "of", "start_char": 170, "end_char": 172, "token_label": "NA"}, {"token": "LaVoy", "start_char": 173, "end_char": 178, "token_label": "NA"}, {"token": "Finicum", "start_char": 179, "end_char": 186, "token_label": "NA"}, {"token": ".", "start_char": 186, "end_char": 187, "token_label": "NA"}], "news_discourse_role": 7, "news_discourse_role_prob_0": 0.000645921565592289, "news_discourse_role_prob_1": 0.14353667199611664, "news_discourse_role_prob_2": 0.006850316654890776, "news_discourse_role_prob_3": 0.32306650280952454, "news_discourse_role_prob_4": 0.18839721381664276, "news_discourse_role_prob_5": 0.006514485459774733, "news_discourse_role_prob_6": 0.004220476374030113, "news_discourse_role_prob_7": 0.3238796889781952, "news_discourse_role_prob_8": 0.0028887318912893534, "previous_discourse_relation": 3, "previous_discourse_relation_prob_comp": 0.08092842251062393, "previous_discourse_relation_prob_cont": 0.24932746589183807, "previous_discourse_relation_prob_temp": 0.006262569688260555, "previous_discourse_relation_prob_expan": 0.663481593132019, "latter_discourse_relation": 3, "latter_discourse_relation_prob_comp": 0.01090988889336586, "latter_discourse_relation_prob_cont": 0.034308675676584244, "latter_discourse_relation_prob_temp": 0.07024725526571274, "latter_discourse_relation_prob_expan": 0.8845341801643372}, {"sentence_id": 2, "sentence_start": 188, "sentence_end": 258, "sentence_text": "When the court case completely collapsed, the media buried the story.", "sentence_label": "Exaggeration,Minimisation", "tokens_list": ["When", "the", "court", "case", "completely", "collapsed", ",", "the", "media", "buried", "the", "story", "."], "tokens_dicts_list": [{"token": "When", "start_char": 188, "end_char": 192, "token_label": "NA"}, {"token": "the", "start_char": 193, "end_char": 196, "token_label": "NA"}, {"token": "court", "start_char": 197, "end_char": 202, "token_label": "NA"}, {"token": "case", "start_char": 203, "end_char": 207, "token_label": "NA"}, {"token": "completely", "start_char": 208, "end_char": 218, "token_label": "Exaggeration,Minimisation"}, {"token": "collapsed", "start_char": 219, "end_char": 228, "token_label": "Exaggeration,Minimisation"}, {"token": ",", "start_char": 228, "end_char": 229, "token_label": "NA"}, {"token": "the", "start_char": 230, "end_char": 233, "token_label": "NA"}, {"token": "media", "start_char": 234, "end_char": 239, "token_label": "NA"}, {"token": "buried", "start_char": 240, "end_char": 246, "token_label": "NA"}, {"token": "the", "start_char": 247, "end_char": 250, "token_label": "NA"}, {"token": "story", "start_char": 251, "end_char": 256, "token_label": "NA"}, {"token": ".", "start_char": 256, "end_char": 257, "token_label": "NA"}], "news_discourse_role": 1, "news_discourse_role_prob_0": 0.0006659613572992384, "news_discourse_role_prob_1": 0.30594491958618164, "news_discourse_role_prob_2": 0.027123859152197838, "news_discourse_role_prob_3": 0.30512669682502747, "news_discourse_role_prob_4": 0.21657292544841766, "news_discourse_role_prob_5": 0.006632682401686907, "news_discourse_role_prob_6": 0.005391055718064308, "news_discourse_role_prob_7": 0.12885113060474396, "news_discourse_role_prob_8": 0.0036907801404595375, "previous_discourse_relation": 3, "previous_discourse_relation_prob_comp": 0.01090988889336586, "previous_discourse_relation_prob_cont": 0.034308675676584244, "previous_discourse_relation_prob_temp": 0.07024725526571274, "previous_discourse_relation_prob_expan": 0.8845341801643372, "latter_discourse_relation": 3, "latter_discourse_relation_prob_comp": 0.009410552680492401, "latter_discourse_relation_prob_cont": 0.03987947851419449, "latter_discourse_relation_prob_temp": 0.022359712049365044, "latter_discourse_relation_prob_expan": 0.9283503293991089}, {"sentence_id": 3, "sentence_start": 258, "sentence_end": 348, "sentence_text": "Just as it failed to provide any meaningful information about the background of the case.", "sentence_label": "NA", "tokens_list": ["Just", "as", "it", "failed", "to", "provide", "any", "meaningful", "information", "about", "the", "background", "of", "the", "case", "."], "tokens_dicts_list": [{"token": "Just", "start_char": 258, "end_char": 262, "token_label": "NA"}, {"token": "as", "start_char": 263, "end_char": 265, "token_label": "NA"}, {"token": "it", "start_char": 266, "end_char": 268, "token_label": "NA"}, {"token": "failed", "start_char": 269, "end_char": 275, "token_label": "NA"}, {"token": "to", "start_char": 276, "end_char": 278, "token_label": "NA"}, {"token": "provide", "start_char": 279, "end_char": 286, "token_label": "NA"}, {"token": "any", "start_char": 287, "end_char": 290, "token_label": "NA"}, {"token": "meaningful", "start_char": 291, "end_char": 301, "token_label": "NA"}, {"token": "information", "start_char": 302, "end_char": 313, "token_label": "NA"}, {"token": "about", "start_char": 314, "end_char": 319, "token_label": "NA"}, {"token": "the", "start_char": 320, "end_char": 323, "token_label": "NA"}, {"token": "background", "start_char": 324, "end_char": 334, "token_label": "NA"}, {"token": "of", "start_char": 335, "end_char": 337, "token_label": "NA"}, {"token": "the", "start_char": 338, "end_char": 341, "token_label": "NA"}, {"token": "case", "start_char": 342, "end_char": 346, "token_label": "NA"}, {"token": ".", "start_char": 346, "end_char": 347, "token_label": "NA"}], "news_discourse_role": 4, "news_discourse_role_prob_0": 0.0004030831914860755, "news_discourse_role_prob_1": 0.11835810542106628, "news_discourse_role_prob_2": 0.020326003432273865, "news_discourse_role_prob_3": 0.24115630984306335, "news_discourse_role_prob_4": 0.446357786655426, "news_discourse_role_prob_5": 0.007302419748157263, "news_discourse_role_prob_6": 0.005437024403363466, "news_discourse_role_prob_7": 0.1583934724330902, "news_discourse_role_prob_8": 0.002265826566144824, "previous_discourse_relation": 3, "previous_discourse_relation_prob_comp": 0.009410552680492401, "previous_discourse_relation_prob_cont": 0.03987947851419449, "previous_discourse_relation_prob_temp": 0.022359712049365044, "previous_discourse_relation_prob_expan": 0.9283503293991089, "latter_discourse_relation": 1, "latter_discourse_relation_prob_comp": 0.000734522647690028, "latter_discourse_relation_prob_cont": 0.9886152744293213, "latter_discourse_relation_prob_temp": 0.00010066899267258123, "latter_discourse_relation_prob_expan": 0.010549573227763176}, {"sentence_id": 4, "sentence_start": 348, "sentence_end": 411, "sentence_text": "That was in part because it would have been damaging to Obama.", "sentence_label": "Causal_Oversimplification", "tokens_list": ["That", "was", "in", "part", "because", "it", "would", "have", "been", "damaging", "to", "Obama", "."], "tokens_dicts_list": [{"token": "That", "start_char": 348, "end_char": 352, "token_label": "NA"}, {"token": "was", "start_char": 353, "end_char": 356, "token_label": "NA"}, {"token": "in", "start_char": 357, "end_char": 359, "token_label": "NA"}, {"token": "part", "start_char": 360, "end_char": 364, "token_label": "NA"}, {"token": "because", "start_char": 365, "end_char": 372, "token_label": "Causal_Oversimplification"}, {"token": "it", "start_char": 373, "end_char": 375, "token_label": "Causal_Oversimplification"}, {"token": "would", "start_char": 376, "end_char": 381, "token_label": "Causal_Oversimplification"}, {"token": "have", "start_char": 382, "end_char": 386, "token_label": "Causal_Oversimplification"}, {"token": "been", "start_char": 387, "end_char": 391, "token_label": "Causal_Oversimplification"}, {"token": "damaging", "start_char": 392, "end_char": 400, "token_label": "Causal_Oversimplification"}, {"token": "to", "start_char": 401, "end_char": 403, "token_label": "Causal_Oversimplification"}, {"token": "Obama", "start_char": 404, "end_char": 409, "token_label": "Causal_Oversimplification"}, {"token": ".", "start_char": 409, "end_char": 410, "token_label": "NA"}], "news_discourse_role": 7, "news_discourse_role_prob_0": 0.0006658323109149933, "news_discourse_role_prob_1": 0.07779467105865479, "news_discourse_role_prob_2": 0.004361243918538094, "news_discourse_role_prob_3": 0.12899455428123474, "news_discourse_role_prob_4": 0.03915620222687721, "news_discourse_role_prob_5": 0.0062944404780864716, "news_discourse_role_prob_6": 0.01423350628465414, "news_discourse_role_prob_7": 0.6947723627090454, "news_discourse_role_prob_8": 0.03372718766331673, "previous_discourse_relation": 1, "previous_discourse_relation_prob_comp": 0.000734522647690028, "previous_discourse_relation_prob_cont": 0.9886152744293213, "previous_discourse_relation_prob_temp": 0.00010066899267258123, "previous_discourse_relation_prob_expan": 0.010549573227763176, "latter_discourse_relation": 3, "latter_discourse_relation_prob_comp": 0.0005026148864999413, "latter_discourse_relation_prob_cont": 0.012126634828746319, "latter_discourse_relation_prob_temp": 0.00022763528977520764, "latter_discourse_relation_prob_expan": 0.9871429800987244}, {"sentence_id": 5, "sentence_start": 411, "sentence_end": 441, "sentence_text": "And because they didn't care.", "sentence_label": "NA", "tokens_list": ["And", "because", "they", "did", "n't", "care", "."], "tokens_dicts_list": [{"token": "And", "start_char": 411, "end_char": 414, "token_label": "NA"}, {"token": "because", "start_char": 415, "end_char": 422, "token_label": "NA"}, {"token": "they", "start_char": 423, "end_char": 427, "token_label": "NA"}, {"token": "did", "start_char": 428, "end_char": 431, "token_label": "NA"}, {"token": "n't", "start_char": 431, "end_char": 434, "token_label": "NA"}, {"token": "care", "start_char": 435, "end_char": 439, "token_label": "NA"}, {"token": ".", "start_char": 439, "end_char": 440, "token_label": "NA"}], "news_discourse_role": 7, "news_discourse_role_prob_0": 0.0022636051289737225, "news_discourse_role_prob_1": 0.16494165360927582, "news_discourse_role_prob_2": 0.007863159291446209, "news_discourse_role_prob_3": 0.04142102226614952, "news_discourse_role_prob_4": 0.05539988353848457, "news_discourse_role_prob_5": 0.004274291452020407, "news_discourse_role_prob_6": 0.027994928881525993, "news_discourse_role_prob_7": 0.6852733492851257, "news_discourse_role_prob_8": 0.010568153113126755, "previous_discourse_relation": 3, "previous_discourse_relation_prob_comp": 0.0005026148864999413, "previous_discourse_relation_prob_cont": 0.012126634828746319, "previous_discourse_relation_prob_temp": 0.00022763528977520764, "previous_discourse_relation_prob_expan": 0.9871429800987244, "latter_discourse_relation": 3, "latter_discourse_relation_prob_comp": 0.419204980134964, "latter_discourse_relation_prob_cont": 0.1318427324295044, "latter_discourse_relation_prob_temp": 0.005252219270914793, "latter_discourse_relation_prob_expan": 0.44370007514953613}, {"sentence_id": 6, "sentence_start": 441, "sentence_end": 508, "sentence_text": "But President Trump listened to the voices asking him for justice.", "sentence_label": "NA", "tokens_list": ["But", "President", "Trump", "listened", "to", "the", "voices", "asking", "him", "for", "justice", "."], "tokens_dicts_list": [{"token": "But", "start_char": 441, "end_char": 444, "token_label": "NA"}, {"token": "President", "start_char": 445, "end_char": 454, "token_label": "NA"}, {"token": "Trump", "start_char": 455, "end_char": 460, "token_label": "NA"}, {"token": "listened", "start_char": 461, "end_char": 469, "token_label": "NA"}, {"token": "to", "start_char": 470, "end_char": 472, "token_label": "NA"}, {"token": "the", "start_char": 473, "end_char": 476, "token_label": "NA"}, {"token": "voices", "start_char": 477, "end_char": 483, "token_label": "NA"}, {"token": "asking", "start_char": 484, "end_char": 490, "token_label": "NA"}, {"token": "him", "start_char": 491, "end_char": 494, "token_label": "NA"}, {"token": "for", "start_char": 495, "end_char": 498, "token_label": "NA"}, {"token": "justice", "start_char": 499, "end_char": 506, "token_label": "NA"}, {"token": ".", "start_char": 506, "end_char": 507, "token_label": "NA"}], "news_discourse_role": 7, "news_discourse_role_prob_0": 0.00022129018907435238, "news_discourse_role_prob_1": 0.029820019379258156, "news_discourse_role_prob_2": 0.002397892763838172, "news_discourse_role_prob_3": 0.017942776903510094, "news_discourse_role_prob_4": 0.0758715569972992, "news_discourse_role_prob_5": 0.002488891826942563, "news_discourse_role_prob_6": 0.0040361941792070866, "news_discourse_role_prob_7": 0.864164412021637, "news_discourse_role_prob_8": 0.003056957386434078, "previous_discourse_relation": 3, "previous_discourse_relation_prob_comp": 0.419204980134964, "previous_discourse_relation_prob_cont": 0.1318427324295044, "previous_discourse_relation_prob_temp": 0.005252219270914793, "previous_discourse_relation_prob_expan": 0.44370007514953613, "latter_discourse_relation": 3, "latter_discourse_relation_prob_comp": 0.00020796674652956426, "latter_discourse_relation_prob_cont": 0.12144910544157028, "latter_discourse_relation_prob_temp": 0.0006260104710236192, "latter_discourse_relation_prob_expan": 0.8777168989181519}, {"sentence_id": 7, "sentence_start": 508, "sentence_end": 654, "sentence_text": "Today, President Donald J. Trump signed Executive Grants of Clemency (Full Pardons) for Dwight Lincoln Hammond, Jr., and his son, Steven Hammond.", "sentence_label": "NA", "tokens_list": ["Today", ",", "President", "Donald", "J.", "Trump", "signed", "Executive", "Grants", "of", "Clemency", "(", "Full", "Pardons", ")", "for", "Dwight", "Lincoln", "Hammond", ",", "Jr.", ",", "and", "his", "son", ",", "Steven", "Hammond", "."], "tokens_dicts_list": [{"token": "Today", "start_char": 508, "end_char": 513, "token_label": "NA"}, {"token": ",", "start_char": 513, "end_char": 514, "token_label": "NA"}, {"token": "President", "start_char": 515, "end_char": 524, "token_label": "NA"}, {"token": "Donald", "start_char": 525, "end_char": 531, "token_label": "NA"}, {"token": "J.", "start_char": 532, "end_char": 534, "token_label": "NA"}, {"token": "Trump", "start_char": 535, "end_char": 540, "token_label": "NA"}, {"token": "signed", "start_char": 541, "end_char": 547, "token_label": "NA"}, {"token": "Executive", "start_char": 548, "end_char": 557, "token_label": "NA"}, {"token": "Grants", "start_char": 558, "end_char": 564, "token_label": "NA"}, {"token": "of", "start_char": 565, "end_char": 567, "token_label": "NA"}, {"token": "Clemency", "start_char": 568, "end_char": 576, "token_label": "NA"}, {"token": "(", "start_char": 577, "end_char": 578, "token_label": "NA"}, {"token": "Full", "start_char": 578, "end_char": 582, "token_label": "NA"}, {"token": "Pardons", "start_char": 583, "end_char": 590, "token_label": "NA"}, {"token": ")", "start_char": 590, "end_char": 591, "token_label": "NA"}, {"token": "for", "start_char": 592, "end_char": 595, "token_label": "NA"}, {"token": "Dwight", "start_char": 596, "end_char": 602, "token_label": "NA"}, {"token": "Lincoln", "start_char": 603, "end_char": 610, "token_label": "NA"}, {"token": "Hammond", "start_char": 611, "end_char": 618, "token_label": "NA"}, {"token": ",", "start_char": 618, "end_char": 619, "token_label": "NA"}, {"token": "Jr.", "start_char": 620, "end_char": 623, "token_label": "NA"}, {"token": ",", "start_char": 623, "end_char": 624, "token_label": "NA"}, {"token": "and", "start_char": 625, "end_char": 628, "token_label": "NA"}, {"token": "his", "start_char": 629, "end_char": 632, "token_label": "NA"}, {"token": "son", "start_char": 633, "end_char": 636, "token_label": "NA"}, {"token": ",", "start_char": 636, "end_char": 637, "token_label": "NA"}, {"token": "Steven", "start_char": 638, "end_char": 644, "token_label": "NA"}, {"token": "Hammond", "start_char": 645, "end_char": 652, "token_label": "NA"}, {"token": ".", "start_char": 652, "end_char": 653, "token_label": "NA"}], "news_discourse_role": 1, "news_discourse_role_prob_0": 0.009845998138189316, "news_discourse_role_prob_1": 0.6681739687919617, "news_discourse_role_prob_2": 0.19565056264400482, "news_discourse_role_prob_3": 0.0028344655875116587, "news_discourse_role_prob_4": 0.12267749011516571, "news_discourse_role_prob_5": 5.230122042121366e-05, "news_discourse_role_prob_6": 0.0001581248507136479, "news_discourse_role_prob_7": 0.00043029856169596314, "news_discourse_role_prob_8": 0.00017674689297564328, "previous_discourse_relation": 3, "previous_discourse_relation_prob_comp": 0.00020796674652956426, "previous_discourse_relation_prob_cont": 0.12144910544157028, "previous_discourse_relation_prob_temp": 0.0006260104710236192, "previous_discourse_relation_prob_expan": 0.8777168989181519, "latter_discourse_relation": 1, "latter_discourse_relation_prob_comp": 0.003012788714841008, "latter_discourse_relation_prob_cont": 0.6865005493164062, "latter_discourse_relation_prob_temp": 0.024568110704421997, "latter_discourse_relation_prob_expan": 0.28591853380203247}, {"sentence_id": 8, "sentence_start": 654, "sentence_end": 820, "sentence_text": "The Hammonds are multi-generation cattle ranchers in Oregon imprisoned in connection with a fire that leaked onto a small portion of neighboring public grazing land.", "sentence_label": "NA", "tokens_list": ["The", "Hammonds", "are", "multi-generation", "cattle", "ranchers", "in", "Oregon", "imprisoned", "in", "connection", "with", "a", "fire", "that", "leaked", "onto", "a", "small", "portion", "of", "neighboring", "public", "grazing", "land", "."], "tokens_dicts_list": [{"token": "The", "start_char": 654, "end_char": 657, "token_label": "NA"}, {"token": "Hammonds", "start_char": 658, "end_char": 666, "token_label": "NA"}, {"token": "are", "start_char": 667, "end_char": 670, "token_label": "NA"}, {"token": "multi-generation", "start_char": 671, "end_char": 687, "token_label": "NA"}, {"token": "cattle", "start_char": 688, "end_char": 694, "token_label": "NA"}, {"token": "ranchers", "start_char": 695, "end_char": 703, "token_label": "NA"}, {"token": "in", "start_char": 704, "end_char": 706, "token_label": "NA"}, {"token": "Oregon", "start_char": 707, "end_char": 713, "token_label": "NA"}, {"token": "imprisoned", "start_char": 714, "end_char": 724, "token_label": "NA"}, {"token": "in", "start_char": 725, "end_char": 727, "token_label": "NA"}, {"token": "connection", "start_char": 728, "end_char": 738, "token_label": "NA"}, {"token": "with", "start_char": 739, "end_char": 743, "token_label": "NA"}, {"token": "a", "start_char": 744, "end_char": 745, "token_label": "NA"}, {"token": "fire", "start_char": 746, "end_char": 750, "token_label": "NA"}, {"token": "that", "start_char": 751, "end_char": 755, "token_label": "NA"}, {"token": "leaked", "start_char": 756, "end_char": 762, "token_label": "NA"}, {"token": "onto", "start_char": 763, "end_char": 767, "token_label": "NA"}, {"token": "a", "start_char": 768, "end_char": 769, "token_label": "NA"}, {"token": "small", "start_char": 770, "end_char": 775, "token_label": "NA"}, {"token": "portion", "start_char": 776, "end_char": 783, "token_label": "NA"}, {"token": "of", "start_char": 784, "end_char": 786, "token_label": "NA"}, {"token": "neighboring", "start_char": 787, "end_char": 798, "token_label": "NA"}, {"token": "public", "start_char": 799, "end_char": 805, "token_label": "NA"}, {"token": "grazing", "start_char": 806, "end_char": 813, "token_label": "NA"}, {"token": "land", "start_char": 814, "end_char": 818, "token_label": "NA"}, {"token": ".", "start_char": 818, "end_char": 819, "token_label": "NA"}], "news_discourse_role": 4, "news_discourse_role_prob_0": 0.00014647506759501994, "news_discourse_role_prob_1": 0.10331432521343231, "news_discourse_role_prob_2": 0.002139669843018055, "news_discourse_role_prob_3": 0.2610321044921875, "news_discourse_role_prob_4": 0.6299821734428406, "news_discourse_role_prob_5": 0.002969390945509076, "news_discourse_role_prob_6": 0.00016616220818832517, "news_discourse_role_prob_7": 0.00020034426415804774, "news_discourse_role_prob_8": 4.928938869852573e-05, "previous_discourse_relation": 1, "previous_discourse_relation_prob_comp": 0.003012788714841008, "previous_discourse_relation_prob_cont": 0.6865005493164062, "previous_discourse_relation_prob_temp": 0.024568110704421997, "previous_discourse_relation_prob_expan": 0.28591853380203247, "latter_discourse_relation": 3, "latter_discourse_relation_prob_comp": 0.10997240990400314, "latter_discourse_relation_prob_cont": 0.15773920714855194, "latter_discourse_relation_prob_temp": 0.006944666616618633, "latter_discourse_relation_prob_expan": 0.7253437042236328}, {"sentence_id": 9, "sentence_start": 820, "sentence_end": 963, "sentence_text": "The evidence at trial regarding the Hammonds\u2019 responsibility for the fire was conflicting, and the jury acquitted them on most of the charges.", "sentence_label": "NA", "tokens_list": ["The", "evidence", "at", "trial", "regarding", "the", "Hammonds\u2019", "responsibility", "for", "the", "fire", "was", "conflicting", ",", "and", "the", "jury", "acquitted", "them", "on", "most", "of", "the", "charges", "."], "tokens_dicts_list": [{"token": "The", "start_char": 820, "end_char": 823, "token_label": "NA"}, {"token": "evidence", "start_char": 824, "end_char": 832, "token_label": "NA"}, {"token": "at", "start_char": 833, "end_char": 835, "token_label": "NA"}, {"token": "trial", "start_char": 836, "end_char": 841, "token_label": "NA"}, {"token": "regarding", "start_char": 842, "end_char": 851, "token_label": "NA"}, {"token": "the", "start_char": 852, "end_char": 855, "token_label": "NA"}, {"token": "Hammonds\u2019", "start_char": 856, "end_char": 865, "token_label": "NA"}, {"token": "responsibility", "start_char": 866, "end_char": 880, "token_label": "NA"}, {"token": "for", "start_char": 881, "end_char": 884, "token_label": "NA"}, {"token": "the", "start_char": 885, "end_char": 888, "token_label": "NA"}, {"token": "fire", "start_char": 889, "end_char": 893, "token_label": "NA"}, {"token": "was", "start_char": 894, "end_char": 897, "token_label": "NA"}, {"token": "conflicting", "start_char": 898, "end_char": 909, "token_label": "NA"}, {"token": ",", "start_char": 909, "end_char": 910, "token_label": "NA"}, {"token": "and", "start_char": 911, "end_char": 914, "token_label": "NA"}, {"token": "the", "start_char": 915, "end_char": 918, "token_label": "NA"}, {"token": "jury", "start_char": 919, "end_char": 923, "token_label": "NA"}, {"token": "acquitted", "start_char": 924, "end_char": 933, "token_label": "NA"}, {"token": "them", "start_char": 934, "end_char": 938, "token_label": "NA"}, {"token": "on", "start_char": 939, "end_char": 941, "token_label": "NA"}, {"token": "most", "start_char": 942, "end_char": 946, "token_label": "NA"}, {"token": "of", "start_char": 947, "end_char": 949, "token_label": "NA"}, {"token": "the", "start_char": 950, "end_char": 953, "token_label": "NA"}, {"token": "charges", "start_char": 954, "end_char": 961, "token_label": "NA"}, {"token": ".", "start_char": 961, "end_char": 962, "token_label": "NA"}], "news_discourse_role": 3, "news_discourse_role_prob_0": 1.392369631503243e-05, "news_discourse_role_prob_1": 0.0027689863927662373, "news_discourse_role_prob_2": 0.00030353228794410825, "news_discourse_role_prob_3": 0.9134663343429565, "news_discourse_role_prob_4": 0.03610834851861, "news_discourse_role_prob_5": 0.03137705847620964, "news_discourse_role_prob_6": 0.00031014622072689235, "news_discourse_role_prob_7": 0.015359151177108288, "news_discourse_role_prob_8": 0.0002926330198533833, "previous_discourse_relation": 3, "previous_discourse_relation_prob_comp": 0.10997240990400314, "previous_discourse_relation_prob_cont": 0.15773920714855194, "previous_discourse_relation_prob_temp": 0.006944666616618633, "previous_discourse_relation_prob_expan": 0.7253437042236328, "latter_discourse_relation": 3, "latter_discourse_relation_prob_comp": 0.017389725893735886, "latter_discourse_relation_prob_cont": 0.007440550718456507, "latter_discourse_relation_prob_temp": 0.0022433348931372166, "latter_discourse_relation_prob_expan": 0.9729263782501221}, {"sentence_id": 10, "sentence_start": 963, "sentence_end": 1219, "sentence_text": "At the Hammonds\u2019 original sentencing, the judge noted that they are respected in the community and that imposing the mandatory minimum, 5-year prison sentence would \u201cshock the conscience\u201d and be \u201cgrossly disproportionate to the severity\u201d of their conduct.", "sentence_label": "Loaded_Language", "tokens_list": ["At", "the", "Hammonds\u2019", "original", "sentencing", ",", "the", "judge", "noted", "that", "they", "are", "respected", "in", "the", "community", "and", "that", "imposing", "the", "mandatory", "minimum", ",", "5-year", "prison", "sentence", "would", "\u201cshock", "the", "conscience\u201d", "and", "be", "\u201cgrossly", "disproportionate", "to", "the", "severity\u201d", "of", "their", "conduct", "."], "tokens_dicts_list": [{"token": "At", "start_char": 963, "end_char": 965, "token_label": "NA"}, {"token": "the", "start_char": 966, "end_char": 969, "token_label": "NA"}, {"token": "Hammonds\u2019", "start_char": 970, "end_char": 979, "token_label": "NA"}, {"token": "original", "start_char": 980, "end_char": 988, "token_label": "NA"}, {"token": "sentencing", "start_char": 989, "end_char": 999, "token_label": "NA"}, {"token": ",", "start_char": 999, "end_char": 1000, "token_label": "NA"}, {"token": "the", "start_char": 1001, "end_char": 1004, "token_label": "NA"}, {"token": "judge", "start_char": 1005, "end_char": 1010, "token_label": "NA"}, {"token": "noted", "start_char": 1011, "end_char": 1016, "token_label": "NA"}, {"token": "that", "start_char": 1017, "end_char": 1021, "token_label": "NA"}, {"token": "they", "start_char": 1022, "end_char": 1026, "token_label": "NA"}, {"token": "are", "start_char": 1027, "end_char": 1030, "token_label": "NA"}, {"token": "respected", "start_char": 1031, "end_char": 1040, "token_label": "NA"}, {"token": "in", "start_char": 1041, "end_char": 1043, "token_label": "NA"}, {"token": "the", "start_char": 1044, "end_char": 1047, "token_label": "NA"}, {"token": "community", "start_char": 1048, "end_char": 1057, "token_label": "NA"}, {"token": "and", "start_char": 1058, "end_char": 1061, "token_label": "NA"}, {"token": "that", "start_char": 1062, "end_char": 1066, "token_label": "NA"}, {"token": "imposing", "start_char": 1067, "end_char": 1075, "token_label": "NA"}, {"token": "the", "start_char": 1076, "end_char": 1079, "token_label": "NA"}, {"token": "mandatory", "start_char": 1080, "end_char": 1089, "token_label": "NA"}, {"token": "minimum", "start_char": 1090, "end_char": 1097, "token_label": "NA"}, {"token": ",", "start_char": 1097, "end_char": 1098, "token_label": "NA"}, {"token": "5-year", "start_char": 1099, "end_char": 1105, "token_label": "NA"}, {"token": "prison", "start_char": 1106, "end_char": 1112, "token_label": "NA"}, {"token": "sentence", "start_char": 1113, "end_char": 1121, "token_label": "NA"}, {"token": "would", "start_char": 1122, "end_char": 1127, "token_label": "NA"}, {"token": "\u201cshock", "start_char": 1128, "end_char": 1134, "token_label": "Loaded_Language"}, {"token": "the", "start_char": 1135, "end_char": 1138, "token_label": "NA"}, {"token": "conscience\u201d", "start_char": 1139, "end_char": 1150, "token_label": "NA"}, {"token": "and", "start_char": 1151, "end_char": 1154, "token_label": "NA"}, {"token": "be", "start_char": 1155, "end_char": 1157, "token_label": "NA"}, {"token": "\u201cgrossly", "start_char": 1158, "end_char": 1166, "token_label": "Loaded_Language"}, {"token": "disproportionate", "start_char": 1167, "end_char": 1183, "token_label": "Loaded_Language"}, {"token": "to", "start_char": 1184, "end_char": 1186, "token_label": "NA"}, {"token": "the", "start_char": 1187, "end_char": 1190, "token_label": "NA"}, {"token": "severity\u201d", "start_char": 1191, "end_char": 1200, "token_label": "NA"}, {"token": "of", "start_char": 1201, "end_char": 1203, "token_label": "NA"}, {"token": "their", "start_char": 1204, "end_char": 1209, "token_label": "NA"}, {"token": "conduct", "start_char": 1210, "end_char": 1217, "token_label": "NA"}, {"token": ".", "start_char": 1217, "end_char": 1218, "token_label": "NA"}], "news_discourse_role": 7, "news_discourse_role_prob_0": 2.228581070085056e-05, "news_discourse_role_prob_1": 0.006425356958061457, "news_discourse_role_prob_2": 0.0007383024785667658, "news_discourse_role_prob_3": 0.19134333729743958, "news_discourse_role_prob_4": 0.030586091801524162, "news_discourse_role_prob_5": 0.26800185441970825, "news_discourse_role_prob_6": 0.003428895026445389, "news_discourse_role_prob_7": 0.49066516757011414, "news_discourse_role_prob_8": 0.00878868903964758, "previous_discourse_relation": 3, "previous_discourse_relation_prob_comp": 0.017389725893735886, "previous_discourse_relation_prob_cont": 0.007440550718456507, "previous_discourse_relation_prob_temp": 0.0022433348931372166, "previous_discourse_relation_prob_expan": 0.9729263782501221, "latter_discourse_relation": 1, "latter_discourse_relation_prob_comp": 0.000427038234192878, "latter_discourse_relation_prob_cont": 0.9989714622497559, "latter_discourse_relation_prob_temp": 0.0002451487525831908, "latter_discourse_relation_prob_expan": 0.000356348289642483}, {"sentence_id": 11, "sentence_start": 1219, "sentence_end": 1282, "sentence_text": "As a result, the judge imposed significantly lesser sentences.", "sentence_label": "NA", "tokens_list": ["As", "a", "result", ",", "the", "judge", "imposed", "significantly", "lesser", "sentences", "."], "tokens_dicts_list": [{"token": "As", "start_char": 1219, "end_char": 1221, "token_label": "NA"}, {"token": "a", "start_char": 1222, "end_char": 1223, "token_label": "NA"}, {"token": "result", "start_char": 1224, "end_char": 1230, "token_label": "NA"}, {"token": ",", "start_char": 1230, "end_char": 1231, "token_label": "NA"}, {"token": "the", "start_char": 1232, "end_char": 1235, "token_label": "NA"}, {"token": "judge", "start_char": 1236, "end_char": 1241, "token_label": "NA"}, {"token": "imposed", "start_char": 1242, "end_char": 1249, "token_label": "NA"}, {"token": "significantly", "start_char": 1250, "end_char": 1263, "token_label": "NA"}, {"token": "lesser", "start_char": 1264, "end_char": 1270, "token_label": "NA"}, {"token": "sentences", "start_char": 1271, "end_char": 1280, "token_label": "NA"}, {"token": ".", "start_char": 1280, "end_char": 1281, "token_label": "NA"}], "news_discourse_role": 5, "news_discourse_role_prob_0": 5.821741797262803e-05, "news_discourse_role_prob_1": 0.01388562936335802, "news_discourse_role_prob_2": 0.0023801890201866627, "news_discourse_role_prob_3": 0.15189343690872192, "news_discourse_role_prob_4": 0.09292683750391006, "news_discourse_role_prob_5": 0.7118785977363586, "news_discourse_role_prob_6": 0.0011591135989874601, "news_discourse_role_prob_7": 0.022441459819674492, "news_discourse_role_prob_8": 0.003376505570486188, "previous_discourse_relation": 1, "previous_discourse_relation_prob_comp": 0.000427038234192878, "previous_discourse_relation_prob_cont": 0.9989714622497559, "previous_discourse_relation_prob_temp": 0.0002451487525831908, "previous_discourse_relation_prob_expan": 0.000356348289642483, "latter_discourse_relation": 0, "latter_discourse_relation_prob_comp": 0.8237314820289612, "latter_discourse_relation_prob_cont": 0.0016785612097010016, "latter_discourse_relation_prob_temp": 0.12298587709665298, "latter_discourse_relation_prob_expan": 0.05160408094525337}, {"sentence_id": 12, "sentence_start": 1282, "sentence_end": 1419, "sentence_text": "The previous administration, however, filed an overzealous appeal that resulted in the Hammonds being sentenced to five years in prison.", "sentence_label": "Loaded_Language", "tokens_list": ["The", "previous", "administration", ",", "however", ",", "filed", "an", "overzealous", "appeal", "that", "resulted", "in", "the", "Hammonds", "being", "sentenced", "to", "five", "years", "in", "prison", "."], "tokens_dicts_list": [{"token": "The", "start_char": 1282, "end_char": 1285, "token_label": "NA"}, {"token": "previous", "start_char": 1286, "end_char": 1294, "token_label": "NA"}, {"token": "administration", "start_char": 1295, "end_char": 1309, "token_label": "NA"}, {"token": ",", "start_char": 1309, "end_char": 1310, "token_label": "NA"}, {"token": "however", "start_char": 1311, "end_char": 1318, "token_label": "NA"}, {"token": ",", "start_char": 1318, "end_char": 1319, "token_label": "NA"}, {"token": "filed", "start_char": 1320, "end_char": 1325, "token_label": "NA"}, {"token": "an", "start_char": 1326, "end_char": 1328, "token_label": "NA"}, {"token": "overzealous", "start_char": 1329, "end_char": 1340, "token_label": "Loaded_Language"}, {"token": "appeal", "start_char": 1341, "end_char": 1347, "token_label": "NA"}, {"token": "that", "start_char": 1348, "end_char": 1352, "token_label": "NA"}, {"token": "resulted", "start_char": 1353, "end_char": 1361, "token_label": "NA"}, {"token": "in", "start_char": 1362, "end_char": 1364, "token_label": "NA"}, {"token": "the", "start_char": 1365, "end_char": 1368, "token_label": "NA"}, {"token": "Hammonds", "start_char": 1369, "end_char": 1377, "token_label": "NA"}, {"token": "being", "start_char": 1378, "end_char": 1383, "token_label": "NA"}, {"token": "sentenced", "start_char": 1384, "end_char": 1393, "token_label": "NA"}, {"token": "to", "start_char": 1394, "end_char": 1396, "token_label": "NA"}, {"token": "five", "start_char": 1397, "end_char": 1401, "token_label": "NA"}, {"token": "years", "start_char": 1402, "end_char": 1407, "token_label": "NA"}, {"token": "in", "start_char": 1408, "end_char": 1410, "token_label": "NA"}, {"token": "prison", "start_char": 1411, "end_char": 1417, "token_label": "NA"}, {"token": ".", "start_char": 1417, "end_char": 1418, "token_label": "NA"}], "news_discourse_role": 5, "news_discourse_role_prob_0": 1.3211944860813674e-05, "news_discourse_role_prob_1": 0.0033496683463454247, "news_discourse_role_prob_2": 0.0013251954223960638, "news_discourse_role_prob_3": 0.11014431715011597, "news_discourse_role_prob_4": 0.2648986577987671, "news_discourse_role_prob_5": 0.6189000010490417, "news_discourse_role_prob_6": 0.0002509435289539397, "news_discourse_role_prob_7": 0.0009059500298462808, "news_discourse_role_prob_8": 0.00021204529912211, "previous_discourse_relation": 0, "previous_discourse_relation_prob_comp": 0.8237314820289612, "previous_discourse_relation_prob_cont": 0.0016785612097010016, "previous_discourse_relation_prob_temp": 0.12298587709665298, "previous_discourse_relation_prob_expan": 0.05160408094525337, "latter_discourse_relation": 0, "latter_discourse_relation_prob_comp": 0.5908936858177185, "latter_discourse_relation_prob_cont": 0.17096465826034546, "latter_discourse_relation_prob_temp": 0.0030227897223085165, "latter_discourse_relation_prob_expan": 0.23511888086795807}, {"sentence_id": 13, "sentence_start": 1419, "sentence_end": 1436, "sentence_text": "This was unjust.", "sentence_label": "NA", "tokens_list": ["This", "was", "unjust", "."], "tokens_dicts_list": [{"token": "This", "start_char": 1419, "end_char": 1423, "token_label": "NA"}, {"token": "was", "start_char": 1424, "end_char": 1427, "token_label": "NA"}, {"token": "unjust", "start_char": 1428, "end_char": 1434, "token_label": "NA"}, {"token": ".", "start_char": 1434, "end_char": 1435, "token_label": "NA"}], "news_discourse_role": 7, "news_discourse_role_prob_0": 0.0004051740397699177, "news_discourse_role_prob_1": 0.015938695520162582, "news_discourse_role_prob_2": 0.0009671620791777968, "news_discourse_role_prob_3": 0.07585697621107101, "news_discourse_role_prob_4": 0.017023181542754173, "news_discourse_role_prob_5": 0.06716801226139069, "news_discourse_role_prob_6": 0.004796599503606558, "news_discourse_role_prob_7": 0.8130908012390137, "news_discourse_role_prob_8": 0.00475335493683815, "previous_discourse_relation": 0, "previous_discourse_relation_prob_comp": 0.5908936858177185, "previous_discourse_relation_prob_cont": 0.17096465826034546, "previous_discourse_relation_prob_temp": 0.0030227897223085165, "previous_discourse_relation_prob_expan": 0.23511888086795807, "latter_discourse_relation": 1, "latter_discourse_relation_prob_comp": 0.0032709678635001183, "latter_discourse_relation_prob_cont": 0.912463366985321, "latter_discourse_relation_prob_temp": 0.0001494577736593783, "latter_discourse_relation_prob_expan": 0.08411617577075958}, {"sentence_id": 14, "sentence_start": 1436, "sentence_end": 1522, "sentence_text": "Dwight Hammond is now 76 years old and has served approximately three years in prison", "sentence_label": "NA", "tokens_list": ["Dwight", "Hammond", "is", "now", "76", "years", "old", "and", "has", "served", "approximately", "three", "years", "in", "prison"], "tokens_dicts_list": [{"token": "Dwight", "start_char": 1436, "end_char": 1442, "token_label": "NA"}, {"token": "Hammond", "start_char": 1443, "end_char": 1450, "token_label": "NA"}, {"token": "is", "start_char": 1451, "end_char": 1453, "token_label": "NA"}, {"token": "now", "start_char": 1454, "end_char": 1457, "token_label": "NA"}, {"token": "76", "start_char": 1458, "end_char": 1460, "token_label": "NA"}, {"token": "years", "start_char": 1461, "end_char": 1466, "token_label": "NA"}, {"token": "old", "start_char": 1467, "end_char": 1470, "token_label": "NA"}, {"token": "and", "start_char": 1471, "end_char": 1474, "token_label": "NA"}, {"token": "has", "start_char": 1475, "end_char": 1478, "token_label": "NA"}, {"token": "served", "start_char": 1479, "end_char": 1485, "token_label": "NA"}, {"token": "approximately", "start_char": 1486, "end_char": 1499, "token_label": "NA"}, {"token": "three", "start_char": 1500, "end_char": 1505, "token_label": "NA"}, {"token": "years", "start_char": 1506, "end_char": 1511, "token_label": "NA"}, {"token": "in", "start_char": 1512, "end_char": 1514, "token_label": "NA"}, {"token": "prison", "start_char": 1515, "end_char": 1521, "token_label": "NA"}], "news_discourse_role": 4, "news_discourse_role_prob_0": 2.9589267796836793e-05, "news_discourse_role_prob_1": 0.002692991867661476, "news_discourse_role_prob_2": 0.007576698902994394, "news_discourse_role_prob_3": 0.0030482832808047533, "news_discourse_role_prob_4": 0.9837417602539062, "news_discourse_role_prob_5": 0.001136536244302988, "news_discourse_role_prob_6": 0.000919625221285969, "news_discourse_role_prob_7": 0.000737735244911164, "news_discourse_role_prob_8": 0.00011670962703647092, "previous_discourse_relation": 1, "previous_discourse_relation_prob_comp": 0.0032709678635001183, "previous_discourse_relation_prob_cont": 0.912463366985321, "previous_discourse_relation_prob_temp": 0.0001494577736593783, "previous_discourse_relation_prob_expan": 0.08411617577075958, "latter_discourse_relation": 3, "latter_discourse_relation_prob_comp": 0.1845732182264328, "latter_discourse_relation_prob_cont": 0.0546112060546875, "latter_discourse_relation_prob_temp": 0.11003942787647247, "latter_discourse_relation_prob_expan": 0.650776207447052}, {"sentence_id": 15, "sentence_start": 1522, "sentence_end": 1720, "sentence_text": "The same administration that was against mandatory minimums for its drug dealers and gang members went to court to defend mandatory minimums under the Antiterrorism and Effective Death Penalty Act.", "sentence_label": "NA", "tokens_list": ["The", "same", "administration", "that", "was", "against", "mandatory", "minimums", "for", "its", "drug", "dealers", "and", "gang", "members", "went", "to", "court", "to", "defend", "mandatory", "minimums", "under", "the", "Antiterrorism", "and", "Effective", "Death", "Penalty", "Act", "."], "tokens_dicts_list": [{"token": "The", "start_char": 1522, "end_char": 1525, "token_label": "NA"}, {"token": "same", "start_char": 1526, "end_char": 1530, "token_label": "NA"}, {"token": "administration", "start_char": 1531, "end_char": 1545, "token_label": "NA"}, {"token": "that", "start_char": 1546, "end_char": 1550, "token_label": "NA"}, {"token": "was", "start_char": 1551, "end_char": 1554, "token_label": "NA"}, {"token": "against", "start_char": 1555, "end_char": 1562, "token_label": "NA"}, {"token": "mandatory", "start_char": 1563, "end_char": 1572, "token_label": "NA"}, {"token": "minimums", "start_char": 1573, "end_char": 1581, "token_label": "NA"}, {"token": "for", "start_char": 1582, "end_char": 1585, "token_label": "NA"}, {"token": "its", "start_char": 1586, "end_char": 1589, "token_label": "NA"}, {"token": "drug", "start_char": 1590, "end_char": 1594, "token_label": "NA"}, {"token": "dealers", "start_char": 1595, "end_char": 1602, "token_label": "NA"}, {"token": "and", "start_char": 1603, "end_char": 1606, "token_label": "NA"}, {"token": "gang", "start_char": 1607, "end_char": 1611, "token_label": "NA"}, {"token": "members", "start_char": 1612, "end_char": 1619, "token_label": "NA"}, {"token": "went", "start_char": 1620, "end_char": 1624, "token_label": "NA"}, {"token": "to", "start_char": 1625, "end_char": 1627, "token_label": "NA"}, {"token": "court", "start_char": 1628, "end_char": 1633, "token_label": "NA"}, {"token": "to", "start_char": 1634, "end_char": 1636, "token_label": "NA"}, {"token": "defend", "start_char": 1637, "end_char": 1643, "token_label": "NA"}, {"token": "mandatory", "start_char": 1644, "end_char": 1653, "token_label": "NA"}, {"token": "minimums", "start_char": 1654, "end_char": 1662, "token_label": "NA"}, {"token": "under", "start_char": 1663, "end_char": 1668, "token_label": "NA"}, {"token": "the", "start_char": 1669, "end_char": 1672, "token_label": "NA"}, {"token": "Antiterrorism", "start_char": 1673, "end_char": 1686, "token_label": "NA"}, {"token": "and", "start_char": 1687, "end_char": 1690, "token_label": "NA"}, {"token": "Effective", "start_char": 1691, "end_char": 1700, "token_label": "NA"}, {"token": "Death", "start_char": 1701, "end_char": 1706, "token_label": "NA"}, {"token": "Penalty", "start_char": 1707, "end_char": 1714, "token_label": "NA"}, {"token": "Act", "start_char": 1715, "end_char": 1718, "token_label": "NA"}, {"token": ".", "start_char": 1718, "end_char": 1719, "token_label": "NA"}], "news_discourse_role": 4, "news_discourse_role_prob_0": 7.4000517997774296e-06, "news_discourse_role_prob_1": 0.0019707023166120052, "news_discourse_role_prob_2": 0.0006947474321350455, "news_discourse_role_prob_3": 0.04002564027905464, "news_discourse_role_prob_4": 0.7123110294342041, "news_discourse_role_prob_5": 0.24325063824653625, "news_discourse_role_prob_6": 8.817080379230902e-05, "news_discourse_role_prob_7": 0.0015456494875252247, "news_discourse_role_prob_8": 0.00010601121175568551, "previous_discourse_relation": 3, "previous_discourse_relation_prob_comp": 0.1845732182264328, "previous_discourse_relation_prob_cont": 0.0546112060546875, "previous_discourse_relation_prob_temp": 0.11003942787647247, "previous_discourse_relation_prob_expan": 0.650776207447052, "latter_discourse_relation": 3, "latter_discourse_relation_prob_comp": 0.00854652188718319, "latter_discourse_relation_prob_cont": 0.16327346861362457, "latter_discourse_relation_prob_temp": 0.0013833586126565933, "latter_discourse_relation_prob_expan": 0.8267965912818909}, {"sentence_id": 16, "sentence_start": 1720, "sentence_end": 1828, "sentence_text": "While Obama pardoned drug dealers and locked up ranchers, Trump pardons ranchers and locks up drug dealers.", "sentence_label": "Black-and-White_Fallacy", "tokens_list": ["While", "Obama", "pardoned", "drug", "dealers", "and", "locked", "up", "ranchers", ",", "Trump", "pardons", "ranchers", "and", "locks", "up", "drug", "dealers", "."], "tokens_dicts_list": [{"token": "While", "start_char": 1720, "end_char": 1725, "token_label": "Black-and-White_Fallacy"}, {"token": "Obama", "start_char": 1726, "end_char": 1731, "token_label": "Black-and-White_Fallacy"}, {"token": "pardoned", "start_char": 1732, "end_char": 1740, "token_label": "Black-and-White_Fallacy"}, {"token": "drug", "start_char": 1741, "end_char": 1745, "token_label": "Black-and-White_Fallacy"}, {"token": "dealers", "start_char": 1746, "end_char": 1753, "token_label": "Black-and-White_Fallacy"}, {"token": "and", "start_char": 1754, "end_char": 1757, "token_label": "Black-and-White_Fallacy"}, {"token": "locked", "start_char": 1758, "end_char": 1764, "token_label": "Black-and-White_Fallacy"}, {"token": "up", "start_char": 1765, "end_char": 1767, "token_label": "Black-and-White_Fallacy"}, {"token": "ranchers", "start_char": 1768, "end_char": 1776, "token_label": "Black-and-White_Fallacy"}, {"token": ",", "start_char": 1776, "end_char": 1777, "token_label": "Black-and-White_Fallacy"}, {"token": "Trump", "start_char": 1778, "end_char": 1783, "token_label": "Black-and-White_Fallacy"}, {"token": "pardons", "start_char": 1784, "end_char": 1791, "token_label": "Black-and-White_Fallacy"}, {"token": "ranchers", "start_char": 1792, "end_char": 1800, "token_label": "Black-and-White_Fallacy"}, {"token": "and", "start_char": 1801, "end_char": 1804, "token_label": "Black-and-White_Fallacy"}, {"token": "locks", "start_char": 1805, "end_char": 1810, "token_label": "Black-and-White_Fallacy"}, {"token": "up", "start_char": 1811, "end_char": 1813, "token_label": "Black-and-White_Fallacy"}, {"token": "drug", "start_char": 1814, "end_char": 1818, "token_label": "Black-and-White_Fallacy"}, {"token": "dealers", "start_char": 1819, "end_char": 1826, "token_label": "Black-and-White_Fallacy"}, {"token": ".", "start_char": 1826, "end_char": 1827, "token_label": "NA"}], "news_discourse_role": 4, "news_discourse_role_prob_0": 1.8912434825324453e-05, "news_discourse_role_prob_1": 0.0029263636097311974, "news_discourse_role_prob_2": 0.0015125966165214777, "news_discourse_role_prob_3": 0.022919489070773125, "news_discourse_role_prob_4": 0.9311913847923279, "news_discourse_role_prob_5": 0.005927527789026499, "news_discourse_role_prob_6": 0.0002965546736959368, "news_discourse_role_prob_7": 0.03497748821973801, "news_discourse_role_prob_8": 0.00022964425443205982, "previous_discourse_relation": 3, "previous_discourse_relation_prob_comp": 0.00854652188718319, "previous_discourse_relation_prob_cont": 0.16327346861362457, "previous_discourse_relation_prob_temp": 0.0013833586126565933, "previous_discourse_relation_prob_expan": 0.8267965912818909, "latter_discourse_relation": 3, "latter_discourse_relation_prob_comp": 0.005089853424578905, "latter_discourse_relation_prob_cont": 0.02203984558582306, "latter_discourse_relation_prob_temp": 0.00023889528529252857, "latter_discourse_relation_prob_expan": 0.9726313352584839}, {"sentence_id": 17, "sentence_start": 1828, "sentence_end": 2005, "sentence_text": "Both men are currently in prison on five-year sentences, thanks in part to a 1996 antiterrorism law that imposed a mandatory minimum sentence on certain crimes on federal land.", "sentence_label": "NA", "tokens_list": ["Both", "men", "are", "currently", "in", "prison", "on", "five-year", "sentences", ",", "thanks", "in", "part", "to", "a", "1996", "antiterrorism", "law", "that", "imposed", "a", "mandatory", "minimum", "sentence", "on", "certain", "crimes", "on", "federal", "land", "."], "tokens_dicts_list": [{"token": "Both", "start_char": 1828, "end_char": 1832, "token_label": "NA"}, {"token": "men", "start_char": 1833, "end_char": 1836, "token_label": "NA"}, {"token": "are", "start_char": 1837, "end_char": 1840, "token_label": "NA"}, {"token": "currently", "start_char": 1841, "end_char": 1850, "token_label": "NA"}, {"token": "in", "start_char": 1851, "end_char": 1853, "token_label": "NA"}, {"token": "prison", "start_char": 1854, "end_char": 1860, "token_label": "NA"}, {"token": "on", "start_char": 1861, "end_char": 1863, "token_label": "NA"}, {"token": "five-year", "start_char": 1864, "end_char": 1873, "token_label": "NA"}, {"token": "sentences", "start_char": 1874, "end_char": 1883, "token_label": "NA"}, {"token": ",", "start_char": 1883, "end_char": 1884, "token_label": "NA"}, {"token": "thanks", "start_char": 1885, "end_char": 1891, "token_label": "NA"}, {"token": "in", "start_char": 1892, "end_char": 1894, "token_label": "NA"}, {"token": "part", "start_char": 1895, "end_char": 1899, "token_label": "NA"}, {"token": "to", "start_char": 1900, "end_char": 1902, "token_label": "NA"}, {"token": "a", "start_char": 1903, "end_char": 1904, "token_label": "NA"}, {"token": "1996", "start_char": 1905, "end_char": 1909, "token_label": "NA"}, {"token": "antiterrorism", "start_char": 1910, "end_char": 1923, "token_label": "NA"}, {"token": "law", "start_char": 1924, "end_char": 1927, "token_label": "NA"}, {"token": "that", "start_char": 1928, "end_char": 1932, "token_label": "NA"}, {"token": "imposed", "start_char": 1933, "end_char": 1940, "token_label": "NA"}, {"token": "a", "start_char": 1941, "end_char": 1942, "token_label": "NA"}, {"token": "mandatory", "start_char": 1943, "end_char": 1952, "token_label": "NA"}, {"token": "minimum", "start_char": 1953, "end_char": 1960, "token_label": "NA"}, {"token": "sentence", "start_char": 1961, "end_char": 1969, "token_label": "NA"}, {"token": "on", "start_char": 1970, "end_char": 1972, "token_label": "NA"}, {"token": "certain", "start_char": 1973, "end_char": 1980, "token_label": "NA"}, {"token": "crimes", "start_char": 1981, "end_char": 1987, "token_label": "NA"}, {"token": "on", "start_char": 1988, "end_char": 1990, "token_label": "NA"}, {"token": "federal", "start_char": 1991, "end_char": 1998, "token_label": "NA"}, {"token": "land", "start_char": 1999, "end_char": 2003, "token_label": "NA"}, {"token": ".", "start_char": 2003, "end_char": 2004, "token_label": "NA"}], "news_discourse_role": 4, "news_discourse_role_prob_0": 4.133904440095648e-05, "news_discourse_role_prob_1": 0.06710083037614822, "news_discourse_role_prob_2": 0.018559983000159264, "news_discourse_role_prob_3": 0.01172327995300293, "news_discourse_role_prob_4": 0.9016079306602478, "news_discourse_role_prob_5": 0.00027902197325602174, "news_discourse_role_prob_6": 0.00019283007713966072, "news_discourse_role_prob_7": 0.00029945364804007113, "news_discourse_role_prob_8": 0.00019535201136022806, "previous_discourse_relation": 3, "previous_discourse_relation_prob_comp": 0.005089853424578905, "previous_discourse_relation_prob_cont": 0.02203984558582306, "previous_discourse_relation_prob_temp": 0.00023889528529252857, "previous_discourse_relation_prob_expan": 0.9726313352584839, "latter_discourse_relation": 3, "latter_discourse_relation_prob_comp": 0.0038180099800229073, "latter_discourse_relation_prob_cont": 0.34132716059684753, "latter_discourse_relation_prob_temp": 0.001451245043426752, "latter_discourse_relation_prob_expan": 0.6534035801887512}, {"sentence_id": 18, "sentence_start": 2005, "sentence_end": 2085, "sentence_text": "The length of their prison terms, in part, fueled outrage at their convictions.", "sentence_label": "NA", "tokens_list": ["The", "length", "of", "their", "prison", "terms", ",", "in", "part", ",", "fueled", "outrage", "at", "their", "convictions", "."], "tokens_dicts_list": [{"token": "The", "start_char": 2005, "end_char": 2008, "token_label": "NA"}, {"token": "length", "start_char": 2009, "end_char": 2015, "token_label": "NA"}, {"token": "of", "start_char": 2016, "end_char": 2018, "token_label": "NA"}, {"token": "their", "start_char": 2019, "end_char": 2024, "token_label": "NA"}, {"token": "prison", "start_char": 2025, "end_char": 2031, "token_label": "NA"}, {"token": "terms", "start_char": 2032, "end_char": 2037, "token_label": "NA"}, {"token": ",", "start_char": 2037, "end_char": 2038, "token_label": "NA"}, {"token": "in", "start_char": 2039, "end_char": 2041, "token_label": "NA"}, {"token": "part", "start_char": 2042, "end_char": 2046, "token_label": "NA"}, {"token": ",", "start_char": 2046, "end_char": 2047, "token_label": "NA"}, {"token": "fueled", "start_char": 2048, "end_char": 2054, "token_label": "NA"}, {"token": "outrage", "start_char": 2055, "end_char": 2062, "token_label": "NA"}, {"token": "at", "start_char": 2063, "end_char": 2065, "token_label": "NA"}, {"token": "their", "start_char": 2066, "end_char": 2071, "token_label": "NA"}, {"token": "convictions", "start_char": 2072, "end_char": 2083, "token_label": "NA"}, {"token": ".", "start_char": 2083, "end_char": 2084, "token_label": "NA"}], "news_discourse_role": 7, "news_discourse_role_prob_0": 2.7022328140446916e-05, "news_discourse_role_prob_1": 0.0021634898148477077, "news_discourse_role_prob_2": 0.0009571854025125504, "news_discourse_role_prob_3": 0.04954385757446289, "news_discourse_role_prob_4": 0.07774437963962555, "news_discourse_role_prob_5": 0.005291545297950506, "news_discourse_role_prob_6": 0.0022465605288743973, "news_discourse_role_prob_7": 0.8592102527618408, "news_discourse_role_prob_8": 0.002815671730786562, "previous_discourse_relation": 3, "previous_discourse_relation_prob_comp": 0.0038180099800229073, "previous_discourse_relation_prob_cont": 0.34132716059684753, "previous_discourse_relation_prob_temp": 0.001451245043426752, "previous_discourse_relation_prob_expan": 0.6534035801887512, "latter_discourse_relation": 3, "latter_discourse_relation_prob_comp": 0.0005341017968021333, "latter_discourse_relation_prob_cont": 0.013020073994994164, "latter_discourse_relation_prob_temp": 0.0018335323547944427, "latter_discourse_relation_prob_expan": 0.9846122860908508}, {"sentence_id": 19, "sentence_start": 2085, "sentence_end": 2225, "sentence_text": "Federal Judge Michael Robert Hogan originally gave the Hammonds reduced sentences in 2012, arguing that the mandatory minimums were unjust.", "sentence_label": "NA", "tokens_list": ["Federal", "Judge", "Michael", "Robert", "Hogan", "originally", "gave", "the", "Hammonds", "reduced", "sentences", "in", "2012", ",", "arguing", "that", "the", "mandatory", "minimums", "were", "unjust", "."], "tokens_dicts_list": [{"token": "Federal", "start_char": 2085, "end_char": 2092, "token_label": "NA"}, {"token": "Judge", "start_char": 2093, "end_char": 2098, "token_label": "NA"}, {"token": "Michael", "start_char": 2099, "end_char": 2106, "token_label": "NA"}, {"token": "Robert", "start_char": 2107, "end_char": 2113, "token_label": "NA"}, {"token": "Hogan", "start_char": 2114, "end_char": 2119, "token_label": "NA"}, {"token": "originally", "start_char": 2120, "end_char": 2130, "token_label": "NA"}, {"token": "gave", "start_char": 2131, "end_char": 2135, "token_label": "NA"}, {"token": "the", "start_char": 2136, "end_char": 2139, "token_label": "NA"}, {"token": "Hammonds", "start_char": 2140, "end_char": 2148, "token_label": "NA"}, {"token": "reduced", "start_char": 2149, "end_char": 2156, "token_label": "NA"}, {"token": "sentences", "start_char": 2157, "end_char": 2166, "token_label": "NA"}, {"token": "in", "start_char": 2167, "end_char": 2169, "token_label": "NA"}, {"token": "2012", "start_char": 2170, "end_char": 2174, "token_label": "NA"}, {"token": ",", "start_char": 2174, "end_char": 2175, "token_label": "NA"}, {"token": "arguing", "start_char": 2176, "end_char": 2183, "token_label": "NA"}, {"token": "that", "start_char": 2184, "end_char": 2188, "token_label": "NA"}, {"token": "the", "start_char": 2189, "end_char": 2192, "token_label": "NA"}, {"token": "mandatory", "start_char": 2193, "end_char": 2202, "token_label": "NA"}, {"token": "minimums", "start_char": 2203, "end_char": 2211, "token_label": "NA"}, {"token": "were", "start_char": 2212, "end_char": 2216, "token_label": "NA"}, {"token": "unjust", "start_char": 2217, "end_char": 2223, "token_label": "NA"}, {"token": ".", "start_char": 2223, "end_char": 2224, "token_label": "NA"}], "news_discourse_role": 5, "news_discourse_role_prob_0": 1.4395982361747883e-06, "news_discourse_role_prob_1": 5.822399089083774e-06, "news_discourse_role_prob_2": 7.398832167382352e-06, "news_discourse_role_prob_3": 0.0006954774144105613, "news_discourse_role_prob_4": 0.0010535616893321276, "news_discourse_role_prob_5": 0.9981902241706848, "news_discourse_role_prob_6": 5.45953844266478e-06, "news_discourse_role_prob_7": 3.410275894566439e-05, "news_discourse_role_prob_8": 6.578724878636422e-06, "previous_discourse_relation": 3, "previous_discourse_relation_prob_comp": 0.0005341017968021333, "previous_discourse_relation_prob_cont": 0.013020073994994164, "previous_discourse_relation_prob_temp": 0.0018335323547944427, "previous_discourse_relation_prob_expan": 0.9846122860908508, "latter_discourse_relation": 0, "latter_discourse_relation_prob_comp": 0.9282472729682922, "latter_discourse_relation_prob_cont": 0.0011842738604173064, "latter_discourse_relation_prob_temp": 0.06495819240808487, "latter_discourse_relation_prob_expan": 0.005610256921499968}, {"sentence_id": 20, "sentence_start": 2225, "sentence_end": 2338, "sentence_text": "But the Obama administration appealed, and federal Judge Ann Aiken in 2015 imposed the full five-year sentences.", "sentence_label": "NA", "tokens_list": ["But", "the", "Obama", "administration", "appealed", ",", "and", "federal", "Judge", "Ann", "Aiken", "in", "2015", "imposed", "the", "full", "five-year", "sentences", "."], "tokens_dicts_list": [{"token": "But", "start_char": 2225, "end_char": 2228, "token_label": "NA"}, {"token": "the", "start_char": 2229, "end_char": 2232, "token_label": "NA"}, {"token": "Obama", "start_char": 2233, "end_char": 2238, "token_label": "NA"}, {"token": "administration", "start_char": 2239, "end_char": 2253, "token_label": "NA"}, {"token": "appealed", "start_char": 2254, "end_char": 2262, "token_label": "NA"}, {"token": ",", "start_char": 2262, "end_char": 2263, "token_label": "NA"}, {"token": "and", "start_char": 2264, "end_char": 2267, "token_label": "NA"}, {"token": "federal", "start_char": 2268, "end_char": 2275, "token_label": "NA"}, {"token": "Judge", "start_char": 2276, "end_char": 2281, "token_label": "NA"}, {"token": "Ann", "start_char": 2282, "end_char": 2285, "token_label": "NA"}, {"token": "Aiken", "start_char": 2286, "end_char": 2291, "token_label": "NA"}, {"token": "in", "start_char": 2292, "end_char": 2294, "token_label": "NA"}, {"token": "2015", "start_char": 2295, "end_char": 2299, "token_label": "NA"}, {"token": "imposed", "start_char": 2300, "end_char": 2307, "token_label": "NA"}, {"token": "the", "start_char": 2308, "end_char": 2311, "token_label": "NA"}, {"token": "full", "start_char": 2312, "end_char": 2316, "token_label": "NA"}, {"token": "five-year", "start_char": 2317, "end_char": 2326, "token_label": "NA"}, {"token": "sentences", "start_char": 2327, "end_char": 2336, "token_label": "NA"}, {"token": ".", "start_char": 2336, "end_char": 2337, "token_label": "NA"}], "news_discourse_role": 5, "news_discourse_role_prob_0": 1.0548857289904845e-06, "news_discourse_role_prob_1": 6.420446425181581e-06, "news_discourse_role_prob_2": 5.416797193902312e-06, "news_discourse_role_prob_3": 0.00022764597088098526, "news_discourse_role_prob_4": 0.0004510805010795593, "news_discourse_role_prob_5": 0.9992709755897522, "news_discourse_role_prob_6": 6.467835191870108e-06, "news_discourse_role_prob_7": 2.3964095817063935e-05, "news_discourse_role_prob_8": 7.029927019175375e-06, "previous_discourse_relation": 0, "previous_discourse_relation_prob_comp": 0.9282472729682922, "previous_discourse_relation_prob_cont": 0.0011842738604173064, "previous_discourse_relation_prob_temp": 0.06495819240808487, "previous_discourse_relation_prob_expan": 0.005610256921499968, "latter_discourse_relation": 0, "latter_discourse_relation_prob_comp": 0.6049051880836487, "latter_discourse_relation_prob_cont": 0.08677563071250916, "latter_discourse_relation_prob_temp": 0.015859289094805717, "latter_discourse_relation_prob_expan": 0.2924598753452301}, {"sentence_id": 21, "sentence_start": 2338, "sentence_end": 2388, "sentence_text": "Hogan was a Bush appointee who respected the law.", "sentence_label": "NA", "tokens_list": ["Hogan", "was", "a", "Bush", "appointee", "who", "respected", "the", "law", "."], "tokens_dicts_list": [{"token": "Hogan", "start_char": 2338, "end_char": 2343, "token_label": "NA"}, {"token": "was", "start_char": 2344, "end_char": 2347, "token_label": "NA"}, {"token": "a", "start_char": 2348, "end_char": 2349, "token_label": "NA"}, {"token": "Bush", "start_char": 2350, "end_char": 2354, "token_label": "NA"}, {"token": "appointee", "start_char": 2355, "end_char": 2364, "token_label": "NA"}, {"token": "who", "start_char": 2365, "end_char": 2368, "token_label": "NA"}, {"token": "respected", "start_char": 2369, "end_char": 2378, "token_label": "NA"}, {"token": "the", "start_char": 2379, "end_char": 2382, "token_label": "NA"}, {"token": "law", "start_char": 2383, "end_char": 2386, "token_label": "NA"}, {"token": ".", "start_char": 2386, "end_char": 2387, "token_label": "NA"}], "news_discourse_role": 5, "news_discourse_role_prob_0": 5.518412308447296e-06, "news_discourse_role_prob_1": 4.6463868784485385e-05, "news_discourse_role_prob_2": 3.498237128951587e-05, "news_discourse_role_prob_3": 0.0016388788353651762, "news_discourse_role_prob_4": 0.018951378762722015, "news_discourse_role_prob_5": 0.9771533012390137, "news_discourse_role_prob_6": 0.00015175374574027956, "news_discourse_role_prob_7": 0.0019790709484368563, "news_discourse_role_prob_8": 3.861236109514721e-05, "previous_discourse_relation": 0, "previous_discourse_relation_prob_comp": 0.6049051880836487, "previous_discourse_relation_prob_cont": 0.08677563071250916, "previous_discourse_relation_prob_temp": 0.015859289094805717, "previous_discourse_relation_prob_expan": 0.2924598753452301, "latter_discourse_relation": 3, "latter_discourse_relation_prob_comp": 0.0011620118748396635, "latter_discourse_relation_prob_cont": 0.00026639970019459724, "latter_discourse_relation_prob_temp": 8.31071229185909e-05, "latter_discourse_relation_prob_expan": 0.9984884262084961}, {"sentence_id": 22, "sentence_start": 2388, "sentence_end": 2494, "sentence_text": "Aiken was a Dem fundraiser, her husband was the chair of the Oregon Dem party, appointed by Bill Clinton.", "sentence_label": "Name_Calling,Labeling", "tokens_list": ["Aiken", "was", "a", "Dem", "fundraiser", ",", "her", "husband", "was", "the", "chair", "of", "the", "Oregon", "Dem", "party", ",", "appointed", "by", "Bill", "Clinton", "."], "tokens_dicts_list": [{"token": "Aiken", "start_char": 2388, "end_char": 2393, "token_label": "NA"}, {"token": "was", "start_char": 2394, "end_char": 2397, "token_label": "NA"}, {"token": "a", "start_char": 2398, "end_char": 2399, "token_label": "NA"}, {"token": "Dem", "start_char": 2400, "end_char": 2403, "token_label": "Name_Calling,Labeling"}, {"token": "fundraiser", "start_char": 2404, "end_char": 2414, "token_label": "Name_Calling,Labeling"}, {"token": ",", "start_char": 2414, "end_char": 2415, "token_label": "NA"}, {"token": "her", "start_char": 2416, "end_char": 2419, "token_label": "NA"}, {"token": "husband", "start_char": 2420, "end_char": 2427, "token_label": "NA"}, {"token": "was", "start_char": 2428, "end_char": 2431, "token_label": "NA"}, {"token": "the", "start_char": 2432, "end_char": 2435, "token_label": "NA"}, {"token": "chair", "start_char": 2436, "end_char": 2441, "token_label": "NA"}, {"token": "of", "start_char": 2442, "end_char": 2444, "token_label": "NA"}, {"token": "the", "start_char": 2445, "end_char": 2448, "token_label": "NA"}, {"token": "Oregon", "start_char": 2449, "end_char": 2455, "token_label": "NA"}, {"token": "Dem", "start_char": 2456, "end_char": 2459, "token_label": "NA"}, {"token": "party", "start_char": 2460, "end_char": 2465, "token_label": "NA"}, {"token": ",", "start_char": 2465, "end_char": 2466, "token_label": "NA"}, {"token": "appointed", "start_char": 2467, "end_char": 2476, "token_label": "NA"}, {"token": "by", "start_char": 2477, "end_char": 2479, "token_label": "NA"}, {"token": "Bill", "start_char": 2480, "end_char": 2484, "token_label": "NA"}, {"token": "Clinton", "start_char": 2485, "end_char": 2492, "token_label": "NA"}, {"token": ".", "start_char": 2492, "end_char": 2493, "token_label": "NA"}], "news_discourse_role": 4, "news_discourse_role_prob_0": 1.1640901902865153e-05, "news_discourse_role_prob_1": 7.532382005592808e-05, "news_discourse_role_prob_2": 0.00033397547667846084, "news_discourse_role_prob_3": 0.004208647646009922, "news_discourse_role_prob_4": 0.5811300277709961, "news_discourse_role_prob_5": 0.40712371468544006, "news_discourse_role_prob_6": 0.001428214367479086, "news_discourse_role_prob_7": 0.005614611320197582, "news_discourse_role_prob_8": 7.382016337942332e-05, "previous_discourse_relation": 3, "previous_discourse_relation_prob_comp": 0.0011620118748396635, "previous_discourse_relation_prob_cont": 0.00026639970019459724, "previous_discourse_relation_prob_temp": 8.31071229185909e-05, "previous_discourse_relation_prob_expan": 0.9984884262084961, "latter_discourse_relation": 3, "latter_discourse_relation_prob_comp": 0.3402749300003052, "latter_discourse_relation_prob_cont": 0.12590257823467255, "latter_discourse_relation_prob_temp": 0.0020824072416871786, "latter_discourse_relation_prob_expan": 0.5317400693893433}, {"sentence_id": 23, "sentence_start": 2494, "sentence_end": 2601, "sentence_text": "Aiken was unqualified for her role, except in the ways that mattered to the Clintons and their Dem allies.", "sentence_label": "Name_Calling,Labeling", "tokens_list": ["Aiken", "was", "unqualified", "for", "her", "role", ",", "except", "in", "the", "ways", "that", "mattered", "to", "the", "Clintons", "and", "their", "Dem", "allies", "."], "tokens_dicts_list": [{"token": "Aiken", "start_char": 2494, "end_char": 2499, "token_label": "NA"}, {"token": "was", "start_char": 2500, "end_char": 2503, "token_label": "NA"}, {"token": "unqualified", "start_char": 2504, "end_char": 2515, "token_label": "Name_Calling,Labeling"}, {"token": "for", "start_char": 2516, "end_char": 2519, "token_label": "NA"}, {"token": "her", "start_char": 2520, "end_char": 2523, "token_label": "NA"}, {"token": "role", "start_char": 2524, "end_char": 2528, "token_label": "NA"}, {"token": ",", "start_char": 2528, "end_char": 2529, "token_label": "NA"}, {"token": "except", "start_char": 2530, "end_char": 2536, "token_label": "NA"}, {"token": "in", "start_char": 2537, "end_char": 2539, "token_label": "NA"}, {"token": "the", "start_char": 2540, "end_char": 2543, "token_label": "NA"}, {"token": "ways", "start_char": 2544, "end_char": 2548, "token_label": "NA"}, {"token": "that", "start_char": 2549, "end_char": 2553, "token_label": "NA"}, {"token": "mattered", "start_char": 2554, "end_char": 2562, "token_label": "NA"}, {"token": "to", "start_char": 2563, "end_char": 2565, "token_label": "NA"}, {"token": "the", "start_char": 2566, "end_char": 2569, "token_label": "NA"}, {"token": "Clintons", "start_char": 2570, "end_char": 2578, "token_label": "NA"}, {"token": "and", "start_char": 2579, "end_char": 2582, "token_label": "NA"}, {"token": "their", "start_char": 2583, "end_char": 2588, "token_label": "NA"}, {"token": "Dem", "start_char": 2589, "end_char": 2592, "token_label": "NA"}, {"token": "allies", "start_char": 2593, "end_char": 2599, "token_label": "NA"}, {"token": ".", "start_char": 2599, "end_char": 2600, "token_label": "NA"}], "news_discourse_role": 7, "news_discourse_role_prob_0": 0.00011462996917543933, "news_discourse_role_prob_1": 0.0012750336900353432, "news_discourse_role_prob_2": 0.00029136877856217325, "news_discourse_role_prob_3": 0.008458324708044529, "news_discourse_role_prob_4": 0.006423717364668846, "news_discourse_role_prob_5": 0.02678527869284153, "news_discourse_role_prob_6": 0.008920255117118359, "news_discourse_role_prob_7": 0.943658173084259, "news_discourse_role_prob_8": 0.004073162097483873, "previous_discourse_relation": 3, "previous_discourse_relation_prob_comp": 0.3402749300003052, "previous_discourse_relation_prob_cont": 0.12590257823467255, "previous_discourse_relation_prob_temp": 0.0020824072416871786, "previous_discourse_relation_prob_expan": 0.5317400693893433, "latter_discourse_relation": 1, "latter_discourse_relation_prob_comp": 0.02110881544649601, "latter_discourse_relation_prob_cont": 0.8402284383773804, "latter_discourse_relation_prob_temp": 0.00046677817590534687, "latter_discourse_relation_prob_expan": 0.1381959468126297}, {"sentence_id": 24, "sentence_start": 2601, "sentence_end": 2691, "sentence_text": "These pardons cleanse another stain from our nation's history in the dark years of Obama.", "sentence_label": "Flag-Waving", "tokens_list": ["These", "pardons", "cleanse", "another", "stain", "from", "our", "nation", "'s", "history", "in", "the", "dark", "years", "of", "Obama", "."], "tokens_dicts_list": [{"token": "These", "start_char": 2601, "end_char": 2606, "token_label": "NA"}, {"token": "pardons", "start_char": 2607, "end_char": 2614, "token_label": "NA"}, {"token": "cleanse", "start_char": 2615, "end_char": 2622, "token_label": "NA"}, {"token": "another", "start_char": 2623, "end_char": 2630, "token_label": "NA"}, {"token": "stain", "start_char": 2631, "end_char": 2636, "token_label": "NA"}, {"token": "from", "start_char": 2637, "end_char": 2641, "token_label": "NA"}, {"token": "our", "start_char": 2642, "end_char": 2645, "token_label": "Flag-Waving"}, {"token": "nation", "start_char": 2646, "end_char": 2652, "token_label": "Flag-Waving"}, {"token": "'s", "start_char": 2652, "end_char": 2654, "token_label": "Flag-Waving"}, {"token": "history", "start_char": 2655, "end_char": 2662, "token_label": "Flag-Waving"}, {"token": "in", "start_char": 2663, "end_char": 2665, "token_label": "NA"}, {"token": "the", "start_char": 2666, "end_char": 2669, "token_label": "NA"}, {"token": "dark", "start_char": 2670, "end_char": 2674, "token_label": "Loaded_Language"}, {"token": "years", "start_char": 2675, "end_char": 2680, "token_label": "Loaded_Language"}, {"token": "of", "start_char": 2681, "end_char": 2683, "token_label": "NA"}, {"token": "Obama", "start_char": 2684, "end_char": 2689, "token_label": "NA"}, {"token": ".", "start_char": 2689, "end_char": 2690, "token_label": "NA"}], "news_discourse_role": 7, "news_discourse_role_prob_0": 0.0024034278467297554, "news_discourse_role_prob_1": 0.054911062121391296, "news_discourse_role_prob_2": 0.006677599623799324, "news_discourse_role_prob_3": 0.005280917976051569, "news_discourse_role_prob_4": 0.011679702438414097, "news_discourse_role_prob_5": 0.0007111200247891247, "news_discourse_role_prob_6": 0.007295809220522642, "news_discourse_role_prob_7": 0.8898135423660278, "news_discourse_role_prob_8": 0.021226873621344566, "previous_discourse_relation": 1, "previous_discourse_relation_prob_comp": 0.02110881544649601, "previous_discourse_relation_prob_cont": 0.8402284383773804, "previous_discourse_relation_prob_temp": 0.00046677817590534687, "previous_discourse_relation_prob_expan": 0.1381959468126297, "latter_discourse_relation": -1}]}