{"file_name": "./Propaganda/json_annotations/train/article728153988.json", "num_sentences": 5, "sentences": [{"sentence_id": 0, "sentence_start": 0, "sentence_end": 77, "sentence_text": "Illegal alien wanted for attempted murder in NC arrested at US-Mexico border", "sentence_label": "NA", "tokens_list": ["Illegal", "alien", "wanted", "for", "attempted", "murder", "in", "NC", "arrested", "at", "US-Mexico", "border"], "tokens_dicts_list": [{"token": "Illegal", "start_char": 0, "end_char": 7, "token_label": "NA"}, {"token": "alien", "start_char": 8, "end_char": 13, "token_label": "NA"}, {"token": "wanted", "start_char": 14, "end_char": 20, "token_label": "NA"}, {"token": "for", "start_char": 21, "end_char": 24, "token_label": "NA"}, {"token": "attempted", "start_char": 25, "end_char": 34, "token_label": "NA"}, {"token": "murder", "start_char": 35, "end_char": 41, "token_label": "NA"}, {"token": "in", "start_char": 42, "end_char": 44, "token_label": "NA"}, {"token": "NC", "start_char": 45, "end_char": 47, "token_label": "NA"}, {"token": "arrested", "start_char": 48, "end_char": 56, "token_label": "NA"}, {"token": "at", "start_char": 57, "end_char": 59, "token_label": "NA"}, {"token": "US-Mexico", "start_char": 60, "end_char": 69, "token_label": "NA"}, {"token": "border", "start_char": 70, "end_char": 76, "token_label": "NA"}], "news_discourse_role": 0, "news_discourse_role_prob_0": 0.9381446242332458, "news_discourse_role_prob_1": 0.04186217114329338, "news_discourse_role_prob_2": 0.0025995741598308086, "news_discourse_role_prob_3": 0.004712098743766546, "news_discourse_role_prob_4": 0.011617830954492092, "news_discourse_role_prob_5": 0.00041886436520144343, "news_discourse_role_prob_6": 0.00030341147794388235, "news_discourse_role_prob_7": 0.00029182329308241606, "news_discourse_role_prob_8": 4.950817674398422e-05, "latter_discourse_relation": 3, "latter_discourse_relation_prob_comp": 0.008324261754751205, "latter_discourse_relation_prob_cont": 0.06366121768951416, "latter_discourse_relation_prob_temp": 0.05988733470439911, "latter_discourse_relation_prob_expan": 0.868127167224884, "previous_discourse_relation": -1}, {"sentence_id": 1, "sentence_start": 78, "sentence_end": 304, "sentence_text": "TUCSON, Ariz. \u2013 While patrolling east of Nogales, Border Patrol agents assigned to the Nogales Station arrested Francisco Lopez-Loyola, a 38-year-old Mexican national for being illegally present in the United States Thursday.", "sentence_label": "NA", "tokens_list": ["TUCSON", ",", "Ariz.", "\u2013", "While", "patrolling", "east", "of", "Nogales", ",", "Border", "Patrol", "agents", "assigned", "to", "the", "Nogales", "Station", "arrested", "Francisco", "Lopez-Loyola", ",", "a", "38-year-old", "Mexican", "national", "for", "being", "illegally", "present", "in", "the", "United", "States", "Thursday", "."], "tokens_dicts_list": [{"token": "TUCSON", "start_char": 78, "end_char": 84, "token_label": "NA"}, {"token": ",", "start_char": 84, "end_char": 85, "token_label": "NA"}, {"token": "Ariz.", "start_char": 86, "end_char": 91, "token_label": "NA"}, {"token": "\u2013", "start_char": 92, "end_char": 93, "token_label": "NA"}, {"token": "While", "start_char": 94, "end_char": 99, "token_label": "NA"}, {"token": "patrolling", "start_char": 100, "end_char": 110, "token_label": "NA"}, {"token": "east", "start_char": 111, "end_char": 115, "token_label": "NA"}, {"token": "of", "start_char": 116, "end_char": 118, "token_label": "NA"}, {"token": "Nogales", "start_char": 119, "end_char": 126, "token_label": "NA"}, {"token": ",", "start_char": 126, "end_char": 127, "token_label": "NA"}, {"token": "Border", "start_char": 128, "end_char": 134, "token_label": "NA"}, {"token": "Patrol", "start_char": 135, "end_char": 141, "token_label": "NA"}, {"token": "agents", "start_char": 142, "end_char": 148, "token_label": "NA"}, {"token": "assigned", "start_char": 149, "end_char": 157, "token_label": "NA"}, {"token": "to", "start_char": 158, "end_char": 160, "token_label": "NA"}, {"token": "the", "start_char": 161, "end_char": 164, "token_label": "NA"}, {"token": "Nogales", "start_char": 165, "end_char": 172, "token_label": "NA"}, {"token": "Station", "start_char": 173, "end_char": 180, "token_label": "NA"}, {"token": "arrested", "start_char": 181, "end_char": 189, "token_label": "NA"}, {"token": "Francisco", "start_char": 190, "end_char": 199, "token_label": "NA"}, {"token": "Lopez-Loyola", "start_char": 200, "end_char": 212, "token_label": "NA"}, {"token": ",", "start_char": 212, "end_char": 213, "token_label": "NA"}, {"token": "a", "start_char": 214, "end_char": 215, "token_label": "NA"}, {"token": "38-year-old", "start_char": 216, "end_char": 227, "token_label": "NA"}, {"token": "Mexican", "start_char": 228, "end_char": 235, "token_label": "NA"}, {"token": "national", "start_char": 236, "end_char": 244, "token_label": "NA"}, {"token": "for", "start_char": 245, "end_char": 248, "token_label": "NA"}, {"token": "being", "start_char": 249, "end_char": 254, "token_label": "NA"}, {"token": "illegally", "start_char": 255, "end_char": 264, "token_label": "NA"}, {"token": "present", "start_char": 265, "end_char": 272, "token_label": "NA"}, {"token": "in", "start_char": 273, "end_char": 275, "token_label": "NA"}, {"token": "the", "start_char": 276, "end_char": 279, "token_label": "NA"}, {"token": "United", "start_char": 280, "end_char": 286, "token_label": "NA"}, {"token": "States", "start_char": 287, "end_char": 293, "token_label": "NA"}, {"token": "Thursday", "start_char": 294, "end_char": 302, "token_label": "NA"}, {"token": ".", "start_char": 302, "end_char": 303, "token_label": "NA"}], "news_discourse_role": 1, "news_discourse_role_prob_0": 5.581844106927747e-06, "news_discourse_role_prob_1": 0.9960821270942688, "news_discourse_role_prob_2": 7.740851287962869e-05, "news_discourse_role_prob_3": 0.0022464520297944546, "news_discourse_role_prob_4": 0.0015093720285221934, "news_discourse_role_prob_5": 3.90525019611232e-05, "news_discourse_role_prob_6": 2.5114225081779296e-06, "news_discourse_role_prob_7": 3.262656900915317e-05, "news_discourse_role_prob_8": 4.907078618998639e-06, "previous_discourse_relation": 3, "previous_discourse_relation_prob_comp": 0.008324261754751205, "previous_discourse_relation_prob_cont": 0.06366121768951416, "previous_discourse_relation_prob_temp": 0.05988733470439911, "previous_discourse_relation_prob_expan": 0.868127167224884, "latter_discourse_relation": 3, "latter_discourse_relation_prob_comp": 0.005615805741399527, "latter_discourse_relation_prob_cont": 0.1344750076532364, "latter_discourse_relation_prob_temp": 0.1677255779504776, "latter_discourse_relation_prob_expan": 0.6921835541725159}, {"sentence_id": 2, "sentence_start": 304, "sentence_end": 454, "sentence_text": "During processing, a records check indicated Lopez had an extraditable warrant from Catawba County, North Carolina for attempted first degree murder.", "sentence_label": "NA", "tokens_list": ["During", "processing", ",", "a", "records", "check", "indicated", "Lopez", "had", "an", "extraditable", "warrant", "from", "Catawba", "County", ",", "North", "Carolina", "for", "attempted", "first", "degree", "murder", "."], "tokens_dicts_list": [{"token": "During", "start_char": 304, "end_char": 310, "token_label": "NA"}, {"token": "processing", "start_char": 311, "end_char": 321, "token_label": "NA"}, {"token": ",", "start_char": 321, "end_char": 322, "token_label": "NA"}, {"token": "a", "start_char": 323, "end_char": 324, "token_label": "NA"}, {"token": "records", "start_char": 325, "end_char": 332, "token_label": "NA"}, {"token": "check", "start_char": 333, "end_char": 338, "token_label": "NA"}, {"token": "indicated", "start_char": 339, "end_char": 348, "token_label": "NA"}, {"token": "Lopez", "start_char": 349, "end_char": 354, "token_label": "NA"}, {"token": "had", "start_char": 355, "end_char": 358, "token_label": "NA"}, {"token": "an", "start_char": 359, "end_char": 361, "token_label": "NA"}, {"token": "extraditable", "start_char": 362, "end_char": 374, "token_label": "NA"}, {"token": "warrant", "start_char": 375, "end_char": 382, "token_label": "NA"}, {"token": "from", "start_char": 383, "end_char": 387, "token_label": "NA"}, {"token": "Catawba", "start_char": 388, "end_char": 395, "token_label": "NA"}, {"token": "County", "start_char": 396, "end_char": 402, "token_label": "NA"}, {"token": ",", "start_char": 402, "end_char": 403, "token_label": "NA"}, {"token": "North", "start_char": 404, "end_char": 409, "token_label": "NA"}, {"token": "Carolina", "start_char": 410, "end_char": 418, "token_label": "NA"}, {"token": "for", "start_char": 419, "end_char": 422, "token_label": "NA"}, {"token": "attempted", "start_char": 423, "end_char": 432, "token_label": "NA"}, {"token": "first", "start_char": 433, "end_char": 438, "token_label": "NA"}, {"token": "degree", "start_char": 439, "end_char": 445, "token_label": "NA"}, {"token": "murder", "start_char": 446, "end_char": 452, "token_label": "NA"}, {"token": ".", "start_char": 452, "end_char": 453, "token_label": "NA"}], "news_discourse_role": 4, "news_discourse_role_prob_0": 8.588657692598645e-06, "news_discourse_role_prob_1": 0.0036429897882044315, "news_discourse_role_prob_2": 0.0008820703369565308, "news_discourse_role_prob_3": 0.42825451493263245, "news_discourse_role_prob_4": 0.563378632068634, "news_discourse_role_prob_5": 0.003689561504870653, "news_discourse_role_prob_6": 1.8084239854943007e-05, "news_discourse_role_prob_7": 0.0001078248315025121, "news_discourse_role_prob_8": 1.7754800865077414e-05, "previous_discourse_relation": 3, "previous_discourse_relation_prob_comp": 0.005615805741399527, "previous_discourse_relation_prob_cont": 0.1344750076532364, "previous_discourse_relation_prob_temp": 0.1677255779504776, "previous_discourse_relation_prob_expan": 0.6921835541725159, "latter_discourse_relation": 2, "latter_discourse_relation_prob_comp": 0.003526125568896532, "latter_discourse_relation_prob_cont": 0.24483025074005127, "latter_discourse_relation_prob_temp": 0.4643222987651825, "latter_discourse_relation_prob_expan": 0.2873212993144989}, {"sentence_id": 3, "sentence_start": 454, "sentence_end": 587, "sentence_text": "He was processed for immigration violations and turned over to Santa Cruz County Sheriff\u2019s Office for extradition to North Carolina.", "sentence_label": "NA", "tokens_list": ["He", "was", "processed", "for", "immigration", "violations", "and", "turned", "over", "to", "Santa", "Cruz", "County", "Sheriff\u2019s", "Office", "for", "extradition", "to", "North", "Carolina", "."], "tokens_dicts_list": [{"token": "He", "start_char": 454, "end_char": 456, "token_label": "NA"}, {"token": "was", "start_char": 457, "end_char": 460, "token_label": "NA"}, {"token": "processed", "start_char": 461, "end_char": 470, "token_label": "NA"}, {"token": "for", "start_char": 471, "end_char": 474, "token_label": "NA"}, {"token": "immigration", "start_char": 475, "end_char": 486, "token_label": "NA"}, {"token": "violations", "start_char": 487, "end_char": 497, "token_label": "NA"}, {"token": "and", "start_char": 498, "end_char": 501, "token_label": "NA"}, {"token": "turned", "start_char": 502, "end_char": 508, "token_label": "NA"}, {"token": "over", "start_char": 509, "end_char": 513, "token_label": "NA"}, {"token": "to", "start_char": 514, "end_char": 516, "token_label": "NA"}, {"token": "Santa", "start_char": 517, "end_char": 522, "token_label": "NA"}, {"token": "Cruz", "start_char": 523, "end_char": 527, "token_label": "NA"}, {"token": "County", "start_char": 528, "end_char": 534, "token_label": "NA"}, {"token": "Sheriff\u2019s", "start_char": 535, "end_char": 544, "token_label": "NA"}, {"token": "Office", "start_char": 545, "end_char": 551, "token_label": "NA"}, {"token": "for", "start_char": 552, "end_char": 555, "token_label": "NA"}, {"token": "extradition", "start_char": 556, "end_char": 567, "token_label": "NA"}, {"token": "to", "start_char": 568, "end_char": 570, "token_label": "NA"}, {"token": "North", "start_char": 571, "end_char": 576, "token_label": "NA"}, {"token": "Carolina", "start_char": 577, "end_char": 585, "token_label": "NA"}, {"token": ".", "start_char": 585, "end_char": 586, "token_label": "NA"}], "news_discourse_role": 4, "news_discourse_role_prob_0": 2.033750388363842e-05, "news_discourse_role_prob_1": 0.010669407434761524, "news_discourse_role_prob_2": 0.007839981466531754, "news_discourse_role_prob_3": 0.01525119598954916, "news_discourse_role_prob_4": 0.9654743671417236, "news_discourse_role_prob_5": 0.0006090017850510776, "news_discourse_role_prob_6": 1.7615959222894162e-05, "news_discourse_role_prob_7": 3.1117404432734475e-05, "news_discourse_role_prob_8": 8.705098298378289e-05, "previous_discourse_relation": 2, "previous_discourse_relation_prob_comp": 0.003526125568896532, "previous_discourse_relation_prob_cont": 0.24483025074005127, "previous_discourse_relation_prob_temp": 0.4643222987651825, "previous_discourse_relation_prob_expan": 0.2873212993144989, "latter_discourse_relation": 3, "latter_discourse_relation_prob_comp": 0.0037264141719788313, "latter_discourse_relation_prob_cont": 0.0075414530001580715, "latter_discourse_relation_prob_temp": 0.0030161552131175995, "latter_discourse_relation_prob_expan": 0.9857160449028015}, {"sentence_id": 4, "sentence_start": 587, "sentence_end": 761, "sentence_text": "All persons apprehended by the Border Patrol undergo criminal history checks using biometrics to ensure illegal immigrants with criminal histories are positively identified.", "sentence_label": "NA", "tokens_list": ["All", "persons", "apprehended", "by", "the", "Border", "Patrol", "undergo", "criminal", "history", "checks", "using", "biometrics", "to", "ensure", "illegal", "immigrants", "with", "criminal", "histories", "are", "positively", "identified", "."], "tokens_dicts_list": [{"token": "All", "start_char": 587, "end_char": 590, "token_label": "NA"}, {"token": "persons", "start_char": 591, "end_char": 598, "token_label": "NA"}, {"token": "apprehended", "start_char": 599, "end_char": 610, "token_label": "NA"}, {"token": "by", "start_char": 611, "end_char": 613, "token_label": "NA"}, {"token": "the", "start_char": 614, "end_char": 617, "token_label": "NA"}, {"token": "Border", "start_char": 618, "end_char": 624, "token_label": "NA"}, {"token": "Patrol", "start_char": 625, "end_char": 631, "token_label": "NA"}, {"token": "undergo", "start_char": 632, "end_char": 639, "token_label": "NA"}, {"token": "criminal", "start_char": 640, "end_char": 648, "token_label": "NA"}, {"token": "history", "start_char": 649, "end_char": 656, "token_label": "NA"}, {"token": "checks", "start_char": 657, "end_char": 663, "token_label": "NA"}, {"token": "using", "start_char": 664, "end_char": 669, "token_label": "NA"}, {"token": "biometrics", "start_char": 670, "end_char": 680, "token_label": "NA"}, {"token": "to", "start_char": 681, "end_char": 683, "token_label": "NA"}, {"token": "ensure", "start_char": 684, "end_char": 690, "token_label": "NA"}, {"token": "illegal", "start_char": 691, "end_char": 698, "token_label": "NA"}, {"token": "immigrants", "start_char": 699, "end_char": 709, "token_label": "NA"}, {"token": "with", "start_char": 710, "end_char": 714, "token_label": "NA"}, {"token": "criminal", "start_char": 715, "end_char": 723, "token_label": "NA"}, {"token": "histories", "start_char": 724, "end_char": 733, "token_label": "NA"}, {"token": "are", "start_char": 734, "end_char": 737, "token_label": "NA"}, {"token": "positively", "start_char": 738, "end_char": 748, "token_label": "NA"}, {"token": "identified", "start_char": 749, "end_char": 759, "token_label": "NA"}, {"token": ".", "start_char": 759, "end_char": 760, "token_label": "NA"}], "news_discourse_role": 4, "news_discourse_role_prob_0": 1.2164872487119283e-06, "news_discourse_role_prob_1": 3.624022428994067e-05, "news_discourse_role_prob_2": 0.0006588076357729733, "news_discourse_role_prob_3": 0.0007781421882100403, "news_discourse_role_prob_4": 0.9976252913475037, "news_discourse_role_prob_5": 0.0003922239411622286, "news_discourse_role_prob_6": 8.76712419994874e-06, "news_discourse_role_prob_7": 0.0004683480365201831, "news_discourse_role_prob_8": 3.096005821134895e-05, "previous_discourse_relation": 3, "previous_discourse_relation_prob_comp": 0.0037264141719788313, "previous_discourse_relation_prob_cont": 0.0075414530001580715, "previous_discourse_relation_prob_temp": 0.0030161552131175995, "previous_discourse_relation_prob_expan": 0.9857160449028015, "latter_discourse_relation": -1}]}