{"file_name": "./Propaganda/json_annotations/train/article741655444.json", "num_sentences": 25, "sentences": [{"sentence_id": 0, "sentence_start": 0, "sentence_end": 64, "sentence_text": "Travis Air Force Base terrorist identified as Muslim Hafiz Kazi", "sentence_label": "NA", "tokens_list": ["Travis", "Air", "Force", "Base", "terrorist", "identified", "as", "Muslim", "Hafiz", "Kazi"], "tokens_dicts_list": [{"token": "Travis", "start_char": 0, "end_char": 6, "token_label": "NA"}, {"token": "Air", "start_char": 7, "end_char": 10, "token_label": "NA"}, {"token": "Force", "start_char": 11, "end_char": 16, "token_label": "NA"}, {"token": "Base", "start_char": 17, "end_char": 21, "token_label": "NA"}, {"token": "terrorist", "start_char": 22, "end_char": 31, "token_label": "NA"}, {"token": "identified", "start_char": 32, "end_char": 42, "token_label": "NA"}, {"token": "as", "start_char": 43, "end_char": 45, "token_label": "NA"}, {"token": "Muslim", "start_char": 46, "end_char": 52, "token_label": "NA"}, {"token": "Hafiz", "start_char": 53, "end_char": 58, "token_label": "NA"}, {"token": "Kazi", "start_char": 59, "end_char": 63, "token_label": "NA"}], "news_discourse_role": 0, "news_discourse_role_prob_0": 0.889295220375061, "news_discourse_role_prob_1": 0.062667116522789, "news_discourse_role_prob_2": 0.004836810287088156, "news_discourse_role_prob_3": 0.01502249389886856, "news_discourse_role_prob_4": 0.022488178685307503, "news_discourse_role_prob_5": 0.003461429849267006, "news_discourse_role_prob_6": 0.001197975710965693, "news_discourse_role_prob_7": 0.0009063589968718588, "news_discourse_role_prob_8": 0.00012441340368241072, "latter_discourse_relation": 3, "latter_discourse_relation_prob_comp": 0.07586292177438736, "latter_discourse_relation_prob_cont": 0.02008964866399765, "latter_discourse_relation_prob_temp": 0.12278994172811508, "latter_discourse_relation_prob_expan": 0.7812574505805969, "previous_discourse_relation": -1}, {"sentence_id": 1, "sentence_start": 65, "sentence_end": 223, "sentence_text": "Earlier today I wrote: \u201cFBI spokeswoman Gina Swankie and Travis spokesman Airman Christian Conrad declined to elaborate on the matter or identify the driver.", "sentence_label": "NA", "tokens_list": ["Earlier", "today", "I", "wrote", ":", "\u201cFBI", "spokeswoman", "Gina", "Swankie", "and", "Travis", "spokesman", "Airman", "Christian", "Conrad", "declined", "to", "elaborate", "on", "the", "matter", "or", "identify", "the", "driver", "."], "tokens_dicts_list": [{"token": "Earlier", "start_char": 65, "end_char": 72, "token_label": "NA"}, {"token": "today", "start_char": 73, "end_char": 78, "token_label": "NA"}, {"token": "I", "start_char": 79, "end_char": 80, "token_label": "NA"}, {"token": "wrote", "start_char": 81, "end_char": 86, "token_label": "NA"}, {"token": ":", "start_char": 86, "end_char": 87, "token_label": "NA"}, {"token": "\u201cFBI", "start_char": 88, "end_char": 92, "token_label": "NA"}, {"token": "spokeswoman", "start_char": 93, "end_char": 104, "token_label": "NA"}, {"token": "Gina", "start_char": 105, "end_char": 109, "token_label": "NA"}, {"token": "Swankie", "start_char": 110, "end_char": 117, "token_label": "NA"}, {"token": "and", "start_char": 118, "end_char": 121, "token_label": "NA"}, {"token": "Travis", "start_char": 122, "end_char": 128, "token_label": "NA"}, {"token": "spokesman", "start_char": 129, "end_char": 138, "token_label": "NA"}, {"token": "Airman", "start_char": 139, "end_char": 145, "token_label": "NA"}, {"token": "Christian", "start_char": 146, "end_char": 155, "token_label": "NA"}, {"token": "Conrad", "start_char": 156, "end_char": 162, "token_label": "NA"}, {"token": "declined", "start_char": 163, "end_char": 171, "token_label": "NA"}, {"token": "to", "start_char": 172, "end_char": 174, "token_label": "NA"}, {"token": "elaborate", "start_char": 175, "end_char": 184, "token_label": "NA"}, {"token": "on", "start_char": 185, "end_char": 187, "token_label": "NA"}, {"token": "the", "start_char": 188, "end_char": 191, "token_label": "NA"}, {"token": "matter", "start_char": 192, "end_char": 198, "token_label": "NA"}, {"token": "or", "start_char": 199, "end_char": 201, "token_label": "NA"}, {"token": "identify", "start_char": 202, "end_char": 210, "token_label": "NA"}, {"token": "the", "start_char": 211, "end_char": 214, "token_label": "NA"}, {"token": "driver", "start_char": 215, "end_char": 221, "token_label": "NA"}, {"token": ".", "start_char": 221, "end_char": 222, "token_label": "NA"}], "news_discourse_role": 4, "news_discourse_role_prob_0": 0.021220983937382698, "news_discourse_role_prob_1": 0.03265656530857086, "news_discourse_role_prob_2": 0.04101034998893738, "news_discourse_role_prob_3": 0.0318143256008625, "news_discourse_role_prob_4": 0.48290252685546875, "news_discourse_role_prob_5": 0.06795521825551987, "news_discourse_role_prob_6": 0.008266516029834747, "news_discourse_role_prob_7": 0.30767911672592163, "news_discourse_role_prob_8": 0.006494421511888504, "previous_discourse_relation": 3, "previous_discourse_relation_prob_comp": 0.07586292177438736, "previous_discourse_relation_prob_cont": 0.02008964866399765, "previous_discourse_relation_prob_temp": 0.12278994172811508, "previous_discourse_relation_prob_expan": 0.7812574505805969, "latter_discourse_relation": 3, "latter_discourse_relation_prob_comp": 0.13462398946285248, "latter_discourse_relation_prob_cont": 0.41058802604675293, "latter_discourse_relation_prob_temp": 0.01377677172422409, "latter_discourse_relation_prob_expan": 0.4410112500190735}, {"sentence_id": 2, "sentence_start": 223, "sentence_end": 229, "sentence_text": "Why?\u201d", "sentence_label": "NA", "tokens_list": ["Why", "?", "\u201d"], "tokens_dicts_list": [{"token": "Why", "start_char": 223, "end_char": 226, "token_label": "NA"}, {"token": "?", "start_char": 226, "end_char": 227, "token_label": "NA"}, {"token": "\u201d", "start_char": 227, "end_char": 228, "token_label": "NA"}], "news_discourse_role": 7, "news_discourse_role_prob_0": 0.004595839884132147, "news_discourse_role_prob_1": 0.009610184468328953, "news_discourse_role_prob_2": 0.0018660188652575016, "news_discourse_role_prob_3": 0.019322410225868225, "news_discourse_role_prob_4": 0.018232863396406174, "news_discourse_role_prob_5": 0.01028840709477663, "news_discourse_role_prob_6": 0.004652467090636492, "news_discourse_role_prob_7": 0.9296335577964783, "news_discourse_role_prob_8": 0.0017982571152970195, "previous_discourse_relation": 3, "previous_discourse_relation_prob_comp": 0.13462398946285248, "previous_discourse_relation_prob_cont": 0.41058802604675293, "previous_discourse_relation_prob_temp": 0.01377677172422409, "previous_discourse_relation_prob_expan": 0.4410112500190735, "latter_discourse_relation": 1, "latter_discourse_relation_prob_comp": 0.07418854534626007, "latter_discourse_relation_prob_cont": 0.5852113962173462, "latter_discourse_relation_prob_temp": 0.006574772298336029, "latter_discourse_relation_prob_expan": 0.3340253233909607}, {"sentence_id": 3, "sentence_start": 229, "sentence_end": 249, "sentence_text": "Now it\u2019s clear why.", "sentence_label": "NA", "tokens_list": ["Now", "it\u2019s", "clear", "why", "."], "tokens_dicts_list": [{"token": "Now", "start_char": 229, "end_char": 232, "token_label": "NA"}, {"token": "it\u2019s", "start_char": 233, "end_char": 237, "token_label": "NA"}, {"token": "clear", "start_char": 238, "end_char": 243, "token_label": "NA"}, {"token": "why", "start_char": 244, "end_char": 247, "token_label": "NA"}, {"token": ".", "start_char": 247, "end_char": 248, "token_label": "NA"}], "news_discourse_role": 7, "news_discourse_role_prob_0": 0.001616505440324545, "news_discourse_role_prob_1": 0.011982927098870277, "news_discourse_role_prob_2": 0.0012213862501084805, "news_discourse_role_prob_3": 0.011270695365965366, "news_discourse_role_prob_4": 0.008985014632344246, "news_discourse_role_prob_5": 0.004572746343910694, "news_discourse_role_prob_6": 0.0020505464635789394, "news_discourse_role_prob_7": 0.9571940302848816, "news_discourse_role_prob_8": 0.0011060899123549461, "previous_discourse_relation": 1, "previous_discourse_relation_prob_comp": 0.07418854534626007, "previous_discourse_relation_prob_cont": 0.5852113962173462, "previous_discourse_relation_prob_temp": 0.006574772298336029, "previous_discourse_relation_prob_expan": 0.3340253233909607, "latter_discourse_relation": 3, "latter_discourse_relation_prob_comp": 0.001467834459617734, "latter_discourse_relation_prob_cont": 0.23664212226867676, "latter_discourse_relation_prob_temp": 0.0017983359284698963, "latter_discourse_relation_prob_expan": 0.7600917220115662}, {"sentence_id": 4, "sentence_start": 249, "sentence_end": 383, "sentence_text": "They wanted to hold off as long as possible on identifying this terrorist as another Muslim, and this as another jihad terror attack.", "sentence_label": "Appeal_to_fear-prejudice", "tokens_list": ["They", "wanted", "to", "hold", "off", "as", "long", "as", "possible", "on", "identifying", "this", "terrorist", "as", "another", "Muslim", ",", "and", "this", "as", "another", "jihad", "terror", "attack", "."], "tokens_dicts_list": [{"token": "They", "start_char": 249, "end_char": 253, "token_label": "NA"}, {"token": "wanted", "start_char": 254, "end_char": 260, "token_label": "NA"}, {"token": "to", "start_char": 261, "end_char": 263, "token_label": "NA"}, {"token": "hold", "start_char": 264, "end_char": 268, "token_label": "NA"}, {"token": "off", "start_char": 269, "end_char": 272, "token_label": "NA"}, {"token": "as", "start_char": 273, "end_char": 275, "token_label": "NA"}, {"token": "long", "start_char": 276, "end_char": 280, "token_label": "NA"}, {"token": "as", "start_char": 281, "end_char": 283, "token_label": "NA"}, {"token": "possible", "start_char": 284, "end_char": 292, "token_label": "NA"}, {"token": "on", "start_char": 293, "end_char": 295, "token_label": "NA"}, {"token": "identifying", "start_char": 296, "end_char": 307, "token_label": "NA"}, {"token": "this", "start_char": 308, "end_char": 312, "token_label": "NA"}, {"token": "terrorist", "start_char": 313, "end_char": 322, "token_label": "NA"}, {"token": "as", "start_char": 323, "end_char": 325, "token_label": "NA"}, {"token": "another", "start_char": 326, "end_char": 333, "token_label": "NA"}, {"token": "Muslim", "start_char": 334, "end_char": 340, "token_label": "NA"}, {"token": ",", "start_char": 340, "end_char": 341, "token_label": "NA"}, {"token": "and", "start_char": 342, "end_char": 345, "token_label": "NA"}, {"token": "this", "start_char": 346, "end_char": 350, "token_label": "NA"}, {"token": "as", "start_char": 351, "end_char": 353, "token_label": "Repetition"}, {"token": "another", "start_char": 354, "end_char": 361, "token_label": "Repetition"}, {"token": "jihad", "start_char": 362, "end_char": 367, "token_label": "Appeal_to_fear-prejudice"}, {"token": "terror", "start_char": 368, "end_char": 374, "token_label": "Appeal_to_fear-prejudice"}, {"token": "attack", "start_char": 375, "end_char": 381, "token_label": "Appeal_to_fear-prejudice"}, {"token": ".", "start_char": 381, "end_char": 382, "token_label": "NA"}], "news_discourse_role": 7, "news_discourse_role_prob_0": 0.00012986188812647015, "news_discourse_role_prob_1": 0.004272254183888435, "news_discourse_role_prob_2": 0.0007195073994807899, "news_discourse_role_prob_3": 0.016680218279361725, "news_discourse_role_prob_4": 0.008107599802315235, "news_discourse_role_prob_5": 0.005898815114051104, "news_discourse_role_prob_6": 0.003904033452272415, "news_discourse_role_prob_7": 0.9525349736213684, "news_discourse_role_prob_8": 0.007752669975161552, "previous_discourse_relation": 3, "previous_discourse_relation_prob_comp": 0.001467834459617734, "previous_discourse_relation_prob_cont": 0.23664212226867676, "previous_discourse_relation_prob_temp": 0.0017983359284698963, "previous_discourse_relation_prob_expan": 0.7600917220115662, "latter_discourse_relation": 1, "latter_discourse_relation_prob_comp": 0.0174119770526886, "latter_discourse_relation_prob_cont": 0.9348465204238892, "latter_discourse_relation_prob_temp": 0.0009359535179100931, "latter_discourse_relation_prob_expan": 0.04680551216006279}, {"sentence_id": 5, "sentence_start": 383, "sentence_end": 524, "sentence_text": "Protecting the image of Islam, not protecting the public, still seems to be the most important priority for all too many American officials.", "sentence_label": "Doubt", "tokens_list": ["Protecting", "the", "image", "of", "Islam", ",", "not", "protecting", "the", "public", ",", "still", "seems", "to", "be", "the", "most", "important", "priority", "for", "all", "too", "many", "American", "officials", "."], "tokens_dicts_list": [{"token": "Protecting", "start_char": 383, "end_char": 393, "token_label": "Doubt"}, {"token": "the", "start_char": 394, "end_char": 397, "token_label": "Doubt"}, {"token": "image", "start_char": 398, "end_char": 403, "token_label": "Doubt"}, {"token": "of", "start_char": 404, "end_char": 406, "token_label": "Doubt"}, {"token": "Islam", "start_char": 407, "end_char": 412, "token_label": "Doubt"}, {"token": ",", "start_char": 412, "end_char": 413, "token_label": "Doubt"}, {"token": "not", "start_char": 414, "end_char": 417, "token_label": "Doubt"}, {"token": "protecting", "start_char": 418, "end_char": 428, "token_label": "Doubt"}, {"token": "the", "start_char": 429, "end_char": 432, "token_label": "Doubt"}, {"token": "public", "start_char": 433, "end_char": 439, "token_label": "Doubt"}, {"token": ",", "start_char": 439, "end_char": 440, "token_label": "Doubt"}, {"token": "still", "start_char": 441, "end_char": 446, "token_label": "Doubt"}, {"token": "seems", "start_char": 447, "end_char": 452, "token_label": "Doubt"}, {"token": "to", "start_char": 453, "end_char": 455, "token_label": "Doubt"}, {"token": "be", "start_char": 456, "end_char": 458, "token_label": "Doubt"}, {"token": "the", "start_char": 459, "end_char": 462, "token_label": "Doubt"}, {"token": "most", "start_char": 463, "end_char": 467, "token_label": "Doubt"}, {"token": "important", "start_char": 468, "end_char": 477, "token_label": "Doubt"}, {"token": "priority", "start_char": 478, "end_char": 486, "token_label": "Doubt"}, {"token": "for", "start_char": 487, "end_char": 490, "token_label": "Doubt"}, {"token": "all", "start_char": 491, "end_char": 494, "token_label": "Doubt"}, {"token": "too", "start_char": 495, "end_char": 498, "token_label": "Doubt"}, {"token": "many", "start_char": 499, "end_char": 503, "token_label": "Doubt"}, {"token": "American", "start_char": 504, "end_char": 512, "token_label": "Doubt"}, {"token": "officials", "start_char": 513, "end_char": 522, "token_label": "Doubt"}, {"token": ".", "start_char": 522, "end_char": 523, "token_label": "NA"}], "news_discourse_role": 7, "news_discourse_role_prob_0": 9.848590707406402e-05, "news_discourse_role_prob_1": 0.004245520103722811, "news_discourse_role_prob_2": 0.0002187895297538489, "news_discourse_role_prob_3": 0.004797232337296009, "news_discourse_role_prob_4": 0.002855765400454402, "news_discourse_role_prob_5": 0.0037723183631896973, "news_discourse_role_prob_6": 0.0018461549188941717, "news_discourse_role_prob_7": 0.9815595149993896, "news_discourse_role_prob_8": 0.0006062037427909672, "previous_discourse_relation": 1, "previous_discourse_relation_prob_comp": 0.0174119770526886, "previous_discourse_relation_prob_cont": 0.9348465204238892, "previous_discourse_relation_prob_temp": 0.0009359535179100931, "previous_discourse_relation_prob_expan": 0.04680551216006279, "latter_discourse_relation": 3, "latter_discourse_relation_prob_comp": 0.006267743185162544, "latter_discourse_relation_prob_cont": 0.04092156141996384, "latter_discourse_relation_prob_temp": 0.0009764638962224126, "latter_discourse_relation_prob_expan": 0.9518342018127441}, {"sentence_id": 6, "sentence_start": 524, "sentence_end": 600, "sentence_text": "\u201cMan whose vehicle exploded at Travis AFB identified,\u201d KGO, March 23, 2018:", "sentence_label": "NA", "tokens_list": ["\u201cMan", "whose", "vehicle", "exploded", "at", "Travis", "AFB", "identified", ",", "\u201d", "KGO", ",", "March", "23", ",", "2018", ":"], "tokens_dicts_list": [{"token": "\u201cMan", "start_char": 524, "end_char": 528, "token_label": "NA"}, {"token": "whose", "start_char": 529, "end_char": 534, "token_label": "NA"}, {"token": "vehicle", "start_char": 535, "end_char": 542, "token_label": "NA"}, {"token": "exploded", "start_char": 543, "end_char": 551, "token_label": "NA"}, {"token": "at", "start_char": 552, "end_char": 554, "token_label": "NA"}, {"token": "Travis", "start_char": 555, "end_char": 561, "token_label": "NA"}, {"token": "AFB", "start_char": 562, "end_char": 565, "token_label": "NA"}, {"token": "identified", "start_char": 566, "end_char": 576, "token_label": "NA"}, {"token": ",", "start_char": 576, "end_char": 577, "token_label": "NA"}, {"token": "\u201d", "start_char": 577, "end_char": 578, "token_label": "NA"}, {"token": "KGO", "start_char": 579, "end_char": 582, "token_label": "NA"}, {"token": ",", "start_char": 582, "end_char": 583, "token_label": "NA"}, {"token": "March", "start_char": 584, "end_char": 589, "token_label": "NA"}, {"token": "23", "start_char": 590, "end_char": 592, "token_label": "NA"}, {"token": ",", "start_char": 592, "end_char": 593, "token_label": "NA"}, {"token": "2018", "start_char": 594, "end_char": 598, "token_label": "NA"}, {"token": ":", "start_char": 598, "end_char": 599, "token_label": "NA"}], "news_discourse_role": 0, "news_discourse_role_prob_0": 0.9908359050750732, "news_discourse_role_prob_1": 0.000662295613437891, "news_discourse_role_prob_2": 0.0009595911833457649, "news_discourse_role_prob_3": 0.0004032086580991745, "news_discourse_role_prob_4": 0.005977482534945011, "news_discourse_role_prob_5": 0.0009996441658586264, "news_discourse_role_prob_6": 3.8294449041131884e-05, "news_discourse_role_prob_7": 0.0001019041083054617, "news_discourse_role_prob_8": 2.163260978704784e-05, "previous_discourse_relation": 3, "previous_discourse_relation_prob_comp": 0.006267743185162544, "previous_discourse_relation_prob_cont": 0.04092156141996384, "previous_discourse_relation_prob_temp": 0.0009764638962224126, "previous_discourse_relation_prob_expan": 0.9518342018127441, "latter_discourse_relation": 3, "latter_discourse_relation_prob_comp": 0.0039442917332053185, "latter_discourse_relation_prob_cont": 0.010877936147153378, "latter_discourse_relation_prob_temp": 0.004333078395575285, "latter_discourse_relation_prob_expan": 0.9808446168899536}, {"sentence_id": 7, "sentence_start": 600, "sentence_end": 772, "sentence_text": "TRAVIS AIR FORCE BASE, Calif. (KGO) \u2014 A man who drove into Travis AFB has been identified as 51-year-old Hafiz Kazi, two sources with knowledge of the probe tell ABC News.", "sentence_label": "NA", "tokens_list": ["TRAVIS", "AIR", "FORCE", "BASE", ",", "Calif.", "(", "KGO", ")", "\u2014", "A", "man", "who", "drove", "into", "Travis", "AFB", "has", "been", "identified", "as", "51-year-old", "Hafiz", "Kazi", ",", "two", "sources", "with", "knowledge", "of", "the", "probe", "tell", "ABC", "News", "."], "tokens_dicts_list": [{"token": "TRAVIS", "start_char": 600, "end_char": 606, "token_label": "NA"}, {"token": "AIR", "start_char": 607, "end_char": 610, "token_label": "NA"}, {"token": "FORCE", "start_char": 611, "end_char": 616, "token_label": "NA"}, {"token": "BASE", "start_char": 617, "end_char": 621, "token_label": "NA"}, {"token": ",", "start_char": 621, "end_char": 622, "token_label": "NA"}, {"token": "Calif.", "start_char": 623, "end_char": 629, "token_label": "NA"}, {"token": "(", "start_char": 630, "end_char": 631, "token_label": "NA"}, {"token": "KGO", "start_char": 631, "end_char": 634, "token_label": "NA"}, {"token": ")", "start_char": 634, "end_char": 635, "token_label": "NA"}, {"token": "\u2014", "start_char": 636, "end_char": 637, "token_label": "NA"}, {"token": "A", "start_char": 638, "end_char": 639, "token_label": "NA"}, {"token": "man", "start_char": 640, "end_char": 643, "token_label": "NA"}, {"token": "who", "start_char": 644, "end_char": 647, "token_label": "NA"}, {"token": "drove", "start_char": 648, "end_char": 653, "token_label": "NA"}, {"token": "into", "start_char": 654, "end_char": 658, "token_label": "NA"}, {"token": "Travis", "start_char": 659, "end_char": 665, "token_label": "NA"}, {"token": "AFB", "start_char": 666, "end_char": 669, "token_label": "NA"}, {"token": "has", "start_char": 670, "end_char": 673, "token_label": "NA"}, {"token": "been", "start_char": 674, "end_char": 678, "token_label": "NA"}, {"token": "identified", "start_char": 679, "end_char": 689, "token_label": "NA"}, {"token": "as", "start_char": 690, "end_char": 692, "token_label": "NA"}, {"token": "51-year-old", "start_char": 693, "end_char": 704, "token_label": "NA"}, {"token": "Hafiz", "start_char": 705, "end_char": 710, "token_label": "NA"}, {"token": "Kazi", "start_char": 711, "end_char": 715, "token_label": "NA"}, {"token": ",", "start_char": 715, "end_char": 716, "token_label": "NA"}, {"token": "two", "start_char": 717, "end_char": 720, "token_label": "NA"}, {"token": "sources", "start_char": 721, "end_char": 728, "token_label": "NA"}, {"token": "with", "start_char": 729, "end_char": 733, "token_label": "NA"}, {"token": "knowledge", "start_char": 734, "end_char": 743, "token_label": "NA"}, {"token": "of", "start_char": 744, "end_char": 746, "token_label": "NA"}, {"token": "the", "start_char": 747, "end_char": 750, "token_label": "NA"}, {"token": "probe", "start_char": 751, "end_char": 756, "token_label": "NA"}, {"token": "tell", "start_char": 757, "end_char": 761, "token_label": "NA"}, {"token": "ABC", "start_char": 762, "end_char": 765, "token_label": "NA"}, {"token": "News", "start_char": 766, "end_char": 770, "token_label": "NA"}, {"token": ".", "start_char": 770, "end_char": 771, "token_label": "NA"}], "news_discourse_role": 1, "news_discourse_role_prob_0": 4.441846249392256e-05, "news_discourse_role_prob_1": 0.9843207597732544, "news_discourse_role_prob_2": 0.0006159991608001292, "news_discourse_role_prob_3": 0.00221645412966609, "news_discourse_role_prob_4": 0.012483279220759869, "news_discourse_role_prob_5": 9.116770524997264e-05, "news_discourse_role_prob_6": 1.1301160157017875e-05, "news_discourse_role_prob_7": 0.00018984373309649527, "news_discourse_role_prob_8": 2.6762032575788908e-05, "previous_discourse_relation": 3, "previous_discourse_relation_prob_comp": 0.0039442917332053185, "previous_discourse_relation_prob_cont": 0.010877936147153378, "previous_discourse_relation_prob_temp": 0.004333078395575285, "previous_discourse_relation_prob_expan": 0.9808446168899536, "latter_discourse_relation": 3, "latter_discourse_relation_prob_comp": 0.001729726092889905, "latter_discourse_relation_prob_cont": 0.015776364132761955, "latter_discourse_relation_prob_temp": 0.02176940068602562, "latter_discourse_relation_prob_expan": 0.9607244729995728}, {"sentence_id": 8, "sentence_start": 772, "sentence_end": 856, "sentence_text": "The sources described Kazi as a \u201cnomad\u201d and a \u201cvagabond,\u201d who lived in many places.", "sentence_label": "Name_Calling,Labeling", "tokens_list": ["The", "sources", "described", "Kazi", "as", "a", "\u201cnomad\u201d", "and", "a", "\u201cvagabond", ",", "\u201d", "who", "lived", "in", "many", "places", "."], "tokens_dicts_list": [{"token": "The", "start_char": 772, "end_char": 775, "token_label": "NA"}, {"token": "sources", "start_char": 776, "end_char": 783, "token_label": "NA"}, {"token": "described", "start_char": 784, "end_char": 793, "token_label": "NA"}, {"token": "Kazi", "start_char": 794, "end_char": 798, "token_label": "NA"}, {"token": "as", "start_char": 799, "end_char": 801, "token_label": "NA"}, {"token": "a", "start_char": 802, "end_char": 803, "token_label": "Name_Calling,Labeling"}, {"token": "\u201cnomad\u201d", "start_char": 804, "end_char": 811, "token_label": "Name_Calling,Labeling"}, {"token": "and", "start_char": 812, "end_char": 815, "token_label": "Name_Calling,Labeling"}, {"token": "a", "start_char": 816, "end_char": 817, "token_label": "Name_Calling,Labeling"}, {"token": "\u201cvagabond", "start_char": 818, "end_char": 827, "token_label": "Name_Calling,Labeling"}, {"token": ",", "start_char": 827, "end_char": 828, "token_label": "Name_Calling,Labeling"}, {"token": "\u201d", "start_char": 828, "end_char": 829, "token_label": "Name_Calling,Labeling"}, {"token": "who", "start_char": 830, "end_char": 833, "token_label": "NA"}, {"token": "lived", "start_char": 834, "end_char": 839, "token_label": "NA"}, {"token": "in", "start_char": 840, "end_char": 842, "token_label": "NA"}, {"token": "many", "start_char": 843, "end_char": 847, "token_label": "NA"}, {"token": "places", "start_char": 848, "end_char": 854, "token_label": "NA"}, {"token": ".", "start_char": 854, "end_char": 855, "token_label": "NA"}], "news_discourse_role": 7, "news_discourse_role_prob_0": 2.917683195846621e-05, "news_discourse_role_prob_1": 0.0017903317930176854, "news_discourse_role_prob_2": 0.0017426104750484228, "news_discourse_role_prob_3": 0.031563375145196915, "news_discourse_role_prob_4": 0.38911277055740356, "news_discourse_role_prob_5": 0.008608701638877392, "news_discourse_role_prob_6": 0.0024101012386381626, "news_discourse_role_prob_7": 0.5629026293754578, "news_discourse_role_prob_8": 0.0018402704736217856, "previous_discourse_relation": 3, "previous_discourse_relation_prob_comp": 0.001729726092889905, "previous_discourse_relation_prob_cont": 0.015776364132761955, "previous_discourse_relation_prob_temp": 0.02176940068602562, "previous_discourse_relation_prob_expan": 0.9607244729995728, "latter_discourse_relation": 3, "latter_discourse_relation_prob_comp": 0.0031281316187232733, "latter_discourse_relation_prob_cont": 0.10901061445474625, "latter_discourse_relation_prob_temp": 0.010181725956499577, "latter_discourse_relation_prob_expan": 0.8776795268058777}, {"sentence_id": 9, "sentence_start": 856, "sentence_end": 978, "sentence_text": "Authorities extracted a video from his cell phone and are analyzing it to try and see if it could help point to a motive.", "sentence_label": "NA", "tokens_list": ["Authorities", "extracted", "a", "video", "from", "his", "cell", "phone", "and", "are", "analyzing", "it", "to", "try", "and", "see", "if", "it", "could", "help", "point", "to", "a", "motive", "."], "tokens_dicts_list": [{"token": "Authorities", "start_char": 856, "end_char": 867, "token_label": "NA"}, {"token": "extracted", "start_char": 868, "end_char": 877, "token_label": "NA"}, {"token": "a", "start_char": 878, "end_char": 879, "token_label": "NA"}, {"token": "video", "start_char": 880, "end_char": 885, "token_label": "NA"}, {"token": "from", "start_char": 886, "end_char": 890, "token_label": "NA"}, {"token": "his", "start_char": 891, "end_char": 894, "token_label": "NA"}, {"token": "cell", "start_char": 895, "end_char": 899, "token_label": "NA"}, {"token": "phone", "start_char": 900, "end_char": 905, "token_label": "NA"}, {"token": "and", "start_char": 906, "end_char": 909, "token_label": "NA"}, {"token": "are", "start_char": 910, "end_char": 913, "token_label": "NA"}, {"token": "analyzing", "start_char": 914, "end_char": 923, "token_label": "NA"}, {"token": "it", "start_char": 924, "end_char": 926, "token_label": "NA"}, {"token": "to", "start_char": 927, "end_char": 929, "token_label": "NA"}, {"token": "try", "start_char": 930, "end_char": 933, "token_label": "NA"}, {"token": "and", "start_char": 934, "end_char": 937, "token_label": "NA"}, {"token": "see", "start_char": 938, "end_char": 941, "token_label": "NA"}, {"token": "if", "start_char": 942, "end_char": 944, "token_label": "NA"}, {"token": "it", "start_char": 945, "end_char": 947, "token_label": "NA"}, {"token": "could", "start_char": 948, "end_char": 953, "token_label": "NA"}, {"token": "help", "start_char": 954, "end_char": 958, "token_label": "NA"}, {"token": "point", "start_char": 959, "end_char": 964, "token_label": "NA"}, {"token": "to", "start_char": 965, "end_char": 967, "token_label": "NA"}, {"token": "a", "start_char": 968, "end_char": 969, "token_label": "NA"}, {"token": "motive", "start_char": 970, "end_char": 976, "token_label": "NA"}, {"token": ".", "start_char": 976, "end_char": 977, "token_label": "NA"}], "news_discourse_role": 4, "news_discourse_role_prob_0": 5.6872315326472744e-05, "news_discourse_role_prob_1": 0.03812279924750328, "news_discourse_role_prob_2": 0.007958607748150826, "news_discourse_role_prob_3": 0.02843537926673889, "news_discourse_role_prob_4": 0.9247951507568359, "news_discourse_role_prob_5": 0.00033543453901074827, "news_discourse_role_prob_6": 5.463216075440869e-05, "news_discourse_role_prob_7": 0.00014880942762829363, "news_discourse_role_prob_8": 9.23267871257849e-05, "previous_discourse_relation": 3, "previous_discourse_relation_prob_comp": 0.0031281316187232733, "previous_discourse_relation_prob_cont": 0.10901061445474625, "previous_discourse_relation_prob_temp": 0.010181725956499577, "previous_discourse_relation_prob_expan": 0.8776795268058777, "latter_discourse_relation": 0, "latter_discourse_relation_prob_comp": 0.9895468354225159, "latter_discourse_relation_prob_cont": 0.00033366039860993624, "latter_discourse_relation_prob_temp": 0.0019544027745723724, "latter_discourse_relation_prob_expan": 0.00816510058939457}, {"sentence_id": 10, "sentence_start": 978, "sentence_end": 1030, "sentence_text": "Sources wouldn\u2019t offer any details about the video.", "sentence_label": "NA", "tokens_list": ["Sources", "wouldn\u2019t", "offer", "any", "details", "about", "the", "video", "."], "tokens_dicts_list": [{"token": "Sources", "start_char": 978, "end_char": 985, "token_label": "NA"}, {"token": "wouldn\u2019t", "start_char": 986, "end_char": 994, "token_label": "NA"}, {"token": "offer", "start_char": 995, "end_char": 1000, "token_label": "NA"}, {"token": "any", "start_char": 1001, "end_char": 1004, "token_label": "NA"}, {"token": "details", "start_char": 1005, "end_char": 1012, "token_label": "NA"}, {"token": "about", "start_char": 1013, "end_char": 1018, "token_label": "NA"}, {"token": "the", "start_char": 1019, "end_char": 1022, "token_label": "NA"}, {"token": "video", "start_char": 1023, "end_char": 1028, "token_label": "NA"}, {"token": ".", "start_char": 1028, "end_char": 1029, "token_label": "NA"}], "news_discourse_role": 4, "news_discourse_role_prob_0": 2.90722550744249e-06, "news_discourse_role_prob_1": 0.0002341466024518013, "news_discourse_role_prob_2": 0.0016478379257023335, "news_discourse_role_prob_3": 0.00023993845388758928, "news_discourse_role_prob_4": 0.99744713306427, "news_discourse_role_prob_5": 0.00010962451779050753, "news_discourse_role_prob_6": 6.539929017890245e-06, "news_discourse_role_prob_7": 0.0002640143793541938, "news_discourse_role_prob_8": 4.792974141309969e-05, "previous_discourse_relation": 0, "previous_discourse_relation_prob_comp": 0.9895468354225159, "previous_discourse_relation_prob_cont": 0.00033366039860993624, "previous_discourse_relation_prob_temp": 0.0019544027745723724, "previous_discourse_relation_prob_expan": 0.00816510058939457, "latter_discourse_relation": 0, "latter_discourse_relation_prob_comp": 0.7100694179534912, "latter_discourse_relation_prob_cont": 0.01551732886582613, "latter_discourse_relation_prob_temp": 0.004886650014668703, "latter_discourse_relation_prob_expan": 0.2695266306400299}, {"sentence_id": 11, "sentence_start": 1030, "sentence_end": 1159, "sentence_text": "The FBI is holding a press conference Friday at 3:30 p.m. and will be asking the public for help and any information about Kazi.", "sentence_label": "NA", "tokens_list": ["The", "FBI", "is", "holding", "a", "press", "conference", "Friday", "at", "3:30", "p.m.", "and", "will", "be", "asking", "the", "public", "for", "help", "and", "any", "information", "about", "Kazi", "."], "tokens_dicts_list": [{"token": "The", "start_char": 1030, "end_char": 1033, "token_label": "NA"}, {"token": "FBI", "start_char": 1034, "end_char": 1037, "token_label": "NA"}, {"token": "is", "start_char": 1038, "end_char": 1040, "token_label": "NA"}, {"token": "holding", "start_char": 1041, "end_char": 1048, "token_label": "NA"}, {"token": "a", "start_char": 1049, "end_char": 1050, "token_label": "NA"}, {"token": "press", "start_char": 1051, "end_char": 1056, "token_label": "NA"}, {"token": "conference", "start_char": 1057, "end_char": 1067, "token_label": "NA"}, {"token": "Friday", "start_char": 1068, "end_char": 1074, "token_label": "NA"}, {"token": "at", "start_char": 1075, "end_char": 1077, "token_label": "NA"}, {"token": "3:30", "start_char": 1078, "end_char": 1082, "token_label": "NA"}, {"token": "p.m.", "start_char": 1083, "end_char": 1087, "token_label": "NA"}, {"token": "and", "start_char": 1088, "end_char": 1091, "token_label": "NA"}, {"token": "will", "start_char": 1092, "end_char": 1096, "token_label": "NA"}, {"token": "be", "start_char": 1097, "end_char": 1099, "token_label": "NA"}, {"token": "asking", "start_char": 1100, "end_char": 1106, "token_label": "NA"}, {"token": "the", "start_char": 1107, "end_char": 1110, "token_label": "NA"}, {"token": "public", "start_char": 1111, "end_char": 1117, "token_label": "NA"}, {"token": "for", "start_char": 1118, "end_char": 1121, "token_label": "NA"}, {"token": "help", "start_char": 1122, "end_char": 1126, "token_label": "NA"}, {"token": "and", "start_char": 1127, "end_char": 1130, "token_label": "NA"}, {"token": "any", "start_char": 1131, "end_char": 1134, "token_label": "NA"}, {"token": "information", "start_char": 1135, "end_char": 1146, "token_label": "NA"}, {"token": "about", "start_char": 1147, "end_char": 1152, "token_label": "NA"}, {"token": "Kazi", "start_char": 1153, "end_char": 1157, "token_label": "NA"}, {"token": ".", "start_char": 1157, "end_char": 1158, "token_label": "NA"}], "news_discourse_role": 8, "news_discourse_role_prob_0": 0.00012165879888925701, "news_discourse_role_prob_1": 0.025371400639414787, "news_discourse_role_prob_2": 0.07721099257469177, "news_discourse_role_prob_3": 0.0011224655900150537, "news_discourse_role_prob_4": 0.38466355204582214, "news_discourse_role_prob_5": 0.0005675122374668717, "news_discourse_role_prob_6": 0.0003707356518134475, "news_discourse_role_prob_7": 0.002325098728761077, "news_discourse_role_prob_8": 0.5082465410232544, "previous_discourse_relation": 0, "previous_discourse_relation_prob_comp": 0.7100694179534912, "previous_discourse_relation_prob_cont": 0.01551732886582613, "previous_discourse_relation_prob_temp": 0.004886650014668703, "previous_discourse_relation_prob_expan": 0.2695266306400299, "latter_discourse_relation": 0, "latter_discourse_relation_prob_comp": 0.8902839422225952, "latter_discourse_relation_prob_cont": 0.009342622943222523, "latter_discourse_relation_prob_temp": 0.024777323007583618, "latter_discourse_relation_prob_expan": 0.07559610158205032}, {"sentence_id": 12, "sentence_start": 1159, "sentence_end": 1297, "sentence_text": "Sources say the information gathered so far still does not point to a concrete motive, with one source calling the man a \u201cmystery\u201d still.", "sentence_label": "NA", "tokens_list": ["Sources", "say", "the", "information", "gathered", "so", "far", "still", "does", "not", "point", "to", "a", "concrete", "motive", ",", "with", "one", "source", "calling", "the", "man", "a", "\u201cmystery\u201d", "still", "."], "tokens_dicts_list": [{"token": "Sources", "start_char": 1159, "end_char": 1166, "token_label": "NA"}, {"token": "say", "start_char": 1167, "end_char": 1170, "token_label": "NA"}, {"token": "the", "start_char": 1171, "end_char": 1174, "token_label": "NA"}, {"token": "information", "start_char": 1175, "end_char": 1186, "token_label": "NA"}, {"token": "gathered", "start_char": 1187, "end_char": 1195, "token_label": "NA"}, {"token": "so", "start_char": 1196, "end_char": 1198, "token_label": "NA"}, {"token": "far", "start_char": 1199, "end_char": 1202, "token_label": "NA"}, {"token": "still", "start_char": 1203, "end_char": 1208, "token_label": "NA"}, {"token": "does", "start_char": 1209, "end_char": 1213, "token_label": "NA"}, {"token": "not", "start_char": 1214, "end_char": 1217, "token_label": "NA"}, {"token": "point", "start_char": 1218, "end_char": 1223, "token_label": "NA"}, {"token": "to", "start_char": 1224, "end_char": 1226, "token_label": "NA"}, {"token": "a", "start_char": 1227, "end_char": 1228, "token_label": "NA"}, {"token": "concrete", "start_char": 1229, "end_char": 1237, "token_label": "NA"}, {"token": "motive", "start_char": 1238, "end_char": 1244, "token_label": "NA"}, {"token": ",", "start_char": 1244, "end_char": 1245, "token_label": "NA"}, {"token": "with", "start_char": 1246, "end_char": 1250, "token_label": "NA"}, {"token": "one", "start_char": 1251, "end_char": 1254, "token_label": "NA"}, {"token": "source", "start_char": 1255, "end_char": 1261, "token_label": "NA"}, {"token": "calling", "start_char": 1262, "end_char": 1269, "token_label": "NA"}, {"token": "the", "start_char": 1270, "end_char": 1273, "token_label": "NA"}, {"token": "man", "start_char": 1274, "end_char": 1277, "token_label": "NA"}, {"token": "a", "start_char": 1278, "end_char": 1279, "token_label": "NA"}, {"token": "\u201cmystery\u201d", "start_char": 1280, "end_char": 1289, "token_label": "NA"}, {"token": "still", "start_char": 1290, "end_char": 1295, "token_label": "NA"}, {"token": ".", "start_char": 1295, "end_char": 1296, "token_label": "NA"}], "news_discourse_role": 7, "news_discourse_role_prob_0": 1.621652154426556e-05, "news_discourse_role_prob_1": 0.0031257763039320707, "news_discourse_role_prob_2": 0.00529809994623065, "news_discourse_role_prob_3": 0.007304767146706581, "news_discourse_role_prob_4": 0.3931483328342438, "news_discourse_role_prob_5": 0.000864580157212913, "news_discourse_role_prob_6": 0.005712400656193495, "news_discourse_role_prob_7": 0.5737141370773315, "news_discourse_role_prob_8": 0.01081570703536272, "previous_discourse_relation": 0, "previous_discourse_relation_prob_comp": 0.8902839422225952, "previous_discourse_relation_prob_cont": 0.009342622943222523, "previous_discourse_relation_prob_temp": 0.024777323007583618, "previous_discourse_relation_prob_expan": 0.07559610158205032, "latter_discourse_relation": 3, "latter_discourse_relation_prob_comp": 0.02206205576658249, "latter_discourse_relation_prob_cont": 0.02587173879146576, "latter_discourse_relation_prob_temp": 0.0022734582889825106, "latter_discourse_relation_prob_expan": 0.9497928023338318}, {"sentence_id": 13, "sentence_start": 1297, "sentence_end": 1413, "sentence_text": "Terrorism, mental health issues, and everything else are still on the table as authorities try to uncover a motive.", "sentence_label": "NA", "tokens_list": ["Terrorism", ",", "mental", "health", "issues", ",", "and", "everything", "else", "are", "still", "on", "the", "table", "as", "authorities", "try", "to", "uncover", "a", "motive", "."], "tokens_dicts_list": [{"token": "Terrorism", "start_char": 1297, "end_char": 1306, "token_label": "NA"}, {"token": ",", "start_char": 1306, "end_char": 1307, "token_label": "NA"}, {"token": "mental", "start_char": 1308, "end_char": 1314, "token_label": "NA"}, {"token": "health", "start_char": 1315, "end_char": 1321, "token_label": "NA"}, {"token": "issues", "start_char": 1322, "end_char": 1328, "token_label": "NA"}, {"token": ",", "start_char": 1328, "end_char": 1329, "token_label": "NA"}, {"token": "and", "start_char": 1330, "end_char": 1333, "token_label": "NA"}, {"token": "everything", "start_char": 1334, "end_char": 1344, "token_label": "NA"}, {"token": "else", "start_char": 1345, "end_char": 1349, "token_label": "NA"}, {"token": "are", "start_char": 1350, "end_char": 1353, "token_label": "NA"}, {"token": "still", "start_char": 1354, "end_char": 1359, "token_label": "NA"}, {"token": "on", "start_char": 1360, "end_char": 1362, "token_label": "NA"}, {"token": "the", "start_char": 1363, "end_char": 1366, "token_label": "NA"}, {"token": "table", "start_char": 1367, "end_char": 1372, "token_label": "NA"}, {"token": "as", "start_char": 1373, "end_char": 1375, "token_label": "NA"}, {"token": "authorities", "start_char": 1376, "end_char": 1387, "token_label": "NA"}, {"token": "try", "start_char": 1388, "end_char": 1391, "token_label": "NA"}, {"token": "to", "start_char": 1392, "end_char": 1394, "token_label": "NA"}, {"token": "uncover", "start_char": 1395, "end_char": 1402, "token_label": "NA"}, {"token": "a", "start_char": 1403, "end_char": 1404, "token_label": "NA"}, {"token": "motive", "start_char": 1405, "end_char": 1411, "token_label": "NA"}, {"token": ".", "start_char": 1411, "end_char": 1412, "token_label": "NA"}], "news_discourse_role": 4, "news_discourse_role_prob_0": 2.725415106397122e-05, "news_discourse_role_prob_1": 0.002963087521493435, "news_discourse_role_prob_2": 0.0032872697338461876, "news_discourse_role_prob_3": 0.003166372422128916, "news_discourse_role_prob_4": 0.4977198541164398, "news_discourse_role_prob_5": 0.001003420096822083, "news_discourse_role_prob_6": 0.002157465787604451, "news_discourse_role_prob_7": 0.39092883467674255, "news_discourse_role_prob_8": 0.0987464040517807, "previous_discourse_relation": 3, "previous_discourse_relation_prob_comp": 0.02206205576658249, "previous_discourse_relation_prob_cont": 0.02587173879146576, "previous_discourse_relation_prob_temp": 0.0022734582889825106, "previous_discourse_relation_prob_expan": 0.9497928023338318, "latter_discourse_relation": 3, "latter_discourse_relation_prob_comp": 7.045549136819318e-05, "latter_discourse_relation_prob_cont": 0.003719594329595566, "latter_discourse_relation_prob_temp": 0.00012821094423998147, "latter_discourse_relation_prob_expan": 0.9960817694664001}, {"sentence_id": 14, "sentence_start": 1413, "sentence_end": 1486, "sentence_text": "On Wednesday, the car crashed at the main gate of Travis Air Force Base.", "sentence_label": "NA", "tokens_list": ["On", "Wednesday", ",", "the", "car", "crashed", "at", "the", "main", "gate", "of", "Travis", "Air", "Force", "Base", "."], "tokens_dicts_list": [{"token": "On", "start_char": 1413, "end_char": 1415, "token_label": "NA"}, {"token": "Wednesday", "start_char": 1416, "end_char": 1425, "token_label": "NA"}, {"token": ",", "start_char": 1425, "end_char": 1426, "token_label": "NA"}, {"token": "the", "start_char": 1427, "end_char": 1430, "token_label": "NA"}, {"token": "car", "start_char": 1431, "end_char": 1434, "token_label": "NA"}, {"token": "crashed", "start_char": 1435, "end_char": 1442, "token_label": "NA"}, {"token": "at", "start_char": 1443, "end_char": 1445, "token_label": "NA"}, {"token": "the", "start_char": 1446, "end_char": 1449, "token_label": "NA"}, {"token": "main", "start_char": 1450, "end_char": 1454, "token_label": "NA"}, {"token": "gate", "start_char": 1455, "end_char": 1459, "token_label": "NA"}, {"token": "of", "start_char": 1460, "end_char": 1462, "token_label": "NA"}, {"token": "Travis", "start_char": 1463, "end_char": 1469, "token_label": "NA"}, {"token": "Air", "start_char": 1470, "end_char": 1473, "token_label": "NA"}, {"token": "Force", "start_char": 1474, "end_char": 1479, "token_label": "NA"}, {"token": "Base", "start_char": 1480, "end_char": 1484, "token_label": "NA"}, {"token": ".", "start_char": 1484, "end_char": 1485, "token_label": "NA"}], "news_discourse_role": 3, "news_discourse_role_prob_0": 1.6668216630932875e-05, "news_discourse_role_prob_1": 0.002409751992672682, "news_discourse_role_prob_2": 0.00012252391024958342, "news_discourse_role_prob_3": 0.9619379639625549, "news_discourse_role_prob_4": 0.019322507083415985, "news_discourse_role_prob_5": 0.016093213111162186, "news_discourse_role_prob_6": 1.524516937934095e-05, "news_discourse_role_prob_7": 7.174166967161e-05, "news_discourse_role_prob_8": 1.0265885975968558e-05, "previous_discourse_relation": 3, "previous_discourse_relation_prob_comp": 7.045549136819318e-05, "previous_discourse_relation_prob_cont": 0.003719594329595566, "previous_discourse_relation_prob_temp": 0.00012821094423998147, "previous_discourse_relation_prob_expan": 0.9960817694664001, "latter_discourse_relation": 1, "latter_discourse_relation_prob_comp": 0.03278211131691933, "latter_discourse_relation_prob_cont": 0.47158533334732056, "latter_discourse_relation_prob_temp": 0.026375586166977882, "latter_discourse_relation_prob_expan": 0.4692569375038147}, {"sentence_id": 15, "sentence_start": 1486, "sentence_end": 1544, "sentence_text": "Officials are treating it as a possible attempted attack.", "sentence_label": "NA", "tokens_list": ["Officials", "are", "treating", "it", "as", "a", "possible", "attempted", "attack", "."], "tokens_dicts_list": [{"token": "Officials", "start_char": 1486, "end_char": 1495, "token_label": "NA"}, {"token": "are", "start_char": 1496, "end_char": 1499, "token_label": "NA"}, {"token": "treating", "start_char": 1500, "end_char": 1508, "token_label": "NA"}, {"token": "it", "start_char": 1509, "end_char": 1511, "token_label": "NA"}, {"token": "as", "start_char": 1512, "end_char": 1514, "token_label": "NA"}, {"token": "a", "start_char": 1515, "end_char": 1516, "token_label": "NA"}, {"token": "possible", "start_char": 1517, "end_char": 1525, "token_label": "NA"}, {"token": "attempted", "start_char": 1526, "end_char": 1535, "token_label": "NA"}, {"token": "attack", "start_char": 1536, "end_char": 1542, "token_label": "NA"}, {"token": ".", "start_char": 1542, "end_char": 1543, "token_label": "NA"}], "news_discourse_role": 4, "news_discourse_role_prob_0": 1.5141874428081792e-05, "news_discourse_role_prob_1": 0.005726953502744436, "news_discourse_role_prob_2": 0.008032978512346745, "news_discourse_role_prob_3": 0.2063799798488617, "news_discourse_role_prob_4": 0.5672177076339722, "news_discourse_role_prob_5": 0.01382884755730629, "news_discourse_role_prob_6": 0.0007157953805290163, "news_discourse_role_prob_7": 0.1551758348941803, "news_discourse_role_prob_8": 0.04290679469704628, "previous_discourse_relation": 1, "previous_discourse_relation_prob_comp": 0.03278211131691933, "previous_discourse_relation_prob_cont": 0.47158533334732056, "previous_discourse_relation_prob_temp": 0.026375586166977882, "previous_discourse_relation_prob_expan": 0.4692569375038147, "latter_discourse_relation": 3, "latter_discourse_relation_prob_comp": 0.0006036721169948578, "latter_discourse_relation_prob_cont": 0.010670235380530357, "latter_discourse_relation_prob_temp": 0.0065295579843223095, "latter_discourse_relation_prob_expan": 0.9821964502334595}, {"sentence_id": 16, "sentence_start": 1544, "sentence_end": 1586, "sentence_text": "The FBI is now leading the investigation.", "sentence_label": "NA", "tokens_list": ["The", "FBI", "is", "now", "leading", "the", "investigation", "."], "tokens_dicts_list": [{"token": "The", "start_char": 1544, "end_char": 1547, "token_label": "NA"}, {"token": "FBI", "start_char": 1548, "end_char": 1551, "token_label": "NA"}, {"token": "is", "start_char": 1552, "end_char": 1554, "token_label": "NA"}, {"token": "now", "start_char": 1555, "end_char": 1558, "token_label": "NA"}, {"token": "leading", "start_char": 1559, "end_char": 1566, "token_label": "NA"}, {"token": "the", "start_char": 1567, "end_char": 1570, "token_label": "NA"}, {"token": "investigation", "start_char": 1571, "end_char": 1584, "token_label": "NA"}, {"token": ".", "start_char": 1584, "end_char": 1585, "token_label": "NA"}], "news_discourse_role": 4, "news_discourse_role_prob_0": 4.7796443141123746e-06, "news_discourse_role_prob_1": 0.0007287451880984008, "news_discourse_role_prob_2": 0.000805587216746062, "news_discourse_role_prob_3": 0.008743233047425747, "news_discourse_role_prob_4": 0.9886927604675293, "news_discourse_role_prob_5": 0.0008766661048866808, "news_discourse_role_prob_6": 1.0753522474260535e-05, "news_discourse_role_prob_7": 0.00012422479630913585, "news_discourse_role_prob_8": 1.3204523384047206e-05, "previous_discourse_relation": 3, "previous_discourse_relation_prob_comp": 0.0006036721169948578, "previous_discourse_relation_prob_cont": 0.010670235380530357, "previous_discourse_relation_prob_temp": 0.0065295579843223095, "previous_discourse_relation_prob_expan": 0.9821964502334595, "latter_discourse_relation": 3, "latter_discourse_relation_prob_comp": 5.573040834860876e-05, "latter_discourse_relation_prob_cont": 0.000513324688654393, "latter_discourse_relation_prob_temp": 0.00029156816890463233, "latter_discourse_relation_prob_expan": 0.9991393089294434}, {"sentence_id": 17, "sentence_start": 1586, "sentence_end": 1646, "sentence_text": "\u201cThe car basically blew up,\u201d said witness Kamren Hernandez.", "sentence_label": "NA", "tokens_list": ["\u201cThe", "car", "basically", "blew", "up", ",", "\u201d", "said", "witness", "Kamren", "Hernandez", "."], "tokens_dicts_list": [{"token": "\u201cThe", "start_char": 1586, "end_char": 1590, "token_label": "NA"}, {"token": "car", "start_char": 1591, "end_char": 1594, "token_label": "NA"}, {"token": "basically", "start_char": 1595, "end_char": 1604, "token_label": "NA"}, {"token": "blew", "start_char": 1605, "end_char": 1609, "token_label": "NA"}, {"token": "up", "start_char": 1610, "end_char": 1612, "token_label": "NA"}, {"token": ",", "start_char": 1612, "end_char": 1613, "token_label": "NA"}, {"token": "\u201d", "start_char": 1613, "end_char": 1614, "token_label": "NA"}, {"token": "said", "start_char": 1615, "end_char": 1619, "token_label": "NA"}, {"token": "witness", "start_char": 1620, "end_char": 1627, "token_label": "NA"}, {"token": "Kamren", "start_char": 1628, "end_char": 1634, "token_label": "NA"}, {"token": "Hernandez", "start_char": 1635, "end_char": 1644, "token_label": "NA"}, {"token": ".", "start_char": 1644, "end_char": 1645, "token_label": "NA"}], "news_discourse_role": 6, "news_discourse_role_prob_0": 8.852474275045097e-05, "news_discourse_role_prob_1": 0.0003279021184425801, "news_discourse_role_prob_2": 0.0002362475061090663, "news_discourse_role_prob_3": 0.000808539567515254, "news_discourse_role_prob_4": 0.0012378001119941473, "news_discourse_role_prob_5": 0.0020061274990439415, "news_discourse_role_prob_6": 0.9873183369636536, "news_discourse_role_prob_7": 0.007792333140969276, "news_discourse_role_prob_8": 0.00018422873108647764, "previous_discourse_relation": 3, "previous_discourse_relation_prob_comp": 5.573040834860876e-05, "previous_discourse_relation_prob_cont": 0.000513324688654393, "previous_discourse_relation_prob_temp": 0.00029156816890463233, "previous_discourse_relation_prob_expan": 0.9991393089294434, "latter_discourse_relation": 3, "latter_discourse_relation_prob_comp": 0.0014930954203009605, "latter_discourse_relation_prob_cont": 0.001400101464241743, "latter_discourse_relation_prob_temp": 0.00475813914090395, "latter_discourse_relation_prob_expan": 0.9923487901687622}, {"sentence_id": 18, "sentence_start": 1646, "sentence_end": 1865, "sentence_text": "\u201d It was nothing anymore.\u201d Hernandez couldn\u2019t believe what he witnessed from his family\u2019s restaurant just feet from the main gate at Travis Air Force Base \u2014 a black SUV exploding seconds after breaching security gates.", "sentence_label": "Exaggeration,Minimisation", "tokens_list": ["\u201d", "It", "was", "nothing", "anymore.\u201d", "Hernandez", "couldn\u2019t", "believe", "what", "he", "witnessed", "from", "his", "family\u2019s", "restaurant", "just", "feet", "from", "the", "main", "gate", "at", "Travis", "Air", "Force", "Base", "\u2014", "a", "black", "SUV", "exploding", "seconds", "after", "breaching", "security", "gates", "."], "tokens_dicts_list": [{"token": "\u201d", "start_char": 1646, "end_char": 1647, "token_label": "NA"}, {"token": "It", "start_char": 1648, "end_char": 1650, "token_label": "Exaggeration,Minimisation"}, {"token": "was", "start_char": 1651, "end_char": 1654, "token_label": "Exaggeration,Minimisation"}, {"token": "nothing", "start_char": 1655, "end_char": 1662, "token_label": "Exaggeration,Minimisation"}, {"token": "anymore.\u201d", "start_char": 1663, "end_char": 1672, "token_label": "Exaggeration,Minimisation"}, {"token": "Hernandez", "start_char": 1673, "end_char": 1682, "token_label": "NA"}, {"token": "couldn\u2019t", "start_char": 1683, "end_char": 1691, "token_label": "NA"}, {"token": "believe", "start_char": 1692, "end_char": 1699, "token_label": "NA"}, {"token": "what", "start_char": 1700, "end_char": 1704, "token_label": "NA"}, {"token": "he", "start_char": 1705, "end_char": 1707, "token_label": "NA"}, {"token": "witnessed", "start_char": 1708, "end_char": 1717, "token_label": "NA"}, {"token": "from", "start_char": 1718, "end_char": 1722, "token_label": "NA"}, {"token": "his", "start_char": 1723, "end_char": 1726, "token_label": "NA"}, {"token": "family\u2019s", "start_char": 1727, "end_char": 1735, "token_label": "NA"}, {"token": "restaurant", "start_char": 1736, "end_char": 1746, "token_label": "NA"}, {"token": "just", "start_char": 1747, "end_char": 1751, "token_label": "NA"}, {"token": "feet", "start_char": 1752, "end_char": 1756, "token_label": "NA"}, {"token": "from", "start_char": 1757, "end_char": 1761, "token_label": "NA"}, {"token": "the", "start_char": 1762, "end_char": 1765, "token_label": "NA"}, {"token": "main", "start_char": 1766, "end_char": 1770, "token_label": "NA"}, {"token": "gate", "start_char": 1771, "end_char": 1775, "token_label": "NA"}, {"token": "at", "start_char": 1776, "end_char": 1778, "token_label": "NA"}, {"token": "Travis", "start_char": 1779, "end_char": 1785, "token_label": "NA"}, {"token": "Air", "start_char": 1786, "end_char": 1789, "token_label": "NA"}, {"token": "Force", "start_char": 1790, "end_char": 1795, "token_label": "NA"}, {"token": "Base", "start_char": 1796, "end_char": 1800, "token_label": "NA"}, {"token": "\u2014", "start_char": 1801, "end_char": 1802, "token_label": "NA"}, {"token": "a", "start_char": 1803, "end_char": 1804, "token_label": "NA"}, {"token": "black", "start_char": 1805, "end_char": 1810, "token_label": "NA"}, {"token": "SUV", "start_char": 1811, "end_char": 1814, "token_label": "NA"}, {"token": "exploding", "start_char": 1815, "end_char": 1824, "token_label": "NA"}, {"token": "seconds", "start_char": 1825, "end_char": 1832, "token_label": "NA"}, {"token": "after", "start_char": 1833, "end_char": 1838, "token_label": "NA"}, {"token": "breaching", "start_char": 1839, "end_char": 1848, "token_label": "NA"}, {"token": "security", "start_char": 1849, "end_char": 1857, "token_label": "NA"}, {"token": "gates", "start_char": 1858, "end_char": 1863, "token_label": "NA"}, {"token": ".", "start_char": 1863, "end_char": 1864, "token_label": "NA"}], "news_discourse_role": 6, "news_discourse_role_prob_0": 3.572409332264215e-05, "news_discourse_role_prob_1": 9.853284427663311e-05, "news_discourse_role_prob_2": 8.081548730842769e-05, "news_discourse_role_prob_3": 0.00018872921646106988, "news_discourse_role_prob_4": 0.00042660225881263614, "news_discourse_role_prob_5": 0.0005116528482176363, "news_discourse_role_prob_6": 0.9937329888343811, "news_discourse_role_prob_7": 0.004735651426017284, "news_discourse_role_prob_8": 0.00018936075503006577, "previous_discourse_relation": 3, "previous_discourse_relation_prob_comp": 0.0014930954203009605, "previous_discourse_relation_prob_cont": 0.001400101464241743, "previous_discourse_relation_prob_temp": 0.00475813914090395, "previous_discourse_relation_prob_expan": 0.9923487901687622, "latter_discourse_relation": 3, "latter_discourse_relation_prob_comp": 0.004369308706372976, "latter_discourse_relation_prob_cont": 0.0017035870114341378, "latter_discourse_relation_prob_temp": 0.0024670155253261328, "latter_discourse_relation_prob_expan": 0.9914600849151611}, {"sentence_id": 19, "sentence_start": 1865, "sentence_end": 1903, "sentence_text": "Hernandez\u2019 father, Lamar, saw it too.", "sentence_label": "NA", "tokens_list": ["Hernandez\u2019", "father", ",", "Lamar", ",", "saw", "it", "too", "."], "tokens_dicts_list": [{"token": "Hernandez\u2019", "start_char": 1865, "end_char": 1875, "token_label": "NA"}, {"token": "father", "start_char": 1876, "end_char": 1882, "token_label": "NA"}, {"token": ",", "start_char": 1882, "end_char": 1883, "token_label": "NA"}, {"token": "Lamar", "start_char": 1884, "end_char": 1889, "token_label": "NA"}, {"token": ",", "start_char": 1889, "end_char": 1890, "token_label": "NA"}, {"token": "saw", "start_char": 1891, "end_char": 1894, "token_label": "NA"}, {"token": "it", "start_char": 1895, "end_char": 1897, "token_label": "NA"}, {"token": "too", "start_char": 1898, "end_char": 1901, "token_label": "NA"}, {"token": ".", "start_char": 1901, "end_char": 1902, "token_label": "NA"}], "news_discourse_role": 6, "news_discourse_role_prob_0": 0.00012652570148929954, "news_discourse_role_prob_1": 0.00019355854601599276, "news_discourse_role_prob_2": 0.0005926349549554288, "news_discourse_role_prob_3": 0.0005757665494456887, "news_discourse_role_prob_4": 0.008586905896663666, "news_discourse_role_prob_5": 0.005628037266433239, "news_discourse_role_prob_6": 0.9697566032409668, "news_discourse_role_prob_7": 0.014188976027071476, "news_discourse_role_prob_8": 0.00035113480407744646, "previous_discourse_relation": 3, "previous_discourse_relation_prob_comp": 0.004369308706372976, "previous_discourse_relation_prob_cont": 0.0017035870114341378, "previous_discourse_relation_prob_temp": 0.0024670155253261328, "previous_discourse_relation_prob_expan": 0.9914600849151611, "latter_discourse_relation": 3, "latter_discourse_relation_prob_comp": 0.0008839697111397982, "latter_discourse_relation_prob_cont": 0.043279021978378296, "latter_discourse_relation_prob_temp": 0.0024011183995753527, "latter_discourse_relation_prob_expan": 0.9534358382225037}, {"sentence_id": 20, "sentence_start": 1903, "sentence_end": 1935, "sentence_text": "\u201cIt kept exploding \u2014 boom boom.", "sentence_label": "Loaded_Language", "tokens_list": ["\u201cIt", "kept", "exploding", "\u2014", "boom", "boom", "."], "tokens_dicts_list": [{"token": "\u201cIt", "start_char": 1903, "end_char": 1906, "token_label": "NA"}, {"token": "kept", "start_char": 1907, "end_char": 1911, "token_label": "NA"}, {"token": "exploding", "start_char": 1912, "end_char": 1921, "token_label": "NA"}, {"token": "\u2014", "start_char": 1922, "end_char": 1923, "token_label": "NA"}, {"token": "boom", "start_char": 1924, "end_char": 1928, "token_label": "Loaded_Language"}, {"token": "boom", "start_char": 1929, "end_char": 1933, "token_label": "Loaded_Language"}, {"token": ".", "start_char": 1933, "end_char": 1934, "token_label": "NA"}], "news_discourse_role": 6, "news_discourse_role_prob_0": 0.00011146266479045153, "news_discourse_role_prob_1": 0.0002665469073690474, "news_discourse_role_prob_2": 0.00022345012985169888, "news_discourse_role_prob_3": 0.0005380827351473272, "news_discourse_role_prob_4": 0.0013118985807523131, "news_discourse_role_prob_5": 0.0018988170195370913, "news_discourse_role_prob_6": 0.9881150722503662, "news_discourse_role_prob_7": 0.007113847881555557, "news_discourse_role_prob_8": 0.00042081059655174613, "previous_discourse_relation": 3, "previous_discourse_relation_prob_comp": 0.0008839697111397982, "previous_discourse_relation_prob_cont": 0.043279021978378296, "previous_discourse_relation_prob_temp": 0.0024011183995753527, "previous_discourse_relation_prob_expan": 0.9534358382225037, "latter_discourse_relation": 3, "latter_discourse_relation_prob_comp": 0.003375197760760784, "latter_discourse_relation_prob_cont": 0.007698815781623125, "latter_discourse_relation_prob_temp": 0.0034291325137019157, "latter_discourse_relation_prob_expan": 0.9854968190193176}, {"sentence_id": 21, "sentence_start": 1935, "sentence_end": 2067, "sentence_text": "Kept on going.\u201d Travis Air Force Base officials are investigating a security incident that occurred at the main gate on Wednesday\u2026.", "sentence_label": "NA", "tokens_list": ["Kept", "on", "going.\u201d", "Travis", "Air", "Force", "Base", "officials", "are", "investigating", "a", "security", "incident", "that", "occurred", "at", "the", "main", "gate", "on", "Wednesday\u2026", "."], "tokens_dicts_list": [{"token": "Kept", "start_char": 1935, "end_char": 1939, "token_label": "NA"}, {"token": "on", "start_char": 1940, "end_char": 1942, "token_label": "NA"}, {"token": "going.\u201d", "start_char": 1943, "end_char": 1950, "token_label": "NA"}, {"token": "Travis", "start_char": 1951, "end_char": 1957, "token_label": "NA"}, {"token": "Air", "start_char": 1958, "end_char": 1961, "token_label": "NA"}, {"token": "Force", "start_char": 1962, "end_char": 1967, "token_label": "NA"}, {"token": "Base", "start_char": 1968, "end_char": 1972, "token_label": "NA"}, {"token": "officials", "start_char": 1973, "end_char": 1982, "token_label": "NA"}, {"token": "are", "start_char": 1983, "end_char": 1986, "token_label": "NA"}, {"token": "investigating", "start_char": 1987, "end_char": 2000, "token_label": "NA"}, {"token": "a", "start_char": 2001, "end_char": 2002, "token_label": "NA"}, {"token": "security", "start_char": 2003, "end_char": 2011, "token_label": "NA"}, {"token": "incident", "start_char": 2012, "end_char": 2020, "token_label": "NA"}, {"token": "that", "start_char": 2021, "end_char": 2025, "token_label": "NA"}, {"token": "occurred", "start_char": 2026, "end_char": 2034, "token_label": "NA"}, {"token": "at", "start_char": 2035, "end_char": 2037, "token_label": "NA"}, {"token": "the", "start_char": 2038, "end_char": 2041, "token_label": "NA"}, {"token": "main", "start_char": 2042, "end_char": 2046, "token_label": "NA"}, {"token": "gate", "start_char": 2047, "end_char": 2051, "token_label": "NA"}, {"token": "on", "start_char": 2052, "end_char": 2054, "token_label": "NA"}, {"token": "Wednesday\u2026", "start_char": 2055, "end_char": 2065, "token_label": "NA"}, {"token": ".", "start_char": 2065, "end_char": 2066, "token_label": "NA"}], "news_discourse_role": 6, "news_discourse_role_prob_0": 0.0006120180478319526, "news_discourse_role_prob_1": 0.0008365019457414746, "news_discourse_role_prob_2": 0.0010324057657271624, "news_discourse_role_prob_3": 0.002853301353752613, "news_discourse_role_prob_4": 0.013594105839729309, "news_discourse_role_prob_5": 0.03377474471926689, "news_discourse_role_prob_6": 0.9158549904823303, "news_discourse_role_prob_7": 0.029089076444506645, "news_discourse_role_prob_8": 0.002352828159928322, "previous_discourse_relation": 3, "previous_discourse_relation_prob_comp": 0.003375197760760784, "previous_discourse_relation_prob_cont": 0.007698815781623125, "previous_discourse_relation_prob_temp": 0.0034291325137019157, "previous_discourse_relation_prob_expan": 0.9854968190193176, "latter_discourse_relation": 3, "latter_discourse_relation_prob_comp": 9.621102071832865e-05, "latter_discourse_relation_prob_cont": 0.0018781389808282256, "latter_discourse_relation_prob_temp": 0.0003550969995558262, "latter_discourse_relation_prob_expan": 0.9976704716682434}, {"sentence_id": 22, "sentence_start": 2067, "sentence_end": 2197, "sentence_text": "A U.S. official tells ABC News it appears the driver had propane tanks in the vehicle, which they may have ignited deliberately\u2026.", "sentence_label": "NA", "tokens_list": ["A", "U.S.", "official", "tells", "ABC", "News", "it", "appears", "the", "driver", "had", "propane", "tanks", "in", "the", "vehicle", ",", "which", "they", "may", "have", "ignited", "deliberately\u2026", "."], "tokens_dicts_list": [{"token": "A", "start_char": 2067, "end_char": 2068, "token_label": "NA"}, {"token": "U.S.", "start_char": 2069, "end_char": 2073, "token_label": "NA"}, {"token": "official", "start_char": 2074, "end_char": 2082, "token_label": "NA"}, {"token": "tells", "start_char": 2083, "end_char": 2088, "token_label": "NA"}, {"token": "ABC", "start_char": 2089, "end_char": 2092, "token_label": "NA"}, {"token": "News", "start_char": 2093, "end_char": 2097, "token_label": "NA"}, {"token": "it", "start_char": 2098, "end_char": 2100, "token_label": "NA"}, {"token": "appears", "start_char": 2101, "end_char": 2108, "token_label": "NA"}, {"token": "the", "start_char": 2109, "end_char": 2112, "token_label": "NA"}, {"token": "driver", "start_char": 2113, "end_char": 2119, "token_label": "NA"}, {"token": "had", "start_char": 2120, "end_char": 2123, "token_label": "NA"}, {"token": "propane", "start_char": 2124, "end_char": 2131, "token_label": "NA"}, {"token": "tanks", "start_char": 2132, "end_char": 2137, "token_label": "NA"}, {"token": "in", "start_char": 2138, "end_char": 2140, "token_label": "NA"}, {"token": "the", "start_char": 2141, "end_char": 2144, "token_label": "NA"}, {"token": "vehicle", "start_char": 2145, "end_char": 2152, "token_label": "NA"}, {"token": ",", "start_char": 2152, "end_char": 2153, "token_label": "NA"}, {"token": "which", "start_char": 2154, "end_char": 2159, "token_label": "NA"}, {"token": "they", "start_char": 2160, "end_char": 2164, "token_label": "NA"}, {"token": "may", "start_char": 2165, "end_char": 2168, "token_label": "NA"}, {"token": "have", "start_char": 2169, "end_char": 2173, "token_label": "NA"}, {"token": "ignited", "start_char": 2174, "end_char": 2181, "token_label": "NA"}, {"token": "deliberately\u2026", "start_char": 2182, "end_char": 2195, "token_label": "NA"}, {"token": ".", "start_char": 2195, "end_char": 2196, "token_label": "NA"}], "news_discourse_role": 7, "news_discourse_role_prob_0": 0.00016235478688031435, "news_discourse_role_prob_1": 0.0016064284136518836, "news_discourse_role_prob_2": 0.008352632634341717, "news_discourse_role_prob_3": 0.017201296985149384, "news_discourse_role_prob_4": 0.05999286100268364, "news_discourse_role_prob_5": 0.013923845253884792, "news_discourse_role_prob_6": 0.05648777261376381, "news_discourse_role_prob_7": 0.6776900887489319, "news_discourse_role_prob_8": 0.1645827740430832, "previous_discourse_relation": 3, "previous_discourse_relation_prob_comp": 9.621102071832865e-05, "previous_discourse_relation_prob_cont": 0.0018781389808282256, "previous_discourse_relation_prob_temp": 0.0003550969995558262, "previous_discourse_relation_prob_expan": 0.9976704716682434, "latter_discourse_relation": 3, "latter_discourse_relation_prob_comp": 0.0015885330503806472, "latter_discourse_relation_prob_cont": 0.002873412799090147, "latter_discourse_relation_prob_temp": 0.004082324914634228, "latter_discourse_relation_prob_expan": 0.991455614566803}, {"sentence_id": 23, "sentence_start": 2197, "sentence_end": 2247, "sentence_text": "Article posted with permission from Pamela Geller", "sentence_label": "NA", "tokens_list": ["Article", "posted", "with", "permission", "from", "Pamela", "Geller"], "tokens_dicts_list": [{"token": "Article", "start_char": 2197, "end_char": 2204, "token_label": "NA"}, {"token": "posted", "start_char": 2205, "end_char": 2211, "token_label": "NA"}, {"token": "with", "start_char": 2212, "end_char": 2216, "token_label": "NA"}, {"token": "permission", "start_char": 2217, "end_char": 2227, "token_label": "NA"}, {"token": "from", "start_char": 2228, "end_char": 2232, "token_label": "NA"}, {"token": "Pamela", "start_char": 2233, "end_char": 2239, "token_label": "NA"}, {"token": "Geller", "start_char": 2240, "end_char": 2246, "token_label": "NA"}], "news_discourse_role": 0, "news_discourse_role_prob_0": 0.8507691025733948, "news_discourse_role_prob_1": 3.629344791988842e-05, "news_discourse_role_prob_2": 0.0016342616872861981, "news_discourse_role_prob_3": 0.0002800741349346936, "news_discourse_role_prob_4": 0.14199329912662506, "news_discourse_role_prob_5": 0.004547944758087397, "news_discourse_role_prob_6": 0.00037942067137919366, "news_discourse_role_prob_7": 0.0003155127924401313, "news_discourse_role_prob_8": 4.408187305671163e-05, "previous_discourse_relation": 3, "previous_discourse_relation_prob_comp": 0.0015885330503806472, "previous_discourse_relation_prob_cont": 0.002873412799090147, "previous_discourse_relation_prob_temp": 0.004082324914634228, "previous_discourse_relation_prob_expan": 0.991455614566803, "latter_discourse_relation": 3, "latter_discourse_relation_prob_comp": 0.0065099759958684444, "latter_discourse_relation_prob_cont": 0.0507098063826561, "latter_discourse_relation_prob_temp": 0.0022730077616870403, "latter_discourse_relation_prob_expan": 0.940507173538208}, {"sentence_id": 24, "sentence_start": 2247, "sentence_end": 2334, "sentence_text": "Pamela Geller's commitment to freedom from jihad and Shariah shines forth in her books", "sentence_label": "Loaded_Language", "tokens_list": ["Pamela", "Geller", "'s", "commitment", "to", "freedom", "from", "jihad", "and", "Shariah", "shines", "forth", "in", "her", "books"], "tokens_dicts_list": [{"token": "Pamela", "start_char": 2247, "end_char": 2253, "token_label": "NA"}, {"token": "Geller", "start_char": 2254, "end_char": 2260, "token_label": "NA"}, {"token": "'s", "start_char": 2260, "end_char": 2262, "token_label": "NA"}, {"token": "commitment", "start_char": 2263, "end_char": 2273, "token_label": "NA"}, {"token": "to", "start_char": 2274, "end_char": 2276, "token_label": "NA"}, {"token": "freedom", "start_char": 2277, "end_char": 2284, "token_label": "Loaded_Language"}, {"token": "from", "start_char": 2285, "end_char": 2289, "token_label": "Loaded_Language"}, {"token": "jihad", "start_char": 2290, "end_char": 2295, "token_label": "Loaded_Language"}, {"token": "and", "start_char": 2296, "end_char": 2299, "token_label": "Loaded_Language"}, {"token": "Shariah", "start_char": 2300, "end_char": 2307, "token_label": "Loaded_Language"}, {"token": "shines", "start_char": 2308, "end_char": 2314, "token_label": "Loaded_Language"}, {"token": "forth", "start_char": 2315, "end_char": 2320, "token_label": "Loaded_Language"}, {"token": "in", "start_char": 2321, "end_char": 2323, "token_label": "NA"}, {"token": "her", "start_char": 2324, "end_char": 2327, "token_label": "NA"}, {"token": "books", "start_char": 2328, "end_char": 2333, "token_label": "NA"}], "news_discourse_role": 7, "news_discourse_role_prob_0": 5.484201028593816e-05, "news_discourse_role_prob_1": 9.61720070336014e-05, "news_discourse_role_prob_2": 0.0004094041360076517, "news_discourse_role_prob_3": 0.0008173415553756058, "news_discourse_role_prob_4": 0.053663220256567, "news_discourse_role_prob_5": 0.01437485869973898, "news_discourse_role_prob_6": 0.005331873893737793, "news_discourse_role_prob_7": 0.9227724671363831, "news_discourse_role_prob_8": 0.0024798887316137552, "previous_discourse_relation": 3, "previous_discourse_relation_prob_comp": 0.0065099759958684444, "previous_discourse_relation_prob_cont": 0.0507098063826561, "previous_discourse_relation_prob_temp": 0.0022730077616870403, "previous_discourse_relation_prob_expan": 0.940507173538208, "latter_discourse_relation": -1}]}