{"file_name": "./Propaganda/json_annotations/train/article771546417.json", "num_sentences": 21, "sentences": [{"sentence_id": 0, "sentence_start": 0, "sentence_end": 67, "sentence_text": "Teen Who Had MAGA Hat Ripped Off Head Gets New One Signed By Trump", "sentence_label": "Slogans", "tokens_list": ["Teen", "Who", "Had", "MAGA", "Hat", "Ripped", "Off", "Head", "Gets", "New", "One", "Signed", "By", "Trump"], "tokens_dicts_list": [{"token": "Teen", "start_char": 0, "end_char": 4, "token_label": "NA"}, {"token": "Who", "start_char": 5, "end_char": 8, "token_label": "NA"}, {"token": "Had", "start_char": 9, "end_char": 12, "token_label": "NA"}, {"token": "MAGA", "start_char": 13, "end_char": 17, "token_label": "Slogans"}, {"token": "Hat", "start_char": 18, "end_char": 21, "token_label": "NA"}, {"token": "Ripped", "start_char": 22, "end_char": 28, "token_label": "NA"}, {"token": "Off", "start_char": 29, "end_char": 32, "token_label": "NA"}, {"token": "Head", "start_char": 33, "end_char": 37, "token_label": "NA"}, {"token": "Gets", "start_char": 38, "end_char": 42, "token_label": "NA"}, {"token": "New", "start_char": 43, "end_char": 46, "token_label": "NA"}, {"token": "One", "start_char": 47, "end_char": 50, "token_label": "NA"}, {"token": "Signed", "start_char": 51, "end_char": 57, "token_label": "NA"}, {"token": "By", "start_char": 58, "end_char": 60, "token_label": "NA"}, {"token": "Trump", "start_char": 61, "end_char": 66, "token_label": "NA"}], "news_discourse_role": 0, "news_discourse_role_prob_0": 0.9736981391906738, "news_discourse_role_prob_1": 0.01764369197189808, "news_discourse_role_prob_2": 0.0022984666284173727, "news_discourse_role_prob_3": 0.0011629498330876231, "news_discourse_role_prob_4": 0.004371182061731815, "news_discourse_role_prob_5": 0.00034377191332168877, "news_discourse_role_prob_6": 0.0003512281400617212, "news_discourse_role_prob_7": 0.00010684368317015469, "news_discourse_role_prob_8": 2.3720824174233712e-05, "latter_discourse_relation": 3, "latter_discourse_relation_prob_comp": 0.0025388039648532867, "latter_discourse_relation_prob_cont": 0.048699699342250824, "latter_discourse_relation_prob_temp": 0.010638880543410778, "latter_discourse_relation_prob_expan": 0.9381226301193237, "previous_discourse_relation": -1}, {"sentence_id": 1, "sentence_start": 68, "sentence_end": 314, "sentence_text": "Sixteen-year-old Hunter Richard was wearing a \u201cMake America Great Again\u201d hat while enjoying a calm dinner at a Whataburger in Texas when a stranger, now identified as 30-year-old Kino Jimenez, yanked it off his head and threw a soda in his face.", "sentence_label": "Slogans", "tokens_list": ["Sixteen-year-old", "Hunter", "Richard", "was", "wearing", "a", "\u201cMake", "America", "Great", "Again\u201d", "hat", "while", "enjoying", "a", "calm", "dinner", "at", "a", "Whataburger", "in", "Texas", "when", "a", "stranger", ",", "now", "identified", "as", "30-year-old", "Kino", "Jimenez", ",", "yanked", "it", "off", "his", "head", "and", "threw", "a", "soda", "in", "his", "face", "."], "tokens_dicts_list": [{"token": "Sixteen-year-old", "start_char": 68, "end_char": 84, "token_label": "NA"}, {"token": "Hunter", "start_char": 85, "end_char": 91, "token_label": "NA"}, {"token": "Richard", "start_char": 92, "end_char": 99, "token_label": "NA"}, {"token": "was", "start_char": 100, "end_char": 103, "token_label": "NA"}, {"token": "wearing", "start_char": 104, "end_char": 111, "token_label": "NA"}, {"token": "a", "start_char": 112, "end_char": 113, "token_label": "NA"}, {"token": "\u201cMake", "start_char": 114, "end_char": 119, "token_label": "Slogans"}, {"token": "America", "start_char": 120, "end_char": 127, "token_label": "Slogans"}, {"token": "Great", "start_char": 128, "end_char": 133, "token_label": "Slogans"}, {"token": "Again\u201d", "start_char": 134, "end_char": 140, "token_label": "Slogans"}, {"token": "hat", "start_char": 141, "end_char": 144, "token_label": "NA"}, {"token": "while", "start_char": 145, "end_char": 150, "token_label": "NA"}, {"token": "enjoying", "start_char": 151, "end_char": 159, "token_label": "NA"}, {"token": "a", "start_char": 160, "end_char": 161, "token_label": "NA"}, {"token": "calm", "start_char": 162, "end_char": 166, "token_label": "NA"}, {"token": "dinner", "start_char": 167, "end_char": 173, "token_label": "NA"}, {"token": "at", "start_char": 174, "end_char": 176, "token_label": "NA"}, {"token": "a", "start_char": 177, "end_char": 178, "token_label": "NA"}, {"token": "Whataburger", "start_char": 179, "end_char": 190, "token_label": "NA"}, {"token": "in", "start_char": 191, "end_char": 193, "token_label": "NA"}, {"token": "Texas", "start_char": 194, "end_char": 199, "token_label": "NA"}, {"token": "when", "start_char": 200, "end_char": 204, "token_label": "NA"}, {"token": "a", "start_char": 205, "end_char": 206, "token_label": "NA"}, {"token": "stranger", "start_char": 207, "end_char": 215, "token_label": "NA"}, {"token": ",", "start_char": 215, "end_char": 216, "token_label": "NA"}, {"token": "now", "start_char": 217, "end_char": 220, "token_label": "NA"}, {"token": "identified", "start_char": 221, "end_char": 231, "token_label": "NA"}, {"token": "as", "start_char": 232, "end_char": 234, "token_label": "NA"}, {"token": "30-year-old", "start_char": 235, "end_char": 246, "token_label": "NA"}, {"token": "Kino", "start_char": 247, "end_char": 251, "token_label": "NA"}, {"token": "Jimenez", "start_char": 252, "end_char": 259, "token_label": "NA"}, {"token": ",", "start_char": 259, "end_char": 260, "token_label": "NA"}, {"token": "yanked", "start_char": 261, "end_char": 267, "token_label": "NA"}, {"token": "it", "start_char": 268, "end_char": 270, "token_label": "NA"}, {"token": "off", "start_char": 271, "end_char": 274, "token_label": "NA"}, {"token": "his", "start_char": 275, "end_char": 278, "token_label": "NA"}, {"token": "head", "start_char": 279, "end_char": 283, "token_label": "NA"}, {"token": "and", "start_char": 284, "end_char": 287, "token_label": "NA"}, {"token": "threw", "start_char": 288, "end_char": 293, "token_label": "NA"}, {"token": "a", "start_char": 294, "end_char": 295, "token_label": "NA"}, {"token": "soda", "start_char": 296, "end_char": 300, "token_label": "NA"}, {"token": "in", "start_char": 301, "end_char": 303, "token_label": "NA"}, {"token": "his", "start_char": 304, "end_char": 307, "token_label": "NA"}, {"token": "face", "start_char": 308, "end_char": 312, "token_label": "NA"}, {"token": ".", "start_char": 312, "end_char": 313, "token_label": "NA"}], "news_discourse_role": 5, "news_discourse_role_prob_0": 0.01190240029245615, "news_discourse_role_prob_1": 0.09876441955566406, "news_discourse_role_prob_2": 0.028094708919525146, "news_discourse_role_prob_3": 0.20816095173358917, "news_discourse_role_prob_4": 0.10936810821294785, "news_discourse_role_prob_5": 0.3190232515335083, "news_discourse_role_prob_6": 0.18308456242084503, "news_discourse_role_prob_7": 0.03935106098651886, "news_discourse_role_prob_8": 0.002250460209324956, "previous_discourse_relation": 3, "previous_discourse_relation_prob_comp": 0.0025388039648532867, "previous_discourse_relation_prob_cont": 0.048699699342250824, "previous_discourse_relation_prob_temp": 0.010638880543410778, "previous_discourse_relation_prob_expan": 0.9381226301193237, "latter_discourse_relation": 0, "latter_discourse_relation_prob_comp": 0.9739246964454651, "latter_discourse_relation_prob_cont": 0.012018962763249874, "latter_discourse_relation_prob_temp": 0.00375919952057302, "latter_discourse_relation_prob_expan": 0.01029717642813921}, {"sentence_id": 2, "sentence_start": 314, "sentence_end": 388, "sentence_text": "But Richard now has a new hat, and it was signed by Donald Trump himself!", "sentence_label": "Repetition", "tokens_list": ["But", "Richard", "now", "has", "a", "new", "hat", ",", "and", "it", "was", "signed", "by", "Donald", "Trump", "himself", "!"], "tokens_dicts_list": [{"token": "But", "start_char": 314, "end_char": 317, "token_label": "NA"}, {"token": "Richard", "start_char": 318, "end_char": 325, "token_label": "NA"}, {"token": "now", "start_char": 326, "end_char": 329, "token_label": "NA"}, {"token": "has", "start_char": 330, "end_char": 333, "token_label": "NA"}, {"token": "a", "start_char": 334, "end_char": 335, "token_label": "NA"}, {"token": "new", "start_char": 336, "end_char": 339, "token_label": "NA"}, {"token": "hat", "start_char": 340, "end_char": 343, "token_label": "NA"}, {"token": ",", "start_char": 343, "end_char": 344, "token_label": "NA"}, {"token": "and", "start_char": 345, "end_char": 348, "token_label": "NA"}, {"token": "it", "start_char": 349, "end_char": 351, "token_label": "NA"}, {"token": "was", "start_char": 352, "end_char": 355, "token_label": "NA"}, {"token": "signed", "start_char": 356, "end_char": 362, "token_label": "Repetition"}, {"token": "by", "start_char": 363, "end_char": 365, "token_label": "Repetition"}, {"token": "Donald", "start_char": 366, "end_char": 372, "token_label": "Repetition"}, {"token": "Trump", "start_char": 373, "end_char": 378, "token_label": "Repetition"}, {"token": "himself", "start_char": 379, "end_char": 386, "token_label": "Repetition"}, {"token": "!", "start_char": 386, "end_char": 387, "token_label": "NA"}], "news_discourse_role": 4, "news_discourse_role_prob_0": 0.011161481961607933, "news_discourse_role_prob_1": 0.053295645862817764, "news_discourse_role_prob_2": 0.06890084594488144, "news_discourse_role_prob_3": 0.040985070168972015, "news_discourse_role_prob_4": 0.7783017754554749, "news_discourse_role_prob_5": 0.01144536305218935, "news_discourse_role_prob_6": 0.020628923550248146, "news_discourse_role_prob_7": 0.014680133201181889, "news_discourse_role_prob_8": 0.0006007728516124189, "previous_discourse_relation": 0, "previous_discourse_relation_prob_comp": 0.9739246964454651, "previous_discourse_relation_prob_cont": 0.012018962763249874, "previous_discourse_relation_prob_temp": 0.00375919952057302, "previous_discourse_relation_prob_expan": 0.01029717642813921, "latter_discourse_relation": 3, "latter_discourse_relation_prob_comp": 0.003375136060640216, "latter_discourse_relation_prob_cont": 0.0025068826507776976, "latter_discourse_relation_prob_temp": 0.0002835531486198306, "latter_discourse_relation_prob_expan": 0.993834376335144}, {"sentence_id": 3, "sentence_start": 388, "sentence_end": 485, "sentence_text": "*Please note that the below video contains racial slurs and could be considered violent to some.", "sentence_label": "Loaded_Language", "tokens_list": ["*Please", "note", "that", "the", "below", "video", "contains", "racial", "slurs", "and", "could", "be", "considered", "violent", "to", "some", "."], "tokens_dicts_list": [{"token": "*Please", "start_char": 388, "end_char": 395, "token_label": "NA"}, {"token": "note", "start_char": 396, "end_char": 400, "token_label": "NA"}, {"token": "that", "start_char": 401, "end_char": 405, "token_label": "NA"}, {"token": "the", "start_char": 406, "end_char": 409, "token_label": "NA"}, {"token": "below", "start_char": 410, "end_char": 415, "token_label": "NA"}, {"token": "video", "start_char": 416, "end_char": 421, "token_label": "NA"}, {"token": "contains", "start_char": 422, "end_char": 430, "token_label": "NA"}, {"token": "racial", "start_char": 431, "end_char": 437, "token_label": "Loaded_Language"}, {"token": "slurs", "start_char": 438, "end_char": 443, "token_label": "Loaded_Language"}, {"token": "and", "start_char": 444, "end_char": 447, "token_label": "NA"}, {"token": "could", "start_char": 448, "end_char": 453, "token_label": "NA"}, {"token": "be", "start_char": 454, "end_char": 456, "token_label": "NA"}, {"token": "considered", "start_char": 457, "end_char": 467, "token_label": "NA"}, {"token": "violent", "start_char": 468, "end_char": 475, "token_label": "NA"}, {"token": "to", "start_char": 476, "end_char": 478, "token_label": "NA"}, {"token": "some", "start_char": 479, "end_char": 483, "token_label": "NA"}, {"token": ".", "start_char": 483, "end_char": 484, "token_label": "NA"}], "news_discourse_role": 4, "news_discourse_role_prob_0": 0.012913945131003857, "news_discourse_role_prob_1": 0.009641431272029877, "news_discourse_role_prob_2": 0.030090779066085815, "news_discourse_role_prob_3": 0.0059789749793708324, "news_discourse_role_prob_4": 0.8913720846176147, "news_discourse_role_prob_5": 0.002891100011765957, "news_discourse_role_prob_6": 0.002168104751035571, "news_discourse_role_prob_7": 0.039054024964571, "news_discourse_role_prob_8": 0.00588963134214282, "previous_discourse_relation": 3, "previous_discourse_relation_prob_comp": 0.003375136060640216, "previous_discourse_relation_prob_cont": 0.0025068826507776976, "previous_discourse_relation_prob_temp": 0.0002835531486198306, "previous_discourse_relation_prob_expan": 0.993834376335144, "latter_discourse_relation": 3, "latter_discourse_relation_prob_comp": 0.0003129563410766423, "latter_discourse_relation_prob_cont": 0.0007850973051972687, "latter_discourse_relation_prob_temp": 7.93265353422612e-05, "latter_discourse_relation_prob_expan": 0.9988225102424622}, {"sentence_id": 4, "sentence_start": 485, "sentence_end": 487, "sentence_text": "\ufeff", "sentence_label": "NA", "tokens_list": ["\ufeff"], "tokens_dicts_list": [{"token": "\ufeff", "start_char": 485, "end_char": 486, "token_label": "NA"}], "news_discourse_role": 5, "news_discourse_role_prob_0": 0.00025563238887116313, "news_discourse_role_prob_1": 0.010382366366684437, "news_discourse_role_prob_2": 0.02512187696993351, "news_discourse_role_prob_3": 0.1316753774881363, "news_discourse_role_prob_4": 0.38932883739471436, "news_discourse_role_prob_5": 0.4386424422264099, "news_discourse_role_prob_6": 0.0015619745245203376, "news_discourse_role_prob_7": 0.0026565291918814182, "news_discourse_role_prob_8": 0.0003749893803615123, "previous_discourse_relation": 3, "previous_discourse_relation_prob_comp": 0.0003129563410766423, "previous_discourse_relation_prob_cont": 0.0007850973051972687, "previous_discourse_relation_prob_temp": 7.93265353422612e-05, "previous_discourse_relation_prob_expan": 0.9988225102424622, "latter_discourse_relation": 2, "latter_discourse_relation_prob_comp": 0.0033825316932052374, "latter_discourse_relation_prob_cont": 0.00325754820369184, "latter_discourse_relation_prob_temp": 0.981940746307373, "latter_discourse_relation_prob_expan": 0.011419116519391537}, {"sentence_id": 5, "sentence_start": 487, "sentence_end": 603, "sentence_text": "Jimenez was later arrested and shortly thereafter fired from his job for ripping off Richard\u2019s hat and stealing it.", "sentence_label": "NA", "tokens_list": ["Jimenez", "was", "later", "arrested", "and", "shortly", "thereafter", "fired", "from", "his", "job", "for", "ripping", "off", "Richard\u2019s", "hat", "and", "stealing", "it", "."], "tokens_dicts_list": [{"token": "Jimenez", "start_char": 487, "end_char": 494, "token_label": "NA"}, {"token": "was", "start_char": 495, "end_char": 498, "token_label": "NA"}, {"token": "later", "start_char": 499, "end_char": 504, "token_label": "NA"}, {"token": "arrested", "start_char": 505, "end_char": 513, "token_label": "NA"}, {"token": "and", "start_char": 514, "end_char": 517, "token_label": "NA"}, {"token": "shortly", "start_char": 518, "end_char": 525, "token_label": "NA"}, {"token": "thereafter", "start_char": 526, "end_char": 536, "token_label": "NA"}, {"token": "fired", "start_char": 537, "end_char": 542, "token_label": "NA"}, {"token": "from", "start_char": 543, "end_char": 547, "token_label": "NA"}, {"token": "his", "start_char": 548, "end_char": 551, "token_label": "NA"}, {"token": "job", "start_char": 552, "end_char": 555, "token_label": "NA"}, {"token": "for", "start_char": 556, "end_char": 559, "token_label": "NA"}, {"token": "ripping", "start_char": 560, "end_char": 567, "token_label": "NA"}, {"token": "off", "start_char": 568, "end_char": 571, "token_label": "NA"}, {"token": "Richard\u2019s", "start_char": 572, "end_char": 581, "token_label": "NA"}, {"token": "hat", "start_char": 582, "end_char": 585, "token_label": "NA"}, {"token": "and", "start_char": 586, "end_char": 589, "token_label": "NA"}, {"token": "stealing", "start_char": 590, "end_char": 598, "token_label": "NA"}, {"token": "it", "start_char": 599, "end_char": 601, "token_label": "NA"}, {"token": ".", "start_char": 601, "end_char": 602, "token_label": "NA"}], "news_discourse_role": 4, "news_discourse_role_prob_0": 0.00012087593495380133, "news_discourse_role_prob_1": 0.009799003601074219, "news_discourse_role_prob_2": 0.01470508798956871, "news_discourse_role_prob_3": 0.14886239171028137, "news_discourse_role_prob_4": 0.5427882671356201, "news_discourse_role_prob_5": 0.2763002812862396, "news_discourse_role_prob_6": 0.0032672847155481577, "news_discourse_role_prob_7": 0.0038648659829050303, "news_discourse_role_prob_8": 0.0002919351973105222, "previous_discourse_relation": 2, "previous_discourse_relation_prob_comp": 0.0033825316932052374, "previous_discourse_relation_prob_cont": 0.00325754820369184, "previous_discourse_relation_prob_temp": 0.981940746307373, "previous_discourse_relation_prob_expan": 0.011419116519391537, "latter_discourse_relation": 3, "latter_discourse_relation_prob_comp": 0.011717665009200573, "latter_discourse_relation_prob_cont": 0.037728920578956604, "latter_discourse_relation_prob_temp": 0.10741835832595825, "latter_discourse_relation_prob_expan": 0.8431349992752075}, {"sentence_id": 6, "sentence_start": 603, "sentence_end": 725, "sentence_text": "\u201cThis is gonna go right in my f**king fireplace, b***h,\u201d Jimenez said, acting like a bully for stealing a teenager\u2019s hat.", "sentence_label": "Loaded_Language", "tokens_list": ["\u201cThis", "is", "gon", "na", "go", "right", "in", "my", "f**king", "fireplace", ",", "b***h", ",", "\u201d", "Jimenez", "said", ",", "acting", "like", "a", "bully", "for", "stealing", "a", "teenager\u2019s", "hat", "."], "tokens_dicts_list": [{"token": "\u201cThis", "start_char": 603, "end_char": 608, "token_label": "NA"}, {"token": "is", "start_char": 609, "end_char": 611, "token_label": "NA"}, {"token": "gon", "start_char": 612, "end_char": 615, "token_label": "NA"}, {"token": "na", "start_char": 615, "end_char": 617, "token_label": "NA"}, {"token": "go", "start_char": 618, "end_char": 620, "token_label": "NA"}, {"token": "right", "start_char": 621, "end_char": 626, "token_label": "NA"}, {"token": "in", "start_char": 627, "end_char": 629, "token_label": "NA"}, {"token": "my", "start_char": 630, "end_char": 632, "token_label": "NA"}, {"token": "f**king", "start_char": 633, "end_char": 640, "token_label": "Loaded_Language"}, {"token": "fireplace", "start_char": 641, "end_char": 650, "token_label": "NA"}, {"token": ",", "start_char": 650, "end_char": 651, "token_label": "NA"}, {"token": "b***h", "start_char": 652, "end_char": 657, "token_label": "Loaded_Language"}, {"token": ",", "start_char": 657, "end_char": 658, "token_label": "NA"}, {"token": "\u201d", "start_char": 658, "end_char": 659, "token_label": "NA"}, {"token": "Jimenez", "start_char": 660, "end_char": 667, "token_label": "NA"}, {"token": "said", "start_char": 668, "end_char": 672, "token_label": "NA"}, {"token": ",", "start_char": 672, "end_char": 673, "token_label": "NA"}, {"token": "acting", "start_char": 674, "end_char": 680, "token_label": "NA"}, {"token": "like", "start_char": 681, "end_char": 685, "token_label": "NA"}, {"token": "a", "start_char": 686, "end_char": 687, "token_label": "NA"}, {"token": "bully", "start_char": 688, "end_char": 693, "token_label": "Name_Calling,Labeling"}, {"token": "for", "start_char": 694, "end_char": 697, "token_label": "NA"}, {"token": "stealing", "start_char": 698, "end_char": 706, "token_label": "NA"}, {"token": "a", "start_char": 707, "end_char": 708, "token_label": "NA"}, {"token": "teenager\u2019s", "start_char": 709, "end_char": 719, "token_label": "NA"}, {"token": "hat", "start_char": 720, "end_char": 723, "token_label": "NA"}, {"token": ".", "start_char": 723, "end_char": 724, "token_label": "NA"}], "news_discourse_role": 7, "news_discourse_role_prob_0": 0.0024629561230540276, "news_discourse_role_prob_1": 0.011740465648472309, "news_discourse_role_prob_2": 0.005283113103359938, "news_discourse_role_prob_3": 0.0052731335163116455, "news_discourse_role_prob_4": 0.006251839455217123, "news_discourse_role_prob_5": 0.005755521822720766, "news_discourse_role_prob_6": 0.06264053285121918, "news_discourse_role_prob_7": 0.6099594831466675, "news_discourse_role_prob_8": 0.290632963180542, "previous_discourse_relation": 3, "previous_discourse_relation_prob_comp": 0.011717665009200573, "previous_discourse_relation_prob_cont": 0.037728920578956604, "previous_discourse_relation_prob_temp": 0.10741835832595825, "previous_discourse_relation_prob_expan": 0.8431349992752075, "latter_discourse_relation": 3, "latter_discourse_relation_prob_comp": 0.0003269758599344641, "latter_discourse_relation_prob_cont": 0.00046823034062981606, "latter_discourse_relation_prob_temp": 0.0014625195180997252, "latter_discourse_relation_prob_expan": 0.9977422952651978}, {"sentence_id": 7, "sentence_start": 725, "sentence_end": 770, "sentence_text": "Jimenez also threw a soda in Richard\u2019s face.", "sentence_label": "NA", "tokens_list": ["Jimenez", "also", "threw", "a", "soda", "in", "Richard\u2019s", "face", "."], "tokens_dicts_list": [{"token": "Jimenez", "start_char": 725, "end_char": 732, "token_label": "NA"}, {"token": "also", "start_char": 733, "end_char": 737, "token_label": "NA"}, {"token": "threw", "start_char": 738, "end_char": 743, "token_label": "NA"}, {"token": "a", "start_char": 744, "end_char": 745, "token_label": "NA"}, {"token": "soda", "start_char": 746, "end_char": 750, "token_label": "NA"}, {"token": "in", "start_char": 751, "end_char": 753, "token_label": "NA"}, {"token": "Richard\u2019s", "start_char": 754, "end_char": 763, "token_label": "NA"}, {"token": "face", "start_char": 764, "end_char": 768, "token_label": "NA"}, {"token": ".", "start_char": 768, "end_char": 769, "token_label": "NA"}], "news_discourse_role": 5, "news_discourse_role_prob_0": 0.0016043188516050577, "news_discourse_role_prob_1": 0.012925311923027039, "news_discourse_role_prob_2": 0.0137324882671237, "news_discourse_role_prob_3": 0.1654345989227295, "news_discourse_role_prob_4": 0.2948143184185028, "news_discourse_role_prob_5": 0.491875022649765, "news_discourse_role_prob_6": 0.006922258995473385, "news_discourse_role_prob_7": 0.012199225835502148, "news_discourse_role_prob_8": 0.0004925169050693512, "previous_discourse_relation": 3, "previous_discourse_relation_prob_comp": 0.0003269758599344641, "previous_discourse_relation_prob_cont": 0.00046823034062981606, "previous_discourse_relation_prob_temp": 0.0014625195180997252, "previous_discourse_relation_prob_expan": 0.9977422952651978, "latter_discourse_relation": 3, "latter_discourse_relation_prob_comp": 0.13593198359012604, "latter_discourse_relation_prob_cont": 0.0862870067358017, "latter_discourse_relation_prob_temp": 0.26613712310791016, "latter_discourse_relation_prob_expan": 0.5116438865661621}, {"sentence_id": 8, "sentence_start": 770, "sentence_end": 945, "sentence_text": "Richard\u2019s hat appeared to be gone for good until the video of the incident went viral and he received a new MAGA hat signed by the president himself, reported The Daily Wire.", "sentence_label": "Repetition", "tokens_list": ["Richard\u2019s", "hat", "appeared", "to", "be", "gone", "for", "good", "until", "the", "video", "of", "the", "incident", "went", "viral", "and", "he", "received", "a", "new", "MAGA", "hat", "signed", "by", "the", "president", "himself", ",", "reported", "The", "Daily", "Wire", "."], "tokens_dicts_list": [{"token": "Richard\u2019s", "start_char": 770, "end_char": 779, "token_label": "NA"}, {"token": "hat", "start_char": 780, "end_char": 783, "token_label": "NA"}, {"token": "appeared", "start_char": 784, "end_char": 792, "token_label": "NA"}, {"token": "to", "start_char": 793, "end_char": 795, "token_label": "NA"}, {"token": "be", "start_char": 796, "end_char": 798, "token_label": "NA"}, {"token": "gone", "start_char": 799, "end_char": 803, "token_label": "NA"}, {"token": "for", "start_char": 804, "end_char": 807, "token_label": "NA"}, {"token": "good", "start_char": 808, "end_char": 812, "token_label": "NA"}, {"token": "until", "start_char": 813, "end_char": 818, "token_label": "NA"}, {"token": "the", "start_char": 819, "end_char": 822, "token_label": "NA"}, {"token": "video", "start_char": 823, "end_char": 828, "token_label": "NA"}, {"token": "of", "start_char": 829, "end_char": 831, "token_label": "NA"}, {"token": "the", "start_char": 832, "end_char": 835, "token_label": "NA"}, {"token": "incident", "start_char": 836, "end_char": 844, "token_label": "NA"}, {"token": "went", "start_char": 845, "end_char": 849, "token_label": "NA"}, {"token": "viral", "start_char": 850, "end_char": 855, "token_label": "NA"}, {"token": "and", "start_char": 856, "end_char": 859, "token_label": "NA"}, {"token": "he", "start_char": 860, "end_char": 862, "token_label": "NA"}, {"token": "received", "start_char": 863, "end_char": 871, "token_label": "NA"}, {"token": "a", "start_char": 872, "end_char": 873, "token_label": "NA"}, {"token": "new", "start_char": 874, "end_char": 877, "token_label": "NA"}, {"token": "MAGA", "start_char": 878, "end_char": 882, "token_label": "Repetition"}, {"token": "hat", "start_char": 883, "end_char": 886, "token_label": "NA"}, {"token": "signed", "start_char": 887, "end_char": 893, "token_label": "Repetition"}, {"token": "by", "start_char": 894, "end_char": 896, "token_label": "Repetition"}, {"token": "the", "start_char": 897, "end_char": 900, "token_label": "Repetition"}, {"token": "president", "start_char": 901, "end_char": 910, "token_label": "Repetition"}, {"token": "himself", "start_char": 911, "end_char": 918, "token_label": "Repetition"}, {"token": ",", "start_char": 918, "end_char": 919, "token_label": "NA"}, {"token": "reported", "start_char": 920, "end_char": 928, "token_label": "NA"}, {"token": "The", "start_char": 929, "end_char": 932, "token_label": "NA"}, {"token": "Daily", "start_char": 933, "end_char": 938, "token_label": "NA"}, {"token": "Wire", "start_char": 939, "end_char": 943, "token_label": "NA"}, {"token": ".", "start_char": 943, "end_char": 944, "token_label": "NA"}], "news_discourse_role": 7, "news_discourse_role_prob_0": 0.00029098460800014436, "news_discourse_role_prob_1": 0.010306693613529205, "news_discourse_role_prob_2": 0.01625528559088707, "news_discourse_role_prob_3": 0.06210822984576225, "news_discourse_role_prob_4": 0.20731548964977264, "news_discourse_role_prob_5": 0.08141560107469559, "news_discourse_role_prob_6": 0.20706409215927124, "news_discourse_role_prob_7": 0.3839193880558014, "news_discourse_role_prob_8": 0.03132413700222969, "previous_discourse_relation": 3, "previous_discourse_relation_prob_comp": 0.13593198359012604, "previous_discourse_relation_prob_cont": 0.0862870067358017, "previous_discourse_relation_prob_temp": 0.26613712310791016, "previous_discourse_relation_prob_expan": 0.5116438865661621, "latter_discourse_relation": 3, "latter_discourse_relation_prob_comp": 0.00389067642390728, "latter_discourse_relation_prob_cont": 0.0038489936850965023, "latter_discourse_relation_prob_temp": 0.001556474482640624, "latter_discourse_relation_prob_expan": 0.9907037615776062}, {"sentence_id": 9, "sentence_start": 945, "sentence_end": 1087, "sentence_text": "Among those who commented on the video\u2019s original posting was Donald Trump Jr., who retweeted a story about the assault against the teenager.", "sentence_label": "NA", "tokens_list": ["Among", "those", "who", "commented", "on", "the", "video\u2019s", "original", "posting", "was", "Donald", "Trump", "Jr.", ",", "who", "retweeted", "a", "story", "about", "the", "assault", "against", "the", "teenager", "."], "tokens_dicts_list": [{"token": "Among", "start_char": 945, "end_char": 950, "token_label": "NA"}, {"token": "those", "start_char": 951, "end_char": 956, "token_label": "NA"}, {"token": "who", "start_char": 957, "end_char": 960, "token_label": "NA"}, {"token": "commented", "start_char": 961, "end_char": 970, "token_label": "NA"}, {"token": "on", "start_char": 971, "end_char": 973, "token_label": "NA"}, {"token": "the", "start_char": 974, "end_char": 977, "token_label": "NA"}, {"token": "video\u2019s", "start_char": 978, "end_char": 985, "token_label": "NA"}, {"token": "original", "start_char": 986, "end_char": 994, "token_label": "NA"}, {"token": "posting", "start_char": 995, "end_char": 1002, "token_label": "NA"}, {"token": "was", "start_char": 1003, "end_char": 1006, "token_label": "NA"}, {"token": "Donald", "start_char": 1007, "end_char": 1013, "token_label": "NA"}, {"token": "Trump", "start_char": 1014, "end_char": 1019, "token_label": "NA"}, {"token": "Jr.", "start_char": 1020, "end_char": 1023, "token_label": "NA"}, {"token": ",", "start_char": 1023, "end_char": 1024, "token_label": "NA"}, {"token": "who", "start_char": 1025, "end_char": 1028, "token_label": "NA"}, {"token": "retweeted", "start_char": 1029, "end_char": 1038, "token_label": "NA"}, {"token": "a", "start_char": 1039, "end_char": 1040, "token_label": "NA"}, {"token": "story", "start_char": 1041, "end_char": 1046, "token_label": "NA"}, {"token": "about", "start_char": 1047, "end_char": 1052, "token_label": "NA"}, {"token": "the", "start_char": 1053, "end_char": 1056, "token_label": "NA"}, {"token": "assault", "start_char": 1057, "end_char": 1064, "token_label": "NA"}, {"token": "against", "start_char": 1065, "end_char": 1072, "token_label": "NA"}, {"token": "the", "start_char": 1073, "end_char": 1076, "token_label": "NA"}, {"token": "teenager", "start_char": 1077, "end_char": 1085, "token_label": "NA"}, {"token": ".", "start_char": 1085, "end_char": 1086, "token_label": "NA"}], "news_discourse_role": 4, "news_discourse_role_prob_0": 0.0001425980735803023, "news_discourse_role_prob_1": 0.0007266189204528928, "news_discourse_role_prob_2": 0.01184878870844841, "news_discourse_role_prob_3": 0.003778161248192191, "news_discourse_role_prob_4": 0.9571756720542908, "news_discourse_role_prob_5": 0.023194732144474983, "news_discourse_role_prob_6": 0.0006403655861504376, "news_discourse_role_prob_7": 0.002464631572365761, "news_discourse_role_prob_8": 2.840476736309938e-05, "previous_discourse_relation": 3, "previous_discourse_relation_prob_comp": 0.00389067642390728, "previous_discourse_relation_prob_cont": 0.0038489936850965023, "previous_discourse_relation_prob_temp": 0.001556474482640624, "previous_discourse_relation_prob_expan": 0.9907037615776062, "latter_discourse_relation": 3, "latter_discourse_relation_prob_comp": 0.0005064990255050361, "latter_discourse_relation_prob_cont": 0.008928889408707619, "latter_discourse_relation_prob_temp": 0.0017277876613661647, "latter_discourse_relation_prob_expan": 0.9888367652893066}, {"sentence_id": 10, "sentence_start": 1087, "sentence_end": 1188, "sentence_text": "\u201cIf someone can get me this young man\u2019s information I\u2019ll get him a new #maga hat\u2026 SIGNED by #potus!!", "sentence_label": "Slogans", "tokens_list": ["\u201cIf", "someone", "can", "get", "me", "this", "young", "man\u2019s", "information", "I\u2019ll", "get", "him", "a", "new", "#", "maga", "hat\u2026", "SIGNED", "by", "#", "potus", "!", "!"], "tokens_dicts_list": [{"token": "\u201cIf", "start_char": 1087, "end_char": 1090, "token_label": "NA"}, {"token": "someone", "start_char": 1091, "end_char": 1098, "token_label": "NA"}, {"token": "can", "start_char": 1099, "end_char": 1102, "token_label": "NA"}, {"token": "get", "start_char": 1103, "end_char": 1106, "token_label": "NA"}, {"token": "me", "start_char": 1107, "end_char": 1109, "token_label": "NA"}, {"token": "this", "start_char": 1110, "end_char": 1114, "token_label": "NA"}, {"token": "young", "start_char": 1115, "end_char": 1120, "token_label": "NA"}, {"token": "man\u2019s", "start_char": 1121, "end_char": 1126, "token_label": "NA"}, {"token": "information", "start_char": 1127, "end_char": 1138, "token_label": "NA"}, {"token": "I\u2019ll", "start_char": 1139, "end_char": 1143, "token_label": "NA"}, {"token": "get", "start_char": 1144, "end_char": 1147, "token_label": "NA"}, {"token": "him", "start_char": 1148, "end_char": 1151, "token_label": "NA"}, {"token": "a", "start_char": 1152, "end_char": 1153, "token_label": "NA"}, {"token": "new", "start_char": 1154, "end_char": 1157, "token_label": "NA"}, {"token": "#", "start_char": 1158, "end_char": 1159, "token_label": "Slogans"}, {"token": "maga", "start_char": 1159, "end_char": 1163, "token_label": "Slogans"}, {"token": "hat\u2026", "start_char": 1164, "end_char": 1168, "token_label": "NA"}, {"token": "SIGNED", "start_char": 1169, "end_char": 1175, "token_label": "NA"}, {"token": "by", "start_char": 1176, "end_char": 1178, "token_label": "NA"}, {"token": "#", "start_char": 1179, "end_char": 1180, "token_label": "NA"}, {"token": "potus", "start_char": 1180, "end_char": 1185, "token_label": "NA"}, {"token": "!", "start_char": 1185, "end_char": 1186, "token_label": "NA"}, {"token": "!", "start_char": 1186, "end_char": 1187, "token_label": "NA"}], "news_discourse_role": 7, "news_discourse_role_prob_0": 0.15760691463947296, "news_discourse_role_prob_1": 0.05408724024891853, "news_discourse_role_prob_2": 0.08758594840765, "news_discourse_role_prob_3": 0.002919846912845969, "news_discourse_role_prob_4": 0.04663617163896561, "news_discourse_role_prob_5": 0.009122423827648163, "news_discourse_role_prob_6": 0.12295156717300415, "news_discourse_role_prob_7": 0.34607404470443726, "news_discourse_role_prob_8": 0.17301590740680695, "previous_discourse_relation": 3, "previous_discourse_relation_prob_comp": 0.0005064990255050361, "previous_discourse_relation_prob_cont": 0.008928889408707619, "previous_discourse_relation_prob_temp": 0.0017277876613661647, "previous_discourse_relation_prob_expan": 0.9888367652893066, "latter_discourse_relation": 3, "latter_discourse_relation_prob_comp": 0.00035224208841100335, "latter_discourse_relation_prob_cont": 0.00546744279563427, "latter_discourse_relation_prob_temp": 0.0015364561695605516, "latter_discourse_relation_prob_expan": 0.9926438927650452}, {"sentence_id": 11, "sentence_start": 1188, "sentence_end": 1212, "sentence_text": "!\u201d he wrote on Twitter.", "sentence_label": "NA", "tokens_list": ["!", "\u201d", "he", "wrote", "on", "Twitter", "."], "tokens_dicts_list": [{"token": "!", "start_char": 1188, "end_char": 1189, "token_label": "NA"}, {"token": "\u201d", "start_char": 1189, "end_char": 1190, "token_label": "NA"}, {"token": "he", "start_char": 1191, "end_char": 1193, "token_label": "NA"}, {"token": "wrote", "start_char": 1194, "end_char": 1199, "token_label": "NA"}, {"token": "on", "start_char": 1200, "end_char": 1202, "token_label": "NA"}, {"token": "Twitter", "start_char": 1203, "end_char": 1210, "token_label": "NA"}, {"token": ".", "start_char": 1210, "end_char": 1211, "token_label": "NA"}], "news_discourse_role": 6, "news_discourse_role_prob_0": 0.2355668693780899, "news_discourse_role_prob_1": 0.0037841282319277525, "news_discourse_role_prob_2": 0.009957848116755486, "news_discourse_role_prob_3": 0.0013133689062669873, "news_discourse_role_prob_4": 0.011010849848389626, "news_discourse_role_prob_5": 0.002078187419101596, "news_discourse_role_prob_6": 0.4402255117893219, "news_discourse_role_prob_7": 0.280126690864563, "news_discourse_role_prob_8": 0.01593661680817604, "previous_discourse_relation": 3, "previous_discourse_relation_prob_comp": 0.00035224208841100335, "previous_discourse_relation_prob_cont": 0.00546744279563427, "previous_discourse_relation_prob_temp": 0.0015364561695605516, "previous_discourse_relation_prob_expan": 0.9926438927650452, "latter_discourse_relation": 3, "latter_discourse_relation_prob_comp": 0.028917597606778145, "latter_discourse_relation_prob_cont": 0.17491891980171204, "latter_discourse_relation_prob_temp": 0.018400045111775398, "latter_discourse_relation_prob_expan": 0.7777634263038635}, {"sentence_id": 12, "sentence_start": 1212, "sentence_end": 1313, "sentence_text": "If someone can get me this young man\u2019s information I\u2019ll get him a new #maga hat\u2026 SIGNED by #potus!!!", "sentence_label": "NA", "tokens_list": ["If", "someone", "can", "get", "me", "this", "young", "man\u2019s", "information", "I\u2019ll", "get", "him", "a", "new", "#", "maga", "hat\u2026", "SIGNED", "by", "#", "potus", "!", "!", "!"], "tokens_dicts_list": [{"token": "If", "start_char": 1212, "end_char": 1214, "token_label": "NA"}, {"token": "someone", "start_char": 1215, "end_char": 1222, "token_label": "NA"}, {"token": "can", "start_char": 1223, "end_char": 1226, "token_label": "NA"}, {"token": "get", "start_char": 1227, "end_char": 1230, "token_label": "NA"}, {"token": "me", "start_char": 1231, "end_char": 1233, "token_label": "NA"}, {"token": "this", "start_char": 1234, "end_char": 1238, "token_label": "NA"}, {"token": "young", "start_char": 1239, "end_char": 1244, "token_label": "NA"}, {"token": "man\u2019s", "start_char": 1245, "end_char": 1250, "token_label": "NA"}, {"token": "information", "start_char": 1251, "end_char": 1262, "token_label": "NA"}, {"token": "I\u2019ll", "start_char": 1263, "end_char": 1267, "token_label": "NA"}, {"token": "get", "start_char": 1268, "end_char": 1271, "token_label": "NA"}, {"token": "him", "start_char": 1272, "end_char": 1275, "token_label": "NA"}, {"token": "a", "start_char": 1276, "end_char": 1277, "token_label": "NA"}, {"token": "new", "start_char": 1278, "end_char": 1281, "token_label": "NA"}, {"token": "#", "start_char": 1282, "end_char": 1283, "token_label": "NA"}, {"token": "maga", "start_char": 1283, "end_char": 1287, "token_label": "NA"}, {"token": "hat\u2026", "start_char": 1288, "end_char": 1292, "token_label": "NA"}, {"token": "SIGNED", "start_char": 1293, "end_char": 1299, "token_label": "NA"}, {"token": "by", "start_char": 1300, "end_char": 1302, "token_label": "NA"}, {"token": "#", "start_char": 1303, "end_char": 1304, "token_label": "NA"}, {"token": "potus", "start_char": 1304, "end_char": 1309, "token_label": "NA"}, {"token": "!", "start_char": 1309, "end_char": 1310, "token_label": "NA"}, {"token": "!", "start_char": 1310, "end_char": 1311, "token_label": "NA"}, {"token": "!", "start_char": 1311, "end_char": 1312, "token_label": "NA"}], "news_discourse_role": 0, "news_discourse_role_prob_0": 0.8707570433616638, "news_discourse_role_prob_1": 0.04246224835515022, "news_discourse_role_prob_2": 0.021596523001790047, "news_discourse_role_prob_3": 0.0007100401562638581, "news_discourse_role_prob_4": 0.011936251074075699, "news_discourse_role_prob_5": 0.0009892102098092437, "news_discourse_role_prob_6": 0.017522482201457024, "news_discourse_role_prob_7": 0.02260032668709755, "news_discourse_role_prob_8": 0.011425883509218693, "previous_discourse_relation": 3, "previous_discourse_relation_prob_comp": 0.028917597606778145, "previous_discourse_relation_prob_cont": 0.17491891980171204, "previous_discourse_relation_prob_temp": 0.018400045111775398, "previous_discourse_relation_prob_expan": 0.7777634263038635, "latter_discourse_relation": 3, "latter_discourse_relation_prob_comp": 0.0008170852088369429, "latter_discourse_relation_prob_cont": 0.011497484520077705, "latter_discourse_relation_prob_temp": 0.004031961318105459, "latter_discourse_relation_prob_expan": 0.9836534261703491}, {"sentence_id": 13, "sentence_start": 1313, "sentence_end": 1387, "sentence_text": "https://t.co/zHBz4gKpkf \u2014 Donald Trump Jr. (@DonaldJTrumpJr) July 5, 2018", "sentence_label": "NA", "tokens_list": ["https", ":", "//t.co/zHBz4gKpkf", "\u2014", "Donald", "Trump", "Jr.", "(", "@", "DonaldJTrumpJr", ")", "July", "5", ",", "2018"], "tokens_dicts_list": [{"token": "https", "start_char": 1313, "end_char": 1318, "token_label": "NA"}, {"token": ":", "start_char": 1318, "end_char": 1319, "token_label": "NA"}, {"token": "//t.co/zHBz4gKpkf", "start_char": 1319, "end_char": 1336, "token_label": "NA"}, {"token": "\u2014", "start_char": 1337, "end_char": 1338, "token_label": "NA"}, {"token": "Donald", "start_char": 1339, "end_char": 1345, "token_label": "NA"}, {"token": "Trump", "start_char": 1346, "end_char": 1351, "token_label": "NA"}, {"token": "Jr.", "start_char": 1352, "end_char": 1355, "token_label": "NA"}, {"token": "(", "start_char": 1356, "end_char": 1357, "token_label": "NA"}, {"token": "@", "start_char": 1357, "end_char": 1358, "token_label": "NA"}, {"token": "DonaldJTrumpJr", "start_char": 1358, "end_char": 1372, "token_label": "NA"}, {"token": ")", "start_char": 1372, "end_char": 1373, "token_label": "NA"}, {"token": "July", "start_char": 1374, "end_char": 1378, "token_label": "NA"}, {"token": "5", "start_char": 1379, "end_char": 1380, "token_label": "NA"}, {"token": ",", "start_char": 1380, "end_char": 1381, "token_label": "NA"}, {"token": "2018", "start_char": 1382, "end_char": 1386, "token_label": "NA"}], "news_discourse_role": 0, "news_discourse_role_prob_0": 0.9999071359634399, "news_discourse_role_prob_1": 5.421824766926875e-07, "news_discourse_role_prob_2": 2.9388495022431016e-05, "news_discourse_role_prob_3": 3.527944159031904e-07, "news_discourse_role_prob_4": 5.487582893692888e-05, "news_discourse_role_prob_5": 2.961005293400376e-06, "news_discourse_role_prob_6": 3.436493670960772e-06, "news_discourse_role_prob_7": 1.2075429367541801e-06, "news_discourse_role_prob_8": 1.889204668259481e-07, "previous_discourse_relation": 3, "previous_discourse_relation_prob_comp": 0.0008170852088369429, "previous_discourse_relation_prob_cont": 0.011497484520077705, "previous_discourse_relation_prob_temp": 0.004031961318105459, "previous_discourse_relation_prob_expan": 0.9836534261703491, "latter_discourse_relation": 3, "latter_discourse_relation_prob_comp": 0.0006979038589634001, "latter_discourse_relation_prob_cont": 0.03138945251703262, "latter_discourse_relation_prob_temp": 0.0017984858714044094, "latter_discourse_relation_prob_expan": 0.9661141633987427}, {"sentence_id": 14, "sentence_start": 1387, "sentence_end": 1511, "sentence_text": "\u201cTeen who made national news after having #MAGA hat stolen at a San Antonio fast food restaurant just got this in the mail.", "sentence_label": "Repetition", "tokens_list": ["\u201cTeen", "who", "made", "national", "news", "after", "having", "#", "MAGA", "hat", "stolen", "at", "a", "San", "Antonio", "fast", "food", "restaurant", "just", "got", "this", "in", "the", "mail", "."], "tokens_dicts_list": [{"token": "\u201cTeen", "start_char": 1387, "end_char": 1392, "token_label": "NA"}, {"token": "who", "start_char": 1393, "end_char": 1396, "token_label": "NA"}, {"token": "made", "start_char": 1397, "end_char": 1401, "token_label": "NA"}, {"token": "national", "start_char": 1402, "end_char": 1410, "token_label": "NA"}, {"token": "news", "start_char": 1411, "end_char": 1415, "token_label": "NA"}, {"token": "after", "start_char": 1416, "end_char": 1421, "token_label": "NA"}, {"token": "having", "start_char": 1422, "end_char": 1428, "token_label": "NA"}, {"token": "#", "start_char": 1429, "end_char": 1430, "token_label": "Repetition"}, {"token": "MAGA", "start_char": 1430, "end_char": 1434, "token_label": "Repetition"}, {"token": "hat", "start_char": 1435, "end_char": 1438, "token_label": "NA"}, {"token": "stolen", "start_char": 1439, "end_char": 1445, "token_label": "NA"}, {"token": "at", "start_char": 1446, "end_char": 1448, "token_label": "NA"}, {"token": "a", "start_char": 1449, "end_char": 1450, "token_label": "NA"}, {"token": "San", "start_char": 1451, "end_char": 1454, "token_label": "NA"}, {"token": "Antonio", "start_char": 1455, "end_char": 1462, "token_label": "NA"}, {"token": "fast", "start_char": 1463, "end_char": 1467, "token_label": "NA"}, {"token": "food", "start_char": 1468, "end_char": 1472, "token_label": "NA"}, {"token": "restaurant", "start_char": 1473, "end_char": 1483, "token_label": "NA"}, {"token": "just", "start_char": 1484, "end_char": 1488, "token_label": "NA"}, {"token": "got", "start_char": 1489, "end_char": 1492, "token_label": "NA"}, {"token": "this", "start_char": 1493, "end_char": 1497, "token_label": "NA"}, {"token": "in", "start_char": 1498, "end_char": 1500, "token_label": "NA"}, {"token": "the", "start_char": 1501, "end_char": 1504, "token_label": "NA"}, {"token": "mail", "start_char": 1505, "end_char": 1509, "token_label": "NA"}, {"token": ".", "start_char": 1509, "end_char": 1510, "token_label": "NA"}], "news_discourse_role": 0, "news_discourse_role_prob_0": 0.8623117208480835, "news_discourse_role_prob_1": 0.01910499855875969, "news_discourse_role_prob_2": 0.021766094490885735, "news_discourse_role_prob_3": 0.012121934443712234, "news_discourse_role_prob_4": 0.056566208600997925, "news_discourse_role_prob_5": 0.007481997832655907, "news_discourse_role_prob_6": 0.017742466181516647, "news_discourse_role_prob_7": 0.002692651003599167, "news_discourse_role_prob_8": 0.00021198616013862193, "previous_discourse_relation": 3, "previous_discourse_relation_prob_comp": 0.0006979038589634001, "previous_discourse_relation_prob_cont": 0.03138945251703262, "previous_discourse_relation_prob_temp": 0.0017984858714044094, "previous_discourse_relation_prob_expan": 0.9661141633987427, "latter_discourse_relation": 3, "latter_discourse_relation_prob_comp": 0.00037188606802374125, "latter_discourse_relation_prob_cont": 0.002099166624248028, "latter_discourse_relation_prob_temp": 0.00026275916025042534, "latter_discourse_relation_prob_expan": 0.9972662925720215}, {"sentence_id": 15, "sentence_start": 1511, "sentence_end": 1575, "sentence_text": "A hat signed by @realDonaldTrump,\u201d Joe Gallow wrote on Twitter.", "sentence_label": "Repetition", "tokens_list": ["A", "hat", "signed", "by", "@", "realDonaldTrump", ",", "\u201d", "Joe", "Gallow", "wrote", "on", "Twitter", "."], "tokens_dicts_list": [{"token": "A", "start_char": 1511, "end_char": 1512, "token_label": "NA"}, {"token": "hat", "start_char": 1513, "end_char": 1516, "token_label": "NA"}, {"token": "signed", "start_char": 1517, "end_char": 1523, "token_label": "Repetition"}, {"token": "by", "start_char": 1524, "end_char": 1526, "token_label": "Repetition"}, {"token": "@", "start_char": 1527, "end_char": 1528, "token_label": "Repetition"}, {"token": "realDonaldTrump", "start_char": 1528, "end_char": 1543, "token_label": "Repetition"}, {"token": ",", "start_char": 1543, "end_char": 1544, "token_label": "NA"}, {"token": "\u201d", "start_char": 1544, "end_char": 1545, "token_label": "NA"}, {"token": "Joe", "start_char": 1546, "end_char": 1549, "token_label": "NA"}, {"token": "Gallow", "start_char": 1550, "end_char": 1556, "token_label": "NA"}, {"token": "wrote", "start_char": 1557, "end_char": 1562, "token_label": "NA"}, {"token": "on", "start_char": 1563, "end_char": 1565, "token_label": "NA"}, {"token": "Twitter", "start_char": 1566, "end_char": 1573, "token_label": "NA"}, {"token": ".", "start_char": 1573, "end_char": 1574, "token_label": "NA"}], "news_discourse_role": 0, "news_discourse_role_prob_0": 0.9966026544570923, "news_discourse_role_prob_1": 0.0002373045717831701, "news_discourse_role_prob_2": 0.0011057849042117596, "news_discourse_role_prob_3": 4.654840086004697e-05, "news_discourse_role_prob_4": 0.001507595065049827, "news_discourse_role_prob_5": 6.0159567510709167e-05, "news_discourse_role_prob_6": 0.00023318544845096767, "news_discourse_role_prob_7": 0.00016161699022632092, "news_discourse_role_prob_8": 4.516442641033791e-05, "previous_discourse_relation": 3, "previous_discourse_relation_prob_comp": 0.00037188606802374125, "previous_discourse_relation_prob_cont": 0.002099166624248028, "previous_discourse_relation_prob_temp": 0.00026275916025042534, "previous_discourse_relation_prob_expan": 0.9972662925720215, "latter_discourse_relation": 3, "latter_discourse_relation_prob_comp": 0.0024232356809079647, "latter_discourse_relation_prob_cont": 0.0007209990872070193, "latter_discourse_relation_prob_temp": 0.0004482608346734196, "latter_discourse_relation_prob_expan": 0.9964074492454529}, {"sentence_id": 16, "sentence_start": 1575, "sentence_end": 1707, "sentence_text": "#Update: Teen who made national news after having #MAGA hat stolen at a San Antonio fast food restaurant just got this in the mail.", "sentence_label": "Repetition", "tokens_list": ["#", "Update", ":", "Teen", "who", "made", "national", "news", "after", "having", "#", "MAGA", "hat", "stolen", "at", "a", "San", "Antonio", "fast", "food", "restaurant", "just", "got", "this", "in", "the", "mail", "."], "tokens_dicts_list": [{"token": "#", "start_char": 1575, "end_char": 1576, "token_label": "NA"}, {"token": "Update", "start_char": 1576, "end_char": 1582, "token_label": "NA"}, {"token": ":", "start_char": 1582, "end_char": 1583, "token_label": "NA"}, {"token": "Teen", "start_char": 1584, "end_char": 1588, "token_label": "NA"}, {"token": "who", "start_char": 1589, "end_char": 1592, "token_label": "NA"}, {"token": "made", "start_char": 1593, "end_char": 1597, "token_label": "NA"}, {"token": "national", "start_char": 1598, "end_char": 1606, "token_label": "NA"}, {"token": "news", "start_char": 1607, "end_char": 1611, "token_label": "NA"}, {"token": "after", "start_char": 1612, "end_char": 1617, "token_label": "NA"}, {"token": "having", "start_char": 1618, "end_char": 1624, "token_label": "NA"}, {"token": "#", "start_char": 1625, "end_char": 1626, "token_label": "Repetition"}, {"token": "MAGA", "start_char": 1626, "end_char": 1630, "token_label": "Repetition"}, {"token": "hat", "start_char": 1631, "end_char": 1634, "token_label": "NA"}, {"token": "stolen", "start_char": 1635, "end_char": 1641, "token_label": "NA"}, {"token": "at", "start_char": 1642, "end_char": 1644, "token_label": "NA"}, {"token": "a", "start_char": 1645, "end_char": 1646, "token_label": "NA"}, {"token": "San", "start_char": 1647, "end_char": 1650, "token_label": "NA"}, {"token": "Antonio", "start_char": 1651, "end_char": 1658, "token_label": "NA"}, {"token": "fast", "start_char": 1659, "end_char": 1663, "token_label": "NA"}, {"token": "food", "start_char": 1664, "end_char": 1668, "token_label": "NA"}, {"token": "restaurant", "start_char": 1669, "end_char": 1679, "token_label": "NA"}, {"token": "just", "start_char": 1680, "end_char": 1684, "token_label": "NA"}, {"token": "got", "start_char": 1685, "end_char": 1688, "token_label": "NA"}, {"token": "this", "start_char": 1689, "end_char": 1693, "token_label": "NA"}, {"token": "in", "start_char": 1694, "end_char": 1696, "token_label": "NA"}, {"token": "the", "start_char": 1697, "end_char": 1700, "token_label": "NA"}, {"token": "mail", "start_char": 1701, "end_char": 1705, "token_label": "NA"}, {"token": ".", "start_char": 1705, "end_char": 1706, "token_label": "NA"}], "news_discourse_role": 0, "news_discourse_role_prob_0": 0.983960747718811, "news_discourse_role_prob_1": 0.0001247131876880303, "news_discourse_role_prob_2": 0.0021210694685578346, "news_discourse_role_prob_3": 0.000311545591102913, "news_discourse_role_prob_4": 0.012647145427763462, "news_discourse_role_prob_5": 0.0005638095317408442, "news_discourse_role_prob_6": 0.00017114702495746315, "news_discourse_role_prob_7": 9.344889258500189e-05, "news_discourse_role_prob_8": 6.3001557464303914e-06, "previous_discourse_relation": 3, "previous_discourse_relation_prob_comp": 0.0024232356809079647, "previous_discourse_relation_prob_cont": 0.0007209990872070193, "previous_discourse_relation_prob_temp": 0.0004482608346734196, "previous_discourse_relation_prob_expan": 0.9964074492454529, "latter_discourse_relation": 3, "latter_discourse_relation_prob_comp": 0.00019991304725408554, "latter_discourse_relation_prob_cont": 0.0008319191401824355, "latter_discourse_relation_prob_temp": 9.594448783900589e-05, "latter_discourse_relation_prob_expan": 0.9988721013069153}, {"sentence_id": 17, "sentence_start": 1707, "sentence_end": 1741, "sentence_text": "A hat signed by @realDonaldTrump.", "sentence_label": "Repetition", "tokens_list": ["A", "hat", "signed", "by", "@", "realDonaldTrump", "."], "tokens_dicts_list": [{"token": "A", "start_char": 1707, "end_char": 1708, "token_label": "NA"}, {"token": "hat", "start_char": 1709, "end_char": 1712, "token_label": "NA"}, {"token": "signed", "start_char": 1713, "end_char": 1719, "token_label": "Repetition"}, {"token": "by", "start_char": 1720, "end_char": 1722, "token_label": "Repetition"}, {"token": "@", "start_char": 1723, "end_char": 1724, "token_label": "Repetition"}, {"token": "realDonaldTrump", "start_char": 1724, "end_char": 1739, "token_label": "Repetition"}, {"token": ".", "start_char": 1739, "end_char": 1740, "token_label": "NA"}], "news_discourse_role": 0, "news_discourse_role_prob_0": 0.993887722492218, "news_discourse_role_prob_1": 0.00016806140774860978, "news_discourse_role_prob_2": 0.0008914973004721105, "news_discourse_role_prob_3": 3.9941885916050524e-05, "news_discourse_role_prob_4": 0.004406540654599667, "news_discourse_role_prob_5": 8.630303636891767e-05, "news_discourse_role_prob_6": 0.0002817106433212757, "news_discourse_role_prob_7": 0.00020718267478514463, "news_discourse_role_prob_8": 3.106449366896413e-05, "previous_discourse_relation": 3, "previous_discourse_relation_prob_comp": 0.00019991304725408554, "previous_discourse_relation_prob_cont": 0.0008319191401824355, "previous_discourse_relation_prob_temp": 9.594448783900589e-05, "previous_discourse_relation_prob_expan": 0.9988721013069153, "latter_discourse_relation": 3, "latter_discourse_relation_prob_comp": 0.008044532500207424, "latter_discourse_relation_prob_cont": 0.03598424047231674, "latter_discourse_relation_prob_temp": 0.005088591482490301, "latter_discourse_relation_prob_expan": 0.9508826732635498}, {"sentence_id": 18, "sentence_start": 1741, "sentence_end": 1869, "sentence_text": "See the video: https://t.co/LAUcjERTNc @News4SA @KABBFOX29 pic.twitter.com/akzNSp4ps8 \u2014 Joe Galli (@JoeGalliNews) July 11, 2018", "sentence_label": "NA", "tokens_list": ["See", "the", "video", ":", "https", ":", "//t.co/LAUcjERTNc", "@", "News4SA", "@", "KABBFOX29", "pic.twitter.com/akzNSp4ps8", "\u2014", "Joe", "Galli", "(", "@", "JoeGalliNews", ")", "July", "11", ",", "2018"], "tokens_dicts_list": [{"token": "See", "start_char": 1741, "end_char": 1744, "token_label": "NA"}, {"token": "the", "start_char": 1745, "end_char": 1748, "token_label": "NA"}, {"token": "video", "start_char": 1749, "end_char": 1754, "token_label": "NA"}, {"token": ":", "start_char": 1754, "end_char": 1755, "token_label": "NA"}, {"token": "https", "start_char": 1756, "end_char": 1761, "token_label": "NA"}, {"token": ":", "start_char": 1761, "end_char": 1762, "token_label": "NA"}, {"token": "//t.co/LAUcjERTNc", "start_char": 1762, "end_char": 1779, "token_label": "NA"}, {"token": "@", "start_char": 1780, "end_char": 1781, "token_label": "NA"}, {"token": "News4SA", "start_char": 1781, "end_char": 1788, "token_label": "NA"}, {"token": "@", "start_char": 1789, "end_char": 1790, "token_label": "NA"}, {"token": "KABBFOX29", "start_char": 1790, "end_char": 1799, "token_label": "NA"}, {"token": "pic.twitter.com/akzNSp4ps8", "start_char": 1800, "end_char": 1826, "token_label": "NA"}, {"token": "\u2014", "start_char": 1827, "end_char": 1828, "token_label": "NA"}, {"token": "Joe", "start_char": 1829, "end_char": 1832, "token_label": "NA"}, {"token": "Galli", "start_char": 1833, "end_char": 1838, "token_label": "NA"}, {"token": "(", "start_char": 1839, "end_char": 1840, "token_label": "NA"}, {"token": "@", "start_char": 1840, "end_char": 1841, "token_label": "NA"}, {"token": "JoeGalliNews", "start_char": 1841, "end_char": 1853, "token_label": "NA"}, {"token": ")", "start_char": 1853, "end_char": 1854, "token_label": "NA"}, {"token": "July", "start_char": 1855, "end_char": 1859, "token_label": "NA"}, {"token": "11", "start_char": 1860, "end_char": 1862, "token_label": "NA"}, {"token": ",", "start_char": 1862, "end_char": 1863, "token_label": "NA"}, {"token": "2018", "start_char": 1864, "end_char": 1868, "token_label": "NA"}], "news_discourse_role": 0, "news_discourse_role_prob_0": 0.9985760450363159, "news_discourse_role_prob_1": 2.7307919481245335e-06, "news_discourse_role_prob_2": 5.8339483075542375e-05, "news_discourse_role_prob_3": 8.898724445316475e-06, "news_discourse_role_prob_4": 0.0013263057917356491, "news_discourse_role_prob_5": 1.455653637094656e-05, "news_discourse_role_prob_6": 8.089595212368295e-06, "news_discourse_role_prob_7": 4.634661763702752e-06, "news_discourse_role_prob_8": 3.341166348036495e-07, "previous_discourse_relation": 3, "previous_discourse_relation_prob_comp": 0.008044532500207424, "previous_discourse_relation_prob_cont": 0.03598424047231674, "previous_discourse_relation_prob_temp": 0.005088591482490301, "previous_discourse_relation_prob_expan": 0.9508826732635498, "latter_discourse_relation": 3, "latter_discourse_relation_prob_comp": 0.0024647938553243876, "latter_discourse_relation_prob_cont": 0.018354274332523346, "latter_discourse_relation_prob_temp": 0.003379394765943289, "latter_discourse_relation_prob_expan": 0.9758015871047974}, {"sentence_id": 19, "sentence_start": 1869, "sentence_end": 1992, "sentence_text": "Richard told media outlets that he\u2019s been a bit surprised by everything that\u2019s happened since the video was posted online.", "sentence_label": "NA", "tokens_list": ["Richard", "told", "media", "outlets", "that", "he\u2019s", "been", "a", "bit", "surprised", "by", "everything", "that\u2019s", "happened", "since", "the", "video", "was", "posted", "online", "."], "tokens_dicts_list": [{"token": "Richard", "start_char": 1869, "end_char": 1876, "token_label": "NA"}, {"token": "told", "start_char": 1877, "end_char": 1881, "token_label": "NA"}, {"token": "media", "start_char": 1882, "end_char": 1887, "token_label": "NA"}, {"token": "outlets", "start_char": 1888, "end_char": 1895, "token_label": "NA"}, {"token": "that", "start_char": 1896, "end_char": 1900, "token_label": "NA"}, {"token": "he\u2019s", "start_char": 1901, "end_char": 1905, "token_label": "NA"}, {"token": "been", "start_char": 1906, "end_char": 1910, "token_label": "NA"}, {"token": "a", "start_char": 1911, "end_char": 1912, "token_label": "NA"}, {"token": "bit", "start_char": 1913, "end_char": 1916, "token_label": "NA"}, {"token": "surprised", "start_char": 1917, "end_char": 1926, "token_label": "NA"}, {"token": "by", "start_char": 1927, "end_char": 1929, "token_label": "NA"}, {"token": "everything", "start_char": 1930, "end_char": 1940, "token_label": "NA"}, {"token": "that\u2019s", "start_char": 1941, "end_char": 1947, "token_label": "NA"}, {"token": "happened", "start_char": 1948, "end_char": 1956, "token_label": "NA"}, {"token": "since", "start_char": 1957, "end_char": 1962, "token_label": "NA"}, {"token": "the", "start_char": 1963, "end_char": 1966, "token_label": "NA"}, {"token": "video", "start_char": 1967, "end_char": 1972, "token_label": "NA"}, {"token": "was", "start_char": 1973, "end_char": 1976, "token_label": "NA"}, {"token": "posted", "start_char": 1977, "end_char": 1983, "token_label": "NA"}, {"token": "online", "start_char": 1984, "end_char": 1990, "token_label": "NA"}, {"token": ".", "start_char": 1990, "end_char": 1991, "token_label": "NA"}], "news_discourse_role": 7, "news_discourse_role_prob_0": 2.1012345314375125e-05, "news_discourse_role_prob_1": 0.0012433161027729511, "news_discourse_role_prob_2": 0.0003230045549571514, "news_discourse_role_prob_3": 0.0024119936861097813, "news_discourse_role_prob_4": 0.0012640811037272215, "news_discourse_role_prob_5": 0.0008511632331646979, "news_discourse_role_prob_6": 0.007653798442333937, "news_discourse_role_prob_7": 0.9827325344085693, "news_discourse_role_prob_8": 0.0034991202410310507, "previous_discourse_relation": 3, "previous_discourse_relation_prob_comp": 0.0024647938553243876, "previous_discourse_relation_prob_cont": 0.018354274332523346, "previous_discourse_relation_prob_temp": 0.003379394765943289, "previous_discourse_relation_prob_expan": 0.9758015871047974, "latter_discourse_relation": 3, "latter_discourse_relation_prob_comp": 0.0009746269788593054, "latter_discourse_relation_prob_cont": 0.004919077735394239, "latter_discourse_relation_prob_temp": 0.0011484262067824602, "latter_discourse_relation_prob_expan": 0.9929578304290771}, {"sentence_id": 20, "sentence_start": 1992, "sentence_end": 2286, "sentence_text": "\u201cI didn\u2019t think it was going to generate the amount like what people are doing, I was looking at the comments by some people and \u2018they are like this is uncalled for\u2019 and other people are like mixed opinions but I didn\u2019t think it would blow up to what it is now,\u201d he said to News-4 San Antonio.", "sentence_label": "NA", "tokens_list": ["\u201cI", "didn\u2019t", "think", "it", "was", "going", "to", "generate", "the", "amount", "like", "what", "people", "are", "doing", ",", "I", "was", "looking", "at", "the", "comments", "by", "some", "people", "and", "\u2018they", "are", "like", "this", "is", "uncalled", "for\u2019", "and", "other", "people", "are", "like", "mixed", "opinions", "but", "I", "didn\u2019t", "think", "it", "would", "blow", "up", "to", "what", "it", "is", "now", ",", "\u201d", "he", "said", "to", "News-4", "San", "Antonio", "."], "tokens_dicts_list": [{"token": "\u201cI", "start_char": 1992, "end_char": 1994, "token_label": "NA"}, {"token": "didn\u2019t", "start_char": 1995, "end_char": 2001, "token_label": "NA"}, {"token": "think", "start_char": 2002, "end_char": 2007, "token_label": "NA"}, {"token": "it", "start_char": 2008, "end_char": 2010, "token_label": "NA"}, {"token": "was", "start_char": 2011, "end_char": 2014, "token_label": "NA"}, {"token": "going", "start_char": 2015, "end_char": 2020, "token_label": "NA"}, {"token": "to", "start_char": 2021, "end_char": 2023, "token_label": "NA"}, {"token": "generate", "start_char": 2024, "end_char": 2032, "token_label": "NA"}, {"token": "the", "start_char": 2033, "end_char": 2036, "token_label": "NA"}, {"token": "amount", "start_char": 2037, "end_char": 2043, "token_label": "NA"}, {"token": "like", "start_char": 2044, "end_char": 2048, "token_label": "NA"}, {"token": "what", "start_char": 2049, "end_char": 2053, "token_label": "NA"}, {"token": "people", "start_char": 2054, "end_char": 2060, "token_label": "NA"}, {"token": "are", "start_char": 2061, "end_char": 2064, "token_label": "NA"}, {"token": "doing", "start_char": 2065, "end_char": 2070, "token_label": "NA"}, {"token": ",", "start_char": 2070, "end_char": 2071, "token_label": "NA"}, {"token": "I", "start_char": 2072, "end_char": 2073, "token_label": "NA"}, {"token": "was", "start_char": 2074, "end_char": 2077, "token_label": "NA"}, {"token": "looking", "start_char": 2078, "end_char": 2085, "token_label": "NA"}, {"token": "at", "start_char": 2086, "end_char": 2088, "token_label": "NA"}, {"token": "the", "start_char": 2089, "end_char": 2092, "token_label": "NA"}, {"token": "comments", "start_char": 2093, "end_char": 2101, "token_label": "NA"}, {"token": "by", "start_char": 2102, "end_char": 2104, "token_label": "NA"}, {"token": "some", "start_char": 2105, "end_char": 2109, "token_label": "NA"}, {"token": "people", "start_char": 2110, "end_char": 2116, "token_label": "NA"}, {"token": "and", "start_char": 2117, "end_char": 2120, "token_label": "NA"}, {"token": "\u2018they", "start_char": 2121, "end_char": 2126, "token_label": "NA"}, {"token": "are", "start_char": 2127, "end_char": 2130, "token_label": "NA"}, {"token": "like", "start_char": 2131, "end_char": 2135, "token_label": "NA"}, {"token": "this", "start_char": 2136, "end_char": 2140, "token_label": "NA"}, {"token": "is", "start_char": 2141, "end_char": 2143, "token_label": "NA"}, {"token": "uncalled", "start_char": 2144, "end_char": 2152, "token_label": "NA"}, {"token": "for\u2019", "start_char": 2153, "end_char": 2157, "token_label": "NA"}, {"token": "and", "start_char": 2158, "end_char": 2161, "token_label": "NA"}, {"token": "other", "start_char": 2162, "end_char": 2167, "token_label": "NA"}, {"token": "people", "start_char": 2168, "end_char": 2174, "token_label": "NA"}, {"token": "are", "start_char": 2175, "end_char": 2178, "token_label": "NA"}, {"token": "like", "start_char": 2179, "end_char": 2183, "token_label": "NA"}, {"token": "mixed", "start_char": 2184, "end_char": 2189, "token_label": "NA"}, {"token": "opinions", "start_char": 2190, "end_char": 2198, "token_label": "NA"}, {"token": "but", "start_char": 2199, "end_char": 2202, "token_label": "NA"}, {"token": "I", "start_char": 2203, "end_char": 2204, "token_label": "NA"}, {"token": "didn\u2019t", "start_char": 2205, "end_char": 2211, "token_label": "NA"}, {"token": "think", "start_char": 2212, "end_char": 2217, "token_label": "NA"}, {"token": "it", "start_char": 2218, "end_char": 2220, "token_label": "NA"}, {"token": "would", "start_char": 2221, "end_char": 2226, "token_label": "NA"}, {"token": "blow", "start_char": 2227, "end_char": 2231, "token_label": "NA"}, {"token": "up", "start_char": 2232, "end_char": 2234, "token_label": "NA"}, {"token": "to", "start_char": 2235, "end_char": 2237, "token_label": "NA"}, {"token": "what", "start_char": 2238, "end_char": 2242, "token_label": "NA"}, {"token": "it", "start_char": 2243, "end_char": 2245, "token_label": "NA"}, {"token": "is", "start_char": 2246, "end_char": 2248, "token_label": "NA"}, {"token": "now", "start_char": 2249, "end_char": 2252, "token_label": "NA"}, {"token": ",", "start_char": 2252, "end_char": 2253, "token_label": "NA"}, {"token": "\u201d", "start_char": 2253, "end_char": 2254, "token_label": "NA"}, {"token": "he", "start_char": 2255, "end_char": 2257, "token_label": "NA"}, {"token": "said", "start_char": 2258, "end_char": 2262, "token_label": "NA"}, {"token": "to", "start_char": 2263, "end_char": 2265, "token_label": "NA"}, {"token": "News-4", "start_char": 2266, "end_char": 2272, "token_label": "NA"}, {"token": "San", "start_char": 2273, "end_char": 2276, "token_label": "NA"}, {"token": "Antonio", "start_char": 2277, "end_char": 2284, "token_label": "NA"}, {"token": ".", "start_char": 2284, "end_char": 2285, "token_label": "NA"}], "news_discourse_role": 7, "news_discourse_role_prob_0": 2.6069023078889586e-05, "news_discourse_role_prob_1": 0.002221250906586647, "news_discourse_role_prob_2": 0.00036898275720886886, "news_discourse_role_prob_3": 0.006967603228986263, "news_discourse_role_prob_4": 0.0030288351699709892, "news_discourse_role_prob_5": 0.00598225649446249, "news_discourse_role_prob_6": 0.009168507531285286, "news_discourse_role_prob_7": 0.9329162836074829, "news_discourse_role_prob_8": 0.03932029381394386, "previous_discourse_relation": 3, "previous_discourse_relation_prob_comp": 0.0009746269788593054, "previous_discourse_relation_prob_cont": 0.004919077735394239, "previous_discourse_relation_prob_temp": 0.0011484262067824602, "previous_discourse_relation_prob_expan": 0.9929578304290771, "latter_discourse_relation": -1}]}