{"file_name": "./Propaganda/json_annotations/train/article732610971.json", "num_sentences": 29, "sentences": [{"sentence_id": 0, "sentence_start": 0, "sentence_end": 77, "sentence_text": "Hungarian Prime Minister Viktor Orban Calls For Global Anti-Migrant Alliance", "sentence_label": "NA", "tokens_list": ["Hungarian", "Prime", "Minister", "Viktor", "Orban", "Calls", "For", "Global", "Anti-Migrant", "Alliance"], "tokens_dicts_list": [{"token": "Hungarian", "start_char": 0, "end_char": 9, "token_label": "NA"}, {"token": "Prime", "start_char": 10, "end_char": 15, "token_label": "NA"}, {"token": "Minister", "start_char": 16, "end_char": 24, "token_label": "NA"}, {"token": "Viktor", "start_char": 25, "end_char": 31, "token_label": "NA"}, {"token": "Orban", "start_char": 32, "end_char": 37, "token_label": "NA"}, {"token": "Calls", "start_char": 38, "end_char": 43, "token_label": "NA"}, {"token": "For", "start_char": 44, "end_char": 47, "token_label": "NA"}, {"token": "Global", "start_char": 48, "end_char": 54, "token_label": "NA"}, {"token": "Anti-Migrant", "start_char": 55, "end_char": 67, "token_label": "NA"}, {"token": "Alliance", "start_char": 68, "end_char": 76, "token_label": "NA"}], "news_discourse_role": 0, "news_discourse_role_prob_0": 0.7993053197860718, "news_discourse_role_prob_1": 0.18979738652706146, "news_discourse_role_prob_2": 0.0030185335781425238, "news_discourse_role_prob_3": 0.003879834897816181, "news_discourse_role_prob_4": 0.002169775776565075, "news_discourse_role_prob_5": 0.0001528932771179825, "news_discourse_role_prob_6": 0.0004187450686004013, "news_discourse_role_prob_7": 0.000956241856329143, "news_discourse_role_prob_8": 0.0003012238594237715, "latter_discourse_relation": 3, "latter_discourse_relation_prob_comp": 0.005283523350954056, "latter_discourse_relation_prob_cont": 0.08771421015262604, "latter_discourse_relation_prob_temp": 0.020332003012299538, "latter_discourse_relation_prob_expan": 0.8866703510284424, "previous_discourse_relation": -1}, {"sentence_id": 1, "sentence_start": 78, "sentence_end": 313, "sentence_text": "Hungarian Prime Minister Viktor Orban who has been at the forefront in Europe in standing against illegal immigration and the invasion of Muslims into his country has called for a global alliance to stand against the migrant invasion.", "sentence_label": "Repetition", "tokens_list": ["Hungarian", "Prime", "Minister", "Viktor", "Orban", "who", "has", "been", "at", "the", "forefront", "in", "Europe", "in", "standing", "against", "illegal", "immigration", "and", "the", "invasion", "of", "Muslims", "into", "his", "country", "has", "called", "for", "a", "global", "alliance", "to", "stand", "against", "the", "migrant", "invasion", "."], "tokens_dicts_list": [{"token": "Hungarian", "start_char": 78, "end_char": 87, "token_label": "NA"}, {"token": "Prime", "start_char": 88, "end_char": 93, "token_label": "NA"}, {"token": "Minister", "start_char": 94, "end_char": 102, "token_label": "NA"}, {"token": "Viktor", "start_char": 103, "end_char": 109, "token_label": "NA"}, {"token": "Orban", "start_char": 110, "end_char": 115, "token_label": "NA"}, {"token": "who", "start_char": 116, "end_char": 119, "token_label": "NA"}, {"token": "has", "start_char": 120, "end_char": 123, "token_label": "NA"}, {"token": "been", "start_char": 124, "end_char": 128, "token_label": "NA"}, {"token": "at", "start_char": 129, "end_char": 131, "token_label": "NA"}, {"token": "the", "start_char": 132, "end_char": 135, "token_label": "NA"}, {"token": "forefront", "start_char": 136, "end_char": 145, "token_label": "NA"}, {"token": "in", "start_char": 146, "end_char": 148, "token_label": "NA"}, {"token": "Europe", "start_char": 149, "end_char": 155, "token_label": "NA"}, {"token": "in", "start_char": 156, "end_char": 158, "token_label": "NA"}, {"token": "standing", "start_char": 159, "end_char": 167, "token_label": "NA"}, {"token": "against", "start_char": 168, "end_char": 175, "token_label": "NA"}, {"token": "illegal", "start_char": 176, "end_char": 183, "token_label": "NA"}, {"token": "immigration", "start_char": 184, "end_char": 195, "token_label": "NA"}, {"token": "and", "start_char": 196, "end_char": 199, "token_label": "NA"}, {"token": "the", "start_char": 200, "end_char": 203, "token_label": "Repetition"}, {"token": "invasion", "start_char": 204, "end_char": 212, "token_label": "Repetition"}, {"token": "of", "start_char": 213, "end_char": 215, "token_label": "Repetition"}, {"token": "Muslims", "start_char": 216, "end_char": 223, "token_label": "Repetition"}, {"token": "into", "start_char": 224, "end_char": 228, "token_label": "NA"}, {"token": "his", "start_char": 229, "end_char": 232, "token_label": "NA"}, {"token": "country", "start_char": 233, "end_char": 240, "token_label": "NA"}, {"token": "has", "start_char": 241, "end_char": 244, "token_label": "NA"}, {"token": "called", "start_char": 245, "end_char": 251, "token_label": "NA"}, {"token": "for", "start_char": 252, "end_char": 255, "token_label": "NA"}, {"token": "a", "start_char": 256, "end_char": 257, "token_label": "NA"}, {"token": "global", "start_char": 258, "end_char": 264, "token_label": "NA"}, {"token": "alliance", "start_char": 265, "end_char": 273, "token_label": "NA"}, {"token": "to", "start_char": 274, "end_char": 276, "token_label": "NA"}, {"token": "stand", "start_char": 277, "end_char": 282, "token_label": "NA"}, {"token": "against", "start_char": 283, "end_char": 290, "token_label": "NA"}, {"token": "the", "start_char": 291, "end_char": 294, "token_label": "NA"}, {"token": "migrant", "start_char": 295, "end_char": 302, "token_label": "Repetition"}, {"token": "invasion", "start_char": 303, "end_char": 311, "token_label": "Repetition"}, {"token": ".", "start_char": 311, "end_char": 312, "token_label": "Repetition"}], "news_discourse_role": 1, "news_discourse_role_prob_0": 0.005897972267121077, "news_discourse_role_prob_1": 0.9906540513038635, "news_discourse_role_prob_2": 0.0010943423258140683, "news_discourse_role_prob_3": 0.0012624473311007023, "news_discourse_role_prob_4": 0.0005032323533669114, "news_discourse_role_prob_5": 2.604226210678462e-05, "news_discourse_role_prob_6": 0.00017974233196582645, "news_discourse_role_prob_7": 0.00018573628040030599, "news_discourse_role_prob_8": 0.0001963016256922856, "previous_discourse_relation": 3, "previous_discourse_relation_prob_comp": 0.005283523350954056, "previous_discourse_relation_prob_cont": 0.08771421015262604, "previous_discourse_relation_prob_temp": 0.020332003012299538, "previous_discourse_relation_prob_expan": 0.8866703510284424, "latter_discourse_relation": 3, "latter_discourse_relation_prob_comp": 0.00042279050103388727, "latter_discourse_relation_prob_cont": 0.0028622883837670088, "latter_discourse_relation_prob_temp": 0.002262079855427146, "latter_discourse_relation_prob_expan": 0.9944527745246887}, {"sentence_id": 2, "sentence_start": 313, "sentence_end": 472, "sentence_text": "Viktor Orban, who openly professes the Reformed faith of Christianity, told an audience at the Royal Castle in Budapest, \u201cChristianity is Europe\u2019s last hope.\u201d", "sentence_label": "Flag-Waving", "tokens_list": ["Viktor", "Orban", ",", "who", "openly", "professes", "the", "Reformed", "faith", "of", "Christianity", ",", "told", "an", "audience", "at", "the", "Royal", "Castle", "in", "Budapest", ",", "\u201cChristianity", "is", "Europe\u2019s", "last", "hope.\u201d"], "tokens_dicts_list": [{"token": "Viktor", "start_char": 313, "end_char": 319, "token_label": "NA"}, {"token": "Orban", "start_char": 320, "end_char": 325, "token_label": "NA"}, {"token": ",", "start_char": 325, "end_char": 326, "token_label": "NA"}, {"token": "who", "start_char": 327, "end_char": 330, "token_label": "NA"}, {"token": "openly", "start_char": 331, "end_char": 337, "token_label": "NA"}, {"token": "professes", "start_char": 338, "end_char": 347, "token_label": "NA"}, {"token": "the", "start_char": 348, "end_char": 351, "token_label": "NA"}, {"token": "Reformed", "start_char": 352, "end_char": 360, "token_label": "NA"}, {"token": "faith", "start_char": 361, "end_char": 366, "token_label": "NA"}, {"token": "of", "start_char": 367, "end_char": 369, "token_label": "NA"}, {"token": "Christianity", "start_char": 370, "end_char": 382, "token_label": "NA"}, {"token": ",", "start_char": 382, "end_char": 383, "token_label": "NA"}, {"token": "told", "start_char": 384, "end_char": 388, "token_label": "NA"}, {"token": "an", "start_char": 389, "end_char": 391, "token_label": "NA"}, {"token": "audience", "start_char": 392, "end_char": 400, "token_label": "NA"}, {"token": "at", "start_char": 401, "end_char": 403, "token_label": "NA"}, {"token": "the", "start_char": 404, "end_char": 407, "token_label": "NA"}, {"token": "Royal", "start_char": 408, "end_char": 413, "token_label": "NA"}, {"token": "Castle", "start_char": 414, "end_char": 420, "token_label": "NA"}, {"token": "in", "start_char": 421, "end_char": 423, "token_label": "NA"}, {"token": "Budapest", "start_char": 424, "end_char": 432, "token_label": "NA"}, {"token": ",", "start_char": 432, "end_char": 433, "token_label": "NA"}, {"token": "\u201cChristianity", "start_char": 434, "end_char": 447, "token_label": "Flag-Waving"}, {"token": "is", "start_char": 448, "end_char": 450, "token_label": "Flag-Waving"}, {"token": "Europe\u2019s", "start_char": 451, "end_char": 459, "token_label": "Flag-Waving"}, {"token": "last", "start_char": 460, "end_char": 464, "token_label": "Flag-Waving"}, {"token": "hope.\u201d", "start_char": 465, "end_char": 471, "token_label": "Flag-Waving"}], "news_discourse_role": 1, "news_discourse_role_prob_0": 0.0016748085618019104, "news_discourse_role_prob_1": 0.47577953338623047, "news_discourse_role_prob_2": 0.0015922505408525467, "news_discourse_role_prob_3": 0.01155286468565464, "news_discourse_role_prob_4": 0.004596967250108719, "news_discourse_role_prob_5": 0.0015556226717308164, "news_discourse_role_prob_6": 0.0051246280781924725, "news_discourse_role_prob_7": 0.43316471576690674, "news_discourse_role_prob_8": 0.06495850533246994, "previous_discourse_relation": 3, "previous_discourse_relation_prob_comp": 0.00042279050103388727, "previous_discourse_relation_prob_cont": 0.0028622883837670088, "previous_discourse_relation_prob_temp": 0.002262079855427146, "previous_discourse_relation_prob_expan": 0.9944527745246887, "latter_discourse_relation": 3, "latter_discourse_relation_prob_comp": 0.0045146034099161625, "latter_discourse_relation_prob_cont": 0.0002983199374284595, "latter_discourse_relation_prob_temp": 0.02614072524011135, "latter_discourse_relation_prob_expan": 0.9690463542938232}, {"sentence_id": 3, "sentence_start": 472, "sentence_end": 580, "sentence_text": "He continued by stating that mass immigration, especially from Africa, \u201cour worst nightmares can come true.", "sentence_label": "Appeal_to_fear-prejudice", "tokens_list": ["He", "continued", "by", "stating", "that", "mass", "immigration", ",", "especially", "from", "Africa", ",", "\u201cour", "worst", "nightmares", "can", "come", "true", "."], "tokens_dicts_list": [{"token": "He", "start_char": 472, "end_char": 474, "token_label": "NA"}, {"token": "continued", "start_char": 475, "end_char": 484, "token_label": "NA"}, {"token": "by", "start_char": 485, "end_char": 487, "token_label": "NA"}, {"token": "stating", "start_char": 488, "end_char": 495, "token_label": "NA"}, {"token": "that", "start_char": 496, "end_char": 500, "token_label": "NA"}, {"token": "mass", "start_char": 501, "end_char": 505, "token_label": "NA"}, {"token": "immigration", "start_char": 506, "end_char": 517, "token_label": "NA"}, {"token": ",", "start_char": 517, "end_char": 518, "token_label": "NA"}, {"token": "especially", "start_char": 519, "end_char": 529, "token_label": "NA"}, {"token": "from", "start_char": 530, "end_char": 534, "token_label": "NA"}, {"token": "Africa", "start_char": 535, "end_char": 541, "token_label": "NA"}, {"token": ",", "start_char": 541, "end_char": 542, "token_label": "NA"}, {"token": "\u201cour", "start_char": 543, "end_char": 547, "token_label": "Appeal_to_fear-prejudice"}, {"token": "worst", "start_char": 548, "end_char": 553, "token_label": "Appeal_to_fear-prejudice"}, {"token": "nightmares", "start_char": 554, "end_char": 564, "token_label": "Appeal_to_fear-prejudice"}, {"token": "can", "start_char": 565, "end_char": 568, "token_label": "Appeal_to_fear-prejudice"}, {"token": "come", "start_char": 569, "end_char": 573, "token_label": "Appeal_to_fear-prejudice"}, {"token": "true", "start_char": 574, "end_char": 578, "token_label": "Appeal_to_fear-prejudice"}, {"token": ".", "start_char": 578, "end_char": 579, "token_label": "Appeal_to_fear-prejudice"}], "news_discourse_role": 8, "news_discourse_role_prob_0": 0.003011280670762062, "news_discourse_role_prob_1": 0.0632067397236824, "news_discourse_role_prob_2": 0.001228023087605834, "news_discourse_role_prob_3": 0.0060167694464325905, "news_discourse_role_prob_4": 0.003721947781741619, "news_discourse_role_prob_5": 0.004066423047333956, "news_discourse_role_prob_6": 0.007641180418431759, "news_discourse_role_prob_7": 0.44563028216362, "news_discourse_role_prob_8": 0.4654773771762848, "previous_discourse_relation": 3, "previous_discourse_relation_prob_comp": 0.0045146034099161625, "previous_discourse_relation_prob_cont": 0.0002983199374284595, "previous_discourse_relation_prob_temp": 0.02614072524011135, "previous_discourse_relation_prob_expan": 0.9690463542938232, "latter_discourse_relation": 3, "latter_discourse_relation_prob_comp": 0.0021300737280398607, "latter_discourse_relation_prob_cont": 0.23906752467155457, "latter_discourse_relation_prob_temp": 0.01241803728044033, "latter_discourse_relation_prob_expan": 0.7463843822479248}, {"sentence_id": 4, "sentence_start": 580, "sentence_end": 637, "sentence_text": "The West falls as it fails to see Europe being overrun.\u201d", "sentence_label": "NA", "tokens_list": ["The", "West", "falls", "as", "it", "fails", "to", "see", "Europe", "being", "overrun.\u201d"], "tokens_dicts_list": [{"token": "The", "start_char": 580, "end_char": 583, "token_label": "Appeal_to_fear-prejudice"}, {"token": "West", "start_char": 584, "end_char": 588, "token_label": "Appeal_to_fear-prejudice"}, {"token": "falls", "start_char": 589, "end_char": 594, "token_label": "Appeal_to_fear-prejudice"}, {"token": "as", "start_char": 595, "end_char": 597, "token_label": "Appeal_to_fear-prejudice"}, {"token": "it", "start_char": 598, "end_char": 600, "token_label": "Appeal_to_fear-prejudice"}, {"token": "fails", "start_char": 601, "end_char": 606, "token_label": "Appeal_to_fear-prejudice"}, {"token": "to", "start_char": 607, "end_char": 609, "token_label": "Appeal_to_fear-prejudice"}, {"token": "see", "start_char": 610, "end_char": 613, "token_label": "Appeal_to_fear-prejudice"}, {"token": "Europe", "start_char": 614, "end_char": 620, "token_label": "Appeal_to_fear-prejudice"}, {"token": "being", "start_char": 621, "end_char": 626, "token_label": "Appeal_to_fear-prejudice"}, {"token": "overrun.\u201d", "start_char": 627, "end_char": 636, "token_label": "Appeal_to_fear-prejudice"}], "news_discourse_role": 7, "news_discourse_role_prob_0": 0.028964627534151077, "news_discourse_role_prob_1": 0.027663905173540115, "news_discourse_role_prob_2": 0.001323194825090468, "news_discourse_role_prob_3": 0.013923301361501217, "news_discourse_role_prob_4": 0.002831729594618082, "news_discourse_role_prob_5": 0.010281257331371307, "news_discourse_role_prob_6": 0.04686402529478073, "news_discourse_role_prob_7": 0.8062217235565186, "news_discourse_role_prob_8": 0.061926212161779404, "previous_discourse_relation": 3, "previous_discourse_relation_prob_comp": 0.0021300737280398607, "previous_discourse_relation_prob_cont": 0.23906752467155457, "previous_discourse_relation_prob_temp": 0.01241803728044033, "previous_discourse_relation_prob_expan": 0.7463843822479248, "latter_discourse_relation": 3, "latter_discourse_relation_prob_comp": 0.0019942689687013626, "latter_discourse_relation_prob_cont": 0.003691095858812332, "latter_discourse_relation_prob_temp": 0.0022272313944995403, "latter_discourse_relation_prob_expan": 0.9920874238014221}, {"sentence_id": 5, "sentence_start": 637, "sentence_end": 654, "sentence_text": "Reuters reports:", "sentence_label": "NA", "tokens_list": ["Reuters", "reports", ":"], "tokens_dicts_list": [{"token": "Reuters", "start_char": 637, "end_char": 644, "token_label": "NA"}, {"token": "reports", "start_char": 645, "end_char": 652, "token_label": "NA"}, {"token": ":", "start_char": 652, "end_char": 653, "token_label": "NA"}], "news_discourse_role": 4, "news_discourse_role_prob_0": 0.1447993516921997, "news_discourse_role_prob_1": 0.19873829185962677, "news_discourse_role_prob_2": 0.031893253326416016, "news_discourse_role_prob_3": 0.006307823583483696, "news_discourse_role_prob_4": 0.6126178503036499, "news_discourse_role_prob_5": 0.0004993604961782694, "news_discourse_role_prob_6": 0.00040584694943390787, "news_discourse_role_prob_7": 0.0029503603000193834, "news_discourse_role_prob_8": 0.0017879086080938578, "previous_discourse_relation": 3, "previous_discourse_relation_prob_comp": 0.0019942689687013626, "previous_discourse_relation_prob_cont": 0.003691095858812332, "previous_discourse_relation_prob_temp": 0.0022272313944995403, "previous_discourse_relation_prob_expan": 0.9920874238014221, "latter_discourse_relation": 3, "latter_discourse_relation_prob_comp": 0.0010659267427399755, "latter_discourse_relation_prob_cont": 0.013686719350516796, "latter_discourse_relation_prob_temp": 0.0030808013398200274, "latter_discourse_relation_prob_expan": 0.982166588306427}, {"sentence_id": 6, "sentence_start": 654, "sentence_end": 893, "sentence_text": "Hungarian leader Viktor Orban called on Sunday for a global alliance against migration as his right-wing populist Fidesz party began campaigning for an April 8 election in which it is expected to win a third consecutive landslide victory.", "sentence_label": "NA", "tokens_list": ["Hungarian", "leader", "Viktor", "Orban", "called", "on", "Sunday", "for", "a", "global", "alliance", "against", "migration", "as", "his", "right-wing", "populist", "Fidesz", "party", "began", "campaigning", "for", "an", "April", "8", "election", "in", "which", "it", "is", "expected", "to", "win", "a", "third", "consecutive", "landslide", "victory", "."], "tokens_dicts_list": [{"token": "Hungarian", "start_char": 654, "end_char": 663, "token_label": "NA"}, {"token": "leader", "start_char": 664, "end_char": 670, "token_label": "NA"}, {"token": "Viktor", "start_char": 671, "end_char": 677, "token_label": "NA"}, {"token": "Orban", "start_char": 678, "end_char": 683, "token_label": "NA"}, {"token": "called", "start_char": 684, "end_char": 690, "token_label": "NA"}, {"token": "on", "start_char": 691, "end_char": 693, "token_label": "NA"}, {"token": "Sunday", "start_char": 694, "end_char": 700, "token_label": "NA"}, {"token": "for", "start_char": 701, "end_char": 704, "token_label": "NA"}, {"token": "a", "start_char": 705, "end_char": 706, "token_label": "NA"}, {"token": "global", "start_char": 707, "end_char": 713, "token_label": "NA"}, {"token": "alliance", "start_char": 714, "end_char": 722, "token_label": "NA"}, {"token": "against", "start_char": 723, "end_char": 730, "token_label": "NA"}, {"token": "migration", "start_char": 731, "end_char": 740, "token_label": "NA"}, {"token": "as", "start_char": 741, "end_char": 743, "token_label": "NA"}, {"token": "his", "start_char": 744, "end_char": 747, "token_label": "NA"}, {"token": "right-wing", "start_char": 748, "end_char": 758, "token_label": "NA"}, {"token": "populist", "start_char": 759, "end_char": 767, "token_label": "NA"}, {"token": "Fidesz", "start_char": 768, "end_char": 774, "token_label": "NA"}, {"token": "party", "start_char": 775, "end_char": 780, "token_label": "NA"}, {"token": "began", "start_char": 781, "end_char": 786, "token_label": "NA"}, {"token": "campaigning", "start_char": 787, "end_char": 798, "token_label": "NA"}, {"token": "for", "start_char": 799, "end_char": 802, "token_label": "NA"}, {"token": "an", "start_char": 803, "end_char": 805, "token_label": "NA"}, {"token": "April", "start_char": 806, "end_char": 811, "token_label": "NA"}, {"token": "8", "start_char": 812, "end_char": 813, "token_label": "NA"}, {"token": "election", "start_char": 814, "end_char": 822, "token_label": "NA"}, {"token": "in", "start_char": 823, "end_char": 825, "token_label": "NA"}, {"token": "which", "start_char": 826, "end_char": 831, "token_label": "NA"}, {"token": "it", "start_char": 832, "end_char": 834, "token_label": "NA"}, {"token": "is", "start_char": 835, "end_char": 837, "token_label": "NA"}, {"token": "expected", "start_char": 838, "end_char": 846, "token_label": "NA"}, {"token": "to", "start_char": 847, "end_char": 849, "token_label": "NA"}, {"token": "win", "start_char": 850, "end_char": 853, "token_label": "NA"}, {"token": "a", "start_char": 854, "end_char": 855, "token_label": "NA"}, {"token": "third", "start_char": 856, "end_char": 861, "token_label": "NA"}, {"token": "consecutive", "start_char": 862, "end_char": 873, "token_label": "NA"}, {"token": "landslide", "start_char": 874, "end_char": 883, "token_label": "NA"}, {"token": "victory", "start_char": 884, "end_char": 891, "token_label": "NA"}, {"token": ".", "start_char": 891, "end_char": 892, "token_label": "NA"}], "news_discourse_role": 1, "news_discourse_role_prob_0": 0.002091024536639452, "news_discourse_role_prob_1": 0.9578089118003845, "news_discourse_role_prob_2": 0.00304865138605237, "news_discourse_role_prob_3": 0.023035505786538124, "news_discourse_role_prob_4": 0.011819282546639442, "news_discourse_role_prob_5": 0.00013420202594716102, "news_discourse_role_prob_6": 9.494374535279348e-05, "news_discourse_role_prob_7": 0.0009470829390920699, "news_discourse_role_prob_8": 0.0010204942664131522, "previous_discourse_relation": 3, "previous_discourse_relation_prob_comp": 0.0010659267427399755, "previous_discourse_relation_prob_cont": 0.013686719350516796, "previous_discourse_relation_prob_temp": 0.0030808013398200274, "previous_discourse_relation_prob_expan": 0.982166588306427, "latter_discourse_relation": 3, "latter_discourse_relation_prob_comp": 0.01922195963561535, "latter_discourse_relation_prob_cont": 0.3347831070423126, "latter_discourse_relation_prob_temp": 0.02782568708062172, "latter_discourse_relation_prob_expan": 0.6181691884994507}, {"sentence_id": 7, "sentence_start": 893, "sentence_end": 1116, "sentence_text": "Popular at home but increasingly at odds politically and economically with mainstream European Union peers, Orban has thrived on external controversy, including repeated clashes with Brussels and lately the United Nations.", "sentence_label": "NA", "tokens_list": ["Popular", "at", "home", "but", "increasingly", "at", "odds", "politically", "and", "economically", "with", "mainstream", "European", "Union", "peers", ",", "Orban", "has", "thrived", "on", "external", "controversy", ",", "including", "repeated", "clashes", "with", "Brussels", "and", "lately", "the", "United", "Nations", "."], "tokens_dicts_list": [{"token": "Popular", "start_char": 893, "end_char": 900, "token_label": "NA"}, {"token": "at", "start_char": 901, "end_char": 903, "token_label": "NA"}, {"token": "home", "start_char": 904, "end_char": 908, "token_label": "NA"}, {"token": "but", "start_char": 909, "end_char": 912, "token_label": "NA"}, {"token": "increasingly", "start_char": 913, "end_char": 925, "token_label": "NA"}, {"token": "at", "start_char": 926, "end_char": 928, "token_label": "NA"}, {"token": "odds", "start_char": 929, "end_char": 933, "token_label": "NA"}, {"token": "politically", "start_char": 934, "end_char": 945, "token_label": "NA"}, {"token": "and", "start_char": 946, "end_char": 949, "token_label": "NA"}, {"token": "economically", "start_char": 950, "end_char": 962, "token_label": "NA"}, {"token": "with", "start_char": 963, "end_char": 967, "token_label": "NA"}, {"token": "mainstream", "start_char": 968, "end_char": 978, "token_label": "NA"}, {"token": "European", "start_char": 979, "end_char": 987, "token_label": "NA"}, {"token": "Union", "start_char": 988, "end_char": 993, "token_label": "NA"}, {"token": "peers", "start_char": 994, "end_char": 999, "token_label": "NA"}, {"token": ",", "start_char": 999, "end_char": 1000, "token_label": "NA"}, {"token": "Orban", "start_char": 1001, "end_char": 1006, "token_label": "NA"}, {"token": "has", "start_char": 1007, "end_char": 1010, "token_label": "NA"}, {"token": "thrived", "start_char": 1011, "end_char": 1018, "token_label": "NA"}, {"token": "on", "start_char": 1019, "end_char": 1021, "token_label": "NA"}, {"token": "external", "start_char": 1022, "end_char": 1030, "token_label": "NA"}, {"token": "controversy", "start_char": 1031, "end_char": 1042, "token_label": "NA"}, {"token": ",", "start_char": 1042, "end_char": 1043, "token_label": "NA"}, {"token": "including", "start_char": 1044, "end_char": 1053, "token_label": "NA"}, {"token": "repeated", "start_char": 1054, "end_char": 1062, "token_label": "NA"}, {"token": "clashes", "start_char": 1063, "end_char": 1070, "token_label": "NA"}, {"token": "with", "start_char": 1071, "end_char": 1075, "token_label": "NA"}, {"token": "Brussels", "start_char": 1076, "end_char": 1084, "token_label": "NA"}, {"token": "and", "start_char": 1085, "end_char": 1088, "token_label": "NA"}, {"token": "lately", "start_char": 1089, "end_char": 1095, "token_label": "NA"}, {"token": "the", "start_char": 1096, "end_char": 1099, "token_label": "NA"}, {"token": "United", "start_char": 1100, "end_char": 1106, "token_label": "NA"}, {"token": "Nations", "start_char": 1107, "end_char": 1114, "token_label": "NA"}, {"token": ".", "start_char": 1114, "end_char": 1115, "token_label": "NA"}], "news_discourse_role": 7, "news_discourse_role_prob_0": 9.823897926253267e-06, "news_discourse_role_prob_1": 0.0013152726460248232, "news_discourse_role_prob_2": 0.00024387266603298485, "news_discourse_role_prob_3": 0.015263410285115242, "news_discourse_role_prob_4": 0.04900246858596802, "news_discourse_role_prob_5": 0.0012716209748759866, "news_discourse_role_prob_6": 0.0005869962042197585, "news_discourse_role_prob_7": 0.9298335909843445, "news_discourse_role_prob_8": 0.002472910564392805, "previous_discourse_relation": 3, "previous_discourse_relation_prob_comp": 0.01922195963561535, "previous_discourse_relation_prob_cont": 0.3347831070423126, "previous_discourse_relation_prob_temp": 0.02782568708062172, "previous_discourse_relation_prob_expan": 0.6181691884994507, "latter_discourse_relation": 3, "latter_discourse_relation_prob_comp": 0.0009271396556869149, "latter_discourse_relation_prob_cont": 0.017834020778536797, "latter_discourse_relation_prob_temp": 0.0005074458895251155, "latter_discourse_relation_prob_expan": 0.9807313084602356}, {"sentence_id": 8, "sentence_start": 1116, "sentence_end": 1360, "sentence_text": "Those conflicts, mostly centered on migration since people fleeing war and poverty in the Middle East and Africa flooded into Europe in 2015, have intensified as the elections approach and Orban poses as a savior of Europe\u2019s Christian nations.", "sentence_label": "Flag-Waving", "tokens_list": ["Those", "conflicts", ",", "mostly", "centered", "on", "migration", "since", "people", "fleeing", "war", "and", "poverty", "in", "the", "Middle", "East", "and", "Africa", "flooded", "into", "Europe", "in", "2015", ",", "have", "intensified", "as", "the", "elections", "approach", "and", "Orban", "poses", "as", "a", "savior", "of", "Europe\u2019s", "Christian", "nations", "."], "tokens_dicts_list": [{"token": "Those", "start_char": 1116, "end_char": 1121, "token_label": "NA"}, {"token": "conflicts", "start_char": 1122, "end_char": 1131, "token_label": "NA"}, {"token": ",", "start_char": 1131, "end_char": 1132, "token_label": "NA"}, {"token": "mostly", "start_char": 1133, "end_char": 1139, "token_label": "NA"}, {"token": "centered", "start_char": 1140, "end_char": 1148, "token_label": "NA"}, {"token": "on", "start_char": 1149, "end_char": 1151, "token_label": "NA"}, {"token": "migration", "start_char": 1152, "end_char": 1161, "token_label": "NA"}, {"token": "since", "start_char": 1162, "end_char": 1167, "token_label": "NA"}, {"token": "people", "start_char": 1168, "end_char": 1174, "token_label": "NA"}, {"token": "fleeing", "start_char": 1175, "end_char": 1182, "token_label": "NA"}, {"token": "war", "start_char": 1183, "end_char": 1186, "token_label": "NA"}, {"token": "and", "start_char": 1187, "end_char": 1190, "token_label": "NA"}, {"token": "poverty", "start_char": 1191, "end_char": 1198, "token_label": "NA"}, {"token": "in", "start_char": 1199, "end_char": 1201, "token_label": "NA"}, {"token": "the", "start_char": 1202, "end_char": 1205, "token_label": "NA"}, {"token": "Middle", "start_char": 1206, "end_char": 1212, "token_label": "NA"}, {"token": "East", "start_char": 1213, "end_char": 1217, "token_label": "NA"}, {"token": "and", "start_char": 1218, "end_char": 1221, "token_label": "NA"}, {"token": "Africa", "start_char": 1222, "end_char": 1228, "token_label": "NA"}, {"token": "flooded", "start_char": 1229, "end_char": 1236, "token_label": "NA"}, {"token": "into", "start_char": 1237, "end_char": 1241, "token_label": "NA"}, {"token": "Europe", "start_char": 1242, "end_char": 1248, "token_label": "NA"}, {"token": "in", "start_char": 1249, "end_char": 1251, "token_label": "NA"}, {"token": "2015", "start_char": 1252, "end_char": 1256, "token_label": "NA"}, {"token": ",", "start_char": 1256, "end_char": 1257, "token_label": "NA"}, {"token": "have", "start_char": 1258, "end_char": 1262, "token_label": "NA"}, {"token": "intensified", "start_char": 1263, "end_char": 1274, "token_label": "NA"}, {"token": "as", "start_char": 1275, "end_char": 1277, "token_label": "NA"}, {"token": "the", "start_char": 1278, "end_char": 1281, "token_label": "NA"}, {"token": "elections", "start_char": 1282, "end_char": 1291, "token_label": "NA"}, {"token": "approach", "start_char": 1292, "end_char": 1300, "token_label": "NA"}, {"token": "and", "start_char": 1301, "end_char": 1304, "token_label": "NA"}, {"token": "Orban", "start_char": 1305, "end_char": 1310, "token_label": "NA"}, {"token": "poses", "start_char": 1311, "end_char": 1316, "token_label": "NA"}, {"token": "as", "start_char": 1317, "end_char": 1319, "token_label": "Flag-Waving"}, {"token": "a", "start_char": 1320, "end_char": 1321, "token_label": "Flag-Waving"}, {"token": "savior", "start_char": 1322, "end_char": 1328, "token_label": "Flag-Waving"}, {"token": "of", "start_char": 1329, "end_char": 1331, "token_label": "Flag-Waving"}, {"token": "Europe\u2019s", "start_char": 1332, "end_char": 1340, "token_label": "Flag-Waving"}, {"token": "Christian", "start_char": 1341, "end_char": 1350, "token_label": "Flag-Waving"}, {"token": "nations", "start_char": 1351, "end_char": 1358, "token_label": "Flag-Waving"}, {"token": ".", "start_char": 1358, "end_char": 1359, "token_label": "Flag-Waving"}], "news_discourse_role": 7, "news_discourse_role_prob_0": 2.996941657329444e-05, "news_discourse_role_prob_1": 0.005117126740515232, "news_discourse_role_prob_2": 0.0005499409744516015, "news_discourse_role_prob_3": 0.07989796251058578, "news_discourse_role_prob_4": 0.08108622580766678, "news_discourse_role_prob_5": 0.0011204975889995694, "news_discourse_role_prob_6": 0.0010090213036164641, "news_discourse_role_prob_7": 0.8025175333023071, "news_discourse_role_prob_8": 0.02867172099649906, "previous_discourse_relation": 3, "previous_discourse_relation_prob_comp": 0.0009271396556869149, "previous_discourse_relation_prob_cont": 0.017834020778536797, "previous_discourse_relation_prob_temp": 0.0005074458895251155, "previous_discourse_relation_prob_expan": 0.9807313084602356, "latter_discourse_relation": 3, "latter_discourse_relation_prob_comp": 0.008993739262223244, "latter_discourse_relation_prob_cont": 0.026272868737578392, "latter_discourse_relation_prob_temp": 0.0004237478715367615, "latter_discourse_relation_prob_expan": 0.9643096923828125}, {"sentence_id": 9, "sentence_start": 1360, "sentence_end": 1458, "sentence_text": "One thing to note is that Christianity is not Europe's \"last hope,\" it's the world's \"only hope.\"", "sentence_label": "Flag-Waving", "tokens_list": ["One", "thing", "to", "note", "is", "that", "Christianity", "is", "not", "Europe", "'s", "\"", "last", "hope", ",", "\"", "it", "'s", "the", "world", "'s", "\"", "only", "hope", ".", "\""], "tokens_dicts_list": [{"token": "One", "start_char": 1360, "end_char": 1363, "token_label": "NA"}, {"token": "thing", "start_char": 1364, "end_char": 1369, "token_label": "NA"}, {"token": "to", "start_char": 1370, "end_char": 1372, "token_label": "NA"}, {"token": "note", "start_char": 1373, "end_char": 1377, "token_label": "NA"}, {"token": "is", "start_char": 1378, "end_char": 1380, "token_label": "NA"}, {"token": "that", "start_char": 1381, "end_char": 1385, "token_label": "NA"}, {"token": "Christianity", "start_char": 1386, "end_char": 1398, "token_label": "Flag-Waving"}, {"token": "is", "start_char": 1399, "end_char": 1401, "token_label": "Flag-Waving"}, {"token": "not", "start_char": 1402, "end_char": 1405, "token_label": "Flag-Waving"}, {"token": "Europe", "start_char": 1406, "end_char": 1412, "token_label": "Flag-Waving"}, {"token": "'s", "start_char": 1412, "end_char": 1414, "token_label": "Flag-Waving"}, {"token": "\"", "start_char": 1415, "end_char": 1416, "token_label": "Flag-Waving"}, {"token": "last", "start_char": 1416, "end_char": 1420, "token_label": "Flag-Waving"}, {"token": "hope", "start_char": 1421, "end_char": 1425, "token_label": "Flag-Waving"}, {"token": ",", "start_char": 1425, "end_char": 1426, "token_label": "Flag-Waving"}, {"token": "\"", "start_char": 1426, "end_char": 1427, "token_label": "Flag-Waving"}, {"token": "it", "start_char": 1428, "end_char": 1430, "token_label": "Flag-Waving"}, {"token": "'s", "start_char": 1430, "end_char": 1432, "token_label": "Flag-Waving"}, {"token": "the", "start_char": 1433, "end_char": 1436, "token_label": "Flag-Waving"}, {"token": "world", "start_char": 1437, "end_char": 1442, "token_label": "Flag-Waving"}, {"token": "'s", "start_char": 1442, "end_char": 1444, "token_label": "Flag-Waving"}, {"token": "\"", "start_char": 1445, "end_char": 1446, "token_label": "Flag-Waving"}, {"token": "only", "start_char": 1446, "end_char": 1450, "token_label": "Flag-Waving"}, {"token": "hope", "start_char": 1451, "end_char": 1455, "token_label": "Flag-Waving"}, {"token": ".", "start_char": 1455, "end_char": 1456, "token_label": "Flag-Waving"}, {"token": "\"", "start_char": 1456, "end_char": 1457, "token_label": "Flag-Waving"}], "news_discourse_role": 7, "news_discourse_role_prob_0": 0.000561393506359309, "news_discourse_role_prob_1": 0.02019762434065342, "news_discourse_role_prob_2": 0.0001268414780497551, "news_discourse_role_prob_3": 0.00953198317438364, "news_discourse_role_prob_4": 0.0033634514547884464, "news_discourse_role_prob_5": 0.002365503227338195, "news_discourse_role_prob_6": 0.005497431848198175, "news_discourse_role_prob_7": 0.9486879110336304, "news_discourse_role_prob_8": 0.009667733684182167, "previous_discourse_relation": 3, "previous_discourse_relation_prob_comp": 0.008993739262223244, "previous_discourse_relation_prob_cont": 0.026272868737578392, "previous_discourse_relation_prob_temp": 0.0004237478715367615, "previous_discourse_relation_prob_expan": 0.9643096923828125, "latter_discourse_relation": 3, "latter_discourse_relation_prob_comp": 0.000722421333193779, "latter_discourse_relation_prob_cont": 0.028757154941558838, "latter_discourse_relation_prob_temp": 0.0006394218653440475, "latter_discourse_relation_prob_expan": 0.9698809385299683}, {"sentence_id": 10, "sentence_start": 1458, "sentence_end": 1681, "sentence_text": "In speaking of the influx of Muslim migrants into Europe, Orban sees it as destroying the culture of Europe and referred to it as an \u201cimmigrant zone, a mixed population world that heads in a direction different from ours.\u201d", "sentence_label": "Flag-Waving", "tokens_list": ["In", "speaking", "of", "the", "influx", "of", "Muslim", "migrants", "into", "Europe", ",", "Orban", "sees", "it", "as", "destroying", "the", "culture", "of", "Europe", "and", "referred", "to", "it", "as", "an", "\u201cimmigrant", "zone", ",", "a", "mixed", "population", "world", "that", "heads", "in", "a", "direction", "different", "from", "ours.\u201d"], "tokens_dicts_list": [{"token": "In", "start_char": 1458, "end_char": 1460, "token_label": "NA"}, {"token": "speaking", "start_char": 1461, "end_char": 1469, "token_label": "NA"}, {"token": "of", "start_char": 1470, "end_char": 1472, "token_label": "NA"}, {"token": "the", "start_char": 1473, "end_char": 1476, "token_label": "NA"}, {"token": "influx", "start_char": 1477, "end_char": 1483, "token_label": "NA"}, {"token": "of", "start_char": 1484, "end_char": 1486, "token_label": "NA"}, {"token": "Muslim", "start_char": 1487, "end_char": 1493, "token_label": "NA"}, {"token": "migrants", "start_char": 1494, "end_char": 1502, "token_label": "NA"}, {"token": "into", "start_char": 1503, "end_char": 1507, "token_label": "NA"}, {"token": "Europe", "start_char": 1508, "end_char": 1514, "token_label": "NA"}, {"token": ",", "start_char": 1514, "end_char": 1515, "token_label": "NA"}, {"token": "Orban", "start_char": 1516, "end_char": 1521, "token_label": "NA"}, {"token": "sees", "start_char": 1522, "end_char": 1526, "token_label": "NA"}, {"token": "it", "start_char": 1527, "end_char": 1529, "token_label": "NA"}, {"token": "as", "start_char": 1530, "end_char": 1532, "token_label": "NA"}, {"token": "destroying", "start_char": 1533, "end_char": 1543, "token_label": "NA"}, {"token": "the", "start_char": 1544, "end_char": 1547, "token_label": "NA"}, {"token": "culture", "start_char": 1548, "end_char": 1555, "token_label": "NA"}, {"token": "of", "start_char": 1556, "end_char": 1558, "token_label": "NA"}, {"token": "Europe", "start_char": 1559, "end_char": 1565, "token_label": "NA"}, {"token": "and", "start_char": 1566, "end_char": 1569, "token_label": "NA"}, {"token": "referred", "start_char": 1570, "end_char": 1578, "token_label": "NA"}, {"token": "to", "start_char": 1579, "end_char": 1581, "token_label": "NA"}, {"token": "it", "start_char": 1582, "end_char": 1584, "token_label": "NA"}, {"token": "as", "start_char": 1585, "end_char": 1587, "token_label": "NA"}, {"token": "an", "start_char": 1588, "end_char": 1590, "token_label": "NA"}, {"token": "\u201cimmigrant", "start_char": 1591, "end_char": 1601, "token_label": "NA"}, {"token": "zone", "start_char": 1602, "end_char": 1606, "token_label": "NA"}, {"token": ",", "start_char": 1606, "end_char": 1607, "token_label": "NA"}, {"token": "a", "start_char": 1608, "end_char": 1609, "token_label": "NA"}, {"token": "mixed", "start_char": 1610, "end_char": 1615, "token_label": "NA"}, {"token": "population", "start_char": 1616, "end_char": 1626, "token_label": "NA"}, {"token": "world", "start_char": 1627, "end_char": 1632, "token_label": "NA"}, {"token": "that", "start_char": 1633, "end_char": 1637, "token_label": "NA"}, {"token": "heads", "start_char": 1638, "end_char": 1643, "token_label": "NA"}, {"token": "in", "start_char": 1644, "end_char": 1646, "token_label": "NA"}, {"token": "a", "start_char": 1647, "end_char": 1648, "token_label": "NA"}, {"token": "direction", "start_char": 1649, "end_char": 1658, "token_label": "Flag-Waving"}, {"token": "different", "start_char": 1659, "end_char": 1668, "token_label": "Flag-Waving"}, {"token": "from", "start_char": 1669, "end_char": 1673, "token_label": "Flag-Waving"}, {"token": "ours.\u201d", "start_char": 1674, "end_char": 1680, "token_label": "Flag-Waving"}], "news_discourse_role": 7, "news_discourse_role_prob_0": 0.0001548415020806715, "news_discourse_role_prob_1": 0.014104288071393967, "news_discourse_role_prob_2": 0.0003558483440428972, "news_discourse_role_prob_3": 0.008103957399725914, "news_discourse_role_prob_4": 0.00372907193377614, "news_discourse_role_prob_5": 0.0014997029211372137, "news_discourse_role_prob_6": 0.003944109193980694, "news_discourse_role_prob_7": 0.9425223469734192, "news_discourse_role_prob_8": 0.025585776194930077, "previous_discourse_relation": 3, "previous_discourse_relation_prob_comp": 0.000722421333193779, "previous_discourse_relation_prob_cont": 0.028757154941558838, "previous_discourse_relation_prob_temp": 0.0006394218653440475, "previous_discourse_relation_prob_expan": 0.9698809385299683, "latter_discourse_relation": 2, "latter_discourse_relation_prob_comp": 0.0027927907649427652, "latter_discourse_relation_prob_cont": 0.0007787906797602773, "latter_discourse_relation_prob_temp": 0.9199525713920593, "latter_discourse_relation_prob_expan": 0.0764758437871933}, {"sentence_id": 11, "sentence_start": 1681, "sentence_end": 1791, "sentence_text": "Orban then called out the traitors in the midst of Europe who want to push Hungary to accept Muslim invaders.", "sentence_label": "Name_Calling,Labeling", "tokens_list": ["Orban", "then", "called", "out", "the", "traitors", "in", "the", "midst", "of", "Europe", "who", "want", "to", "push", "Hungary", "to", "accept", "Muslim", "invaders", "."], "tokens_dicts_list": [{"token": "Orban", "start_char": 1681, "end_char": 1686, "token_label": "NA"}, {"token": "then", "start_char": 1687, "end_char": 1691, "token_label": "NA"}, {"token": "called", "start_char": 1692, "end_char": 1698, "token_label": "NA"}, {"token": "out", "start_char": 1699, "end_char": 1702, "token_label": "NA"}, {"token": "the", "start_char": 1703, "end_char": 1706, "token_label": "Name_Calling,Labeling"}, {"token": "traitors", "start_char": 1707, "end_char": 1715, "token_label": "Name_Calling,Labeling"}, {"token": "in", "start_char": 1716, "end_char": 1718, "token_label": "NA"}, {"token": "the", "start_char": 1719, "end_char": 1722, "token_label": "NA"}, {"token": "midst", "start_char": 1723, "end_char": 1728, "token_label": "NA"}, {"token": "of", "start_char": 1729, "end_char": 1731, "token_label": "NA"}, {"token": "Europe", "start_char": 1732, "end_char": 1738, "token_label": "NA"}, {"token": "who", "start_char": 1739, "end_char": 1742, "token_label": "NA"}, {"token": "want", "start_char": 1743, "end_char": 1747, "token_label": "NA"}, {"token": "to", "start_char": 1748, "end_char": 1750, "token_label": "NA"}, {"token": "push", "start_char": 1751, "end_char": 1755, "token_label": "NA"}, {"token": "Hungary", "start_char": 1756, "end_char": 1763, "token_label": "NA"}, {"token": "to", "start_char": 1764, "end_char": 1766, "token_label": "NA"}, {"token": "accept", "start_char": 1767, "end_char": 1773, "token_label": "NA"}, {"token": "Muslim", "start_char": 1774, "end_char": 1780, "token_label": "Name_Calling,Labeling"}, {"token": "invaders", "start_char": 1781, "end_char": 1789, "token_label": "Name_Calling,Labeling"}, {"token": ".", "start_char": 1789, "end_char": 1790, "token_label": "NA"}], "news_discourse_role": 1, "news_discourse_role_prob_0": 0.0004421611374709755, "news_discourse_role_prob_1": 0.3830326497554779, "news_discourse_role_prob_2": 0.01319895125925541, "news_discourse_role_prob_3": 0.022388417273759842, "news_discourse_role_prob_4": 0.321376770734787, "news_discourse_role_prob_5": 0.002214031759649515, "news_discourse_role_prob_6": 0.001469181734137237, "news_discourse_role_prob_7": 0.08093312382698059, "news_discourse_role_prob_8": 0.17494475841522217, "previous_discourse_relation": 2, "previous_discourse_relation_prob_comp": 0.0027927907649427652, "previous_discourse_relation_prob_cont": 0.0007787906797602773, "previous_discourse_relation_prob_temp": 0.9199525713920593, "previous_discourse_relation_prob_expan": 0.0764758437871933, "latter_discourse_relation": 3, "latter_discourse_relation_prob_comp": 0.0006522366311401129, "latter_discourse_relation_prob_cont": 0.008181446231901646, "latter_discourse_relation_prob_temp": 0.004295090213418007, "latter_discourse_relation_prob_expan": 0.9868712425231934}, {"sentence_id": 12, "sentence_start": 1791, "sentence_end": 1935, "sentence_text": "\u201cAbsurd as it may sound the danger we face comes from the West, from politicians in Brussels, Berlin and Paris,\u201d he told the crowd to applause.", "sentence_label": "NA", "tokens_list": ["\u201cAbsurd", "as", "it", "may", "sound", "the", "danger", "we", "face", "comes", "from", "the", "West", ",", "from", "politicians", "in", "Brussels", ",", "Berlin", "and", "Paris", ",", "\u201d", "he", "told", "the", "crowd", "to", "applause", "."], "tokens_dicts_list": [{"token": "\u201cAbsurd", "start_char": 1791, "end_char": 1798, "token_label": "NA"}, {"token": "as", "start_char": 1799, "end_char": 1801, "token_label": "NA"}, {"token": "it", "start_char": 1802, "end_char": 1804, "token_label": "NA"}, {"token": "may", "start_char": 1805, "end_char": 1808, "token_label": "NA"}, {"token": "sound", "start_char": 1809, "end_char": 1814, "token_label": "NA"}, {"token": "the", "start_char": 1815, "end_char": 1818, "token_label": "NA"}, {"token": "danger", "start_char": 1819, "end_char": 1825, "token_label": "NA"}, {"token": "we", "start_char": 1826, "end_char": 1828, "token_label": "NA"}, {"token": "face", "start_char": 1829, "end_char": 1833, "token_label": "NA"}, {"token": "comes", "start_char": 1834, "end_char": 1839, "token_label": "NA"}, {"token": "from", "start_char": 1840, "end_char": 1844, "token_label": "NA"}, {"token": "the", "start_char": 1845, "end_char": 1848, "token_label": "NA"}, {"token": "West", "start_char": 1849, "end_char": 1853, "token_label": "NA"}, {"token": ",", "start_char": 1853, "end_char": 1854, "token_label": "NA"}, {"token": "from", "start_char": 1855, "end_char": 1859, "token_label": "NA"}, {"token": "politicians", "start_char": 1860, "end_char": 1871, "token_label": "NA"}, {"token": "in", "start_char": 1872, "end_char": 1874, "token_label": "NA"}, {"token": "Brussels", "start_char": 1875, "end_char": 1883, "token_label": "NA"}, {"token": ",", "start_char": 1883, "end_char": 1884, "token_label": "NA"}, {"token": "Berlin", "start_char": 1885, "end_char": 1891, "token_label": "NA"}, {"token": "and", "start_char": 1892, "end_char": 1895, "token_label": "NA"}, {"token": "Paris", "start_char": 1896, "end_char": 1901, "token_label": "NA"}, {"token": ",", "start_char": 1901, "end_char": 1902, "token_label": "NA"}, {"token": "\u201d", "start_char": 1902, "end_char": 1903, "token_label": "NA"}, {"token": "he", "start_char": 1904, "end_char": 1906, "token_label": "NA"}, {"token": "told", "start_char": 1907, "end_char": 1911, "token_label": "NA"}, {"token": "the", "start_char": 1912, "end_char": 1915, "token_label": "NA"}, {"token": "crowd", "start_char": 1916, "end_char": 1921, "token_label": "NA"}, {"token": "to", "start_char": 1922, "end_char": 1924, "token_label": "NA"}, {"token": "applause", "start_char": 1925, "end_char": 1933, "token_label": "NA"}, {"token": ".", "start_char": 1933, "end_char": 1934, "token_label": "NA"}], "news_discourse_role": 7, "news_discourse_role_prob_0": 0.0003060066665057093, "news_discourse_role_prob_1": 0.08991414308547974, "news_discourse_role_prob_2": 0.0003716391511261463, "news_discourse_role_prob_3": 0.008316145278513432, "news_discourse_role_prob_4": 0.0037235822528600693, "news_discourse_role_prob_5": 0.0011849680449813604, "news_discourse_role_prob_6": 0.004201984032988548, "news_discourse_role_prob_7": 0.817415177822113, "news_discourse_role_prob_8": 0.07456635683774948, "previous_discourse_relation": 3, "previous_discourse_relation_prob_comp": 0.0006522366311401129, "previous_discourse_relation_prob_cont": 0.008181446231901646, "previous_discourse_relation_prob_temp": 0.004295090213418007, "previous_discourse_relation_prob_expan": 0.9868712425231934, "latter_discourse_relation": 3, "latter_discourse_relation_prob_comp": 0.022214965894818306, "latter_discourse_relation_prob_cont": 0.023652957752346992, "latter_discourse_relation_prob_temp": 0.03743688389658928, "latter_discourse_relation_prob_expan": 0.9166951775550842}, {"sentence_id": 13, "sentence_start": 1935, "sentence_end": 1996, "sentence_text": "\u201cOf course we will fight, and use ever stronger legal tools.", "sentence_label": "NA", "tokens_list": ["\u201cOf", "course", "we", "will", "fight", ",", "and", "use", "ever", "stronger", "legal", "tools", "."], "tokens_dicts_list": [{"token": "\u201cOf", "start_char": 1935, "end_char": 1938, "token_label": "NA"}, {"token": "course", "start_char": 1939, "end_char": 1945, "token_label": "NA"}, {"token": "we", "start_char": 1946, "end_char": 1948, "token_label": "NA"}, {"token": "will", "start_char": 1949, "end_char": 1953, "token_label": "NA"}, {"token": "fight", "start_char": 1954, "end_char": 1959, "token_label": "NA"}, {"token": ",", "start_char": 1959, "end_char": 1960, "token_label": "NA"}, {"token": "and", "start_char": 1961, "end_char": 1964, "token_label": "NA"}, {"token": "use", "start_char": 1965, "end_char": 1968, "token_label": "NA"}, {"token": "ever", "start_char": 1969, "end_char": 1973, "token_label": "NA"}, {"token": "stronger", "start_char": 1974, "end_char": 1982, "token_label": "NA"}, {"token": "legal", "start_char": 1983, "end_char": 1988, "token_label": "NA"}, {"token": "tools", "start_char": 1989, "end_char": 1994, "token_label": "NA"}, {"token": ".", "start_char": 1994, "end_char": 1995, "token_label": "NA"}], "news_discourse_role": 8, "news_discourse_role_prob_0": 0.00022444341448135674, "news_discourse_role_prob_1": 0.07862231135368347, "news_discourse_role_prob_2": 0.0004859331820625812, "news_discourse_role_prob_3": 0.0012736254138872027, "news_discourse_role_prob_4": 0.002859885338693857, "news_discourse_role_prob_5": 0.0009210840798914433, "news_discourse_role_prob_6": 0.008627318777143955, "news_discourse_role_prob_7": 0.17553512752056122, "news_discourse_role_prob_8": 0.7314502596855164, "previous_discourse_relation": 3, "previous_discourse_relation_prob_comp": 0.022214965894818306, "previous_discourse_relation_prob_cont": 0.023652957752346992, "previous_discourse_relation_prob_temp": 0.03743688389658928, "previous_discourse_relation_prob_expan": 0.9166951775550842, "latter_discourse_relation": 3, "latter_discourse_relation_prob_comp": 0.0005248929955996573, "latter_discourse_relation_prob_cont": 0.00022389453079085797, "latter_discourse_relation_prob_temp": 9.237456106347963e-05, "latter_discourse_relation_prob_expan": 0.9991588592529297}, {"sentence_id": 14, "sentence_start": 1996, "sentence_end": 2032, "sentence_text": "The first is our \u2018Stop Soros\u2019 law.\u201d", "sentence_label": "Slogans", "tokens_list": ["The", "first", "is", "our", "\u2018Stop", "Soros\u2019", "law.\u201d"], "tokens_dicts_list": [{"token": "The", "start_char": 1996, "end_char": 1999, "token_label": "NA"}, {"token": "first", "start_char": 2000, "end_char": 2005, "token_label": "NA"}, {"token": "is", "start_char": 2006, "end_char": 2008, "token_label": "NA"}, {"token": "our", "start_char": 2009, "end_char": 2012, "token_label": "NA"}, {"token": "\u2018Stop", "start_char": 2013, "end_char": 2018, "token_label": "Slogans"}, {"token": "Soros\u2019", "start_char": 2019, "end_char": 2025, "token_label": "Slogans"}, {"token": "law.\u201d", "start_char": 2026, "end_char": 2031, "token_label": "NA"}], "news_discourse_role": 7, "news_discourse_role_prob_0": 0.0009806009475141764, "news_discourse_role_prob_1": 0.08941370993852615, "news_discourse_role_prob_2": 0.0014071695040911436, "news_discourse_role_prob_3": 0.02884192392230034, "news_discourse_role_prob_4": 0.04155826196074486, "news_discourse_role_prob_5": 0.004625189118087292, "news_discourse_role_prob_6": 0.0036654388532042503, "news_discourse_role_prob_7": 0.7758913040161133, "news_discourse_role_prob_8": 0.05361629277467728, "previous_discourse_relation": 3, "previous_discourse_relation_prob_comp": 0.0005248929955996573, "previous_discourse_relation_prob_cont": 0.00022389453079085797, "previous_discourse_relation_prob_temp": 9.237456106347963e-05, "previous_discourse_relation_prob_expan": 0.9991588592529297, "latter_discourse_relation": 3, "latter_discourse_relation_prob_comp": 0.01983656920492649, "latter_discourse_relation_prob_cont": 0.1475962996482849, "latter_discourse_relation_prob_temp": 0.010602881200611591, "latter_discourse_relation_prob_expan": 0.8219642639160156}, {"sentence_id": 15, "sentence_start": 2032, "sentence_end": 2182, "sentence_text": "Orban has seen the influence of George Soros and his organizations in Hungary and has openly criticized it and Soros, calling Soros a \"public enemy.\"", "sentence_label": "Name_Calling,Labeling", "tokens_list": ["Orban", "has", "seen", "the", "influence", "of", "George", "Soros", "and", "his", "organizations", "in", "Hungary", "and", "has", "openly", "criticized", "it", "and", "Soros", ",", "calling", "Soros", "a", "\"", "public", "enemy", ".", "\""], "tokens_dicts_list": [{"token": "Orban", "start_char": 2032, "end_char": 2037, "token_label": "NA"}, {"token": "has", "start_char": 2038, "end_char": 2041, "token_label": "NA"}, {"token": "seen", "start_char": 2042, "end_char": 2046, "token_label": "NA"}, {"token": "the", "start_char": 2047, "end_char": 2050, "token_label": "NA"}, {"token": "influence", "start_char": 2051, "end_char": 2060, "token_label": "NA"}, {"token": "of", "start_char": 2061, "end_char": 2063, "token_label": "NA"}, {"token": "George", "start_char": 2064, "end_char": 2070, "token_label": "NA"}, {"token": "Soros", "start_char": 2071, "end_char": 2076, "token_label": "NA"}, {"token": "and", "start_char": 2077, "end_char": 2080, "token_label": "NA"}, {"token": "his", "start_char": 2081, "end_char": 2084, "token_label": "NA"}, {"token": "organizations", "start_char": 2085, "end_char": 2098, "token_label": "NA"}, {"token": "in", "start_char": 2099, "end_char": 2101, "token_label": "NA"}, {"token": "Hungary", "start_char": 2102, "end_char": 2109, "token_label": "NA"}, {"token": "and", "start_char": 2110, "end_char": 2113, "token_label": "NA"}, {"token": "has", "start_char": 2114, "end_char": 2117, "token_label": "NA"}, {"token": "openly", "start_char": 2118, "end_char": 2124, "token_label": "NA"}, {"token": "criticized", "start_char": 2125, "end_char": 2135, "token_label": "NA"}, {"token": "it", "start_char": 2136, "end_char": 2138, "token_label": "NA"}, {"token": "and", "start_char": 2139, "end_char": 2142, "token_label": "NA"}, {"token": "Soros", "start_char": 2143, "end_char": 2148, "token_label": "NA"}, {"token": ",", "start_char": 2148, "end_char": 2149, "token_label": "NA"}, {"token": "calling", "start_char": 2150, "end_char": 2157, "token_label": "NA"}, {"token": "Soros", "start_char": 2158, "end_char": 2163, "token_label": "NA"}, {"token": "a", "start_char": 2164, "end_char": 2165, "token_label": "NA"}, {"token": "\"", "start_char": 2166, "end_char": 2167, "token_label": "NA"}, {"token": "public", "start_char": 2167, "end_char": 2173, "token_label": "Name_Calling,Labeling"}, {"token": "enemy", "start_char": 2174, "end_char": 2179, "token_label": "Name_Calling,Labeling"}, {"token": ".", "start_char": 2179, "end_char": 2180, "token_label": "NA"}, {"token": "\"", "start_char": 2180, "end_char": 2181, "token_label": "NA"}], "news_discourse_role": 7, "news_discourse_role_prob_0": 4.679050107370131e-05, "news_discourse_role_prob_1": 0.00926938559859991, "news_discourse_role_prob_2": 0.001032443717122078, "news_discourse_role_prob_3": 0.028372863307595253, "news_discourse_role_prob_4": 0.12520858645439148, "news_discourse_role_prob_5": 0.002512982115149498, "news_discourse_role_prob_6": 0.0017288242233917117, "news_discourse_role_prob_7": 0.8280312418937683, "news_discourse_role_prob_8": 0.0037968968972563744, "previous_discourse_relation": 3, "previous_discourse_relation_prob_comp": 0.01983656920492649, "previous_discourse_relation_prob_cont": 0.1475962996482849, "previous_discourse_relation_prob_temp": 0.010602881200611591, "previous_discourse_relation_prob_expan": 0.8219642639160156, "latter_discourse_relation": 3, "latter_discourse_relation_prob_comp": 0.0002268353709951043, "latter_discourse_relation_prob_cont": 0.0001823589700507, "latter_discourse_relation_prob_temp": 6.197307811817154e-05, "latter_discourse_relation_prob_expan": 0.9995288848876953}, {"sentence_id": 16, "sentence_start": 2182, "sentence_end": 2262, "sentence_text": "He also said that Soros has \"ruined\" millions of lives via his \"mafia network.\"", "sentence_label": "Loaded_Language", "tokens_list": ["He", "also", "said", "that", "Soros", "has", "\"", "ruined", "\"", "millions", "of", "lives", "via", "his", "\"", "mafia", "network", ".", "\""], "tokens_dicts_list": [{"token": "He", "start_char": 2182, "end_char": 2184, "token_label": "NA"}, {"token": "also", "start_char": 2185, "end_char": 2189, "token_label": "NA"}, {"token": "said", "start_char": 2190, "end_char": 2194, "token_label": "NA"}, {"token": "that", "start_char": 2195, "end_char": 2199, "token_label": "NA"}, {"token": "Soros", "start_char": 2200, "end_char": 2205, "token_label": "NA"}, {"token": "has", "start_char": 2206, "end_char": 2209, "token_label": "NA"}, {"token": "\"", "start_char": 2210, "end_char": 2211, "token_label": "NA"}, {"token": "ruined", "start_char": 2211, "end_char": 2217, "token_label": "Loaded_Language"}, {"token": "\"", "start_char": 2217, "end_char": 2218, "token_label": "NA"}, {"token": "millions", "start_char": 2219, "end_char": 2227, "token_label": "NA"}, {"token": "of", "start_char": 2228, "end_char": 2230, "token_label": "NA"}, {"token": "lives", "start_char": 2231, "end_char": 2236, "token_label": "NA"}, {"token": "via", "start_char": 2237, "end_char": 2240, "token_label": "NA"}, {"token": "his", "start_char": 2241, "end_char": 2244, "token_label": "NA"}, {"token": "\"", "start_char": 2245, "end_char": 2246, "token_label": "NA"}, {"token": "mafia", "start_char": 2246, "end_char": 2251, "token_label": "Loaded_Language"}, {"token": "network", "start_char": 2252, "end_char": 2259, "token_label": "Loaded_Language"}, {"token": ".", "start_char": 2259, "end_char": 2260, "token_label": "NA"}, {"token": "\"", "start_char": 2260, "end_char": 2261, "token_label": "NA"}], "news_discourse_role": 7, "news_discourse_role_prob_0": 0.00012675496691372246, "news_discourse_role_prob_1": 0.005637808237224817, "news_discourse_role_prob_2": 0.0003785904555115849, "news_discourse_role_prob_3": 0.0077822161838412285, "news_discourse_role_prob_4": 0.004372039809823036, "news_discourse_role_prob_5": 0.0007983536925166845, "news_discourse_role_prob_6": 0.005441016051918268, "news_discourse_role_prob_7": 0.959911584854126, "news_discourse_role_prob_8": 0.01555168628692627, "previous_discourse_relation": 3, "previous_discourse_relation_prob_comp": 0.0002268353709951043, "previous_discourse_relation_prob_cont": 0.0001823589700507, "previous_discourse_relation_prob_temp": 6.197307811817154e-05, "previous_discourse_relation_prob_expan": 0.9995288848876953, "latter_discourse_relation": 2, "latter_discourse_relation_prob_comp": 0.2479284405708313, "latter_discourse_relation_prob_cont": 0.0018677603220567107, "latter_discourse_relation_prob_temp": 0.4096778631210327, "latter_discourse_relation_prob_expan": 0.34052595496177673}, {"sentence_id": 17, "sentence_start": 2262, "sentence_end": 2276, "sentence_text": "Reuters adds:", "sentence_label": "NA", "tokens_list": ["Reuters", "adds", ":"], "tokens_dicts_list": [{"token": "Reuters", "start_char": 2262, "end_char": 2269, "token_label": "NA"}, {"token": "adds", "start_char": 2270, "end_char": 2274, "token_label": "NA"}, {"token": ":", "start_char": 2274, "end_char": 2275, "token_label": "NA"}], "news_discourse_role": 0, "news_discourse_role_prob_0": 0.6443822383880615, "news_discourse_role_prob_1": 0.00436134310439229, "news_discourse_role_prob_2": 0.010484008118510246, "news_discourse_role_prob_3": 0.0015687859850004315, "news_discourse_role_prob_4": 0.1829776018857956, "news_discourse_role_prob_5": 0.003772639436647296, "news_discourse_role_prob_6": 0.03088705986738205, "news_discourse_role_prob_7": 0.10238873213529587, "news_discourse_role_prob_8": 0.019177554175257683, "previous_discourse_relation": 2, "previous_discourse_relation_prob_comp": 0.2479284405708313, "previous_discourse_relation_prob_cont": 0.0018677603220567107, "previous_discourse_relation_prob_temp": 0.4096778631210327, "previous_discourse_relation_prob_expan": 0.34052595496177673, "latter_discourse_relation": 3, "latter_discourse_relation_prob_comp": 0.16177834570407867, "latter_discourse_relation_prob_cont": 0.003582930890843272, "latter_discourse_relation_prob_temp": 0.0025196627248078585, "latter_discourse_relation_prob_expan": 0.8321190476417542}, {"sentence_id": 18, "sentence_start": 2276, "sentence_end": 2515, "sentence_text": "Soros, for his part, compared Orban unfavorably to both the Nazis and the Communists, saying his rule evoked dark tones from the 1930\u2019s \u2014 when Hungary was allied with Nazi Germany \u2014 and was more oppressive than Cold War Soviet occupation.", "sentence_label": "Reductio_ad_hitlerum", "tokens_list": ["Soros", ",", "for", "his", "part", ",", "compared", "Orban", "unfavorably", "to", "both", "the", "Nazis", "and", "the", "Communists", ",", "saying", "his", "rule", "evoked", "dark", "tones", "from", "the", "1930\u2019s", "\u2014", "when", "Hungary", "was", "allied", "with", "Nazi", "Germany", "\u2014", "and", "was", "more", "oppressive", "than", "Cold", "War", "Soviet", "occupation", "."], "tokens_dicts_list": [{"token": "Soros", "start_char": 2276, "end_char": 2281, "token_label": "NA"}, {"token": ",", "start_char": 2281, "end_char": 2282, "token_label": "NA"}, {"token": "for", "start_char": 2283, "end_char": 2286, "token_label": "NA"}, {"token": "his", "start_char": 2287, "end_char": 2290, "token_label": "NA"}, {"token": "part", "start_char": 2291, "end_char": 2295, "token_label": "NA"}, {"token": ",", "start_char": 2295, "end_char": 2296, "token_label": "NA"}, {"token": "compared", "start_char": 2297, "end_char": 2305, "token_label": "Reductio_ad_hitlerum"}, {"token": "Orban", "start_char": 2306, "end_char": 2311, "token_label": "Reductio_ad_hitlerum"}, {"token": "unfavorably", "start_char": 2312, "end_char": 2323, "token_label": "Reductio_ad_hitlerum"}, {"token": "to", "start_char": 2324, "end_char": 2326, "token_label": "Reductio_ad_hitlerum"}, {"token": "both", "start_char": 2327, "end_char": 2331, "token_label": "Reductio_ad_hitlerum"}, {"token": "the", "start_char": 2332, "end_char": 2335, "token_label": "Reductio_ad_hitlerum"}, {"token": "Nazis", "start_char": 2336, "end_char": 2341, "token_label": "Reductio_ad_hitlerum"}, {"token": "and", "start_char": 2342, "end_char": 2345, "token_label": "Reductio_ad_hitlerum"}, {"token": "the", "start_char": 2346, "end_char": 2349, "token_label": "Reductio_ad_hitlerum"}, {"token": "Communists", "start_char": 2350, "end_char": 2360, "token_label": "Reductio_ad_hitlerum"}, {"token": ",", "start_char": 2360, "end_char": 2361, "token_label": "Reductio_ad_hitlerum"}, {"token": "saying", "start_char": 2362, "end_char": 2368, "token_label": "NA"}, {"token": "his", "start_char": 2369, "end_char": 2372, "token_label": "NA"}, {"token": "rule", "start_char": 2373, "end_char": 2377, "token_label": "NA"}, {"token": "evoked", "start_char": 2378, "end_char": 2384, "token_label": "NA"}, {"token": "dark", "start_char": 2385, "end_char": 2389, "token_label": "NA"}, {"token": "tones", "start_char": 2390, "end_char": 2395, "token_label": "NA"}, {"token": "from", "start_char": 2396, "end_char": 2400, "token_label": "NA"}, {"token": "the", "start_char": 2401, "end_char": 2404, "token_label": "NA"}, {"token": "1930\u2019s", "start_char": 2405, "end_char": 2411, "token_label": "NA"}, {"token": "\u2014", "start_char": 2412, "end_char": 2413, "token_label": "NA"}, {"token": "when", "start_char": 2414, "end_char": 2418, "token_label": "NA"}, {"token": "Hungary", "start_char": 2419, "end_char": 2426, "token_label": "NA"}, {"token": "was", "start_char": 2427, "end_char": 2430, "token_label": "NA"}, {"token": "allied", "start_char": 2431, "end_char": 2437, "token_label": "NA"}, {"token": "with", "start_char": 2438, "end_char": 2442, "token_label": "NA"}, {"token": "Nazi", "start_char": 2443, "end_char": 2447, "token_label": "NA"}, {"token": "Germany", "start_char": 2448, "end_char": 2455, "token_label": "NA"}, {"token": "\u2014", "start_char": 2456, "end_char": 2457, "token_label": "NA"}, {"token": "and", "start_char": 2458, "end_char": 2461, "token_label": "NA"}, {"token": "was", "start_char": 2462, "end_char": 2465, "token_label": "NA"}, {"token": "more", "start_char": 2466, "end_char": 2470, "token_label": "NA"}, {"token": "oppressive", "start_char": 2471, "end_char": 2481, "token_label": "NA"}, {"token": "than", "start_char": 2482, "end_char": 2486, "token_label": "NA"}, {"token": "Cold", "start_char": 2487, "end_char": 2491, "token_label": "NA"}, {"token": "War", "start_char": 2492, "end_char": 2495, "token_label": "NA"}, {"token": "Soviet", "start_char": 2496, "end_char": 2502, "token_label": "NA"}, {"token": "occupation", "start_char": 2503, "end_char": 2513, "token_label": "NA"}, {"token": ".", "start_char": 2513, "end_char": 2514, "token_label": "NA"}], "news_discourse_role": 7, "news_discourse_role_prob_0": 6.221888725121971e-06, "news_discourse_role_prob_1": 0.0006156593444757164, "news_discourse_role_prob_2": 0.00010063516674563289, "news_discourse_role_prob_3": 0.002921135863289237, "news_discourse_role_prob_4": 0.006661694031208754, "news_discourse_role_prob_5": 0.0005539110861718655, "news_discourse_role_prob_6": 0.0018291857559233904, "news_discourse_role_prob_7": 0.9858091473579407, "news_discourse_role_prob_8": 0.0015024590538814664, "previous_discourse_relation": 3, "previous_discourse_relation_prob_comp": 0.16177834570407867, "previous_discourse_relation_prob_cont": 0.003582930890843272, "previous_discourse_relation_prob_temp": 0.0025196627248078585, "previous_discourse_relation_prob_expan": 0.8321190476417542, "latter_discourse_relation": 3, "latter_discourse_relation_prob_comp": 0.0002590633521322161, "latter_discourse_relation_prob_cont": 0.00980744045227766, "latter_discourse_relation_prob_temp": 0.00022916746092960238, "latter_discourse_relation_prob_expan": 0.9897043108940125}, {"sentence_id": 19, "sentence_start": 2515, "sentence_end": 2675, "sentence_text": "Orban has tightened the screws on non-government organizations, particularly ones funded by Soros, and attempted to close a prominent Soros-founded university.", "sentence_label": "NA", "tokens_list": ["Orban", "has", "tightened", "the", "screws", "on", "non-government", "organizations", ",", "particularly", "ones", "funded", "by", "Soros", ",", "and", "attempted", "to", "close", "a", "prominent", "Soros-founded", "university", "."], "tokens_dicts_list": [{"token": "Orban", "start_char": 2515, "end_char": 2520, "token_label": "NA"}, {"token": "has", "start_char": 2521, "end_char": 2524, "token_label": "NA"}, {"token": "tightened", "start_char": 2525, "end_char": 2534, "token_label": "NA"}, {"token": "the", "start_char": 2535, "end_char": 2538, "token_label": "NA"}, {"token": "screws", "start_char": 2539, "end_char": 2545, "token_label": "NA"}, {"token": "on", "start_char": 2546, "end_char": 2548, "token_label": "NA"}, {"token": "non-government", "start_char": 2549, "end_char": 2563, "token_label": "NA"}, {"token": "organizations", "start_char": 2564, "end_char": 2577, "token_label": "NA"}, {"token": ",", "start_char": 2577, "end_char": 2578, "token_label": "NA"}, {"token": "particularly", "start_char": 2579, "end_char": 2591, "token_label": "NA"}, {"token": "ones", "start_char": 2592, "end_char": 2596, "token_label": "NA"}, {"token": "funded", "start_char": 2597, "end_char": 2603, "token_label": "NA"}, {"token": "by", "start_char": 2604, "end_char": 2606, "token_label": "NA"}, {"token": "Soros", "start_char": 2607, "end_char": 2612, "token_label": "NA"}, {"token": ",", "start_char": 2612, "end_char": 2613, "token_label": "NA"}, {"token": "and", "start_char": 2614, "end_char": 2617, "token_label": "NA"}, {"token": "attempted", "start_char": 2618, "end_char": 2627, "token_label": "NA"}, {"token": "to", "start_char": 2628, "end_char": 2630, "token_label": "NA"}, {"token": "close", "start_char": 2631, "end_char": 2636, "token_label": "NA"}, {"token": "a", "start_char": 2637, "end_char": 2638, "token_label": "NA"}, {"token": "prominent", "start_char": 2639, "end_char": 2648, "token_label": "NA"}, {"token": "Soros-founded", "start_char": 2649, "end_char": 2662, "token_label": "NA"}, {"token": "university", "start_char": 2663, "end_char": 2673, "token_label": "NA"}, {"token": ".", "start_char": 2673, "end_char": 2674, "token_label": "NA"}], "news_discourse_role": 4, "news_discourse_role_prob_0": 3.5100962122669443e-05, "news_discourse_role_prob_1": 0.008345503360033035, "news_discourse_role_prob_2": 0.0037344014272093773, "news_discourse_role_prob_3": 0.056091710925102234, "news_discourse_role_prob_4": 0.8285108804702759, "news_discourse_role_prob_5": 0.003609764389693737, "news_discourse_role_prob_6": 0.0013060391647741199, "news_discourse_role_prob_7": 0.09313629567623138, "news_discourse_role_prob_8": 0.005230332724750042, "previous_discourse_relation": 3, "previous_discourse_relation_prob_comp": 0.0002590633521322161, "previous_discourse_relation_prob_cont": 0.00980744045227766, "previous_discourse_relation_prob_temp": 0.00022916746092960238, "previous_discourse_relation_prob_expan": 0.9897043108940125, "latter_discourse_relation": 3, "latter_discourse_relation_prob_comp": 0.0019806912168860435, "latter_discourse_relation_prob_cont": 0.0025896660517901182, "latter_discourse_relation_prob_temp": 0.001838564989157021, "latter_discourse_relation_prob_expan": 0.9935910701751709}, {"sentence_id": 20, "sentence_start": 2675, "sentence_end": 2906, "sentence_text": "Attributing to Soros a recent United Nations plan on creating a global blueprint to handle the migration crisis, Orban said he anticipated that powerful allies would help him prevent the U.N. from greasing the wheels of migration.", "sentence_label": "NA", "tokens_list": ["Attributing", "to", "Soros", "a", "recent", "United", "Nations", "plan", "on", "creating", "a", "global", "blueprint", "to", "handle", "the", "migration", "crisis", ",", "Orban", "said", "he", "anticipated", "that", "powerful", "allies", "would", "help", "him", "prevent", "the", "U.N.", "from", "greasing", "the", "wheels", "of", "migration", "."], "tokens_dicts_list": [{"token": "Attributing", "start_char": 2675, "end_char": 2686, "token_label": "NA"}, {"token": "to", "start_char": 2687, "end_char": 2689, "token_label": "NA"}, {"token": "Soros", "start_char": 2690, "end_char": 2695, "token_label": "NA"}, {"token": "a", "start_char": 2696, "end_char": 2697, "token_label": "NA"}, {"token": "recent", "start_char": 2698, "end_char": 2704, "token_label": "NA"}, {"token": "United", "start_char": 2705, "end_char": 2711, "token_label": "NA"}, {"token": "Nations", "start_char": 2712, "end_char": 2719, "token_label": "NA"}, {"token": "plan", "start_char": 2720, "end_char": 2724, "token_label": "NA"}, {"token": "on", "start_char": 2725, "end_char": 2727, "token_label": "NA"}, {"token": "creating", "start_char": 2728, "end_char": 2736, "token_label": "NA"}, {"token": "a", "start_char": 2737, "end_char": 2738, "token_label": "NA"}, {"token": "global", "start_char": 2739, "end_char": 2745, "token_label": "NA"}, {"token": "blueprint", "start_char": 2746, "end_char": 2755, "token_label": "NA"}, {"token": "to", "start_char": 2756, "end_char": 2758, "token_label": "NA"}, {"token": "handle", "start_char": 2759, "end_char": 2765, "token_label": "NA"}, {"token": "the", "start_char": 2766, "end_char": 2769, "token_label": "NA"}, {"token": "migration", "start_char": 2770, "end_char": 2779, "token_label": "NA"}, {"token": "crisis", "start_char": 2780, "end_char": 2786, "token_label": "NA"}, {"token": ",", "start_char": 2786, "end_char": 2787, "token_label": "NA"}, {"token": "Orban", "start_char": 2788, "end_char": 2793, "token_label": "NA"}, {"token": "said", "start_char": 2794, "end_char": 2798, "token_label": "NA"}, {"token": "he", "start_char": 2799, "end_char": 2801, "token_label": "NA"}, {"token": "anticipated", "start_char": 2802, "end_char": 2813, "token_label": "NA"}, {"token": "that", "start_char": 2814, "end_char": 2818, "token_label": "NA"}, {"token": "powerful", "start_char": 2819, "end_char": 2827, "token_label": "NA"}, {"token": "allies", "start_char": 2828, "end_char": 2834, "token_label": "NA"}, {"token": "would", "start_char": 2835, "end_char": 2840, "token_label": "NA"}, {"token": "help", "start_char": 2841, "end_char": 2845, "token_label": "NA"}, {"token": "him", "start_char": 2846, "end_char": 2849, "token_label": "NA"}, {"token": "prevent", "start_char": 2850, "end_char": 2857, "token_label": "NA"}, {"token": "the", "start_char": 2858, "end_char": 2861, "token_label": "NA"}, {"token": "U.N.", "start_char": 2862, "end_char": 2866, "token_label": "NA"}, {"token": "from", "start_char": 2867, "end_char": 2871, "token_label": "NA"}, {"token": "greasing", "start_char": 2872, "end_char": 2880, "token_label": "NA"}, {"token": "the", "start_char": 2881, "end_char": 2884, "token_label": "NA"}, {"token": "wheels", "start_char": 2885, "end_char": 2891, "token_label": "NA"}, {"token": "of", "start_char": 2892, "end_char": 2894, "token_label": "NA"}, {"token": "migration", "start_char": 2895, "end_char": 2904, "token_label": "NA"}, {"token": ".", "start_char": 2904, "end_char": 2905, "token_label": "NA"}], "news_discourse_role": 8, "news_discourse_role_prob_0": 8.211340173147619e-06, "news_discourse_role_prob_1": 0.0006236126646399498, "news_discourse_role_prob_2": 9.286348358727992e-05, "news_discourse_role_prob_3": 0.0003460081934463233, "news_discourse_role_prob_4": 0.001020134543068707, "news_discourse_role_prob_5": 0.0002417830255581066, "news_discourse_role_prob_6": 0.0008402212406508625, "news_discourse_role_prob_7": 0.009603234939277172, "news_discourse_role_prob_8": 0.9872238636016846, "previous_discourse_relation": 3, "previous_discourse_relation_prob_comp": 0.0019806912168860435, "previous_discourse_relation_prob_cont": 0.0025896660517901182, "previous_discourse_relation_prob_temp": 0.001838564989157021, "previous_discourse_relation_prob_expan": 0.9935910701751709, "latter_discourse_relation": 3, "latter_discourse_relation_prob_comp": 0.002046826994046569, "latter_discourse_relation_prob_cont": 0.00801070872694254, "latter_discourse_relation_prob_temp": 0.0030482448637485504, "latter_discourse_relation_prob_expan": 0.9868942499160767}, {"sentence_id": 21, "sentence_start": 2906, "sentence_end": 3004, "sentence_text": "\u201cSoros has antagonized not only us but also England, President Trump and Israel too,\u201d Orban said.", "sentence_label": "NA", "tokens_list": ["\u201cSoros", "has", "antagonized", "not", "only", "us", "but", "also", "England", ",", "President", "Trump", "and", "Israel", "too", ",", "\u201d", "Orban", "said", "."], "tokens_dicts_list": [{"token": "\u201cSoros", "start_char": 2906, "end_char": 2912, "token_label": "NA"}, {"token": "has", "start_char": 2913, "end_char": 2916, "token_label": "NA"}, {"token": "antagonized", "start_char": 2917, "end_char": 2928, "token_label": "NA"}, {"token": "not", "start_char": 2929, "end_char": 2932, "token_label": "NA"}, {"token": "only", "start_char": 2933, "end_char": 2937, "token_label": "NA"}, {"token": "us", "start_char": 2938, "end_char": 2940, "token_label": "NA"}, {"token": "but", "start_char": 2941, "end_char": 2944, "token_label": "NA"}, {"token": "also", "start_char": 2945, "end_char": 2949, "token_label": "NA"}, {"token": "England", "start_char": 2950, "end_char": 2957, "token_label": "NA"}, {"token": ",", "start_char": 2957, "end_char": 2958, "token_label": "NA"}, {"token": "President", "start_char": 2959, "end_char": 2968, "token_label": "NA"}, {"token": "Trump", "start_char": 2969, "end_char": 2974, "token_label": "NA"}, {"token": "and", "start_char": 2975, "end_char": 2978, "token_label": "NA"}, {"token": "Israel", "start_char": 2979, "end_char": 2985, "token_label": "NA"}, {"token": "too", "start_char": 2986, "end_char": 2989, "token_label": "NA"}, {"token": ",", "start_char": 2989, "end_char": 2990, "token_label": "NA"}, {"token": "\u201d", "start_char": 2990, "end_char": 2991, "token_label": "NA"}, {"token": "Orban", "start_char": 2992, "end_char": 2997, "token_label": "NA"}, {"token": "said", "start_char": 2998, "end_char": 3002, "token_label": "NA"}, {"token": ".", "start_char": 3002, "end_char": 3003, "token_label": "NA"}], "news_discourse_role": 7, "news_discourse_role_prob_0": 4.0724637074163184e-05, "news_discourse_role_prob_1": 0.005789755843579769, "news_discourse_role_prob_2": 0.00012799301475752145, "news_discourse_role_prob_3": 0.0026808183174580336, "news_discourse_role_prob_4": 0.0018330177990719676, "news_discourse_role_prob_5": 0.0005199512233957648, "news_discourse_role_prob_6": 0.003956259693950415, "news_discourse_role_prob_7": 0.9723713994026184, "news_discourse_role_prob_8": 0.012680075131356716, "previous_discourse_relation": 3, "previous_discourse_relation_prob_comp": 0.002046826994046569, "previous_discourse_relation_prob_cont": 0.00801070872694254, "previous_discourse_relation_prob_temp": 0.0030482448637485504, "previous_discourse_relation_prob_expan": 0.9868942499160767, "latter_discourse_relation": 3, "latter_discourse_relation_prob_comp": 0.0005514248041436076, "latter_discourse_relation_prob_cont": 0.013390157371759415, "latter_discourse_relation_prob_temp": 0.00017050687165465206, "latter_discourse_relation_prob_expan": 0.9858878254890442}, {"sentence_id": 22, "sentence_start": 3004, "sentence_end": 3052, "sentence_text": "\u201cEverywhere he wants to get migration accepted.", "sentence_label": "NA", "tokens_list": ["\u201cEverywhere", "he", "wants", "to", "get", "migration", "accepted", "."], "tokens_dicts_list": [{"token": "\u201cEverywhere", "start_char": 3004, "end_char": 3015, "token_label": "NA"}, {"token": "he", "start_char": 3016, "end_char": 3018, "token_label": "NA"}, {"token": "wants", "start_char": 3019, "end_char": 3024, "token_label": "NA"}, {"token": "to", "start_char": 3025, "end_char": 3027, "token_label": "NA"}, {"token": "get", "start_char": 3028, "end_char": 3031, "token_label": "NA"}, {"token": "migration", "start_char": 3032, "end_char": 3041, "token_label": "NA"}, {"token": "accepted", "start_char": 3042, "end_char": 3050, "token_label": "NA"}, {"token": ".", "start_char": 3050, "end_char": 3051, "token_label": "NA"}], "news_discourse_role": 7, "news_discourse_role_prob_0": 0.0001459420018363744, "news_discourse_role_prob_1": 0.00827560480684042, "news_discourse_role_prob_2": 0.0005254090065136552, "news_discourse_role_prob_3": 0.008762456476688385, "news_discourse_role_prob_4": 0.011849962174892426, "news_discourse_role_prob_5": 0.0018605617806315422, "news_discourse_role_prob_6": 0.032253798097372055, "news_discourse_role_prob_7": 0.7758554220199585, "news_discourse_role_prob_8": 0.1604708880186081, "previous_discourse_relation": 3, "previous_discourse_relation_prob_comp": 0.0005514248041436076, "previous_discourse_relation_prob_cont": 0.013390157371759415, "previous_discourse_relation_prob_temp": 0.00017050687165465206, "previous_discourse_relation_prob_expan": 0.9858878254890442, "latter_discourse_relation": 0, "latter_discourse_relation_prob_comp": 0.9948518872261047, "latter_discourse_relation_prob_cont": 0.0018321672687307, "latter_discourse_relation_prob_temp": 0.00014644543989561498, "latter_discourse_relation_prob_expan": 0.0031694588251411915}, {"sentence_id": 23, "sentence_start": 3052, "sentence_end": 3067, "sentence_text": "It won\u2019t work.", "sentence_label": "NA", "tokens_list": ["It", "won\u2019t", "work", "."], "tokens_dicts_list": [{"token": "It", "start_char": 3052, "end_char": 3054, "token_label": "NA"}, {"token": "won\u2019t", "start_char": 3055, "end_char": 3060, "token_label": "NA"}, {"token": "work", "start_char": 3061, "end_char": 3065, "token_label": "NA"}, {"token": ".", "start_char": 3065, "end_char": 3066, "token_label": "NA"}], "news_discourse_role": 8, "news_discourse_role_prob_0": 0.0003241244703531265, "news_discourse_role_prob_1": 0.03718220070004463, "news_discourse_role_prob_2": 0.0004990904126316309, "news_discourse_role_prob_3": 0.0038871774449944496, "news_discourse_role_prob_4": 0.0031326140742748976, "news_discourse_role_prob_5": 0.0018239609198644757, "news_discourse_role_prob_6": 0.020316846668720245, "news_discourse_role_prob_7": 0.267697274684906, "news_discourse_role_prob_8": 0.6651366949081421, "previous_discourse_relation": 0, "previous_discourse_relation_prob_comp": 0.9948518872261047, "previous_discourse_relation_prob_cont": 0.0018321672687307, "previous_discourse_relation_prob_temp": 0.00014644543989561498, "previous_discourse_relation_prob_expan": 0.0031694588251411915, "latter_discourse_relation": 3, "latter_discourse_relation_prob_comp": 0.005776804871857166, "latter_discourse_relation_prob_cont": 0.047162558883428574, "latter_discourse_relation_prob_temp": 0.00029141578124836087, "latter_discourse_relation_prob_expan": 0.9467691779136658}, {"sentence_id": 24, "sentence_start": 3067, "sentence_end": 3135, "sentence_text": "We are not alone and we will fight together \u2026 and we will succeed.\u201d", "sentence_label": "NA", "tokens_list": ["We", "are", "not", "alone", "and", "we", "will", "fight", "together", "\u2026", "and", "we", "will", "succeed.\u201d"], "tokens_dicts_list": [{"token": "We", "start_char": 3067, "end_char": 3069, "token_label": "NA"}, {"token": "are", "start_char": 3070, "end_char": 3073, "token_label": "NA"}, {"token": "not", "start_char": 3074, "end_char": 3077, "token_label": "NA"}, {"token": "alone", "start_char": 3078, "end_char": 3083, "token_label": "NA"}, {"token": "and", "start_char": 3084, "end_char": 3087, "token_label": "NA"}, {"token": "we", "start_char": 3088, "end_char": 3090, "token_label": "NA"}, {"token": "will", "start_char": 3091, "end_char": 3095, "token_label": "NA"}, {"token": "fight", "start_char": 3096, "end_char": 3101, "token_label": "NA"}, {"token": "together", "start_char": 3102, "end_char": 3110, "token_label": "NA"}, {"token": "\u2026", "start_char": 3111, "end_char": 3112, "token_label": "NA"}, {"token": "and", "start_char": 3113, "end_char": 3116, "token_label": "NA"}, {"token": "we", "start_char": 3117, "end_char": 3119, "token_label": "NA"}, {"token": "will", "start_char": 3120, "end_char": 3124, "token_label": "NA"}, {"token": "succeed.\u201d", "start_char": 3125, "end_char": 3134, "token_label": "NA"}], "news_discourse_role": 8, "news_discourse_role_prob_0": 0.000702059653121978, "news_discourse_role_prob_1": 0.02383788302540779, "news_discourse_role_prob_2": 0.0006159686599858105, "news_discourse_role_prob_3": 0.0010162205435335636, "news_discourse_role_prob_4": 0.002549335826188326, "news_discourse_role_prob_5": 0.0017137399408966303, "news_discourse_role_prob_6": 0.01356519851833582, "news_discourse_role_prob_7": 0.13737362623214722, "news_discourse_role_prob_8": 0.8186259269714355, "previous_discourse_relation": 3, "previous_discourse_relation_prob_comp": 0.005776804871857166, "previous_discourse_relation_prob_cont": 0.047162558883428574, "previous_discourse_relation_prob_temp": 0.00029141578124836087, "previous_discourse_relation_prob_expan": 0.9467691779136658, "latter_discourse_relation": 3, "latter_discourse_relation_prob_comp": 0.0024609877727925777, "latter_discourse_relation_prob_cont": 0.010068248026072979, "latter_discourse_relation_prob_temp": 0.0016974186291918159, "latter_discourse_relation_prob_expan": 0.9857733845710754}, {"sentence_id": 25, "sentence_start": 3135, "sentence_end": 3220, "sentence_text": "\u201cWe don\u2019t think the fight is hopeless, on the contrary, we are winning,\u201d Orban said.", "sentence_label": "NA", "tokens_list": ["\u201cWe", "don\u2019t", "think", "the", "fight", "is", "hopeless", ",", "on", "the", "contrary", ",", "we", "are", "winning", ",", "\u201d", "Orban", "said", "."], "tokens_dicts_list": [{"token": "\u201cWe", "start_char": 3135, "end_char": 3138, "token_label": "NA"}, {"token": "don\u2019t", "start_char": 3139, "end_char": 3144, "token_label": "NA"}, {"token": "think", "start_char": 3145, "end_char": 3150, "token_label": "NA"}, {"token": "the", "start_char": 3151, "end_char": 3154, "token_label": "NA"}, {"token": "fight", "start_char": 3155, "end_char": 3160, "token_label": "NA"}, {"token": "is", "start_char": 3161, "end_char": 3163, "token_label": "NA"}, {"token": "hopeless", "start_char": 3164, "end_char": 3172, "token_label": "NA"}, {"token": ",", "start_char": 3172, "end_char": 3173, "token_label": "NA"}, {"token": "on", "start_char": 3174, "end_char": 3176, "token_label": "NA"}, {"token": "the", "start_char": 3177, "end_char": 3180, "token_label": "NA"}, {"token": "contrary", "start_char": 3181, "end_char": 3189, "token_label": "NA"}, {"token": ",", "start_char": 3189, "end_char": 3190, "token_label": "NA"}, {"token": "we", "start_char": 3191, "end_char": 3193, "token_label": "NA"}, {"token": "are", "start_char": 3194, "end_char": 3197, "token_label": "NA"}, {"token": "winning", "start_char": 3198, "end_char": 3205, "token_label": "NA"}, {"token": ",", "start_char": 3205, "end_char": 3206, "token_label": "NA"}, {"token": "\u201d", "start_char": 3206, "end_char": 3207, "token_label": "NA"}, {"token": "Orban", "start_char": 3208, "end_char": 3213, "token_label": "NA"}, {"token": "said", "start_char": 3214, "end_char": 3218, "token_label": "NA"}, {"token": ".", "start_char": 3218, "end_char": 3219, "token_label": "NA"}], "news_discourse_role": 7, "news_discourse_role_prob_0": 0.0002735184971243143, "news_discourse_role_prob_1": 0.08759553730487823, "news_discourse_role_prob_2": 0.0005782616790384054, "news_discourse_role_prob_3": 0.004430241417139769, "news_discourse_role_prob_4": 0.0025117965415120125, "news_discourse_role_prob_5": 0.001211917377077043, "news_discourse_role_prob_6": 0.0063016824424266815, "news_discourse_role_prob_7": 0.796944797039032, "news_discourse_role_prob_8": 0.10015217959880829, "previous_discourse_relation": 3, "previous_discourse_relation_prob_comp": 0.0024609877727925777, "previous_discourse_relation_prob_cont": 0.010068248026072979, "previous_discourse_relation_prob_temp": 0.0016974186291918159, "previous_discourse_relation_prob_expan": 0.9857733845710754, "latter_discourse_relation": 3, "latter_discourse_relation_prob_comp": 0.00023697798314969987, "latter_discourse_relation_prob_cont": 0.003575690556317568, "latter_discourse_relation_prob_temp": 0.0001834447029978037, "latter_discourse_relation_prob_expan": 0.9960039258003235}, {"sentence_id": 26, "sentence_start": 3220, "sentence_end": 3359, "sentence_text": "\u201cThe V4 is firm, Croatia has come around, Austria has turned in the patriotic direction, and in Bavaria the CSU has created a resistance.\u201d", "sentence_label": "NA", "tokens_list": ["\u201cThe", "V4", "is", "firm", ",", "Croatia", "has", "come", "around", ",", "Austria", "has", "turned", "in", "the", "patriotic", "direction", ",", "and", "in", "Bavaria", "the", "CSU", "has", "created", "a", "resistance.\u201d"], "tokens_dicts_list": [{"token": "\u201cThe", "start_char": 3220, "end_char": 3224, "token_label": "NA"}, {"token": "V4", "start_char": 3225, "end_char": 3227, "token_label": "NA"}, {"token": "is", "start_char": 3228, "end_char": 3230, "token_label": "NA"}, {"token": "firm", "start_char": 3231, "end_char": 3235, "token_label": "NA"}, {"token": ",", "start_char": 3235, "end_char": 3236, "token_label": "NA"}, {"token": "Croatia", "start_char": 3237, "end_char": 3244, "token_label": "NA"}, {"token": "has", "start_char": 3245, "end_char": 3248, "token_label": "NA"}, {"token": "come", "start_char": 3249, "end_char": 3253, "token_label": "NA"}, {"token": "around", "start_char": 3254, "end_char": 3260, "token_label": "NA"}, {"token": ",", "start_char": 3260, "end_char": 3261, "token_label": "NA"}, {"token": "Austria", "start_char": 3262, "end_char": 3269, "token_label": "NA"}, {"token": "has", "start_char": 3270, "end_char": 3273, "token_label": "NA"}, {"token": "turned", "start_char": 3274, "end_char": 3280, "token_label": "NA"}, {"token": "in", "start_char": 3281, "end_char": 3283, "token_label": "NA"}, {"token": "the", "start_char": 3284, "end_char": 3287, "token_label": "NA"}, {"token": "patriotic", "start_char": 3288, "end_char": 3297, "token_label": "NA"}, {"token": "direction", "start_char": 3298, "end_char": 3307, "token_label": "NA"}, {"token": ",", "start_char": 3307, "end_char": 3308, "token_label": "NA"}, {"token": "and", "start_char": 3309, "end_char": 3312, "token_label": "NA"}, {"token": "in", "start_char": 3313, "end_char": 3315, "token_label": "NA"}, {"token": "Bavaria", "start_char": 3316, "end_char": 3323, "token_label": "NA"}, {"token": "the", "start_char": 3324, "end_char": 3327, "token_label": "NA"}, {"token": "CSU", "start_char": 3328, "end_char": 3331, "token_label": "NA"}, {"token": "has", "start_char": 3332, "end_char": 3335, "token_label": "NA"}, {"token": "created", "start_char": 3336, "end_char": 3343, "token_label": "NA"}, {"token": "a", "start_char": 3344, "end_char": 3345, "token_label": "NA"}, {"token": "resistance.\u201d", "start_char": 3346, "end_char": 3358, "token_label": "NA"}], "news_discourse_role": 7, "news_discourse_role_prob_0": 0.0005129462806507945, "news_discourse_role_prob_1": 0.031625568866729736, "news_discourse_role_prob_2": 0.0013640763936564326, "news_discourse_role_prob_3": 0.009527353569865227, "news_discourse_role_prob_4": 0.01574636809527874, "news_discourse_role_prob_5": 0.0012410867493599653, "news_discourse_role_prob_6": 0.0064540342427790165, "news_discourse_role_prob_7": 0.9085412621498108, "news_discourse_role_prob_8": 0.024987204000353813, "previous_discourse_relation": 3, "previous_discourse_relation_prob_comp": 0.00023697798314969987, "previous_discourse_relation_prob_cont": 0.003575690556317568, "previous_discourse_relation_prob_temp": 0.0001834447029978037, "previous_discourse_relation_prob_expan": 0.9960039258003235, "latter_discourse_relation": 3, "latter_discourse_relation_prob_comp": 0.10047496855258942, "latter_discourse_relation_prob_cont": 0.24980449676513672, "latter_discourse_relation_prob_temp": 0.00048414579941891134, "latter_discourse_relation_prob_expan": 0.6492364406585693}, {"sentence_id": 27, "sentence_start": 3359, "sentence_end": 3446, "sentence_text": "The fight isn't hopeless for those whose hope is in the Lord and will stay the course.", "sentence_label": "Black-and-White_Fallacy", "tokens_list": ["The", "fight", "is", "n't", "hopeless", "for", "those", "whose", "hope", "is", "in", "the", "Lord", "and", "will", "stay", "the", "course", "."], "tokens_dicts_list": [{"token": "The", "start_char": 3359, "end_char": 3362, "token_label": "Black-and-White_Fallacy"}, {"token": "fight", "start_char": 3363, "end_char": 3368, "token_label": "Black-and-White_Fallacy"}, {"token": "is", "start_char": 3369, "end_char": 3371, "token_label": "Black-and-White_Fallacy"}, {"token": "n't", "start_char": 3371, "end_char": 3374, "token_label": "Black-and-White_Fallacy"}, {"token": "hopeless", "start_char": 3375, "end_char": 3383, "token_label": "Black-and-White_Fallacy"}, {"token": "for", "start_char": 3384, "end_char": 3387, "token_label": "Black-and-White_Fallacy"}, {"token": "those", "start_char": 3388, "end_char": 3393, "token_label": "Black-and-White_Fallacy"}, {"token": "whose", "start_char": 3394, "end_char": 3399, "token_label": "Black-and-White_Fallacy"}, {"token": "hope", "start_char": 3400, "end_char": 3404, "token_label": "Black-and-White_Fallacy"}, {"token": "is", "start_char": 3405, "end_char": 3407, "token_label": "Black-and-White_Fallacy"}, {"token": "in", "start_char": 3408, "end_char": 3410, "token_label": "Black-and-White_Fallacy"}, {"token": "the", "start_char": 3411, "end_char": 3414, "token_label": "Black-and-White_Fallacy"}, {"token": "Lord", "start_char": 3415, "end_char": 3419, "token_label": "Black-and-White_Fallacy"}, {"token": "and", "start_char": 3420, "end_char": 3423, "token_label": "Black-and-White_Fallacy"}, {"token": "will", "start_char": 3424, "end_char": 3428, "token_label": "Black-and-White_Fallacy"}, {"token": "stay", "start_char": 3429, "end_char": 3433, "token_label": "Black-and-White_Fallacy"}, {"token": "the", "start_char": 3434, "end_char": 3437, "token_label": "Black-and-White_Fallacy"}, {"token": "course", "start_char": 3438, "end_char": 3444, "token_label": "Black-and-White_Fallacy"}, {"token": ".", "start_char": 3444, "end_char": 3445, "token_label": "Black-and-White_Fallacy"}], "news_discourse_role": 7, "news_discourse_role_prob_0": 0.0019095463212579489, "news_discourse_role_prob_1": 0.05229805037379265, "news_discourse_role_prob_2": 0.0006486230413429439, "news_discourse_role_prob_3": 0.0034297534730285406, "news_discourse_role_prob_4": 0.002443116856738925, "news_discourse_role_prob_5": 0.002817738801240921, "news_discourse_role_prob_6": 0.012162205763161182, "news_discourse_role_prob_7": 0.8482782244682312, "news_discourse_role_prob_8": 0.07601277530193329, "previous_discourse_relation": 3, "previous_discourse_relation_prob_comp": 0.10047496855258942, "previous_discourse_relation_prob_cont": 0.24980449676513672, "previous_discourse_relation_prob_temp": 0.00048414579941891134, "previous_discourse_relation_prob_expan": 0.6492364406585693, "latter_discourse_relation": 3, "latter_discourse_relation_prob_comp": 0.002265485469251871, "latter_discourse_relation_prob_cont": 0.09681790322065353, "latter_discourse_relation_prob_temp": 0.001240832731127739, "latter_discourse_relation_prob_expan": 0.899675726890564}, {"sentence_id": 28, "sentence_start": 3446, "sentence_end": 3494, "sentence_text": "I wish Orban and those who support him success!", "sentence_label": "NA", "tokens_list": ["I", "wish", "Orban", "and", "those", "who", "support", "him", "success", "!"], "tokens_dicts_list": [{"token": "I", "start_char": 3446, "end_char": 3447, "token_label": "NA"}, {"token": "wish", "start_char": 3448, "end_char": 3452, "token_label": "NA"}, {"token": "Orban", "start_char": 3453, "end_char": 3458, "token_label": "NA"}, {"token": "and", "start_char": 3459, "end_char": 3462, "token_label": "NA"}, {"token": "those", "start_char": 3463, "end_char": 3468, "token_label": "NA"}, {"token": "who", "start_char": 3469, "end_char": 3472, "token_label": "NA"}, {"token": "support", "start_char": 3473, "end_char": 3480, "token_label": "NA"}, {"token": "him", "start_char": 3481, "end_char": 3484, "token_label": "NA"}, {"token": "success", "start_char": 3485, "end_char": 3492, "token_label": "NA"}, {"token": "!", "start_char": 3492, "end_char": 3493, "token_label": "NA"}], "news_discourse_role": 7, "news_discourse_role_prob_0": 0.009256604127585888, "news_discourse_role_prob_1": 0.03275008127093315, "news_discourse_role_prob_2": 0.002134076552465558, "news_discourse_role_prob_3": 0.0023794847074896097, "news_discourse_role_prob_4": 0.005840556230396032, "news_discourse_role_prob_5": 0.003335607470944524, "news_discourse_role_prob_6": 0.011447682045400143, "news_discourse_role_prob_7": 0.8667980432510376, "news_discourse_role_prob_8": 0.06605792045593262, "previous_discourse_relation": 3, "previous_discourse_relation_prob_comp": 0.002265485469251871, "previous_discourse_relation_prob_cont": 0.09681790322065353, "previous_discourse_relation_prob_temp": 0.001240832731127739, "previous_discourse_relation_prob_expan": 0.899675726890564, "latter_discourse_relation": -1}]}