{"file_name": "./Propaganda/json_annotations/train/article754179642.json", "num_sentences": 25, "sentences": [{"sentence_id": 0, "sentence_start": 0, "sentence_end": 53, "sentence_text": "New outbreak of Ebola kills 17 in northwest DR Congo", "sentence_label": "NA", "tokens_list": ["New", "outbreak", "of", "Ebola", "kills", "17", "in", "northwest", "DR", "Congo"], "tokens_dicts_list": [{"token": "New", "start_char": 0, "end_char": 3, "token_label": "NA"}, {"token": "outbreak", "start_char": 4, "end_char": 12, "token_label": "NA"}, {"token": "of", "start_char": 13, "end_char": 15, "token_label": "NA"}, {"token": "Ebola", "start_char": 16, "end_char": 21, "token_label": "NA"}, {"token": "kills", "start_char": 22, "end_char": 27, "token_label": "NA"}, {"token": "17", "start_char": 28, "end_char": 30, "token_label": "NA"}, {"token": "in", "start_char": 31, "end_char": 33, "token_label": "NA"}, {"token": "northwest", "start_char": 34, "end_char": 43, "token_label": "NA"}, {"token": "DR", "start_char": 44, "end_char": 46, "token_label": "NA"}, {"token": "Congo", "start_char": 47, "end_char": 52, "token_label": "NA"}], "news_discourse_role": 1, "news_discourse_role_prob_0": 0.4152242839336395, "news_discourse_role_prob_1": 0.5585554242134094, "news_discourse_role_prob_2": 0.01819051243364811, "news_discourse_role_prob_3": 0.0025271358899772167, "news_discourse_role_prob_4": 0.005191840697079897, "news_discourse_role_prob_5": 5.349058483261615e-06, "news_discourse_role_prob_6": 0.00019233614148106426, "news_discourse_role_prob_7": 4.34868925367482e-05, "news_discourse_role_prob_8": 6.965986540308222e-05, "latter_discourse_relation": 3, "latter_discourse_relation_prob_comp": 0.0004337163991294801, "latter_discourse_relation_prob_cont": 0.06656686961650848, "latter_discourse_relation_prob_temp": 0.0024840908590704203, "latter_discourse_relation_prob_expan": 0.9305153489112854, "previous_discourse_relation": -1}, {"sentence_id": 1, "sentence_start": 54, "sentence_end": 266, "sentence_text": "Seventeen people in northwest Democratic Republic of Congo (DRC) have died from Ebola, the health ministry said on Tuesday, describing the fresh outbreak as a \"public health emergency with international impact.\"", "sentence_label": "Appeal_to_fear-prejudice", "tokens_list": ["Seventeen", "people", "in", "northwest", "Democratic", "Republic", "of", "Congo", "(", "DRC", ")", "have", "died", "from", "Ebola", ",", "the", "health", "ministry", "said", "on", "Tuesday", ",", "describing", "the", "fresh", "outbreak", "as", "a", "\"", "public", "health", "emergency", "with", "international", "impact", ".", "\""], "tokens_dicts_list": [{"token": "Seventeen", "start_char": 54, "end_char": 63, "token_label": "NA"}, {"token": "people", "start_char": 64, "end_char": 70, "token_label": "NA"}, {"token": "in", "start_char": 71, "end_char": 73, "token_label": "NA"}, {"token": "northwest", "start_char": 74, "end_char": 83, "token_label": "NA"}, {"token": "Democratic", "start_char": 84, "end_char": 94, "token_label": "NA"}, {"token": "Republic", "start_char": 95, "end_char": 103, "token_label": "NA"}, {"token": "of", "start_char": 104, "end_char": 106, "token_label": "NA"}, {"token": "Congo", "start_char": 107, "end_char": 112, "token_label": "NA"}, {"token": "(", "start_char": 113, "end_char": 114, "token_label": "NA"}, {"token": "DRC", "start_char": 114, "end_char": 117, "token_label": "NA"}, {"token": ")", "start_char": 117, "end_char": 118, "token_label": "NA"}, {"token": "have", "start_char": 119, "end_char": 123, "token_label": "NA"}, {"token": "died", "start_char": 124, "end_char": 128, "token_label": "NA"}, {"token": "from", "start_char": 129, "end_char": 133, "token_label": "NA"}, {"token": "Ebola", "start_char": 134, "end_char": 139, "token_label": "NA"}, {"token": ",", "start_char": 139, "end_char": 140, "token_label": "NA"}, {"token": "the", "start_char": 141, "end_char": 144, "token_label": "NA"}, {"token": "health", "start_char": 145, "end_char": 151, "token_label": "NA"}, {"token": "ministry", "start_char": 152, "end_char": 160, "token_label": "NA"}, {"token": "said", "start_char": 161, "end_char": 165, "token_label": "NA"}, {"token": "on", "start_char": 166, "end_char": 168, "token_label": "NA"}, {"token": "Tuesday", "start_char": 169, "end_char": 176, "token_label": "NA"}, {"token": ",", "start_char": 176, "end_char": 177, "token_label": "NA"}, {"token": "describing", "start_char": 178, "end_char": 188, "token_label": "NA"}, {"token": "the", "start_char": 189, "end_char": 192, "token_label": "NA"}, {"token": "fresh", "start_char": 193, "end_char": 198, "token_label": "NA"}, {"token": "outbreak", "start_char": 199, "end_char": 207, "token_label": "NA"}, {"token": "as", "start_char": 208, "end_char": 210, "token_label": "NA"}, {"token": "a", "start_char": 211, "end_char": 212, "token_label": "NA"}, {"token": "\"", "start_char": 213, "end_char": 214, "token_label": "NA"}, {"token": "public", "start_char": 214, "end_char": 220, "token_label": "Appeal_to_fear-prejudice"}, {"token": "health", "start_char": 221, "end_char": 227, "token_label": "Appeal_to_fear-prejudice"}, {"token": "emergency", "start_char": 228, "end_char": 237, "token_label": "Appeal_to_fear-prejudice"}, {"token": "with", "start_char": 238, "end_char": 242, "token_label": "Appeal_to_fear-prejudice"}, {"token": "international", "start_char": 243, "end_char": 256, "token_label": "Appeal_to_fear-prejudice"}, {"token": "impact", "start_char": 257, "end_char": 263, "token_label": "Appeal_to_fear-prejudice"}, {"token": ".", "start_char": 263, "end_char": 264, "token_label": "NA"}, {"token": "\"", "start_char": 264, "end_char": 265, "token_label": "NA"}], "news_discourse_role": 1, "news_discourse_role_prob_0": 0.0002716550079640001, "news_discourse_role_prob_1": 0.967766284942627, "news_discourse_role_prob_2": 0.030919149518013, "news_discourse_role_prob_3": 0.00017667168867774308, "news_discourse_role_prob_4": 0.0007962796371430159, "news_discourse_role_prob_5": 4.399156807721738e-07, "news_discourse_role_prob_6": 2.5150431611109525e-05, "news_discourse_role_prob_7": 9.292792128690053e-06, "news_discourse_role_prob_8": 3.5021766962017864e-05, "previous_discourse_relation": 3, "previous_discourse_relation_prob_comp": 0.0004337163991294801, "previous_discourse_relation_prob_cont": 0.06656686961650848, "previous_discourse_relation_prob_temp": 0.0024840908590704203, "previous_discourse_relation_prob_expan": 0.9305153489112854, "latter_discourse_relation": 3, "latter_discourse_relation_prob_comp": 0.00019817877910099924, "latter_discourse_relation_prob_cont": 0.002548250602558255, "latter_discourse_relation_prob_temp": 0.0002469903265591711, "latter_discourse_relation_prob_expan": 0.9970065951347351}, {"sentence_id": 2, "sentence_start": 266, "sentence_end": 439, "sentence_text": "\"Twenty-one cases of fever with haemorrhagic indications and 17 deaths\" have been recorded in Equateur province, it said, citing a notification to the ministry as of May 3.", "sentence_label": "NA", "tokens_list": ["\"", "Twenty-one", "cases", "of", "fever", "with", "haemorrhagic", "indications", "and", "17", "deaths", "\"", "have", "been", "recorded", "in", "Equateur", "province", ",", "it", "said", ",", "citing", "a", "notification", "to", "the", "ministry", "as", "of", "May", "3", "."], "tokens_dicts_list": [{"token": "\"", "start_char": 266, "end_char": 267, "token_label": "NA"}, {"token": "Twenty-one", "start_char": 267, "end_char": 277, "token_label": "NA"}, {"token": "cases", "start_char": 278, "end_char": 283, "token_label": "NA"}, {"token": "of", "start_char": 284, "end_char": 286, "token_label": "NA"}, {"token": "fever", "start_char": 287, "end_char": 292, "token_label": "NA"}, {"token": "with", "start_char": 293, "end_char": 297, "token_label": "NA"}, {"token": "haemorrhagic", "start_char": 298, "end_char": 310, "token_label": "NA"}, {"token": "indications", "start_char": 311, "end_char": 322, "token_label": "NA"}, {"token": "and", "start_char": 323, "end_char": 326, "token_label": "NA"}, {"token": "17", "start_char": 327, "end_char": 329, "token_label": "NA"}, {"token": "deaths", "start_char": 330, "end_char": 336, "token_label": "NA"}, {"token": "\"", "start_char": 336, "end_char": 337, "token_label": "NA"}, {"token": "have", "start_char": 338, "end_char": 342, "token_label": "NA"}, {"token": "been", "start_char": 343, "end_char": 347, "token_label": "NA"}, {"token": "recorded", "start_char": 348, "end_char": 356, "token_label": "NA"}, {"token": "in", "start_char": 357, "end_char": 359, "token_label": "NA"}, {"token": "Equateur", "start_char": 360, "end_char": 368, "token_label": "NA"}, {"token": "province", "start_char": 369, "end_char": 377, "token_label": "NA"}, {"token": ",", "start_char": 377, "end_char": 378, "token_label": "NA"}, {"token": "it", "start_char": 379, "end_char": 381, "token_label": "NA"}, {"token": "said", "start_char": 382, "end_char": 386, "token_label": "NA"}, {"token": ",", "start_char": 386, "end_char": 387, "token_label": "NA"}, {"token": "citing", "start_char": 388, "end_char": 394, "token_label": "NA"}, {"token": "a", "start_char": 395, "end_char": 396, "token_label": "NA"}, {"token": "notification", "start_char": 397, "end_char": 409, "token_label": "NA"}, {"token": "to", "start_char": 410, "end_char": 412, "token_label": "NA"}, {"token": "the", "start_char": 413, "end_char": 416, "token_label": "NA"}, {"token": "ministry", "start_char": 417, "end_char": 425, "token_label": "NA"}, {"token": "as", "start_char": 426, "end_char": 428, "token_label": "NA"}, {"token": "of", "start_char": 429, "end_char": 431, "token_label": "NA"}, {"token": "May", "start_char": 432, "end_char": 435, "token_label": "NA"}, {"token": "3", "start_char": 436, "end_char": 437, "token_label": "NA"}, {"token": ".", "start_char": 437, "end_char": 438, "token_label": "NA"}], "news_discourse_role": 1, "news_discourse_role_prob_0": 0.00016044174844864756, "news_discourse_role_prob_1": 0.9667754173278809, "news_discourse_role_prob_2": 0.016892720013856888, "news_discourse_role_prob_3": 0.003687486285343766, "news_discourse_role_prob_4": 0.012420658022165298, "news_discourse_role_prob_5": 1.6187490246011293e-06, "news_discourse_role_prob_6": 2.2763790184399113e-05, "news_discourse_role_prob_7": 1.205626358569134e-05, "news_discourse_role_prob_8": 2.6742685804492794e-05, "previous_discourse_relation": 3, "previous_discourse_relation_prob_comp": 0.00019817877910099924, "previous_discourse_relation_prob_cont": 0.002548250602558255, "previous_discourse_relation_prob_temp": 0.0002469903265591711, "previous_discourse_relation_prob_expan": 0.9970065951347351, "latter_discourse_relation": 3, "latter_discourse_relation_prob_comp": 0.0020679542794823647, "latter_discourse_relation_prob_cont": 0.009580375626683235, "latter_discourse_relation_prob_temp": 0.0006993705173954368, "latter_discourse_relation_prob_expan": 0.9876523017883301}, {"sentence_id": 3, "sentence_start": 439, "sentence_end": 584, "sentence_text": "It is the DRC's ninth known outbreak of Ebola since 1976, when the deady viral disease was first identified in then-Zaire by a Belgian-led team.", "sentence_label": "NA", "tokens_list": ["It", "is", "the", "DRC", "'s", "ninth", "known", "outbreak", "of", "Ebola", "since", "1976", ",", "when", "the", "deady", "viral", "disease", "was", "first", "identified", "in", "then-Zaire", "by", "a", "Belgian-led", "team", "."], "tokens_dicts_list": [{"token": "It", "start_char": 439, "end_char": 441, "token_label": "NA"}, {"token": "is", "start_char": 442, "end_char": 444, "token_label": "NA"}, {"token": "the", "start_char": 445, "end_char": 448, "token_label": "NA"}, {"token": "DRC", "start_char": 449, "end_char": 452, "token_label": "NA"}, {"token": "'s", "start_char": 452, "end_char": 454, "token_label": "NA"}, {"token": "ninth", "start_char": 455, "end_char": 460, "token_label": "NA"}, {"token": "known", "start_char": 461, "end_char": 466, "token_label": "NA"}, {"token": "outbreak", "start_char": 467, "end_char": 475, "token_label": "NA"}, {"token": "of", "start_char": 476, "end_char": 478, "token_label": "NA"}, {"token": "Ebola", "start_char": 479, "end_char": 484, "token_label": "NA"}, {"token": "since", "start_char": 485, "end_char": 490, "token_label": "NA"}, {"token": "1976", "start_char": 491, "end_char": 495, "token_label": "NA"}, {"token": ",", "start_char": 495, "end_char": 496, "token_label": "NA"}, {"token": "when", "start_char": 497, "end_char": 501, "token_label": "NA"}, {"token": "the", "start_char": 502, "end_char": 505, "token_label": "NA"}, {"token": "deady", "start_char": 506, "end_char": 511, "token_label": "NA"}, {"token": "viral", "start_char": 512, "end_char": 517, "token_label": "NA"}, {"token": "disease", "start_char": 518, "end_char": 525, "token_label": "NA"}, {"token": "was", "start_char": 526, "end_char": 529, "token_label": "NA"}, {"token": "first", "start_char": 530, "end_char": 535, "token_label": "NA"}, {"token": "identified", "start_char": 536, "end_char": 546, "token_label": "NA"}, {"token": "in", "start_char": 547, "end_char": 549, "token_label": "NA"}, {"token": "then-Zaire", "start_char": 550, "end_char": 560, "token_label": "NA"}, {"token": "by", "start_char": 561, "end_char": 563, "token_label": "NA"}, {"token": "a", "start_char": 564, "end_char": 565, "token_label": "NA"}, {"token": "Belgian-led", "start_char": 566, "end_char": 577, "token_label": "NA"}, {"token": "team", "start_char": 578, "end_char": 582, "token_label": "NA"}, {"token": ".", "start_char": 582, "end_char": 583, "token_label": "NA"}], "news_discourse_role": 4, "news_discourse_role_prob_0": 3.645712058641948e-05, "news_discourse_role_prob_1": 0.013668287545442581, "news_discourse_role_prob_2": 0.012456534430384636, "news_discourse_role_prob_3": 0.010936939157545567, "news_discourse_role_prob_4": 0.9617263674736023, "news_discourse_role_prob_5": 0.00026216829428449273, "news_discourse_role_prob_6": 3.150065094814636e-05, "news_discourse_role_prob_7": 0.00040237262146547437, "news_discourse_role_prob_8": 0.00047949119471013546, "previous_discourse_relation": 3, "previous_discourse_relation_prob_comp": 0.0020679542794823647, "previous_discourse_relation_prob_cont": 0.009580375626683235, "previous_discourse_relation_prob_temp": 0.0006993705173954368, "previous_discourse_relation_prob_expan": 0.9876523017883301, "latter_discourse_relation": 3, "latter_discourse_relation_prob_comp": 0.006553289480507374, "latter_discourse_relation_prob_cont": 0.028944626450538635, "latter_discourse_relation_prob_temp": 0.03151862323284149, "latter_discourse_relation_prob_expan": 0.9329834580421448}, {"sentence_id": 4, "sentence_start": 584, "sentence_end": 747, "sentence_text": "In Geneva, the World Health Organization (WHO) said lab tests in the DRC confirmed the presence of Ebola virus in two out of five samples collected from patients.", "sentence_label": "NA", "tokens_list": ["In", "Geneva", ",", "the", "World", "Health", "Organization", "(", "WHO", ")", "said", "lab", "tests", "in", "the", "DRC", "confirmed", "the", "presence", "of", "Ebola", "virus", "in", "two", "out", "of", "five", "samples", "collected", "from", "patients", "."], "tokens_dicts_list": [{"token": "In", "start_char": 584, "end_char": 586, "token_label": "NA"}, {"token": "Geneva", "start_char": 587, "end_char": 593, "token_label": "NA"}, {"token": ",", "start_char": 593, "end_char": 594, "token_label": "NA"}, {"token": "the", "start_char": 595, "end_char": 598, "token_label": "NA"}, {"token": "World", "start_char": 599, "end_char": 604, "token_label": "NA"}, {"token": "Health", "start_char": 605, "end_char": 611, "token_label": "NA"}, {"token": "Organization", "start_char": 612, "end_char": 624, "token_label": "NA"}, {"token": "(", "start_char": 625, "end_char": 626, "token_label": "NA"}, {"token": "WHO", "start_char": 626, "end_char": 629, "token_label": "NA"}, {"token": ")", "start_char": 629, "end_char": 630, "token_label": "NA"}, {"token": "said", "start_char": 631, "end_char": 635, "token_label": "NA"}, {"token": "lab", "start_char": 636, "end_char": 639, "token_label": "NA"}, {"token": "tests", "start_char": 640, "end_char": 645, "token_label": "NA"}, {"token": "in", "start_char": 646, "end_char": 648, "token_label": "NA"}, {"token": "the", "start_char": 649, "end_char": 652, "token_label": "NA"}, {"token": "DRC", "start_char": 653, "end_char": 656, "token_label": "NA"}, {"token": "confirmed", "start_char": 657, "end_char": 666, "token_label": "NA"}, {"token": "the", "start_char": 667, "end_char": 670, "token_label": "NA"}, {"token": "presence", "start_char": 671, "end_char": 679, "token_label": "NA"}, {"token": "of", "start_char": 680, "end_char": 682, "token_label": "NA"}, {"token": "Ebola", "start_char": 683, "end_char": 688, "token_label": "NA"}, {"token": "virus", "start_char": 689, "end_char": 694, "token_label": "NA"}, {"token": "in", "start_char": 695, "end_char": 697, "token_label": "NA"}, {"token": "two", "start_char": 698, "end_char": 701, "token_label": "NA"}, {"token": "out", "start_char": 702, "end_char": 705, "token_label": "NA"}, {"token": "of", "start_char": 706, "end_char": 708, "token_label": "NA"}, {"token": "five", "start_char": 709, "end_char": 713, "token_label": "NA"}, {"token": "samples", "start_char": 714, "end_char": 721, "token_label": "NA"}, {"token": "collected", "start_char": 722, "end_char": 731, "token_label": "NA"}, {"token": "from", "start_char": 732, "end_char": 736, "token_label": "NA"}, {"token": "patients", "start_char": 737, "end_char": 745, "token_label": "NA"}, {"token": ".", "start_char": 745, "end_char": 746, "token_label": "NA"}], "news_discourse_role": 4, "news_discourse_role_prob_0": 4.628489023161819e-06, "news_discourse_role_prob_1": 0.0025682731065899134, "news_discourse_role_prob_2": 0.015791362151503563, "news_discourse_role_prob_3": 0.014292309992015362, "news_discourse_role_prob_4": 0.9653250575065613, "news_discourse_role_prob_5": 0.00020903002587147057, "news_discourse_role_prob_6": 3.855476461467333e-05, "news_discourse_role_prob_7": 0.0016868183156475425, "news_discourse_role_prob_8": 8.392697782255709e-05, "previous_discourse_relation": 3, "previous_discourse_relation_prob_comp": 0.006553289480507374, "previous_discourse_relation_prob_cont": 0.028944626450538635, "previous_discourse_relation_prob_temp": 0.03151862323284149, "previous_discourse_relation_prob_expan": 0.9329834580421448, "latter_discourse_relation": 3, "latter_discourse_relation_prob_comp": 0.0006689939764328301, "latter_discourse_relation_prob_cont": 0.008500884287059307, "latter_discourse_relation_prob_temp": 0.003080909140408039, "latter_discourse_relation_prob_expan": 0.9877491593360901}, {"sentence_id": 5, "sentence_start": 747, "sentence_end": 967, "sentence_text": "\"WHO is working closely with the government of the DRC to rapidly scale up its operations and mobilize health partners, using the model of a successful response to a similar... outbreak in 2017,\" it said in a statement.", "sentence_label": "NA", "tokens_list": ["\"", "WHO", "is", "working", "closely", "with", "the", "government", "of", "the", "DRC", "to", "rapidly", "scale", "up", "its", "operations", "and", "mobilize", "health", "partners", ",", "using", "the", "model", "of", "a", "successful", "response", "to", "a", "similar", "...", "outbreak", "in", "2017", ",", "\"", "it", "said", "in", "a", "statement", "."], "tokens_dicts_list": [{"token": "\"", "start_char": 747, "end_char": 748, "token_label": "NA"}, {"token": "WHO", "start_char": 748, "end_char": 751, "token_label": "NA"}, {"token": "is", "start_char": 752, "end_char": 754, "token_label": "NA"}, {"token": "working", "start_char": 755, "end_char": 762, "token_label": "NA"}, {"token": "closely", "start_char": 763, "end_char": 770, "token_label": "NA"}, {"token": "with", "start_char": 771, "end_char": 775, "token_label": "NA"}, {"token": "the", "start_char": 776, "end_char": 779, "token_label": "NA"}, {"token": "government", "start_char": 780, "end_char": 790, "token_label": "NA"}, {"token": "of", "start_char": 791, "end_char": 793, "token_label": "NA"}, {"token": "the", "start_char": 794, "end_char": 797, "token_label": "NA"}, {"token": "DRC", "start_char": 798, "end_char": 801, "token_label": "NA"}, {"token": "to", "start_char": 802, "end_char": 804, "token_label": "NA"}, {"token": "rapidly", "start_char": 805, "end_char": 812, "token_label": "NA"}, {"token": "scale", "start_char": 813, "end_char": 818, "token_label": "NA"}, {"token": "up", "start_char": 819, "end_char": 821, "token_label": "NA"}, {"token": "its", "start_char": 822, "end_char": 825, "token_label": "NA"}, {"token": "operations", "start_char": 826, "end_char": 836, "token_label": "NA"}, {"token": "and", "start_char": 837, "end_char": 840, "token_label": "NA"}, {"token": "mobilize", "start_char": 841, "end_char": 849, "token_label": "NA"}, {"token": "health", "start_char": 850, "end_char": 856, "token_label": "NA"}, {"token": "partners", "start_char": 857, "end_char": 865, "token_label": "NA"}, {"token": ",", "start_char": 865, "end_char": 866, "token_label": "NA"}, {"token": "using", "start_char": 867, "end_char": 872, "token_label": "NA"}, {"token": "the", "start_char": 873, "end_char": 876, "token_label": "NA"}, {"token": "model", "start_char": 877, "end_char": 882, "token_label": "NA"}, {"token": "of", "start_char": 883, "end_char": 885, "token_label": "NA"}, {"token": "a", "start_char": 886, "end_char": 887, "token_label": "NA"}, {"token": "successful", "start_char": 888, "end_char": 898, "token_label": "NA"}, {"token": "response", "start_char": 899, "end_char": 907, "token_label": "NA"}, {"token": "to", "start_char": 908, "end_char": 910, "token_label": "NA"}, {"token": "a", "start_char": 911, "end_char": 912, "token_label": "NA"}, {"token": "similar", "start_char": 913, "end_char": 920, "token_label": "NA"}, {"token": "...", "start_char": 920, "end_char": 923, "token_label": "NA"}, {"token": "outbreak", "start_char": 924, "end_char": 932, "token_label": "NA"}, {"token": "in", "start_char": 933, "end_char": 935, "token_label": "NA"}, {"token": "2017", "start_char": 936, "end_char": 940, "token_label": "NA"}, {"token": ",", "start_char": 940, "end_char": 941, "token_label": "NA"}, {"token": "\"", "start_char": 941, "end_char": 942, "token_label": "NA"}, {"token": "it", "start_char": 943, "end_char": 945, "token_label": "NA"}, {"token": "said", "start_char": 946, "end_char": 950, "token_label": "NA"}, {"token": "in", "start_char": 951, "end_char": 953, "token_label": "NA"}, {"token": "a", "start_char": 954, "end_char": 955, "token_label": "NA"}, {"token": "statement", "start_char": 956, "end_char": 965, "token_label": "NA"}, {"token": ".", "start_char": 965, "end_char": 966, "token_label": "NA"}], "news_discourse_role": 7, "news_discourse_role_prob_0": 3.496588396956213e-05, "news_discourse_role_prob_1": 0.0011475017527118325, "news_discourse_role_prob_2": 0.015523399226367474, "news_discourse_role_prob_3": 0.0007676855311729014, "news_discourse_role_prob_4": 0.10172182321548462, "news_discourse_role_prob_5": 0.00019269698532298207, "news_discourse_role_prob_6": 0.0006153467111289501, "news_discourse_role_prob_7": 0.8406899571418762, "news_discourse_role_prob_8": 0.03930656239390373, "previous_discourse_relation": 3, "previous_discourse_relation_prob_comp": 0.0006689939764328301, "previous_discourse_relation_prob_cont": 0.008500884287059307, "previous_discourse_relation_prob_temp": 0.003080909140408039, "previous_discourse_relation_prob_expan": 0.9877491593360901, "latter_discourse_relation": 3, "latter_discourse_relation_prob_comp": 0.0004073519667144865, "latter_discourse_relation_prob_cont": 0.001262715202756226, "latter_discourse_relation_prob_temp": 0.0009476951090618968, "latter_discourse_relation_prob_expan": 0.9973822236061096}, {"sentence_id": 6, "sentence_start": 967, "sentence_end": 1169, "sentence_text": "It said it had released $1 million (840,000 euros) from an emergency contingency fund, set up a coordination group and deployed more than 50 experts to work with the DRC government and health agencies.", "sentence_label": "NA", "tokens_list": ["It", "said", "it", "had", "released", "$", "1", "million", "(", "840,000", "euros", ")", "from", "an", "emergency", "contingency", "fund", ",", "set", "up", "a", "coordination", "group", "and", "deployed", "more", "than", "50", "experts", "to", "work", "with", "the", "DRC", "government", "and", "health", "agencies", "."], "tokens_dicts_list": [{"token": "It", "start_char": 967, "end_char": 969, "token_label": "NA"}, {"token": "said", "start_char": 970, "end_char": 974, "token_label": "NA"}, {"token": "it", "start_char": 975, "end_char": 977, "token_label": "NA"}, {"token": "had", "start_char": 978, "end_char": 981, "token_label": "NA"}, {"token": "released", "start_char": 982, "end_char": 990, "token_label": "NA"}, {"token": "$", "start_char": 991, "end_char": 992, "token_label": "NA"}, {"token": "1", "start_char": 992, "end_char": 993, "token_label": "NA"}, {"token": "million", "start_char": 994, "end_char": 1001, "token_label": "NA"}, {"token": "(", "start_char": 1002, "end_char": 1003, "token_label": "NA"}, {"token": "840,000", "start_char": 1003, "end_char": 1010, "token_label": "NA"}, {"token": "euros", "start_char": 1011, "end_char": 1016, "token_label": "NA"}, {"token": ")", "start_char": 1016, "end_char": 1017, "token_label": "NA"}, {"token": "from", "start_char": 1018, "end_char": 1022, "token_label": "NA"}, {"token": "an", "start_char": 1023, "end_char": 1025, "token_label": "NA"}, {"token": "emergency", "start_char": 1026, "end_char": 1035, "token_label": "NA"}, {"token": "contingency", "start_char": 1036, "end_char": 1047, "token_label": "NA"}, {"token": "fund", "start_char": 1048, "end_char": 1052, "token_label": "NA"}, {"token": ",", "start_char": 1052, "end_char": 1053, "token_label": "NA"}, {"token": "set", "start_char": 1054, "end_char": 1057, "token_label": "NA"}, {"token": "up", "start_char": 1058, "end_char": 1060, "token_label": "NA"}, {"token": "a", "start_char": 1061, "end_char": 1062, "token_label": "NA"}, {"token": "coordination", "start_char": 1063, "end_char": 1075, "token_label": "NA"}, {"token": "group", "start_char": 1076, "end_char": 1081, "token_label": "NA"}, {"token": "and", "start_char": 1082, "end_char": 1085, "token_label": "NA"}, {"token": "deployed", "start_char": 1086, "end_char": 1094, "token_label": "NA"}, {"token": "more", "start_char": 1095, "end_char": 1099, "token_label": "NA"}, {"token": "than", "start_char": 1100, "end_char": 1104, "token_label": "NA"}, {"token": "50", "start_char": 1105, "end_char": 1107, "token_label": "NA"}, {"token": "experts", "start_char": 1108, "end_char": 1115, "token_label": "NA"}, {"token": "to", "start_char": 1116, "end_char": 1118, "token_label": "NA"}, {"token": "work", "start_char": 1119, "end_char": 1123, "token_label": "NA"}, {"token": "with", "start_char": 1124, "end_char": 1128, "token_label": "NA"}, {"token": "the", "start_char": 1129, "end_char": 1132, "token_label": "NA"}, {"token": "DRC", "start_char": 1133, "end_char": 1136, "token_label": "NA"}, {"token": "government", "start_char": 1137, "end_char": 1147, "token_label": "NA"}, {"token": "and", "start_char": 1148, "end_char": 1151, "token_label": "NA"}, {"token": "health", "start_char": 1152, "end_char": 1158, "token_label": "NA"}, {"token": "agencies", "start_char": 1159, "end_char": 1167, "token_label": "NA"}, {"token": ".", "start_char": 1167, "end_char": 1168, "token_label": "NA"}], "news_discourse_role": 4, "news_discourse_role_prob_0": 1.1679971066769212e-05, "news_discourse_role_prob_1": 0.003715871600434184, "news_discourse_role_prob_2": 0.43639057874679565, "news_discourse_role_prob_3": 0.0005059316172264516, "news_discourse_role_prob_4": 0.5543406009674072, "news_discourse_role_prob_5": 6.0473568737506866e-05, "news_discourse_role_prob_6": 0.00011413501488277689, "news_discourse_role_prob_7": 0.00350010534748435, "news_discourse_role_prob_8": 0.0013606008142232895, "previous_discourse_relation": 3, "previous_discourse_relation_prob_comp": 0.0004073519667144865, "previous_discourse_relation_prob_cont": 0.001262715202756226, "previous_discourse_relation_prob_temp": 0.0009476951090618968, "previous_discourse_relation_prob_expan": 0.9973822236061096, "latter_discourse_relation": 3, "latter_discourse_relation_prob_comp": 0.000728838611394167, "latter_discourse_relation_prob_cont": 0.001125157461501658, "latter_discourse_relation_prob_temp": 0.001001022639684379, "latter_discourse_relation_prob_expan": 0.997144877910614}, {"sentence_id": 7, "sentence_start": 1169, "sentence_end": 1299, "sentence_text": "\"The action plan prepared by the health ministry has been approved,\" an official statement released after a cabinet meeting said.", "sentence_label": "NA", "tokens_list": ["\"", "The", "action", "plan", "prepared", "by", "the", "health", "ministry", "has", "been", "approved", ",", "\"", "an", "official", "statement", "released", "after", "a", "cabinet", "meeting", "said", "."], "tokens_dicts_list": [{"token": "\"", "start_char": 1169, "end_char": 1170, "token_label": "NA"}, {"token": "The", "start_char": 1170, "end_char": 1173, "token_label": "NA"}, {"token": "action", "start_char": 1174, "end_char": 1180, "token_label": "NA"}, {"token": "plan", "start_char": 1181, "end_char": 1185, "token_label": "NA"}, {"token": "prepared", "start_char": 1186, "end_char": 1194, "token_label": "NA"}, {"token": "by", "start_char": 1195, "end_char": 1197, "token_label": "NA"}, {"token": "the", "start_char": 1198, "end_char": 1201, "token_label": "NA"}, {"token": "health", "start_char": 1202, "end_char": 1208, "token_label": "NA"}, {"token": "ministry", "start_char": 1209, "end_char": 1217, "token_label": "NA"}, {"token": "has", "start_char": 1218, "end_char": 1221, "token_label": "NA"}, {"token": "been", "start_char": 1222, "end_char": 1226, "token_label": "NA"}, {"token": "approved", "start_char": 1227, "end_char": 1235, "token_label": "NA"}, {"token": ",", "start_char": 1235, "end_char": 1236, "token_label": "NA"}, {"token": "\"", "start_char": 1236, "end_char": 1237, "token_label": "NA"}, {"token": "an", "start_char": 1238, "end_char": 1240, "token_label": "NA"}, {"token": "official", "start_char": 1241, "end_char": 1249, "token_label": "NA"}, {"token": "statement", "start_char": 1250, "end_char": 1259, "token_label": "NA"}, {"token": "released", "start_char": 1260, "end_char": 1268, "token_label": "NA"}, {"token": "after", "start_char": 1269, "end_char": 1274, "token_label": "NA"}, {"token": "a", "start_char": 1275, "end_char": 1276, "token_label": "NA"}, {"token": "cabinet", "start_char": 1277, "end_char": 1284, "token_label": "NA"}, {"token": "meeting", "start_char": 1285, "end_char": 1292, "token_label": "NA"}, {"token": "said", "start_char": 1293, "end_char": 1297, "token_label": "NA"}, {"token": ".", "start_char": 1297, "end_char": 1298, "token_label": "NA"}], "news_discourse_role": 2, "news_discourse_role_prob_0": 0.0010274691740050912, "news_discourse_role_prob_1": 0.018525853753089905, "news_discourse_role_prob_2": 0.6135863065719604, "news_discourse_role_prob_3": 0.00039385035051964223, "news_discourse_role_prob_4": 0.22512038052082062, "news_discourse_role_prob_5": 4.59442671854049e-05, "news_discourse_role_prob_6": 0.00034619239158928394, "news_discourse_role_prob_7": 0.1296272724866867, "news_discourse_role_prob_8": 0.011326724663376808, "previous_discourse_relation": 3, "previous_discourse_relation_prob_comp": 0.000728838611394167, "previous_discourse_relation_prob_cont": 0.001125157461501658, "previous_discourse_relation_prob_temp": 0.001001022639684379, "previous_discourse_relation_prob_expan": 0.997144877910614, "latter_discourse_relation": 3, "latter_discourse_relation_prob_comp": 0.00027956627309322357, "latter_discourse_relation_prob_cont": 0.0007942825322970748, "latter_discourse_relation_prob_temp": 0.00017117221432272345, "latter_discourse_relation_prob_expan": 0.9987549781799316}, {"sentence_id": 8, "sentence_start": 1299, "sentence_end": 1317, "sentence_text": "- No new deaths -", "sentence_label": "NA", "tokens_list": ["-", "No", "new", "deaths", "-"], "tokens_dicts_list": [{"token": "-", "start_char": 1299, "end_char": 1300, "token_label": "NA"}, {"token": "No", "start_char": 1301, "end_char": 1303, "token_label": "NA"}, {"token": "new", "start_char": 1304, "end_char": 1307, "token_label": "NA"}, {"token": "deaths", "start_char": 1308, "end_char": 1314, "token_label": "NA"}, {"token": "-", "start_char": 1315, "end_char": 1316, "token_label": "NA"}], "news_discourse_role": 4, "news_discourse_role_prob_0": 0.0063858637586236, "news_discourse_role_prob_1": 0.14022140204906464, "news_discourse_role_prob_2": 0.19937968254089355, "news_discourse_role_prob_3": 0.0014182993909344077, "news_discourse_role_prob_4": 0.6510841846466064, "news_discourse_role_prob_5": 7.949347491376102e-05, "news_discourse_role_prob_6": 0.00011019938392564654, "news_discourse_role_prob_7": 0.0006557811866514385, "news_discourse_role_prob_8": 0.0006649911520071328, "previous_discourse_relation": 3, "previous_discourse_relation_prob_comp": 0.00027956627309322357, "previous_discourse_relation_prob_cont": 0.0007942825322970748, "previous_discourse_relation_prob_temp": 0.00017117221432272345, "previous_discourse_relation_prob_expan": 0.9987549781799316, "latter_discourse_relation": 3, "latter_discourse_relation_prob_comp": 0.0031000988092273474, "latter_discourse_relation_prob_cont": 0.005275025498121977, "latter_discourse_relation_prob_temp": 0.0009839172707870603, "latter_discourse_relation_prob_expan": 0.9906409382820129}, {"sentence_id": 9, "sentence_start": 1317, "sentence_end": 1458, "sentence_text": "\"Since the notification of the cases on May 3, no deaths have been reported,\" it said, without specifying when the first case came to light.", "sentence_label": "NA", "tokens_list": ["\"", "Since", "the", "notification", "of", "the", "cases", "on", "May", "3", ",", "no", "deaths", "have", "been", "reported", ",", "\"", "it", "said", ",", "without", "specifying", "when", "the", "first", "case", "came", "to", "light", "."], "tokens_dicts_list": [{"token": "\"", "start_char": 1317, "end_char": 1318, "token_label": "NA"}, {"token": "Since", "start_char": 1318, "end_char": 1323, "token_label": "NA"}, {"token": "the", "start_char": 1324, "end_char": 1327, "token_label": "NA"}, {"token": "notification", "start_char": 1328, "end_char": 1340, "token_label": "NA"}, {"token": "of", "start_char": 1341, "end_char": 1343, "token_label": "NA"}, {"token": "the", "start_char": 1344, "end_char": 1347, "token_label": "NA"}, {"token": "cases", "start_char": 1348, "end_char": 1353, "token_label": "NA"}, {"token": "on", "start_char": 1354, "end_char": 1356, "token_label": "NA"}, {"token": "May", "start_char": 1357, "end_char": 1360, "token_label": "NA"}, {"token": "3", "start_char": 1361, "end_char": 1362, "token_label": "NA"}, {"token": ",", "start_char": 1362, "end_char": 1363, "token_label": "NA"}, {"token": "no", "start_char": 1364, "end_char": 1366, "token_label": "NA"}, {"token": "deaths", "start_char": 1367, "end_char": 1373, "token_label": "NA"}, {"token": "have", "start_char": 1374, "end_char": 1378, "token_label": "NA"}, {"token": "been", "start_char": 1379, "end_char": 1383, "token_label": "NA"}, {"token": "reported", "start_char": 1384, "end_char": 1392, "token_label": "NA"}, {"token": ",", "start_char": 1392, "end_char": 1393, "token_label": "NA"}, {"token": "\"", "start_char": 1393, "end_char": 1394, "token_label": "NA"}, {"token": "it", "start_char": 1395, "end_char": 1397, "token_label": "NA"}, {"token": "said", "start_char": 1398, "end_char": 1402, "token_label": "NA"}, {"token": ",", "start_char": 1402, "end_char": 1403, "token_label": "NA"}, {"token": "without", "start_char": 1404, "end_char": 1411, "token_label": "NA"}, {"token": "specifying", "start_char": 1412, "end_char": 1422, "token_label": "NA"}, {"token": "when", "start_char": 1423, "end_char": 1427, "token_label": "NA"}, {"token": "the", "start_char": 1428, "end_char": 1431, "token_label": "NA"}, {"token": "first", "start_char": 1432, "end_char": 1437, "token_label": "NA"}, {"token": "case", "start_char": 1438, "end_char": 1442, "token_label": "NA"}, {"token": "came", "start_char": 1443, "end_char": 1447, "token_label": "NA"}, {"token": "to", "start_char": 1448, "end_char": 1450, "token_label": "NA"}, {"token": "light", "start_char": 1451, "end_char": 1456, "token_label": "NA"}, {"token": ".", "start_char": 1456, "end_char": 1457, "token_label": "NA"}], "news_discourse_role": 1, "news_discourse_role_prob_0": 7.018514588708058e-05, "news_discourse_role_prob_1": 0.9807397127151489, "news_discourse_role_prob_2": 0.011132367886602879, "news_discourse_role_prob_3": 0.00038956047501415014, "news_discourse_role_prob_4": 0.007472360040992498, "news_discourse_role_prob_5": 1.5512456457145163e-06, "news_discourse_role_prob_6": 2.9096412617946044e-05, "news_discourse_role_prob_7": 4.2071569623658434e-05, "news_discourse_role_prob_8": 0.0001231570349773392, "previous_discourse_relation": 3, "previous_discourse_relation_prob_comp": 0.0031000988092273474, "previous_discourse_relation_prob_cont": 0.005275025498121977, "previous_discourse_relation_prob_temp": 0.0009839172707870603, "previous_discourse_relation_prob_expan": 0.9906409382820129, "latter_discourse_relation": 3, "latter_discourse_relation_prob_comp": 0.008985107764601707, "latter_discourse_relation_prob_cont": 0.008760797791182995, "latter_discourse_relation_prob_temp": 0.0017763904761523008, "latter_discourse_relation_prob_expan": 0.9804777503013611}, {"sentence_id": 10, "sentence_start": 1458, "sentence_end": 1520, "sentence_text": "The outbreak occurred in Bikoro, on the shores of Lake Tumba.", "sentence_label": "NA", "tokens_list": ["The", "outbreak", "occurred", "in", "Bikoro", ",", "on", "the", "shores", "of", "Lake", "Tumba", "."], "tokens_dicts_list": [{"token": "The", "start_char": 1458, "end_char": 1461, "token_label": "NA"}, {"token": "outbreak", "start_char": 1462, "end_char": 1470, "token_label": "NA"}, {"token": "occurred", "start_char": 1471, "end_char": 1479, "token_label": "NA"}, {"token": "in", "start_char": 1480, "end_char": 1482, "token_label": "NA"}, {"token": "Bikoro", "start_char": 1483, "end_char": 1489, "token_label": "NA"}, {"token": ",", "start_char": 1489, "end_char": 1490, "token_label": "NA"}, {"token": "on", "start_char": 1491, "end_char": 1493, "token_label": "NA"}, {"token": "the", "start_char": 1494, "end_char": 1497, "token_label": "NA"}, {"token": "shores", "start_char": 1498, "end_char": 1504, "token_label": "NA"}, {"token": "of", "start_char": 1505, "end_char": 1507, "token_label": "NA"}, {"token": "Lake", "start_char": 1508, "end_char": 1512, "token_label": "NA"}, {"token": "Tumba", "start_char": 1513, "end_char": 1518, "token_label": "NA"}, {"token": ".", "start_char": 1518, "end_char": 1519, "token_label": "NA"}], "news_discourse_role": 4, "news_discourse_role_prob_0": 5.371368752093986e-05, "news_discourse_role_prob_1": 0.03198004886507988, "news_discourse_role_prob_2": 0.004807561635971069, "news_discourse_role_prob_3": 0.09618180245161057, "news_discourse_role_prob_4": 0.8666276335716248, "news_discourse_role_prob_5": 0.00014898570952937007, "news_discourse_role_prob_6": 2.5359777282574214e-05, "news_discourse_role_prob_7": 0.00014005981211084872, "news_discourse_role_prob_8": 3.4828815842047334e-05, "previous_discourse_relation": 3, "previous_discourse_relation_prob_comp": 0.008985107764601707, "previous_discourse_relation_prob_cont": 0.008760797791182995, "previous_discourse_relation_prob_temp": 0.0017763904761523008, "previous_discourse_relation_prob_expan": 0.9804777503013611, "latter_discourse_relation": 3, "latter_discourse_relation_prob_comp": 0.0013930137502029538, "latter_discourse_relation_prob_cont": 0.013806937262415886, "latter_discourse_relation_prob_temp": 0.0018107678042724729, "latter_discourse_relation_prob_expan": 0.9829893708229065}, {"sentence_id": 11, "sentence_start": 1520, "sentence_end": 1686, "sentence_text": "All the cases were reported from a clinic at Ilkoko Iponge, located about 30 kilometres (20 miles) from Bikoro, where treatment capacities are limited, the WHO said.", "sentence_label": "NA", "tokens_list": ["All", "the", "cases", "were", "reported", "from", "a", "clinic", "at", "Ilkoko", "Iponge", ",", "located", "about", "30", "kilometres", "(", "20", "miles", ")", "from", "Bikoro", ",", "where", "treatment", "capacities", "are", "limited", ",", "the", "WHO", "said", "."], "tokens_dicts_list": [{"token": "All", "start_char": 1520, "end_char": 1523, "token_label": "NA"}, {"token": "the", "start_char": 1524, "end_char": 1527, "token_label": "NA"}, {"token": "cases", "start_char": 1528, "end_char": 1533, "token_label": "NA"}, {"token": "were", "start_char": 1534, "end_char": 1538, "token_label": "NA"}, {"token": "reported", "start_char": 1539, "end_char": 1547, "token_label": "NA"}, {"token": "from", "start_char": 1548, "end_char": 1552, "token_label": "NA"}, {"token": "a", "start_char": 1553, "end_char": 1554, "token_label": "NA"}, {"token": "clinic", "start_char": 1555, "end_char": 1561, "token_label": "NA"}, {"token": "at", "start_char": 1562, "end_char": 1564, "token_label": "NA"}, {"token": "Ilkoko", "start_char": 1565, "end_char": 1571, "token_label": "NA"}, {"token": "Iponge", "start_char": 1572, "end_char": 1578, "token_label": "NA"}, {"token": ",", "start_char": 1578, "end_char": 1579, "token_label": "NA"}, {"token": "located", "start_char": 1580, "end_char": 1587, "token_label": "NA"}, {"token": "about", "start_char": 1588, "end_char": 1593, "token_label": "NA"}, {"token": "30", "start_char": 1594, "end_char": 1596, "token_label": "NA"}, {"token": "kilometres", "start_char": 1597, "end_char": 1607, "token_label": "NA"}, {"token": "(", "start_char": 1608, "end_char": 1609, "token_label": "NA"}, {"token": "20", "start_char": 1609, "end_char": 1611, "token_label": "NA"}, {"token": "miles", "start_char": 1612, "end_char": 1617, "token_label": "NA"}, {"token": ")", "start_char": 1617, "end_char": 1618, "token_label": "NA"}, {"token": "from", "start_char": 1619, "end_char": 1623, "token_label": "NA"}, {"token": "Bikoro", "start_char": 1624, "end_char": 1630, "token_label": "NA"}, {"token": ",", "start_char": 1630, "end_char": 1631, "token_label": "NA"}, {"token": "where", "start_char": 1632, "end_char": 1637, "token_label": "NA"}, {"token": "treatment", "start_char": 1638, "end_char": 1647, "token_label": "NA"}, {"token": "capacities", "start_char": 1648, "end_char": 1658, "token_label": "NA"}, {"token": "are", "start_char": 1659, "end_char": 1662, "token_label": "NA"}, {"token": "limited", "start_char": 1663, "end_char": 1670, "token_label": "NA"}, {"token": ",", "start_char": 1670, "end_char": 1671, "token_label": "NA"}, {"token": "the", "start_char": 1672, "end_char": 1675, "token_label": "NA"}, {"token": "WHO", "start_char": 1676, "end_char": 1679, "token_label": "NA"}, {"token": "said", "start_char": 1680, "end_char": 1684, "token_label": "NA"}, {"token": ".", "start_char": 1684, "end_char": 1685, "token_label": "NA"}], "news_discourse_role": 4, "news_discourse_role_prob_0": 6.8761564762098715e-06, "news_discourse_role_prob_1": 0.0009714707848615944, "news_discourse_role_prob_2": 0.005760859698057175, "news_discourse_role_prob_3": 0.001015253714285791, "news_discourse_role_prob_4": 0.9921162724494934, "news_discourse_role_prob_5": 2.3555186999146827e-05, "news_discourse_role_prob_6": 1.1139188245579135e-05, "news_discourse_role_prob_7": 7.860119512770325e-05, "news_discourse_role_prob_8": 1.5922601960483007e-05, "previous_discourse_relation": 3, "previous_discourse_relation_prob_comp": 0.0013930137502029538, "previous_discourse_relation_prob_cont": 0.013806937262415886, "previous_discourse_relation_prob_temp": 0.0018107678042724729, "previous_discourse_relation_prob_expan": 0.9829893708229065, "latter_discourse_relation": 3, "latter_discourse_relation_prob_comp": 0.016390865668654442, "latter_discourse_relation_prob_cont": 0.022007495164871216, "latter_discourse_relation_prob_temp": 0.03320519998669624, "latter_discourse_relation_prob_expan": 0.9283963441848755}, {"sentence_id": 12, "sentence_start": 1686, "sentence_end": 1864, "sentence_text": "A team of experts from the WHO, Doctors without Borders (DRC) and Equateur province travelled to Bikoro on Tuesday to beef up coordination and carry out investigations, it said.", "sentence_label": "NA", "tokens_list": ["A", "team", "of", "experts", "from", "the", "WHO", ",", "Doctors", "without", "Borders", "(", "DRC", ")", "and", "Equateur", "province", "travelled", "to", "Bikoro", "on", "Tuesday", "to", "beef", "up", "coordination", "and", "carry", "out", "investigations", ",", "it", "said", "."], "tokens_dicts_list": [{"token": "A", "start_char": 1686, "end_char": 1687, "token_label": "NA"}, {"token": "team", "start_char": 1688, "end_char": 1692, "token_label": "NA"}, {"token": "of", "start_char": 1693, "end_char": 1695, "token_label": "NA"}, {"token": "experts", "start_char": 1696, "end_char": 1703, "token_label": "NA"}, {"token": "from", "start_char": 1704, "end_char": 1708, "token_label": "NA"}, {"token": "the", "start_char": 1709, "end_char": 1712, "token_label": "NA"}, {"token": "WHO", "start_char": 1713, "end_char": 1716, "token_label": "NA"}, {"token": ",", "start_char": 1716, "end_char": 1717, "token_label": "NA"}, {"token": "Doctors", "start_char": 1718, "end_char": 1725, "token_label": "NA"}, {"token": "without", "start_char": 1726, "end_char": 1733, "token_label": "NA"}, {"token": "Borders", "start_char": 1734, "end_char": 1741, "token_label": "NA"}, {"token": "(", "start_char": 1742, "end_char": 1743, "token_label": "NA"}, {"token": "DRC", "start_char": 1743, "end_char": 1746, "token_label": "NA"}, {"token": ")", "start_char": 1746, "end_char": 1747, "token_label": "NA"}, {"token": "and", "start_char": 1748, "end_char": 1751, "token_label": "NA"}, {"token": "Equateur", "start_char": 1752, "end_char": 1760, "token_label": "NA"}, {"token": "province", "start_char": 1761, "end_char": 1769, "token_label": "NA"}, {"token": "travelled", "start_char": 1770, "end_char": 1779, "token_label": "NA"}, {"token": "to", "start_char": 1780, "end_char": 1782, "token_label": "NA"}, {"token": "Bikoro", "start_char": 1783, "end_char": 1789, "token_label": "NA"}, {"token": "on", "start_char": 1790, "end_char": 1792, "token_label": "NA"}, {"token": "Tuesday", "start_char": 1793, "end_char": 1800, "token_label": "NA"}, {"token": "to", "start_char": 1801, "end_char": 1803, "token_label": "NA"}, {"token": "beef", "start_char": 1804, "end_char": 1808, "token_label": "NA"}, {"token": "up", "start_char": 1809, "end_char": 1811, "token_label": "NA"}, {"token": "coordination", "start_char": 1812, "end_char": 1824, "token_label": "NA"}, {"token": "and", "start_char": 1825, "end_char": 1828, "token_label": "NA"}, {"token": "carry", "start_char": 1829, "end_char": 1834, "token_label": "NA"}, {"token": "out", "start_char": 1835, "end_char": 1838, "token_label": "NA"}, {"token": "investigations", "start_char": 1839, "end_char": 1853, "token_label": "NA"}, {"token": ",", "start_char": 1853, "end_char": 1854, "token_label": "NA"}, {"token": "it", "start_char": 1855, "end_char": 1857, "token_label": "NA"}, {"token": "said", "start_char": 1858, "end_char": 1862, "token_label": "NA"}, {"token": ".", "start_char": 1862, "end_char": 1863, "token_label": "NA"}], "news_discourse_role": 4, "news_discourse_role_prob_0": 1.0914779522863682e-05, "news_discourse_role_prob_1": 0.0051154764369130135, "news_discourse_role_prob_2": 0.06214210391044617, "news_discourse_role_prob_3": 0.0004059974162373692, "news_discourse_role_prob_4": 0.9318103790283203, "news_discourse_role_prob_5": 3.4644945117179304e-05, "news_discourse_role_prob_6": 2.2363828975358047e-05, "news_discourse_role_prob_7": 0.0002943402505479753, "news_discourse_role_prob_8": 0.0001637147506698966, "previous_discourse_relation": 3, "previous_discourse_relation_prob_comp": 0.016390865668654442, "previous_discourse_relation_prob_cont": 0.022007495164871216, "previous_discourse_relation_prob_temp": 0.03320519998669624, "previous_discourse_relation_prob_expan": 0.9283963441848755, "latter_discourse_relation": 1, "latter_discourse_relation_prob_comp": 0.006734251976013184, "latter_discourse_relation_prob_cont": 0.7790101766586304, "latter_discourse_relation_prob_temp": 0.013238411396741867, "latter_discourse_relation_prob_expan": 0.20101727545261383}, {"sentence_id": 13, "sentence_start": 1864, "sentence_end": 1968, "sentence_text": "Ebola is one of the world's most notorious diseases, being both highly infectious and extremely lethal.", "sentence_label": "Appeal_to_fear-prejudice", "tokens_list": ["Ebola", "is", "one", "of", "the", "world", "'s", "most", "notorious", "diseases", ",", "being", "both", "highly", "infectious", "and", "extremely", "lethal", "."], "tokens_dicts_list": [{"token": "Ebola", "start_char": 1864, "end_char": 1869, "token_label": "NA"}, {"token": "is", "start_char": 1870, "end_char": 1872, "token_label": "NA"}, {"token": "one", "start_char": 1873, "end_char": 1876, "token_label": "NA"}, {"token": "of", "start_char": 1877, "end_char": 1879, "token_label": "NA"}, {"token": "the", "start_char": 1880, "end_char": 1883, "token_label": "NA"}, {"token": "world", "start_char": 1884, "end_char": 1889, "token_label": "NA"}, {"token": "'s", "start_char": 1889, "end_char": 1891, "token_label": "NA"}, {"token": "most", "start_char": 1892, "end_char": 1896, "token_label": "NA"}, {"token": "notorious", "start_char": 1897, "end_char": 1906, "token_label": "NA"}, {"token": "diseases", "start_char": 1907, "end_char": 1915, "token_label": "NA"}, {"token": ",", "start_char": 1915, "end_char": 1916, "token_label": "NA"}, {"token": "being", "start_char": 1917, "end_char": 1922, "token_label": "NA"}, {"token": "both", "start_char": 1923, "end_char": 1927, "token_label": "NA"}, {"token": "highly", "start_char": 1928, "end_char": 1934, "token_label": "Appeal_to_fear-prejudice"}, {"token": "infectious", "start_char": 1935, "end_char": 1945, "token_label": "Appeal_to_fear-prejudice"}, {"token": "and", "start_char": 1946, "end_char": 1949, "token_label": "Appeal_to_fear-prejudice"}, {"token": "extremely", "start_char": 1950, "end_char": 1959, "token_label": "Appeal_to_fear-prejudice"}, {"token": "lethal", "start_char": 1960, "end_char": 1966, "token_label": "Appeal_to_fear-prejudice"}, {"token": ".", "start_char": 1966, "end_char": 1967, "token_label": "NA"}], "news_discourse_role": 7, "news_discourse_role_prob_0": 1.532005626359023e-05, "news_discourse_role_prob_1": 8.066657755989581e-05, "news_discourse_role_prob_2": 0.0018944701878353953, "news_discourse_role_prob_3": 0.0019643036648631096, "news_discourse_role_prob_4": 0.15639063715934753, "news_discourse_role_prob_5": 0.002019734587520361, "news_discourse_role_prob_6": 0.0006451216177083552, "news_discourse_role_prob_7": 0.8358260989189148, "news_discourse_role_prob_8": 0.0011637626448646188, "previous_discourse_relation": 1, "previous_discourse_relation_prob_comp": 0.006734251976013184, "previous_discourse_relation_prob_cont": 0.7790101766586304, "previous_discourse_relation_prob_temp": 0.013238411396741867, "previous_discourse_relation_prob_expan": 0.20101727545261383, "latter_discourse_relation": 3, "latter_discourse_relation_prob_comp": 0.0006713393959216774, "latter_discourse_relation_prob_cont": 0.3662565350532532, "latter_discourse_relation_prob_temp": 0.0004850271507166326, "latter_discourse_relation_prob_expan": 0.6325871348381042}, {"sentence_id": 14, "sentence_start": 1968, "sentence_end": 2131, "sentence_text": "It is caused by a virus that has a natural reservoir in the bat, which does not itself fall ill, but can pass the microbe on to humans who hunt it for \"bushmeat\".", "sentence_label": "NA", "tokens_list": ["It", "is", "caused", "by", "a", "virus", "that", "has", "a", "natural", "reservoir", "in", "the", "bat", ",", "which", "does", "not", "itself", "fall", "ill", ",", "but", "can", "pass", "the", "microbe", "on", "to", "humans", "who", "hunt", "it", "for", "\"", "bushmeat", "\"", "."], "tokens_dicts_list": [{"token": "It", "start_char": 1968, "end_char": 1970, "token_label": "NA"}, {"token": "is", "start_char": 1971, "end_char": 1973, "token_label": "NA"}, {"token": "caused", "start_char": 1974, "end_char": 1980, "token_label": "NA"}, {"token": "by", "start_char": 1981, "end_char": 1983, "token_label": "NA"}, {"token": "a", "start_char": 1984, "end_char": 1985, "token_label": "NA"}, {"token": "virus", "start_char": 1986, "end_char": 1991, "token_label": "NA"}, {"token": "that", "start_char": 1992, "end_char": 1996, "token_label": "NA"}, {"token": "has", "start_char": 1997, "end_char": 2000, "token_label": "NA"}, {"token": "a", "start_char": 2001, "end_char": 2002, "token_label": "NA"}, {"token": "natural", "start_char": 2003, "end_char": 2010, "token_label": "NA"}, {"token": "reservoir", "start_char": 2011, "end_char": 2020, "token_label": "NA"}, {"token": "in", "start_char": 2021, "end_char": 2023, "token_label": "NA"}, {"token": "the", "start_char": 2024, "end_char": 2027, "token_label": "NA"}, {"token": "bat", "start_char": 2028, "end_char": 2031, "token_label": "NA"}, {"token": ",", "start_char": 2031, "end_char": 2032, "token_label": "NA"}, {"token": "which", "start_char": 2033, "end_char": 2038, "token_label": "NA"}, {"token": "does", "start_char": 2039, "end_char": 2043, "token_label": "NA"}, {"token": "not", "start_char": 2044, "end_char": 2047, "token_label": "NA"}, {"token": "itself", "start_char": 2048, "end_char": 2054, "token_label": "NA"}, {"token": "fall", "start_char": 2055, "end_char": 2059, "token_label": "NA"}, {"token": "ill", "start_char": 2060, "end_char": 2063, "token_label": "NA"}, {"token": ",", "start_char": 2063, "end_char": 2064, "token_label": "NA"}, {"token": "but", "start_char": 2065, "end_char": 2068, "token_label": "NA"}, {"token": "can", "start_char": 2069, "end_char": 2072, "token_label": "NA"}, {"token": "pass", "start_char": 2073, "end_char": 2077, "token_label": "NA"}, {"token": "the", "start_char": 2078, "end_char": 2081, "token_label": "NA"}, {"token": "microbe", "start_char": 2082, "end_char": 2089, "token_label": "NA"}, {"token": "on", "start_char": 2090, "end_char": 2092, "token_label": "NA"}, {"token": "to", "start_char": 2093, "end_char": 2095, "token_label": "NA"}, {"token": "humans", "start_char": 2096, "end_char": 2102, "token_label": "NA"}, {"token": "who", "start_char": 2103, "end_char": 2106, "token_label": "NA"}, {"token": "hunt", "start_char": 2107, "end_char": 2111, "token_label": "NA"}, {"token": "it", "start_char": 2112, "end_char": 2114, "token_label": "NA"}, {"token": "for", "start_char": 2115, "end_char": 2118, "token_label": "NA"}, {"token": "\"", "start_char": 2119, "end_char": 2120, "token_label": "NA"}, {"token": "bushmeat", "start_char": 2120, "end_char": 2128, "token_label": "NA"}, {"token": "\"", "start_char": 2128, "end_char": 2129, "token_label": "NA"}, {"token": ".", "start_char": 2129, "end_char": 2130, "token_label": "NA"}], "news_discourse_role": 4, "news_discourse_role_prob_0": 0.00012642968795262277, "news_discourse_role_prob_1": 0.0020384725648909807, "news_discourse_role_prob_2": 0.00324442982673645, "news_discourse_role_prob_3": 0.15373510122299194, "news_discourse_role_prob_4": 0.6924064755439758, "news_discourse_role_prob_5": 0.02461955137550831, "news_discourse_role_prob_6": 0.0011241764295846224, "news_discourse_role_prob_7": 0.12110858410596848, "news_discourse_role_prob_8": 0.0015968233346939087, "previous_discourse_relation": 3, "previous_discourse_relation_prob_comp": 0.0006713393959216774, "previous_discourse_relation_prob_cont": 0.3662565350532532, "previous_discourse_relation_prob_temp": 0.0004850271507166326, "previous_discourse_relation_prob_expan": 0.6325871348381042, "latter_discourse_relation": 3, "latter_discourse_relation_prob_comp": 0.0008483371348120272, "latter_discourse_relation_prob_cont": 0.0021378067322075367, "latter_discourse_relation_prob_temp": 0.0003720139793585986, "latter_discourse_relation_prob_expan": 0.9966417551040649}, {"sentence_id": 15, "sentence_start": 2131, "sentence_end": 2255, "sentence_text": "The virus is handed on by contact with bodily fluids -- touching a sick or dead person is a well-known source of infection.", "sentence_label": "NA", "tokens_list": ["The", "virus", "is", "handed", "on", "by", "contact", "with", "bodily", "fluids", "--", "touching", "a", "sick", "or", "dead", "person", "is", "a", "well-known", "source", "of", "infection", "."], "tokens_dicts_list": [{"token": "The", "start_char": 2131, "end_char": 2134, "token_label": "NA"}, {"token": "virus", "start_char": 2135, "end_char": 2140, "token_label": "NA"}, {"token": "is", "start_char": 2141, "end_char": 2143, "token_label": "NA"}, {"token": "handed", "start_char": 2144, "end_char": 2150, "token_label": "NA"}, {"token": "on", "start_char": 2151, "end_char": 2153, "token_label": "NA"}, {"token": "by", "start_char": 2154, "end_char": 2156, "token_label": "NA"}, {"token": "contact", "start_char": 2157, "end_char": 2164, "token_label": "NA"}, {"token": "with", "start_char": 2165, "end_char": 2169, "token_label": "NA"}, {"token": "bodily", "start_char": 2170, "end_char": 2176, "token_label": "NA"}, {"token": "fluids", "start_char": 2177, "end_char": 2183, "token_label": "NA"}, {"token": "--", "start_char": 2184, "end_char": 2186, "token_label": "NA"}, {"token": "touching", "start_char": 2187, "end_char": 2195, "token_label": "NA"}, {"token": "a", "start_char": 2196, "end_char": 2197, "token_label": "NA"}, {"token": "sick", "start_char": 2198, "end_char": 2202, "token_label": "NA"}, {"token": "or", "start_char": 2203, "end_char": 2205, "token_label": "NA"}, {"token": "dead", "start_char": 2206, "end_char": 2210, "token_label": "NA"}, {"token": "person", "start_char": 2211, "end_char": 2217, "token_label": "NA"}, {"token": "is", "start_char": 2218, "end_char": 2220, "token_label": "NA"}, {"token": "a", "start_char": 2221, "end_char": 2222, "token_label": "NA"}, {"token": "well-known", "start_char": 2223, "end_char": 2233, "token_label": "NA"}, {"token": "source", "start_char": 2234, "end_char": 2240, "token_label": "NA"}, {"token": "of", "start_char": 2241, "end_char": 2243, "token_label": "NA"}, {"token": "infection", "start_char": 2244, "end_char": 2253, "token_label": "NA"}, {"token": ".", "start_char": 2253, "end_char": 2254, "token_label": "NA"}], "news_discourse_role": 4, "news_discourse_role_prob_0": 0.00015879755665082484, "news_discourse_role_prob_1": 0.0008971518836915493, "news_discourse_role_prob_2": 0.00295692915096879, "news_discourse_role_prob_3": 0.0767611712217331, "news_discourse_role_prob_4": 0.6654658317565918, "news_discourse_role_prob_5": 0.10828739404678345, "news_discourse_role_prob_6": 0.003844094229862094, "news_discourse_role_prob_7": 0.1392558515071869, "news_discourse_role_prob_8": 0.0023727756924927235, "previous_discourse_relation": 3, "previous_discourse_relation_prob_comp": 0.0008483371348120272, "previous_discourse_relation_prob_cont": 0.0021378067322075367, "previous_discourse_relation_prob_temp": 0.0003720139793585986, "previous_discourse_relation_prob_expan": 0.9966417551040649, "latter_discourse_relation": 3, "latter_discourse_relation_prob_comp": 0.002865989226847887, "latter_discourse_relation_prob_cont": 0.1974417120218277, "latter_discourse_relation_prob_temp": 0.07347287237644196, "latter_discourse_relation_prob_expan": 0.7262194156646729}, {"sentence_id": 16, "sentence_start": 2255, "sentence_end": 2418, "sentence_text": "Following an incubation period of between two and 21 days, Ebola develops into a high fever, weakness, intense muscle and joint pain, headaches and a sore throat.", "sentence_label": "NA", "tokens_list": ["Following", "an", "incubation", "period", "of", "between", "two", "and", "21", "days", ",", "Ebola", "develops", "into", "a", "high", "fever", ",", "weakness", ",", "intense", "muscle", "and", "joint", "pain", ",", "headaches", "and", "a", "sore", "throat", "."], "tokens_dicts_list": [{"token": "Following", "start_char": 2255, "end_char": 2264, "token_label": "NA"}, {"token": "an", "start_char": 2265, "end_char": 2267, "token_label": "NA"}, {"token": "incubation", "start_char": 2268, "end_char": 2278, "token_label": "NA"}, {"token": "period", "start_char": 2279, "end_char": 2285, "token_label": "NA"}, {"token": "of", "start_char": 2286, "end_char": 2288, "token_label": "NA"}, {"token": "between", "start_char": 2289, "end_char": 2296, "token_label": "NA"}, {"token": "two", "start_char": 2297, "end_char": 2300, "token_label": "NA"}, {"token": "and", "start_char": 2301, "end_char": 2304, "token_label": "NA"}, {"token": "21", "start_char": 2305, "end_char": 2307, "token_label": "NA"}, {"token": "days", "start_char": 2308, "end_char": 2312, "token_label": "NA"}, {"token": ",", "start_char": 2312, "end_char": 2313, "token_label": "NA"}, {"token": "Ebola", "start_char": 2314, "end_char": 2319, "token_label": "NA"}, {"token": "develops", "start_char": 2320, "end_char": 2328, "token_label": "NA"}, {"token": "into", "start_char": 2329, "end_char": 2333, "token_label": "NA"}, {"token": "a", "start_char": 2334, "end_char": 2335, "token_label": "NA"}, {"token": "high", "start_char": 2336, "end_char": 2340, "token_label": "NA"}, {"token": "fever", "start_char": 2341, "end_char": 2346, "token_label": "NA"}, {"token": ",", "start_char": 2346, "end_char": 2347, "token_label": "NA"}, {"token": "weakness", "start_char": 2348, "end_char": 2356, "token_label": "NA"}, {"token": ",", "start_char": 2356, "end_char": 2357, "token_label": "NA"}, {"token": "intense", "start_char": 2358, "end_char": 2365, "token_label": "NA"}, {"token": "muscle", "start_char": 2366, "end_char": 2372, "token_label": "NA"}, {"token": "and", "start_char": 2373, "end_char": 2376, "token_label": "NA"}, {"token": "joint", "start_char": 2377, "end_char": 2382, "token_label": "NA"}, {"token": "pain", "start_char": 2383, "end_char": 2387, "token_label": "NA"}, {"token": ",", "start_char": 2387, "end_char": 2388, "token_label": "NA"}, {"token": "headaches", "start_char": 2389, "end_char": 2398, "token_label": "NA"}, {"token": "and", "start_char": 2399, "end_char": 2402, "token_label": "NA"}, {"token": "a", "start_char": 2403, "end_char": 2404, "token_label": "NA"}, {"token": "sore", "start_char": 2405, "end_char": 2409, "token_label": "NA"}, {"token": "throat", "start_char": 2410, "end_char": 2416, "token_label": "NA"}, {"token": ".", "start_char": 2416, "end_char": 2417, "token_label": "NA"}], "news_discourse_role": 3, "news_discourse_role_prob_0": 3.094813655479811e-05, "news_discourse_role_prob_1": 0.04758176580071449, "news_discourse_role_prob_2": 0.024152712896466255, "news_discourse_role_prob_3": 0.5530520081520081, "news_discourse_role_prob_4": 0.30254197120666504, "news_discourse_role_prob_5": 0.018403461202979088, "news_discourse_role_prob_6": 0.002709672087803483, "news_discourse_role_prob_7": 0.04100719466805458, "news_discourse_role_prob_8": 0.010520264506340027, "previous_discourse_relation": 3, "previous_discourse_relation_prob_comp": 0.002865989226847887, "previous_discourse_relation_prob_cont": 0.1974417120218277, "previous_discourse_relation_prob_temp": 0.07347287237644196, "previous_discourse_relation_prob_expan": 0.7262194156646729, "latter_discourse_relation": 3, "latter_discourse_relation_prob_comp": 0.003717750310897827, "latter_discourse_relation_prob_cont": 0.009231106378138065, "latter_discourse_relation_prob_temp": 0.3799617290496826, "latter_discourse_relation_prob_expan": 0.6070894002914429}, {"sentence_id": 17, "sentence_start": 2418, "sentence_end": 2546, "sentence_text": "That is often followed by vomiting and diarrhoea, skin eruptions, kidney and liver failure, and internal and external bleeding.", "sentence_label": "NA", "tokens_list": ["That", "is", "often", "followed", "by", "vomiting", "and", "diarrhoea", ",", "skin", "eruptions", ",", "kidney", "and", "liver", "failure", ",", "and", "internal", "and", "external", "bleeding", "."], "tokens_dicts_list": [{"token": "That", "start_char": 2418, "end_char": 2422, "token_label": "NA"}, {"token": "is", "start_char": 2423, "end_char": 2425, "token_label": "NA"}, {"token": "often", "start_char": 2426, "end_char": 2431, "token_label": "NA"}, {"token": "followed", "start_char": 2432, "end_char": 2440, "token_label": "NA"}, {"token": "by", "start_char": 2441, "end_char": 2443, "token_label": "NA"}, {"token": "vomiting", "start_char": 2444, "end_char": 2452, "token_label": "NA"}, {"token": "and", "start_char": 2453, "end_char": 2456, "token_label": "NA"}, {"token": "diarrhoea", "start_char": 2457, "end_char": 2466, "token_label": "NA"}, {"token": ",", "start_char": 2466, "end_char": 2467, "token_label": "NA"}, {"token": "skin", "start_char": 2468, "end_char": 2472, "token_label": "NA"}, {"token": "eruptions", "start_char": 2473, "end_char": 2482, "token_label": "NA"}, {"token": ",", "start_char": 2482, "end_char": 2483, "token_label": "NA"}, {"token": "kidney", "start_char": 2484, "end_char": 2490, "token_label": "NA"}, {"token": "and", "start_char": 2491, "end_char": 2494, "token_label": "NA"}, {"token": "liver", "start_char": 2495, "end_char": 2500, "token_label": "NA"}, {"token": "failure", "start_char": 2501, "end_char": 2508, "token_label": "NA"}, {"token": ",", "start_char": 2508, "end_char": 2509, "token_label": "NA"}, {"token": "and", "start_char": 2510, "end_char": 2513, "token_label": "NA"}, {"token": "internal", "start_char": 2514, "end_char": 2522, "token_label": "NA"}, {"token": "and", "start_char": 2523, "end_char": 2526, "token_label": "NA"}, {"token": "external", "start_char": 2527, "end_char": 2535, "token_label": "NA"}, {"token": "bleeding", "start_char": 2536, "end_char": 2544, "token_label": "NA"}, {"token": ".", "start_char": 2544, "end_char": 2545, "token_label": "NA"}], "news_discourse_role": 4, "news_discourse_role_prob_0": 0.00017236813437193632, "news_discourse_role_prob_1": 0.07997018098831177, "news_discourse_role_prob_2": 0.1521933376789093, "news_discourse_role_prob_3": 0.07334007322788239, "news_discourse_role_prob_4": 0.5998144149780273, "news_discourse_role_prob_5": 0.009404690936207771, "news_discourse_role_prob_6": 0.008026288822293282, "news_discourse_role_prob_7": 0.04185355454683304, "news_discourse_role_prob_8": 0.03522505238652229, "previous_discourse_relation": 3, "previous_discourse_relation_prob_comp": 0.003717750310897827, "previous_discourse_relation_prob_cont": 0.009231106378138065, "previous_discourse_relation_prob_temp": 0.3799617290496826, "previous_discourse_relation_prob_expan": 0.6070894002914429, "latter_discourse_relation": 3, "latter_discourse_relation_prob_comp": 0.0025590360164642334, "latter_discourse_relation_prob_cont": 0.0022412387188524008, "latter_discourse_relation_prob_temp": 0.001384572358801961, "latter_discourse_relation_prob_expan": 0.9938151836395264}, {"sentence_id": 18, "sentence_start": 2546, "sentence_end": 2707, "sentence_text": "The worst-ever Ebola outbreak started in December 2013 in southern Guinea before spreading to two neighbouring west African countries, Liberia and Sierra Leone.", "sentence_label": "NA", "tokens_list": ["The", "worst-ever", "Ebola", "outbreak", "started", "in", "December", "2013", "in", "southern", "Guinea", "before", "spreading", "to", "two", "neighbouring", "west", "African", "countries", ",", "Liberia", "and", "Sierra", "Leone", "."], "tokens_dicts_list": [{"token": "The", "start_char": 2546, "end_char": 2549, "token_label": "NA"}, {"token": "worst-ever", "start_char": 2550, "end_char": 2560, "token_label": "NA"}, {"token": "Ebola", "start_char": 2561, "end_char": 2566, "token_label": "NA"}, {"token": "outbreak", "start_char": 2567, "end_char": 2575, "token_label": "NA"}, {"token": "started", "start_char": 2576, "end_char": 2583, "token_label": "NA"}, {"token": "in", "start_char": 2584, "end_char": 2586, "token_label": "NA"}, {"token": "December", "start_char": 2587, "end_char": 2595, "token_label": "NA"}, {"token": "2013", "start_char": 2596, "end_char": 2600, "token_label": "NA"}, {"token": "in", "start_char": 2601, "end_char": 2603, "token_label": "NA"}, {"token": "southern", "start_char": 2604, "end_char": 2612, "token_label": "NA"}, {"token": "Guinea", "start_char": 2613, "end_char": 2619, "token_label": "NA"}, {"token": "before", "start_char": 2620, "end_char": 2626, "token_label": "NA"}, {"token": "spreading", "start_char": 2627, "end_char": 2636, "token_label": "NA"}, {"token": "to", "start_char": 2637, "end_char": 2639, "token_label": "NA"}, {"token": "two", "start_char": 2640, "end_char": 2643, "token_label": "NA"}, {"token": "neighbouring", "start_char": 2644, "end_char": 2656, "token_label": "NA"}, {"token": "west", "start_char": 2657, "end_char": 2661, "token_label": "NA"}, {"token": "African", "start_char": 2662, "end_char": 2669, "token_label": "NA"}, {"token": "countries", "start_char": 2670, "end_char": 2679, "token_label": "NA"}, {"token": ",", "start_char": 2679, "end_char": 2680, "token_label": "NA"}, {"token": "Liberia", "start_char": 2681, "end_char": 2688, "token_label": "NA"}, {"token": "and", "start_char": 2689, "end_char": 2692, "token_label": "NA"}, {"token": "Sierra", "start_char": 2693, "end_char": 2699, "token_label": "NA"}, {"token": "Leone", "start_char": 2700, "end_char": 2705, "token_label": "NA"}, {"token": ".", "start_char": 2705, "end_char": 2706, "token_label": "NA"}], "news_discourse_role": 5, "news_discourse_role_prob_0": 7.642138371011242e-07, "news_discourse_role_prob_1": 8.478305630887917e-07, "news_discourse_role_prob_2": 3.852154804917518e-06, "news_discourse_role_prob_3": 4.610058749676682e-05, "news_discourse_role_prob_4": 0.0004862359201069921, "news_discourse_role_prob_5": 0.9994527697563171, "news_discourse_role_prob_6": 1.6837775547173806e-06, "news_discourse_role_prob_7": 6.1664136410399806e-06, "news_discourse_role_prob_8": 1.5840405467315577e-06, "previous_discourse_relation": 3, "previous_discourse_relation_prob_comp": 0.0025590360164642334, "previous_discourse_relation_prob_cont": 0.0022412387188524008, "previous_discourse_relation_prob_temp": 0.001384572358801961, "previous_discourse_relation_prob_expan": 0.9938151836395264, "latter_discourse_relation": 3, "latter_discourse_relation_prob_comp": 0.003644737880676985, "latter_discourse_relation_prob_cont": 0.2138281911611557, "latter_discourse_relation_prob_temp": 0.012033035047352314, "latter_discourse_relation_prob_expan": 0.7704940438270569}, {"sentence_id": 19, "sentence_start": 2707, "sentence_end": 2883, "sentence_text": "That outbreak killed more than 11,300 people out of nearly 29,000 registered cases, according to WHO estimates, although the real figure is thought to be significantly higher.", "sentence_label": "NA", "tokens_list": ["That", "outbreak", "killed", "more", "than", "11,300", "people", "out", "of", "nearly", "29,000", "registered", "cases", ",", "according", "to", "WHO", "estimates", ",", "although", "the", "real", "figure", "is", "thought", "to", "be", "significantly", "higher", "."], "tokens_dicts_list": [{"token": "That", "start_char": 2707, "end_char": 2711, "token_label": "NA"}, {"token": "outbreak", "start_char": 2712, "end_char": 2720, "token_label": "NA"}, {"token": "killed", "start_char": 2721, "end_char": 2727, "token_label": "NA"}, {"token": "more", "start_char": 2728, "end_char": 2732, "token_label": "NA"}, {"token": "than", "start_char": 2733, "end_char": 2737, "token_label": "NA"}, {"token": "11,300", "start_char": 2738, "end_char": 2744, "token_label": "NA"}, {"token": "people", "start_char": 2745, "end_char": 2751, "token_label": "NA"}, {"token": "out", "start_char": 2752, "end_char": 2755, "token_label": "NA"}, {"token": "of", "start_char": 2756, "end_char": 2758, "token_label": "NA"}, {"token": "nearly", "start_char": 2759, "end_char": 2765, "token_label": "NA"}, {"token": "29,000", "start_char": 2766, "end_char": 2772, "token_label": "NA"}, {"token": "registered", "start_char": 2773, "end_char": 2783, "token_label": "NA"}, {"token": "cases", "start_char": 2784, "end_char": 2789, "token_label": "NA"}, {"token": ",", "start_char": 2789, "end_char": 2790, "token_label": "NA"}, {"token": "according", "start_char": 2791, "end_char": 2800, "token_label": "NA"}, {"token": "to", "start_char": 2801, "end_char": 2803, "token_label": "NA"}, {"token": "WHO", "start_char": 2804, "end_char": 2807, "token_label": "NA"}, {"token": "estimates", "start_char": 2808, "end_char": 2817, "token_label": "NA"}, {"token": ",", "start_char": 2817, "end_char": 2818, "token_label": "NA"}, {"token": "although", "start_char": 2819, "end_char": 2827, "token_label": "NA"}, {"token": "the", "start_char": 2828, "end_char": 2831, "token_label": "NA"}, {"token": "real", "start_char": 2832, "end_char": 2836, "token_label": "NA"}, {"token": "figure", "start_char": 2837, "end_char": 2843, "token_label": "NA"}, {"token": "is", "start_char": 2844, "end_char": 2846, "token_label": "NA"}, {"token": "thought", "start_char": 2847, "end_char": 2854, "token_label": "NA"}, {"token": "to", "start_char": 2855, "end_char": 2857, "token_label": "NA"}, {"token": "be", "start_char": 2858, "end_char": 2860, "token_label": "NA"}, {"token": "significantly", "start_char": 2861, "end_char": 2874, "token_label": "NA"}, {"token": "higher", "start_char": 2875, "end_char": 2881, "token_label": "NA"}, {"token": ".", "start_char": 2881, "end_char": 2882, "token_label": "NA"}], "news_discourse_role": 5, "news_discourse_role_prob_0": 6.309295486062183e-07, "news_discourse_role_prob_1": 1.4284963754107594e-06, "news_discourse_role_prob_2": 9.72320958680939e-06, "news_discourse_role_prob_3": 8.378889469895512e-05, "news_discourse_role_prob_4": 0.0009500182932242751, "news_discourse_role_prob_5": 0.9989342093467712, "news_discourse_role_prob_6": 2.6476527636987157e-06, "news_discourse_role_prob_7": 1.1726506272680126e-05, "news_discourse_role_prob_8": 5.843277904205024e-06, "previous_discourse_relation": 3, "previous_discourse_relation_prob_comp": 0.003644737880676985, "previous_discourse_relation_prob_cont": 0.2138281911611557, "previous_discourse_relation_prob_temp": 0.012033035047352314, "previous_discourse_relation_prob_expan": 0.7704940438270569, "latter_discourse_relation": 3, "latter_discourse_relation_prob_comp": 0.00337315839715302, "latter_discourse_relation_prob_cont": 0.007505012676119804, "latter_discourse_relation_prob_temp": 0.0003567769890651107, "latter_discourse_relation_prob_expan": 0.9887651205062866}, {"sentence_id": 20, "sentence_start": 2883, "sentence_end": 3032, "sentence_text": "More than 99 percent of victims were in the three West African countries, although cases occurred in other parts of the world, often stirring panic.", "sentence_label": "NA", "tokens_list": ["More", "than", "99", "percent", "of", "victims", "were", "in", "the", "three", "West", "African", "countries", ",", "although", "cases", "occurred", "in", "other", "parts", "of", "the", "world", ",", "often", "stirring", "panic", "."], "tokens_dicts_list": [{"token": "More", "start_char": 2883, "end_char": 2887, "token_label": "NA"}, {"token": "than", "start_char": 2888, "end_char": 2892, "token_label": "NA"}, {"token": "99", "start_char": 2893, "end_char": 2895, "token_label": "NA"}, {"token": "percent", "start_char": 2896, "end_char": 2903, "token_label": "NA"}, {"token": "of", "start_char": 2904, "end_char": 2906, "token_label": "NA"}, {"token": "victims", "start_char": 2907, "end_char": 2914, "token_label": "NA"}, {"token": "were", "start_char": 2915, "end_char": 2919, "token_label": "NA"}, {"token": "in", "start_char": 2920, "end_char": 2922, "token_label": "NA"}, {"token": "the", "start_char": 2923, "end_char": 2926, "token_label": "NA"}, {"token": "three", "start_char": 2927, "end_char": 2932, "token_label": "NA"}, {"token": "West", "start_char": 2933, "end_char": 2937, "token_label": "NA"}, {"token": "African", "start_char": 2938, "end_char": 2945, "token_label": "NA"}, {"token": "countries", "start_char": 2946, "end_char": 2955, "token_label": "NA"}, {"token": ",", "start_char": 2955, "end_char": 2956, "token_label": "NA"}, {"token": "although", "start_char": 2957, "end_char": 2965, "token_label": "NA"}, {"token": "cases", "start_char": 2966, "end_char": 2971, "token_label": "NA"}, {"token": "occurred", "start_char": 2972, "end_char": 2980, "token_label": "NA"}, {"token": "in", "start_char": 2981, "end_char": 2983, "token_label": "NA"}, {"token": "other", "start_char": 2984, "end_char": 2989, "token_label": "NA"}, {"token": "parts", "start_char": 2990, "end_char": 2995, "token_label": "NA"}, {"token": "of", "start_char": 2996, "end_char": 2998, "token_label": "NA"}, {"token": "the", "start_char": 2999, "end_char": 3002, "token_label": "NA"}, {"token": "world", "start_char": 3003, "end_char": 3008, "token_label": "NA"}, {"token": ",", "start_char": 3008, "end_char": 3009, "token_label": "NA"}, {"token": "often", "start_char": 3010, "end_char": 3015, "token_label": "NA"}, {"token": "stirring", "start_char": 3016, "end_char": 3024, "token_label": "NA"}, {"token": "panic", "start_char": 3025, "end_char": 3030, "token_label": "NA"}, {"token": ".", "start_char": 3030, "end_char": 3031, "token_label": "NA"}], "news_discourse_role": 5, "news_discourse_role_prob_0": 2.381568492637598e-06, "news_discourse_role_prob_1": 7.430157893395517e-06, "news_discourse_role_prob_2": 4.4204880396137014e-05, "news_discourse_role_prob_3": 0.0003858349227812141, "news_discourse_role_prob_4": 0.009713131003081799, "news_discourse_role_prob_5": 0.9896501302719116, "news_discourse_role_prob_6": 1.0855769687623251e-05, "news_discourse_role_prob_7": 0.00013223393762018532, "news_discourse_role_prob_8": 5.385105396271683e-05, "previous_discourse_relation": 3, "previous_discourse_relation_prob_comp": 0.00337315839715302, "previous_discourse_relation_prob_cont": 0.007505012676119804, "previous_discourse_relation_prob_temp": 0.0003567769890651107, "previous_discourse_relation_prob_expan": 0.9887651205062866, "latter_discourse_relation": 3, "latter_discourse_relation_prob_comp": 0.00866821501404047, "latter_discourse_relation_prob_cont": 0.04732631519436836, "latter_discourse_relation_prob_temp": 0.0012135503347963095, "latter_discourse_relation_prob_expan": 0.9427919387817383}, {"sentence_id": 21, "sentence_start": 3032, "sentence_end": 3166, "sentence_text": "There is no current vaccine to prevent Ebola or licensed treatment for it, although a range of experimental drugs are in development.", "sentence_label": "NA", "tokens_list": ["There", "is", "no", "current", "vaccine", "to", "prevent", "Ebola", "or", "licensed", "treatment", "for", "it", ",", "although", "a", "range", "of", "experimental", "drugs", "are", "in", "development", "."], "tokens_dicts_list": [{"token": "There", "start_char": 3032, "end_char": 3037, "token_label": "NA"}, {"token": "is", "start_char": 3038, "end_char": 3040, "token_label": "NA"}, {"token": "no", "start_char": 3041, "end_char": 3043, "token_label": "NA"}, {"token": "current", "start_char": 3044, "end_char": 3051, "token_label": "NA"}, {"token": "vaccine", "start_char": 3052, "end_char": 3059, "token_label": "NA"}, {"token": "to", "start_char": 3060, "end_char": 3062, "token_label": "NA"}, {"token": "prevent", "start_char": 3063, "end_char": 3070, "token_label": "NA"}, {"token": "Ebola", "start_char": 3071, "end_char": 3076, "token_label": "NA"}, {"token": "or", "start_char": 3077, "end_char": 3079, "token_label": "NA"}, {"token": "licensed", "start_char": 3080, "end_char": 3088, "token_label": "NA"}, {"token": "treatment", "start_char": 3089, "end_char": 3098, "token_label": "NA"}, {"token": "for", "start_char": 3099, "end_char": 3102, "token_label": "NA"}, {"token": "it", "start_char": 3103, "end_char": 3105, "token_label": "NA"}, {"token": ",", "start_char": 3105, "end_char": 3106, "token_label": "NA"}, {"token": "although", "start_char": 3107, "end_char": 3115, "token_label": "NA"}, {"token": "a", "start_char": 3116, "end_char": 3117, "token_label": "NA"}, {"token": "range", "start_char": 3118, "end_char": 3123, "token_label": "NA"}, {"token": "of", "start_char": 3124, "end_char": 3126, "token_label": "NA"}, {"token": "experimental", "start_char": 3127, "end_char": 3139, "token_label": "NA"}, {"token": "drugs", "start_char": 3140, "end_char": 3145, "token_label": "NA"}, {"token": "are", "start_char": 3146, "end_char": 3149, "token_label": "NA"}, {"token": "in", "start_char": 3150, "end_char": 3152, "token_label": "NA"}, {"token": "development", "start_char": 3153, "end_char": 3164, "token_label": "NA"}, {"token": ".", "start_char": 3164, "end_char": 3165, "token_label": "NA"}], "news_discourse_role": 4, "news_discourse_role_prob_0": 3.845862465823302e-06, "news_discourse_role_prob_1": 0.0003895113477483392, "news_discourse_role_prob_2": 0.0039974176324903965, "news_discourse_role_prob_3": 0.0010432780254632235, "news_discourse_role_prob_4": 0.9575493335723877, "news_discourse_role_prob_5": 0.000830808945465833, "news_discourse_role_prob_6": 0.00012078794679837301, "news_discourse_role_prob_7": 0.010304952971637249, "news_discourse_role_prob_8": 0.025760000571608543, "previous_discourse_relation": 3, "previous_discourse_relation_prob_comp": 0.00866821501404047, "previous_discourse_relation_prob_cont": 0.04732631519436836, "previous_discourse_relation_prob_temp": 0.0012135503347963095, "previous_discourse_relation_prob_expan": 0.9427919387817383, "latter_discourse_relation": 3, "latter_discourse_relation_prob_comp": 0.030176466330885887, "latter_discourse_relation_prob_cont": 0.012115268036723137, "latter_discourse_relation_prob_temp": 0.0006926460773684084, "latter_discourse_relation_prob_expan": 0.9570155739784241}, {"sentence_id": 22, "sentence_start": 3166, "sentence_end": 3228, "sentence_text": "Early care with rehydration may boost the chance of survival.", "sentence_label": "NA", "tokens_list": ["Early", "care", "with", "rehydration", "may", "boost", "the", "chance", "of", "survival", "."], "tokens_dicts_list": [{"token": "Early", "start_char": 3166, "end_char": 3171, "token_label": "NA"}, {"token": "care", "start_char": 3172, "end_char": 3176, "token_label": "NA"}, {"token": "with", "start_char": 3177, "end_char": 3181, "token_label": "NA"}, {"token": "rehydration", "start_char": 3182, "end_char": 3193, "token_label": "NA"}, {"token": "may", "start_char": 3194, "end_char": 3197, "token_label": "NA"}, {"token": "boost", "start_char": 3198, "end_char": 3203, "token_label": "NA"}, {"token": "the", "start_char": 3204, "end_char": 3207, "token_label": "NA"}, {"token": "chance", "start_char": 3208, "end_char": 3214, "token_label": "NA"}, {"token": "of", "start_char": 3215, "end_char": 3217, "token_label": "NA"}, {"token": "survival", "start_char": 3218, "end_char": 3226, "token_label": "NA"}, {"token": ".", "start_char": 3226, "end_char": 3227, "token_label": "NA"}], "news_discourse_role": 8, "news_discourse_role_prob_0": 3.532296204866725e-06, "news_discourse_role_prob_1": 8.121764403767884e-05, "news_discourse_role_prob_2": 0.0004985592677257955, "news_discourse_role_prob_3": 7.118195935618132e-05, "news_discourse_role_prob_4": 0.0017869995208457112, "news_discourse_role_prob_5": 0.00013703262084163725, "news_discourse_role_prob_6": 0.0004946209373883903, "news_discourse_role_prob_7": 0.007864587008953094, "news_discourse_role_prob_8": 0.9890622496604919, "previous_discourse_relation": 3, "previous_discourse_relation_prob_comp": 0.030176466330885887, "previous_discourse_relation_prob_cont": 0.012115268036723137, "previous_discourse_relation_prob_temp": 0.0006926460773684084, "previous_discourse_relation_prob_expan": 0.9570155739784241, "latter_discourse_relation": 3, "latter_discourse_relation_prob_comp": 0.010022240690886974, "latter_discourse_relation_prob_cont": 0.054957643151283264, "latter_discourse_relation_prob_temp": 0.004380053374916315, "latter_discourse_relation_prob_expan": 0.9306401610374451}, {"sentence_id": 23, "sentence_start": 3228, "sentence_end": 3383, "sentence_text": "Given the lack of a pharmaceutical weapon against Ebola, health experts have responded with time-honoured measures of control, prevention and containment.", "sentence_label": "NA", "tokens_list": ["Given", "the", "lack", "of", "a", "pharmaceutical", "weapon", "against", "Ebola", ",", "health", "experts", "have", "responded", "with", "time-honoured", "measures", "of", "control", ",", "prevention", "and", "containment", "."], "tokens_dicts_list": [{"token": "Given", "start_char": 3228, "end_char": 3233, "token_label": "NA"}, {"token": "the", "start_char": 3234, "end_char": 3237, "token_label": "NA"}, {"token": "lack", "start_char": 3238, "end_char": 3242, "token_label": "NA"}, {"token": "of", "start_char": 3243, "end_char": 3245, "token_label": "NA"}, {"token": "a", "start_char": 3246, "end_char": 3247, "token_label": "NA"}, {"token": "pharmaceutical", "start_char": 3248, "end_char": 3262, "token_label": "NA"}, {"token": "weapon", "start_char": 3263, "end_char": 3269, "token_label": "NA"}, {"token": "against", "start_char": 3270, "end_char": 3277, "token_label": "NA"}, {"token": "Ebola", "start_char": 3278, "end_char": 3283, "token_label": "NA"}, {"token": ",", "start_char": 3283, "end_char": 3284, "token_label": "NA"}, {"token": "health", "start_char": 3285, "end_char": 3291, "token_label": "NA"}, {"token": "experts", "start_char": 3292, "end_char": 3299, "token_label": "NA"}, {"token": "have", "start_char": 3300, "end_char": 3304, "token_label": "NA"}, {"token": "responded", "start_char": 3305, "end_char": 3314, "token_label": "NA"}, {"token": "with", "start_char": 3315, "end_char": 3319, "token_label": "NA"}, {"token": "time-honoured", "start_char": 3320, "end_char": 3333, "token_label": "NA"}, {"token": "measures", "start_char": 3334, "end_char": 3342, "token_label": "NA"}, {"token": "of", "start_char": 3343, "end_char": 3345, "token_label": "NA"}, {"token": "control", "start_char": 3346, "end_char": 3353, "token_label": "NA"}, {"token": ",", "start_char": 3353, "end_char": 3354, "token_label": "NA"}, {"token": "prevention", "start_char": 3355, "end_char": 3365, "token_label": "NA"}, {"token": "and", "start_char": 3366, "end_char": 3369, "token_label": "NA"}, {"token": "containment", "start_char": 3370, "end_char": 3381, "token_label": "NA"}, {"token": ".", "start_char": 3381, "end_char": 3382, "token_label": "NA"}], "news_discourse_role": 7, "news_discourse_role_prob_0": 9.039689757628366e-06, "news_discourse_role_prob_1": 0.0002462479751557112, "news_discourse_role_prob_2": 0.0015895030228421092, "news_discourse_role_prob_3": 0.0016480375779792666, "news_discourse_role_prob_4": 0.08704177290201187, "news_discourse_role_prob_5": 0.001528282999061048, "news_discourse_role_prob_6": 0.00040586653631180525, "news_discourse_role_prob_7": 0.9056228399276733, "news_discourse_role_prob_8": 0.0019084855448454618, "previous_discourse_relation": 3, "previous_discourse_relation_prob_comp": 0.010022240690886974, "previous_discourse_relation_prob_cont": 0.054957643151283264, "previous_discourse_relation_prob_temp": 0.004380053374916315, "previous_discourse_relation_prob_expan": 0.9306401610374451, "latter_discourse_relation": 3, "latter_discourse_relation_prob_comp": 2.0319997929618694e-05, "latter_discourse_relation_prob_cont": 0.0003168023540638387, "latter_discourse_relation_prob_temp": 1.918007546919398e-05, "latter_discourse_relation_prob_expan": 0.9996438026428223}, {"sentence_id": 24, "sentence_start": 3383, "sentence_end": 3524, "sentence_text": "They use rigorous protocols to protect medical personnel with disposable full-body suits, masks, goggles and gloves and disinfecting sprays.", "sentence_label": "NA", "tokens_list": ["They", "use", "rigorous", "protocols", "to", "protect", "medical", "personnel", "with", "disposable", "full-body", "suits", ",", "masks", ",", "goggles", "and", "gloves", "and", "disinfecting", "sprays", "."], "tokens_dicts_list": [{"token": "They", "start_char": 3383, "end_char": 3387, "token_label": "NA"}, {"token": "use", "start_char": 3388, "end_char": 3391, "token_label": "NA"}, {"token": "rigorous", "start_char": 3392, "end_char": 3400, "token_label": "NA"}, {"token": "protocols", "start_char": 3401, "end_char": 3410, "token_label": "NA"}, {"token": "to", "start_char": 3411, "end_char": 3413, "token_label": "NA"}, {"token": "protect", "start_char": 3414, "end_char": 3421, "token_label": "NA"}, {"token": "medical", "start_char": 3422, "end_char": 3429, "token_label": "NA"}, {"token": "personnel", "start_char": 3430, "end_char": 3439, "token_label": "NA"}, {"token": "with", "start_char": 3440, "end_char": 3444, "token_label": "NA"}, {"token": "disposable", "start_char": 3445, "end_char": 3455, "token_label": "NA"}, {"token": "full-body", "start_char": 3456, "end_char": 3465, "token_label": "NA"}, {"token": "suits", "start_char": 3466, "end_char": 3471, "token_label": "NA"}, {"token": ",", "start_char": 3471, "end_char": 3472, "token_label": "NA"}, {"token": "masks", "start_char": 3473, "end_char": 3478, "token_label": "NA"}, {"token": ",", "start_char": 3478, "end_char": 3479, "token_label": "NA"}, {"token": "goggles", "start_char": 3480, "end_char": 3487, "token_label": "NA"}, {"token": "and", "start_char": 3488, "end_char": 3491, "token_label": "NA"}, {"token": "gloves", "start_char": 3492, "end_char": 3498, "token_label": "NA"}, {"token": "and", "start_char": 3499, "end_char": 3502, "token_label": "NA"}, {"token": "disinfecting", "start_char": 3503, "end_char": 3515, "token_label": "NA"}, {"token": "sprays", "start_char": 3516, "end_char": 3522, "token_label": "NA"}, {"token": ".", "start_char": 3522, "end_char": 3523, "token_label": "NA"}], "news_discourse_role": 4, "news_discourse_role_prob_0": 1.2018559573334642e-05, "news_discourse_role_prob_1": 0.00030431707273237407, "news_discourse_role_prob_2": 0.008159082382917404, "news_discourse_role_prob_3": 0.0008721486083231866, "news_discourse_role_prob_4": 0.9638466238975525, "news_discourse_role_prob_5": 0.00035292873508296907, "news_discourse_role_prob_6": 9.77422168944031e-05, "news_discourse_role_prob_7": 0.025223881006240845, "news_discourse_role_prob_8": 0.0011312315473333001, "previous_discourse_relation": 3, "previous_discourse_relation_prob_comp": 2.0319997929618694e-05, "previous_discourse_relation_prob_cont": 0.0003168023540638387, "previous_discourse_relation_prob_temp": 1.918007546919398e-05, "previous_discourse_relation_prob_expan": 0.9996438026428223, "latter_discourse_relation": -1}]}