{"file_name": "./Propaganda/json_annotations/train/article729940206.json", "num_sentences": 28, "sentences": [{"sentence_id": 0, "sentence_start": 0, "sentence_end": 69, "sentence_text": "Online Sociology Course Founders Over Whether Australia is a Country", "sentence_label": "NA", "tokens_list": ["Online", "Sociology", "Course", "Founders", "Over", "Whether", "Australia", "is", "a", "Country"], "tokens_dicts_list": [{"token": "Online", "start_char": 0, "end_char": 6, "token_label": "NA"}, {"token": "Sociology", "start_char": 7, "end_char": 16, "token_label": "NA"}, {"token": "Course", "start_char": 17, "end_char": 23, "token_label": "NA"}, {"token": "Founders", "start_char": 24, "end_char": 32, "token_label": "NA"}, {"token": "Over", "start_char": 33, "end_char": 37, "token_label": "NA"}, {"token": "Whether", "start_char": 38, "end_char": 45, "token_label": "NA"}, {"token": "Australia", "start_char": 46, "end_char": 55, "token_label": "NA"}, {"token": "is", "start_char": 56, "end_char": 58, "token_label": "NA"}, {"token": "a", "start_char": 59, "end_char": 60, "token_label": "NA"}, {"token": "Country", "start_char": 61, "end_char": 68, "token_label": "NA"}], "news_discourse_role": 0, "news_discourse_role_prob_0": 0.9860242009162903, "news_discourse_role_prob_1": 0.008985749445855618, "news_discourse_role_prob_2": 0.0017373996088281274, "news_discourse_role_prob_3": 0.0004137315263506025, "news_discourse_role_prob_4": 0.002375952200964093, "news_discourse_role_prob_5": 1.812385380617343e-05, "news_discourse_role_prob_6": 0.0002451010514050722, "news_discourse_role_prob_7": 0.0001120977831305936, "news_discourse_role_prob_8": 8.763726509641856e-05, "latter_discourse_relation": 3, "latter_discourse_relation_prob_comp": 0.09039689600467682, "latter_discourse_relation_prob_cont": 0.17858871817588806, "latter_discourse_relation_prob_temp": 0.001968936761841178, "latter_discourse_relation_prob_expan": 0.7290453910827637, "previous_discourse_relation": -1}, {"sentence_id": 1, "sentence_start": 70, "sentence_end": 219, "sentence_text": "I'm not all that concerned with students working toward a major in poetry, media studies or some of the more ridiculous courses some colleges offer.", "sentence_label": "NA", "tokens_list": ["I", "'m", "not", "all", "that", "concerned", "with", "students", "working", "toward", "a", "major", "in", "poetry", ",", "media", "studies", "or", "some", "of", "the", "more", "ridiculous", "courses", "some", "colleges", "offer", "."], "tokens_dicts_list": [{"token": "I", "start_char": 70, "end_char": 71, "token_label": "NA"}, {"token": "'m", "start_char": 71, "end_char": 73, "token_label": "NA"}, {"token": "not", "start_char": 74, "end_char": 77, "token_label": "NA"}, {"token": "all", "start_char": 78, "end_char": 81, "token_label": "NA"}, {"token": "that", "start_char": 82, "end_char": 86, "token_label": "NA"}, {"token": "concerned", "start_char": 87, "end_char": 96, "token_label": "NA"}, {"token": "with", "start_char": 97, "end_char": 101, "token_label": "NA"}, {"token": "students", "start_char": 102, "end_char": 110, "token_label": "NA"}, {"token": "working", "start_char": 111, "end_char": 118, "token_label": "NA"}, {"token": "toward", "start_char": 119, "end_char": 125, "token_label": "NA"}, {"token": "a", "start_char": 126, "end_char": 127, "token_label": "NA"}, {"token": "major", "start_char": 128, "end_char": 133, "token_label": "NA"}, {"token": "in", "start_char": 134, "end_char": 136, "token_label": "NA"}, {"token": "poetry", "start_char": 137, "end_char": 143, "token_label": "NA"}, {"token": ",", "start_char": 143, "end_char": 144, "token_label": "NA"}, {"token": "media", "start_char": 145, "end_char": 150, "token_label": "NA"}, {"token": "studies", "start_char": 151, "end_char": 158, "token_label": "NA"}, {"token": "or", "start_char": 159, "end_char": 161, "token_label": "NA"}, {"token": "some", "start_char": 162, "end_char": 166, "token_label": "NA"}, {"token": "of", "start_char": 167, "end_char": 169, "token_label": "NA"}, {"token": "the", "start_char": 170, "end_char": 173, "token_label": "NA"}, {"token": "more", "start_char": 174, "end_char": 178, "token_label": "NA"}, {"token": "ridiculous", "start_char": 179, "end_char": 189, "token_label": "NA"}, {"token": "courses", "start_char": 190, "end_char": 197, "token_label": "NA"}, {"token": "some", "start_char": 198, "end_char": 202, "token_label": "NA"}, {"token": "colleges", "start_char": 203, "end_char": 211, "token_label": "NA"}, {"token": "offer", "start_char": 212, "end_char": 217, "token_label": "NA"}, {"token": ".", "start_char": 217, "end_char": 218, "token_label": "NA"}], "news_discourse_role": 7, "news_discourse_role_prob_0": 0.0014567975886166096, "news_discourse_role_prob_1": 0.02592877484858036, "news_discourse_role_prob_2": 0.0016156274359673262, "news_discourse_role_prob_3": 0.02320079132914543, "news_discourse_role_prob_4": 0.02676006406545639, "news_discourse_role_prob_5": 0.010970016941428185, "news_discourse_role_prob_6": 0.08594960719347, "news_discourse_role_prob_7": 0.7997962832450867, "news_discourse_role_prob_8": 0.024322105571627617, "previous_discourse_relation": 3, "previous_discourse_relation_prob_comp": 0.09039689600467682, "previous_discourse_relation_prob_cont": 0.17858871817588806, "previous_discourse_relation_prob_temp": 0.001968936761841178, "previous_discourse_relation_prob_expan": 0.7290453910827637, "latter_discourse_relation": 3, "latter_discourse_relation_prob_comp": 0.13239432871341705, "latter_discourse_relation_prob_cont": 0.01607329584658146, "latter_discourse_relation_prob_temp": 0.00023424912069458514, "latter_discourse_relation_prob_expan": 0.8512980937957764}, {"sentence_id": 2, "sentence_start": 219, "sentence_end": 251, "sentence_text": "It's sociology that worries me.", "sentence_label": "NA", "tokens_list": ["It", "'s", "sociology", "that", "worries", "me", "."], "tokens_dicts_list": [{"token": "It", "start_char": 219, "end_char": 221, "token_label": "NA"}, {"token": "'s", "start_char": 221, "end_char": 223, "token_label": "NA"}, {"token": "sociology", "start_char": 224, "end_char": 233, "token_label": "NA"}, {"token": "that", "start_char": 234, "end_char": 238, "token_label": "NA"}, {"token": "worries", "start_char": 239, "end_char": 246, "token_label": "NA"}, {"token": "me", "start_char": 247, "end_char": 249, "token_label": "NA"}, {"token": ".", "start_char": 249, "end_char": 250, "token_label": "NA"}], "news_discourse_role": 7, "news_discourse_role_prob_0": 0.0008183933096006513, "news_discourse_role_prob_1": 0.04941588640213013, "news_discourse_role_prob_2": 0.0013058421900495887, "news_discourse_role_prob_3": 0.037712473422288895, "news_discourse_role_prob_4": 0.019401228055357933, "news_discourse_role_prob_5": 0.006054881028831005, "news_discourse_role_prob_6": 0.056296780705451965, "news_discourse_role_prob_7": 0.8242424726486206, "news_discourse_role_prob_8": 0.004752041306346655, "previous_discourse_relation": 3, "previous_discourse_relation_prob_comp": 0.13239432871341705, "previous_discourse_relation_prob_cont": 0.01607329584658146, "previous_discourse_relation_prob_temp": 0.00023424912069458514, "previous_discourse_relation_prob_expan": 0.8512980937957764, "latter_discourse_relation": 1, "latter_discourse_relation_prob_comp": 0.0011745585361495614, "latter_discourse_relation_prob_cont": 0.9794973134994507, "latter_discourse_relation_prob_temp": 0.00015388359315693378, "latter_discourse_relation_prob_expan": 0.01917419582605362}, {"sentence_id": 3, "sentence_start": 251, "sentence_end": 404, "sentence_text": "Sociology helped generate a whole range of fake new academic subjects while corrupting existing ones into a toxic stew of racism and meaningless jargon.", "sentence_label": "Doubt", "tokens_list": ["Sociology", "helped", "generate", "a", "whole", "range", "of", "fake", "new", "academic", "subjects", "while", "corrupting", "existing", "ones", "into", "a", "toxic", "stew", "of", "racism", "and", "meaningless", "jargon", "."], "tokens_dicts_list": [{"token": "Sociology", "start_char": 251, "end_char": 260, "token_label": "Doubt"}, {"token": "helped", "start_char": 261, "end_char": 267, "token_label": "Doubt"}, {"token": "generate", "start_char": 268, "end_char": 276, "token_label": "Doubt"}, {"token": "a", "start_char": 277, "end_char": 278, "token_label": "Doubt"}, {"token": "whole", "start_char": 279, "end_char": 284, "token_label": "Doubt"}, {"token": "range", "start_char": 285, "end_char": 290, "token_label": "Doubt"}, {"token": "of", "start_char": 291, "end_char": 293, "token_label": "Doubt"}, {"token": "fake", "start_char": 294, "end_char": 298, "token_label": "Doubt"}, {"token": "new", "start_char": 299, "end_char": 302, "token_label": "Doubt"}, {"token": "academic", "start_char": 303, "end_char": 311, "token_label": "Doubt"}, {"token": "subjects", "start_char": 312, "end_char": 320, "token_label": "Doubt"}, {"token": "while", "start_char": 321, "end_char": 326, "token_label": "Doubt"}, {"token": "corrupting", "start_char": 327, "end_char": 337, "token_label": "Doubt"}, {"token": "existing", "start_char": 338, "end_char": 346, "token_label": "Doubt"}, {"token": "ones", "start_char": 347, "end_char": 351, "token_label": "Doubt"}, {"token": "into", "start_char": 352, "end_char": 356, "token_label": "Doubt"}, {"token": "a", "start_char": 357, "end_char": 358, "token_label": "Doubt"}, {"token": "toxic", "start_char": 359, "end_char": 364, "token_label": "Doubt"}, {"token": "stew", "start_char": 365, "end_char": 369, "token_label": "Doubt"}, {"token": "of", "start_char": 370, "end_char": 372, "token_label": "Doubt"}, {"token": "racism", "start_char": 373, "end_char": 379, "token_label": "Doubt"}, {"token": "and", "start_char": 380, "end_char": 383, "token_label": "Doubt"}, {"token": "meaningless", "start_char": 384, "end_char": 395, "token_label": "Doubt"}, {"token": "jargon", "start_char": 396, "end_char": 402, "token_label": "Doubt"}, {"token": ".", "start_char": 402, "end_char": 403, "token_label": "NA"}], "news_discourse_role": 7, "news_discourse_role_prob_0": 0.00014980454579927027, "news_discourse_role_prob_1": 0.004214870743453503, "news_discourse_role_prob_2": 0.003499953541904688, "news_discourse_role_prob_3": 0.039831895381212234, "news_discourse_role_prob_4": 0.25110602378845215, "news_discourse_role_prob_5": 0.070417620241642, "news_discourse_role_prob_6": 0.019306592643260956, "news_discourse_role_prob_7": 0.6060276031494141, "news_discourse_role_prob_8": 0.0054456256330013275, "previous_discourse_relation": 1, "previous_discourse_relation_prob_comp": 0.0011745585361495614, "previous_discourse_relation_prob_cont": 0.9794973134994507, "previous_discourse_relation_prob_temp": 0.00015388359315693378, "previous_discourse_relation_prob_expan": 0.01917419582605362, "latter_discourse_relation": 3, "latter_discourse_relation_prob_comp": 0.015590005554258823, "latter_discourse_relation_prob_cont": 0.4428033232688904, "latter_discourse_relation_prob_temp": 0.0011419751681387424, "latter_discourse_relation_prob_expan": 0.5404646992683411}, {"sentence_id": 4, "sentence_start": 404, "sentence_end": 542, "sentence_text": "All too often, all you need is some statistics software (or its online equivalent), a politically correct premise and absolute ignorance.", "sentence_label": "Exaggeration,Minimisation", "tokens_list": ["All", "too", "often", ",", "all", "you", "need", "is", "some", "statistics", "software", "(", "or", "its", "online", "equivalent", ")", ",", "a", "politically", "correct", "premise", "and", "absolute", "ignorance", "."], "tokens_dicts_list": [{"token": "All", "start_char": 404, "end_char": 407, "token_label": "NA"}, {"token": "too", "start_char": 408, "end_char": 411, "token_label": "NA"}, {"token": "often", "start_char": 412, "end_char": 417, "token_label": "NA"}, {"token": ",", "start_char": 417, "end_char": 418, "token_label": "NA"}, {"token": "all", "start_char": 419, "end_char": 422, "token_label": "NA"}, {"token": "you", "start_char": 423, "end_char": 426, "token_label": "NA"}, {"token": "need", "start_char": 427, "end_char": 431, "token_label": "NA"}, {"token": "is", "start_char": 432, "end_char": 434, "token_label": "NA"}, {"token": "some", "start_char": 435, "end_char": 439, "token_label": "NA"}, {"token": "statistics", "start_char": 440, "end_char": 450, "token_label": "NA"}, {"token": "software", "start_char": 451, "end_char": 459, "token_label": "NA"}, {"token": "(", "start_char": 460, "end_char": 461, "token_label": "NA"}, {"token": "or", "start_char": 461, "end_char": 463, "token_label": "NA"}, {"token": "its", "start_char": 464, "end_char": 467, "token_label": "NA"}, {"token": "online", "start_char": 468, "end_char": 474, "token_label": "NA"}, {"token": "equivalent", "start_char": 475, "end_char": 485, "token_label": "NA"}, {"token": ")", "start_char": 485, "end_char": 486, "token_label": "NA"}, {"token": ",", "start_char": 486, "end_char": 487, "token_label": "NA"}, {"token": "a", "start_char": 488, "end_char": 489, "token_label": "NA"}, {"token": "politically", "start_char": 490, "end_char": 501, "token_label": "NA"}, {"token": "correct", "start_char": 502, "end_char": 509, "token_label": "NA"}, {"token": "premise", "start_char": 510, "end_char": 517, "token_label": "NA"}, {"token": "and", "start_char": 518, "end_char": 521, "token_label": "NA"}, {"token": "absolute", "start_char": 522, "end_char": 530, "token_label": "Exaggeration,Minimisation"}, {"token": "ignorance", "start_char": 531, "end_char": 540, "token_label": "Exaggeration,Minimisation"}, {"token": ".", "start_char": 540, "end_char": 541, "token_label": "NA"}], "news_discourse_role": 7, "news_discourse_role_prob_0": 9.083600889425725e-05, "news_discourse_role_prob_1": 0.007797262165695429, "news_discourse_role_prob_2": 0.0014095070073381066, "news_discourse_role_prob_3": 0.01249670796096325, "news_discourse_role_prob_4": 0.027656517922878265, "news_discourse_role_prob_5": 0.011535515077412128, "news_discourse_role_prob_6": 0.019253214821219444, "news_discourse_role_prob_7": 0.9063025116920471, "news_discourse_role_prob_8": 0.013458027504384518, "previous_discourse_relation": 3, "previous_discourse_relation_prob_comp": 0.015590005554258823, "previous_discourse_relation_prob_cont": 0.4428033232688904, "previous_discourse_relation_prob_temp": 0.0011419751681387424, "previous_discourse_relation_prob_expan": 0.5404646992683411, "latter_discourse_relation": 3, "latter_discourse_relation_prob_comp": 0.1570887416601181, "latter_discourse_relation_prob_cont": 0.07875970751047134, "latter_discourse_relation_prob_temp": 0.028294796124100685, "latter_discourse_relation_prob_expan": 0.7358567714691162}, {"sentence_id": 5, "sentence_start": 542, "sentence_end": 611, "sentence_text": "Add the internet and you get a perfect storm of sociology stupidity.", "sentence_label": "Loaded_Language", "tokens_list": ["Add", "the", "internet", "and", "you", "get", "a", "perfect", "storm", "of", "sociology", "stupidity", "."], "tokens_dicts_list": [{"token": "Add", "start_char": 542, "end_char": 545, "token_label": "NA"}, {"token": "the", "start_char": 546, "end_char": 549, "token_label": "NA"}, {"token": "internet", "start_char": 550, "end_char": 558, "token_label": "NA"}, {"token": "and", "start_char": 559, "end_char": 562, "token_label": "NA"}, {"token": "you", "start_char": 563, "end_char": 566, "token_label": "NA"}, {"token": "get", "start_char": 567, "end_char": 570, "token_label": "NA"}, {"token": "a", "start_char": 571, "end_char": 572, "token_label": "Loaded_Language"}, {"token": "perfect", "start_char": 573, "end_char": 580, "token_label": "Loaded_Language"}, {"token": "storm", "start_char": 581, "end_char": 586, "token_label": "Loaded_Language"}, {"token": "of", "start_char": 587, "end_char": 589, "token_label": "Loaded_Language"}, {"token": "sociology", "start_char": 590, "end_char": 599, "token_label": "Loaded_Language"}, {"token": "stupidity", "start_char": 600, "end_char": 609, "token_label": "Loaded_Language"}, {"token": ".", "start_char": 609, "end_char": 610, "token_label": "NA"}], "news_discourse_role": 7, "news_discourse_role_prob_0": 0.0006402108119800687, "news_discourse_role_prob_1": 0.09185250103473663, "news_discourse_role_prob_2": 0.011167322285473347, "news_discourse_role_prob_3": 0.10549379140138626, "news_discourse_role_prob_4": 0.29487285017967224, "news_discourse_role_prob_5": 0.06783664226531982, "news_discourse_role_prob_6": 0.023339636623859406, "news_discourse_role_prob_7": 0.3763160705566406, "news_discourse_role_prob_8": 0.02848099172115326, "previous_discourse_relation": 3, "previous_discourse_relation_prob_comp": 0.1570887416601181, "previous_discourse_relation_prob_cont": 0.07875970751047134, "previous_discourse_relation_prob_temp": 0.028294796124100685, "previous_discourse_relation_prob_expan": 0.7358567714691162, "latter_discourse_relation": 3, "latter_discourse_relation_prob_comp": 0.002116473624482751, "latter_discourse_relation_prob_cont": 0.007768949028104544, "latter_discourse_relation_prob_temp": 0.0002058196405414492, "latter_discourse_relation_prob_expan": 0.9899088144302368}, {"sentence_id": 6, "sentence_start": 611, "sentence_end": 698, "sentence_text": "The story concerns Ashley Arnold, a 27-year-old working on an online sociology degree.", "sentence_label": "NA", "tokens_list": ["The", "story", "concerns", "Ashley", "Arnold", ",", "a", "27-year-old", "working", "on", "an", "online", "sociology", "degree", "."], "tokens_dicts_list": [{"token": "The", "start_char": 611, "end_char": 614, "token_label": "NA"}, {"token": "story", "start_char": 615, "end_char": 620, "token_label": "NA"}, {"token": "concerns", "start_char": 621, "end_char": 629, "token_label": "NA"}, {"token": "Ashley", "start_char": 630, "end_char": 636, "token_label": "NA"}, {"token": "Arnold", "start_char": 637, "end_char": 643, "token_label": "NA"}, {"token": ",", "start_char": 643, "end_char": 644, "token_label": "NA"}, {"token": "a", "start_char": 645, "end_char": 646, "token_label": "NA"}, {"token": "27-year-old", "start_char": 647, "end_char": 658, "token_label": "NA"}, {"token": "working", "start_char": 659, "end_char": 666, "token_label": "NA"}, {"token": "on", "start_char": 667, "end_char": 669, "token_label": "NA"}, {"token": "an", "start_char": 670, "end_char": 672, "token_label": "NA"}, {"token": "online", "start_char": 673, "end_char": 679, "token_label": "NA"}, {"token": "sociology", "start_char": 680, "end_char": 689, "token_label": "NA"}, {"token": "degree", "start_char": 690, "end_char": 696, "token_label": "NA"}, {"token": ".", "start_char": 696, "end_char": 697, "token_label": "NA"}], "news_discourse_role": 4, "news_discourse_role_prob_0": 0.005047484766691923, "news_discourse_role_prob_1": 0.08723818510770798, "news_discourse_role_prob_2": 0.038959283381700516, "news_discourse_role_prob_3": 0.16726864874362946, "news_discourse_role_prob_4": 0.5447357892990112, "news_discourse_role_prob_5": 0.02336735650897026, "news_discourse_role_prob_6": 0.11890730261802673, "news_discourse_role_prob_7": 0.012926333583891392, "news_discourse_role_prob_8": 0.001549601904116571, "previous_discourse_relation": 3, "previous_discourse_relation_prob_comp": 0.002116473624482751, "previous_discourse_relation_prob_cont": 0.007768949028104544, "previous_discourse_relation_prob_temp": 0.0002058196405414492, "previous_discourse_relation_prob_expan": 0.9899088144302368, "latter_discourse_relation": 3, "latter_discourse_relation_prob_comp": 0.0005651199026033282, "latter_discourse_relation_prob_cont": 0.024799345061182976, "latter_discourse_relation_prob_temp": 0.0018324130214750767, "latter_discourse_relation_prob_expan": 0.9728031754493713}, {"sentence_id": 7, "sentence_start": 698, "sentence_end": 897, "sentence_text": "As part of her final class, for which she paid almost $1,000, students were required to complete a project outline last month in which they would compare a social norm in the US and another country.", "sentence_label": "NA", "tokens_list": ["As", "part", "of", "her", "final", "class", ",", "for", "which", "she", "paid", "almost", "$", "1,000", ",", "students", "were", "required", "to", "complete", "a", "project", "outline", "last", "month", "in", "which", "they", "would", "compare", "a", "social", "norm", "in", "the", "US", "and", "another", "country", "."], "tokens_dicts_list": [{"token": "As", "start_char": 698, "end_char": 700, "token_label": "NA"}, {"token": "part", "start_char": 701, "end_char": 705, "token_label": "NA"}, {"token": "of", "start_char": 706, "end_char": 708, "token_label": "NA"}, {"token": "her", "start_char": 709, "end_char": 712, "token_label": "NA"}, {"token": "final", "start_char": 713, "end_char": 718, "token_label": "NA"}, {"token": "class", "start_char": 719, "end_char": 724, "token_label": "NA"}, {"token": ",", "start_char": 724, "end_char": 725, "token_label": "NA"}, {"token": "for", "start_char": 726, "end_char": 729, "token_label": "NA"}, {"token": "which", "start_char": 730, "end_char": 735, "token_label": "NA"}, {"token": "she", "start_char": 736, "end_char": 739, "token_label": "NA"}, {"token": "paid", "start_char": 740, "end_char": 744, "token_label": "NA"}, {"token": "almost", "start_char": 745, "end_char": 751, "token_label": "NA"}, {"token": "$", "start_char": 752, "end_char": 753, "token_label": "NA"}, {"token": "1,000", "start_char": 753, "end_char": 758, "token_label": "NA"}, {"token": ",", "start_char": 758, "end_char": 759, "token_label": "NA"}, {"token": "students", "start_char": 760, "end_char": 768, "token_label": "NA"}, {"token": "were", "start_char": 769, "end_char": 773, "token_label": "NA"}, {"token": "required", "start_char": 774, "end_char": 782, "token_label": "NA"}, {"token": "to", "start_char": 783, "end_char": 785, "token_label": "NA"}, {"token": "complete", "start_char": 786, "end_char": 794, "token_label": "NA"}, {"token": "a", "start_char": 795, "end_char": 796, "token_label": "NA"}, {"token": "project", "start_char": 797, "end_char": 804, "token_label": "NA"}, {"token": "outline", "start_char": 805, "end_char": 812, "token_label": "NA"}, {"token": "last", "start_char": 813, "end_char": 817, "token_label": "NA"}, {"token": "month", "start_char": 818, "end_char": 823, "token_label": "NA"}, {"token": "in", "start_char": 824, "end_char": 826, "token_label": "NA"}, {"token": "which", "start_char": 827, "end_char": 832, "token_label": "NA"}, {"token": "they", "start_char": 833, "end_char": 837, "token_label": "NA"}, {"token": "would", "start_char": 838, "end_char": 843, "token_label": "NA"}, {"token": "compare", "start_char": 844, "end_char": 851, "token_label": "NA"}, {"token": "a", "start_char": 852, "end_char": 853, "token_label": "NA"}, {"token": "social", "start_char": 854, "end_char": 860, "token_label": "NA"}, {"token": "norm", "start_char": 861, "end_char": 865, "token_label": "NA"}, {"token": "in", "start_char": 866, "end_char": 868, "token_label": "NA"}, {"token": "the", "start_char": 869, "end_char": 872, "token_label": "NA"}, {"token": "US", "start_char": 873, "end_char": 875, "token_label": "NA"}, {"token": "and", "start_char": 876, "end_char": 879, "token_label": "NA"}, {"token": "another", "start_char": 880, "end_char": 887, "token_label": "NA"}, {"token": "country", "start_char": 888, "end_char": 895, "token_label": "NA"}, {"token": ".", "start_char": 895, "end_char": 896, "token_label": "NA"}], "news_discourse_role": 4, "news_discourse_role_prob_0": 0.00011716706649167463, "news_discourse_role_prob_1": 0.022127585485577583, "news_discourse_role_prob_2": 0.004181800410151482, "news_discourse_role_prob_3": 0.1409914642572403, "news_discourse_role_prob_4": 0.7496069073677063, "news_discourse_role_prob_5": 0.07609780877828598, "news_discourse_role_prob_6": 0.003347311867401004, "news_discourse_role_prob_7": 0.001705984934233129, "news_discourse_role_prob_8": 0.0018240183126181364, "previous_discourse_relation": 3, "previous_discourse_relation_prob_comp": 0.0005651199026033282, "previous_discourse_relation_prob_cont": 0.024799345061182976, "previous_discourse_relation_prob_temp": 0.0018324130214750767, "previous_discourse_relation_prob_expan": 0.9728031754493713, "latter_discourse_relation": 3, "latter_discourse_relation_prob_comp": 0.0016188588924705982, "latter_discourse_relation_prob_cont": 0.0016999830259010196, "latter_discourse_relation_prob_temp": 0.0008193945395760238, "latter_discourse_relation_prob_expan": 0.9958617091178894}, {"sentence_id": 8, "sentence_start": 897, "sentence_end": 985, "sentence_text": "For her \"norm\" Arnold picked social media use, and for her country she chose Australia.", "sentence_label": "NA", "tokens_list": ["For", "her", "\"", "norm", "\"", "Arnold", "picked", "social", "media", "use", ",", "and", "for", "her", "country", "she", "chose", "Australia", "."], "tokens_dicts_list": [{"token": "For", "start_char": 897, "end_char": 900, "token_label": "NA"}, {"token": "her", "start_char": 901, "end_char": 904, "token_label": "NA"}, {"token": "\"", "start_char": 905, "end_char": 906, "token_label": "NA"}, {"token": "norm", "start_char": 906, "end_char": 910, "token_label": "NA"}, {"token": "\"", "start_char": 910, "end_char": 911, "token_label": "NA"}, {"token": "Arnold", "start_char": 912, "end_char": 918, "token_label": "NA"}, {"token": "picked", "start_char": 919, "end_char": 925, "token_label": "NA"}, {"token": "social", "start_char": 926, "end_char": 932, "token_label": "NA"}, {"token": "media", "start_char": 933, "end_char": 938, "token_label": "NA"}, {"token": "use", "start_char": 939, "end_char": 942, "token_label": "NA"}, {"token": ",", "start_char": 942, "end_char": 943, "token_label": "NA"}, {"token": "and", "start_char": 944, "end_char": 947, "token_label": "NA"}, {"token": "for", "start_char": 948, "end_char": 951, "token_label": "NA"}, {"token": "her", "start_char": 952, "end_char": 955, "token_label": "NA"}, {"token": "country", "start_char": 956, "end_char": 963, "token_label": "NA"}, {"token": "she", "start_char": 964, "end_char": 967, "token_label": "NA"}, {"token": "chose", "start_char": 968, "end_char": 973, "token_label": "NA"}, {"token": "Australia", "start_char": 974, "end_char": 983, "token_label": "NA"}, {"token": ".", "start_char": 983, "end_char": 984, "token_label": "NA"}], "news_discourse_role": 5, "news_discourse_role_prob_0": 0.0005204733461141586, "news_discourse_role_prob_1": 0.019216256216168404, "news_discourse_role_prob_2": 0.0034135475289076567, "news_discourse_role_prob_3": 0.17330527305603027, "news_discourse_role_prob_4": 0.14019878208637238, "news_discourse_role_prob_5": 0.507962703704834, "news_discourse_role_prob_6": 0.07685092836618423, "news_discourse_role_prob_7": 0.06853068619966507, "news_discourse_role_prob_8": 0.010001338087022305, "previous_discourse_relation": 3, "previous_discourse_relation_prob_comp": 0.0016188588924705982, "previous_discourse_relation_prob_cont": 0.0016999830259010196, "previous_discourse_relation_prob_temp": 0.0008193945395760238, "previous_discourse_relation_prob_expan": 0.9958617091178894, "latter_discourse_relation": 0, "latter_discourse_relation_prob_comp": 0.8768933415412903, "latter_discourse_relation_prob_cont": 0.01473203580826521, "latter_discourse_relation_prob_temp": 0.02835550159215927, "latter_discourse_relation_prob_expan": 0.08001910150051117}, {"sentence_id": 9, "sentence_start": 985, "sentence_end": 1084, "sentence_text": "But when Arnold got her grade back on Feb. 1, she was shocked to see her professor had failed her.", "sentence_label": "Loaded_Language", "tokens_list": ["But", "when", "Arnold", "got", "her", "grade", "back", "on", "Feb.", "1", ",", "she", "was", "shocked", "to", "see", "her", "professor", "had", "failed", "her", "."], "tokens_dicts_list": [{"token": "But", "start_char": 985, "end_char": 988, "token_label": "NA"}, {"token": "when", "start_char": 989, "end_char": 993, "token_label": "NA"}, {"token": "Arnold", "start_char": 994, "end_char": 1000, "token_label": "NA"}, {"token": "got", "start_char": 1001, "end_char": 1004, "token_label": "NA"}, {"token": "her", "start_char": 1005, "end_char": 1008, "token_label": "NA"}, {"token": "grade", "start_char": 1009, "end_char": 1014, "token_label": "NA"}, {"token": "back", "start_char": 1015, "end_char": 1019, "token_label": "NA"}, {"token": "on", "start_char": 1020, "end_char": 1022, "token_label": "NA"}, {"token": "Feb.", "start_char": 1023, "end_char": 1027, "token_label": "NA"}, {"token": "1", "start_char": 1028, "end_char": 1029, "token_label": "NA"}, {"token": ",", "start_char": 1029, "end_char": 1030, "token_label": "NA"}, {"token": "she", "start_char": 1031, "end_char": 1034, "token_label": "NA"}, {"token": "was", "start_char": 1035, "end_char": 1038, "token_label": "NA"}, {"token": "shocked", "start_char": 1039, "end_char": 1046, "token_label": "Loaded_Language"}, {"token": "to", "start_char": 1047, "end_char": 1049, "token_label": "NA"}, {"token": "see", "start_char": 1050, "end_char": 1053, "token_label": "NA"}, {"token": "her", "start_char": 1054, "end_char": 1057, "token_label": "NA"}, {"token": "professor", "start_char": 1058, "end_char": 1067, "token_label": "NA"}, {"token": "had", "start_char": 1068, "end_char": 1071, "token_label": "NA"}, {"token": "failed", "start_char": 1072, "end_char": 1078, "token_label": "NA"}, {"token": "her", "start_char": 1079, "end_char": 1082, "token_label": "NA"}, {"token": ".", "start_char": 1082, "end_char": 1083, "token_label": "NA"}], "news_discourse_role": 6, "news_discourse_role_prob_0": 0.00028639266383834183, "news_discourse_role_prob_1": 0.012182801961898804, "news_discourse_role_prob_2": 0.017079593613743782, "news_discourse_role_prob_3": 0.025469670072197914, "news_discourse_role_prob_4": 0.0752117782831192, "news_discourse_role_prob_5": 0.02256537787616253, "news_discourse_role_prob_6": 0.8196028470993042, "news_discourse_role_prob_7": 0.02528945356607437, "news_discourse_role_prob_8": 0.002312186174094677, "previous_discourse_relation": 0, "previous_discourse_relation_prob_comp": 0.8768933415412903, "previous_discourse_relation_prob_cont": 0.01473203580826521, "previous_discourse_relation_prob_temp": 0.02835550159215927, "previous_discourse_relation_prob_expan": 0.08001910150051117, "latter_discourse_relation": 1, "latter_discourse_relation_prob_comp": 0.00030087982304394245, "latter_discourse_relation_prob_cont": 0.9953115582466125, "latter_discourse_relation_prob_temp": 0.000883743108715862, "latter_discourse_relation_prob_expan": 0.0035038504283875227}, {"sentence_id": 10, "sentence_start": 1084, "sentence_end": 1089, "sentence_text": "Why?", "sentence_label": "NA", "tokens_list": ["Why", "?"], "tokens_dicts_list": [{"token": "Why", "start_char": 1084, "end_char": 1087, "token_label": "NA"}, {"token": "?", "start_char": 1087, "end_char": 1088, "token_label": "NA"}], "news_discourse_role": 7, "news_discourse_role_prob_0": 0.0007472365396097302, "news_discourse_role_prob_1": 0.02068253979086876, "news_discourse_role_prob_2": 0.0027086648624390364, "news_discourse_role_prob_3": 0.09957290440797806, "news_discourse_role_prob_4": 0.05547633767127991, "news_discourse_role_prob_5": 0.048854727298021317, "news_discourse_role_prob_6": 0.1467517912387848, "news_discourse_role_prob_7": 0.6179900169372559, "news_discourse_role_prob_8": 0.007215805351734161, "previous_discourse_relation": 1, "previous_discourse_relation_prob_comp": 0.00030087982304394245, "previous_discourse_relation_prob_cont": 0.9953115582466125, "previous_discourse_relation_prob_temp": 0.000883743108715862, "previous_discourse_relation_prob_expan": 0.0035038504283875227, "latter_discourse_relation": 1, "latter_discourse_relation_prob_comp": 7.176140206865966e-05, "latter_discourse_relation_prob_cont": 0.9980525970458984, "latter_discourse_relation_prob_temp": 7.871216803323478e-05, "latter_discourse_relation_prob_expan": 0.0017968835309147835}, {"sentence_id": 11, "sentence_start": 1089, "sentence_end": 1167, "sentence_text": "Because, according to the teacher, \"Australia is a continent; not a country.\"", "sentence_label": "NA", "tokens_list": ["Because", ",", "according", "to", "the", "teacher", ",", "\"", "Australia", "is", "a", "continent", ";", "not", "a", "country", ".", "\""], "tokens_dicts_list": [{"token": "Because", "start_char": 1089, "end_char": 1096, "token_label": "NA"}, {"token": ",", "start_char": 1096, "end_char": 1097, "token_label": "NA"}, {"token": "according", "start_char": 1098, "end_char": 1107, "token_label": "NA"}, {"token": "to", "start_char": 1108, "end_char": 1110, "token_label": "NA"}, {"token": "the", "start_char": 1111, "end_char": 1114, "token_label": "NA"}, {"token": "teacher", "start_char": 1115, "end_char": 1122, "token_label": "NA"}, {"token": ",", "start_char": 1122, "end_char": 1123, "token_label": "NA"}, {"token": "\"", "start_char": 1124, "end_char": 1125, "token_label": "NA"}, {"token": "Australia", "start_char": 1125, "end_char": 1134, "token_label": "NA"}, {"token": "is", "start_char": 1135, "end_char": 1137, "token_label": "NA"}, {"token": "a", "start_char": 1138, "end_char": 1139, "token_label": "NA"}, {"token": "continent", "start_char": 1140, "end_char": 1149, "token_label": "NA"}, {"token": ";", "start_char": 1149, "end_char": 1150, "token_label": "NA"}, {"token": "not", "start_char": 1151, "end_char": 1154, "token_label": "NA"}, {"token": "a", "start_char": 1155, "end_char": 1156, "token_label": "NA"}, {"token": "country", "start_char": 1157, "end_char": 1164, "token_label": "NA"}, {"token": ".", "start_char": 1164, "end_char": 1165, "token_label": "NA"}, {"token": "\"", "start_char": 1165, "end_char": 1166, "token_label": "NA"}], "news_discourse_role": 7, "news_discourse_role_prob_0": 0.0007490999414585531, "news_discourse_role_prob_1": 0.024335261434316635, "news_discourse_role_prob_2": 0.0042562903836369514, "news_discourse_role_prob_3": 0.23240181803703308, "news_discourse_role_prob_4": 0.07392381876707077, "news_discourse_role_prob_5": 0.1934298574924469, "news_discourse_role_prob_6": 0.05442838743329048, "news_discourse_role_prob_7": 0.4074501395225525, "news_discourse_role_prob_8": 0.009025315754115582, "previous_discourse_relation": 1, "previous_discourse_relation_prob_comp": 7.176140206865966e-05, "previous_discourse_relation_prob_cont": 0.9980525970458984, "previous_discourse_relation_prob_temp": 7.871216803323478e-05, "previous_discourse_relation_prob_expan": 0.0017968835309147835, "latter_discourse_relation": 3, "latter_discourse_relation_prob_comp": 0.0002108258631778881, "latter_discourse_relation_prob_cont": 0.002649872098118067, "latter_discourse_relation_prob_temp": 0.0001412754354532808, "latter_discourse_relation_prob_expan": 0.9969979524612427}, {"sentence_id": 12, "sentence_start": 1167, "sentence_end": 1178, "sentence_text": "Sociology.", "sentence_label": "Doubt", "tokens_list": ["Sociology", "."], "tokens_dicts_list": [{"token": "Sociology", "start_char": 1167, "end_char": 1176, "token_label": "Doubt"}, {"token": ".", "start_char": 1176, "end_char": 1177, "token_label": "Doubt"}], "news_discourse_role": 7, "news_discourse_role_prob_0": 0.0013048142427578568, "news_discourse_role_prob_1": 0.004459133371710777, "news_discourse_role_prob_2": 0.0017849414143711329, "news_discourse_role_prob_3": 0.02230946533381939, "news_discourse_role_prob_4": 0.021544557064771652, "news_discourse_role_prob_5": 0.025123951956629753, "news_discourse_role_prob_6": 0.08901400119066238, "news_discourse_role_prob_7": 0.8297864198684692, "news_discourse_role_prob_8": 0.004672786220908165, "previous_discourse_relation": 3, "previous_discourse_relation_prob_comp": 0.0002108258631778881, "previous_discourse_relation_prob_cont": 0.002649872098118067, "previous_discourse_relation_prob_temp": 0.0001412754354532808, "previous_discourse_relation_prob_expan": 0.9969979524612427, "latter_discourse_relation": 3, "latter_discourse_relation_prob_comp": 0.003121930407360196, "latter_discourse_relation_prob_cont": 0.3680450916290283, "latter_discourse_relation_prob_temp": 0.00011008405272150412, "latter_discourse_relation_prob_expan": 0.6287229657173157}, {"sentence_id": 13, "sentence_start": 1178, "sentence_end": 1218, "sentence_text": "You really don't need to know anything.", "sentence_label": "Thought-terminating_Cliches", "tokens_list": ["You", "really", "do", "n't", "need", "to", "know", "anything", "."], "tokens_dicts_list": [{"token": "You", "start_char": 1178, "end_char": 1181, "token_label": "Doubt"}, {"token": "really", "start_char": 1182, "end_char": 1188, "token_label": "Doubt"}, {"token": "do", "start_char": 1189, "end_char": 1191, "token_label": "Doubt"}, {"token": "n't", "start_char": 1191, "end_char": 1194, "token_label": "Doubt"}, {"token": "need", "start_char": 1195, "end_char": 1199, "token_label": "Doubt"}, {"token": "to", "start_char": 1200, "end_char": 1202, "token_label": "Doubt"}, {"token": "know", "start_char": 1203, "end_char": 1207, "token_label": "Doubt"}, {"token": "anything", "start_char": 1208, "end_char": 1216, "token_label": "Doubt"}, {"token": ".", "start_char": 1216, "end_char": 1217, "token_label": "NA"}], "news_discourse_role": 7, "news_discourse_role_prob_0": 0.0004585753777064383, "news_discourse_role_prob_1": 0.006033794954419136, "news_discourse_role_prob_2": 0.0007025593658909202, "news_discourse_role_prob_3": 0.006648885551840067, "news_discourse_role_prob_4": 0.005842647049576044, "news_discourse_role_prob_5": 0.01108136959373951, "news_discourse_role_prob_6": 0.27111193537712097, "news_discourse_role_prob_7": 0.6798155903816223, "news_discourse_role_prob_8": 0.01830466277897358, "previous_discourse_relation": 3, "previous_discourse_relation_prob_comp": 0.003121930407360196, "previous_discourse_relation_prob_cont": 0.3680450916290283, "previous_discourse_relation_prob_temp": 0.00011008405272150412, "previous_discourse_relation_prob_expan": 0.6287229657173157, "latter_discourse_relation": 3, "latter_discourse_relation_prob_comp": 0.031147029250860214, "latter_discourse_relation_prob_cont": 0.07656561583280563, "latter_discourse_relation_prob_temp": 0.008564558811485767, "latter_discourse_relation_prob_expan": 0.8837227821350098}, {"sentence_id": 14, "sentence_start": 1218, "sentence_end": 1264, "sentence_text": "The professor, who has a PhD in philosophy...", "sentence_label": "Doubt", "tokens_list": ["The", "professor", ",", "who", "has", "a", "PhD", "in", "philosophy", "..."], "tokens_dicts_list": [{"token": "The", "start_char": 1218, "end_char": 1221, "token_label": "Doubt"}, {"token": "professor", "start_char": 1222, "end_char": 1231, "token_label": "Doubt"}, {"token": ",", "start_char": 1231, "end_char": 1232, "token_label": "Doubt"}, {"token": "who", "start_char": 1233, "end_char": 1236, "token_label": "Doubt"}, {"token": "has", "start_char": 1237, "end_char": 1240, "token_label": "Doubt"}, {"token": "a", "start_char": 1241, "end_char": 1242, "token_label": "Doubt"}, {"token": "PhD", "start_char": 1243, "end_char": 1246, "token_label": "Doubt"}, {"token": "in", "start_char": 1247, "end_char": 1249, "token_label": "Doubt"}, {"token": "philosophy", "start_char": 1250, "end_char": 1260, "token_label": "Doubt"}, {"token": "...", "start_char": 1260, "end_char": 1263, "token_label": "Doubt"}], "news_discourse_role": 7, "news_discourse_role_prob_0": 0.0013858448946848512, "news_discourse_role_prob_1": 0.004870457574725151, "news_discourse_role_prob_2": 0.004649484530091286, "news_discourse_role_prob_3": 0.02069077454507351, "news_discourse_role_prob_4": 0.08750466257333755, "news_discourse_role_prob_5": 0.017576422542333603, "news_discourse_role_prob_6": 0.183894082903862, "news_discourse_role_prob_7": 0.6715734004974365, "news_discourse_role_prob_8": 0.007854926399886608, "previous_discourse_relation": 3, "previous_discourse_relation_prob_comp": 0.031147029250860214, "previous_discourse_relation_prob_cont": 0.07656561583280563, "previous_discourse_relation_prob_temp": 0.008564558811485767, "previous_discourse_relation_prob_expan": 0.8837227821350098, "latter_discourse_relation": 3, "latter_discourse_relation_prob_comp": 0.01211312972009182, "latter_discourse_relation_prob_cont": 0.16799040138721466, "latter_discourse_relation_prob_temp": 0.002469925908371806, "latter_discourse_relation_prob_expan": 0.8174265623092651}, {"sentence_id": 15, "sentence_start": 1264, "sentence_end": 1284, "sentence_text": "Of course she does.", "sentence_label": "NA", "tokens_list": ["Of", "course", "she", "does", "."], "tokens_dicts_list": [{"token": "Of", "start_char": 1264, "end_char": 1266, "token_label": "Doubt"}, {"token": "course", "start_char": 1267, "end_char": 1273, "token_label": "Doubt"}, {"token": "she", "start_char": 1274, "end_char": 1277, "token_label": "Doubt"}, {"token": "does", "start_char": 1278, "end_char": 1282, "token_label": "Doubt"}, {"token": ".", "start_char": 1282, "end_char": 1283, "token_label": "NA"}], "news_discourse_role": 7, "news_discourse_role_prob_0": 0.00040475730202160776, "news_discourse_role_prob_1": 0.00766433821991086, "news_discourse_role_prob_2": 0.0007479478954337537, "news_discourse_role_prob_3": 0.00638794107362628, "news_discourse_role_prob_4": 0.008118797093629837, "news_discourse_role_prob_5": 0.004246942698955536, "news_discourse_role_prob_6": 0.1150454431772232, "news_discourse_role_prob_7": 0.8458452224731445, "news_discourse_role_prob_8": 0.011538620106875896, "previous_discourse_relation": 3, "previous_discourse_relation_prob_comp": 0.01211312972009182, "previous_discourse_relation_prob_cont": 0.16799040138721466, "previous_discourse_relation_prob_temp": 0.002469925908371806, "previous_discourse_relation_prob_expan": 0.8174265623092651, "latter_discourse_relation": 3, "latter_discourse_relation_prob_comp": 0.017067566514015198, "latter_discourse_relation_prob_cont": 0.012536918744444847, "latter_discourse_relation_prob_temp": 0.0012561373878270388, "latter_discourse_relation_prob_expan": 0.9691393971443176}, {"sentence_id": 16, "sentence_start": 1284, "sentence_end": 1394, "sentence_text": "I believe I got zero or partial credit because the instructor said, 'Australia is a continent; not a country.", "sentence_label": "NA", "tokens_list": ["I", "believe", "I", "got", "zero", "or", "partial", "credit", "because", "the", "instructor", "said", ",", "'Australia", "is", "a", "continent", ";", "not", "a", "country", "."], "tokens_dicts_list": [{"token": "I", "start_char": 1284, "end_char": 1285, "token_label": "NA"}, {"token": "believe", "start_char": 1286, "end_char": 1293, "token_label": "NA"}, {"token": "I", "start_char": 1294, "end_char": 1295, "token_label": "NA"}, {"token": "got", "start_char": 1296, "end_char": 1299, "token_label": "NA"}, {"token": "zero", "start_char": 1300, "end_char": 1304, "token_label": "NA"}, {"token": "or", "start_char": 1305, "end_char": 1307, "token_label": "NA"}, {"token": "partial", "start_char": 1308, "end_char": 1315, "token_label": "NA"}, {"token": "credit", "start_char": 1316, "end_char": 1322, "token_label": "NA"}, {"token": "because", "start_char": 1323, "end_char": 1330, "token_label": "NA"}, {"token": "the", "start_char": 1331, "end_char": 1334, "token_label": "NA"}, {"token": "instructor", "start_char": 1335, "end_char": 1345, "token_label": "NA"}, {"token": "said", "start_char": 1346, "end_char": 1350, "token_label": "NA"}, {"token": ",", "start_char": 1350, "end_char": 1351, "token_label": "NA"}, {"token": "'Australia", "start_char": 1352, "end_char": 1362, "token_label": "NA"}, {"token": "is", "start_char": 1363, "end_char": 1365, "token_label": "NA"}, {"token": "a", "start_char": 1366, "end_char": 1367, "token_label": "NA"}, {"token": "continent", "start_char": 1368, "end_char": 1377, "token_label": "NA"}, {"token": ";", "start_char": 1377, "end_char": 1378, "token_label": "NA"}, {"token": "not", "start_char": 1379, "end_char": 1382, "token_label": "NA"}, {"token": "a", "start_char": 1383, "end_char": 1384, "token_label": "NA"}, {"token": "country", "start_char": 1385, "end_char": 1392, "token_label": "NA"}, {"token": ".", "start_char": 1392, "end_char": 1393, "token_label": "NA"}], "news_discourse_role": 7, "news_discourse_role_prob_0": 0.0003796196251641959, "news_discourse_role_prob_1": 0.010582957416772842, "news_discourse_role_prob_2": 0.0013354616239666939, "news_discourse_role_prob_3": 0.014090521261096, "news_discourse_role_prob_4": 0.008510236628353596, "news_discourse_role_prob_5": 0.007911661639809608, "news_discourse_role_prob_6": 0.17233628034591675, "news_discourse_role_prob_7": 0.7592726349830627, "news_discourse_role_prob_8": 0.02558060921728611, "previous_discourse_relation": 3, "previous_discourse_relation_prob_comp": 0.017067566514015198, "previous_discourse_relation_prob_cont": 0.012536918744444847, "previous_discourse_relation_prob_temp": 0.0012561373878270388, "previous_discourse_relation_prob_expan": 0.9691393971443176, "latter_discourse_relation": 0, "latter_discourse_relation_prob_comp": 0.9948956370353699, "latter_discourse_relation_prob_cont": 4.5543118176283315e-05, "latter_discourse_relation_prob_temp": 3.362458664923906e-05, "latter_discourse_relation_prob_expan": 0.005025108810514212}, {"sentence_id": 17, "sentence_start": 1394, "sentence_end": 1442, "sentence_text": "However, I believe that Australia is a country.", "sentence_label": "NA", "tokens_list": ["However", ",", "I", "believe", "that", "Australia", "is", "a", "country", "."], "tokens_dicts_list": [{"token": "However", "start_char": 1394, "end_char": 1401, "token_label": "NA"}, {"token": ",", "start_char": 1401, "end_char": 1402, "token_label": "NA"}, {"token": "I", "start_char": 1403, "end_char": 1404, "token_label": "NA"}, {"token": "believe", "start_char": 1405, "end_char": 1412, "token_label": "NA"}, {"token": "that", "start_char": 1413, "end_char": 1417, "token_label": "NA"}, {"token": "Australia", "start_char": 1418, "end_char": 1427, "token_label": "NA"}, {"token": "is", "start_char": 1428, "end_char": 1430, "token_label": "NA"}, {"token": "a", "start_char": 1431, "end_char": 1432, "token_label": "NA"}, {"token": "country", "start_char": 1433, "end_char": 1440, "token_label": "NA"}, {"token": ".", "start_char": 1440, "end_char": 1441, "token_label": "NA"}], "news_discourse_role": 7, "news_discourse_role_prob_0": 0.012679625302553177, "news_discourse_role_prob_1": 0.12436528503894806, "news_discourse_role_prob_2": 0.008518913760781288, "news_discourse_role_prob_3": 0.027673382312059402, "news_discourse_role_prob_4": 0.0472235232591629, "news_discourse_role_prob_5": 0.010447724722325802, "news_discourse_role_prob_6": 0.15189790725708008, "news_discourse_role_prob_7": 0.6025717258453369, "news_discourse_role_prob_8": 0.014621958136558533, "previous_discourse_relation": 0, "previous_discourse_relation_prob_comp": 0.9948956370353699, "previous_discourse_relation_prob_cont": 4.5543118176283315e-05, "previous_discourse_relation_prob_temp": 3.362458664923906e-05, "previous_discourse_relation_prob_expan": 0.005025108810514212, "latter_discourse_relation": 3, "latter_discourse_relation_prob_comp": 0.00015952523972373456, "latter_discourse_relation_prob_cont": 0.019046904519200325, "latter_discourse_relation_prob_temp": 5.621399395749904e-05, "latter_discourse_relation_prob_expan": 0.9807373881340027}, {"sentence_id": 18, "sentence_start": 1442, "sentence_end": 1599, "sentence_text": "The research starter on the SNHU\u2019s Shapiro library written by John Pearson (2013) states, that Australia is the 'sixth-largest country in the world' (n.p.).", "sentence_label": "NA", "tokens_list": ["The", "research", "starter", "on", "the", "SNHU\u2019s", "Shapiro", "library", "written", "by", "John", "Pearson", "(", "2013", ")", "states", ",", "that", "Australia", "is", "the", "'sixth-largest", "country", "in", "the", "world", "'", "(", "n.p.", ")", "."], "tokens_dicts_list": [{"token": "The", "start_char": 1442, "end_char": 1445, "token_label": "NA"}, {"token": "research", "start_char": 1446, "end_char": 1454, "token_label": "NA"}, {"token": "starter", "start_char": 1455, "end_char": 1462, "token_label": "NA"}, {"token": "on", "start_char": 1463, "end_char": 1465, "token_label": "NA"}, {"token": "the", "start_char": 1466, "end_char": 1469, "token_label": "NA"}, {"token": "SNHU\u2019s", "start_char": 1470, "end_char": 1476, "token_label": "NA"}, {"token": "Shapiro", "start_char": 1477, "end_char": 1484, "token_label": "NA"}, {"token": "library", "start_char": 1485, "end_char": 1492, "token_label": "NA"}, {"token": "written", "start_char": 1493, "end_char": 1500, "token_label": "NA"}, {"token": "by", "start_char": 1501, "end_char": 1503, "token_label": "NA"}, {"token": "John", "start_char": 1504, "end_char": 1508, "token_label": "NA"}, {"token": "Pearson", "start_char": 1509, "end_char": 1516, "token_label": "NA"}, {"token": "(", "start_char": 1517, "end_char": 1518, "token_label": "NA"}, {"token": "2013", "start_char": 1518, "end_char": 1522, "token_label": "NA"}, {"token": ")", "start_char": 1522, "end_char": 1523, "token_label": "NA"}, {"token": "states", "start_char": 1524, "end_char": 1530, "token_label": "NA"}, {"token": ",", "start_char": 1530, "end_char": 1531, "token_label": "NA"}, {"token": "that", "start_char": 1532, "end_char": 1536, "token_label": "NA"}, {"token": "Australia", "start_char": 1537, "end_char": 1546, "token_label": "NA"}, {"token": "is", "start_char": 1547, "end_char": 1549, "token_label": "NA"}, {"token": "the", "start_char": 1550, "end_char": 1553, "token_label": "NA"}, {"token": "'sixth-largest", "start_char": 1554, "end_char": 1568, "token_label": "NA"}, {"token": "country", "start_char": 1569, "end_char": 1576, "token_label": "NA"}, {"token": "in", "start_char": 1577, "end_char": 1579, "token_label": "NA"}, {"token": "the", "start_char": 1580, "end_char": 1583, "token_label": "NA"}, {"token": "world", "start_char": 1584, "end_char": 1589, "token_label": "NA"}, {"token": "'", "start_char": 1589, "end_char": 1590, "token_label": "NA"}, {"token": "(", "start_char": 1591, "end_char": 1592, "token_label": "NA"}, {"token": "n.p.", "start_char": 1592, "end_char": 1596, "token_label": "NA"}, {"token": ")", "start_char": 1596, "end_char": 1597, "token_label": "NA"}, {"token": ".", "start_char": 1597, "end_char": 1598, "token_label": "NA"}], "news_discourse_role": 4, "news_discourse_role_prob_0": 0.0011758203618228436, "news_discourse_role_prob_1": 0.0014690214302390814, "news_discourse_role_prob_2": 0.003013260429725051, "news_discourse_role_prob_3": 0.010417191311717033, "news_discourse_role_prob_4": 0.7414430975914001, "news_discourse_role_prob_5": 0.23213879764080048, "news_discourse_role_prob_6": 0.0018814675277099013, "news_discourse_role_prob_7": 0.0071599106304347515, "news_discourse_role_prob_8": 0.0013014598516747355, "previous_discourse_relation": 3, "previous_discourse_relation_prob_comp": 0.00015952523972373456, "previous_discourse_relation_prob_cont": 0.019046904519200325, "previous_discourse_relation_prob_temp": 5.621399395749904e-05, "previous_discourse_relation_prob_expan": 0.9807373881340027, "latter_discourse_relation": 3, "latter_discourse_relation_prob_comp": 0.004837407264858484, "latter_discourse_relation_prob_cont": 0.001970668788999319, "latter_discourse_relation_prob_temp": 0.0007276813848875463, "latter_discourse_relation_prob_expan": 0.9924641847610474}, {"sentence_id": 19, "sentence_start": 1599, "sentence_end": 1715, "sentence_text": "The full name of the country is the Commonwealth of Australia, meaning Australia is both a continent and a country.", "sentence_label": "NA", "tokens_list": ["The", "full", "name", "of", "the", "country", "is", "the", "Commonwealth", "of", "Australia", ",", "meaning", "Australia", "is", "both", "a", "continent", "and", "a", "country", "."], "tokens_dicts_list": [{"token": "The", "start_char": 1599, "end_char": 1602, "token_label": "NA"}, {"token": "full", "start_char": 1603, "end_char": 1607, "token_label": "NA"}, {"token": "name", "start_char": 1608, "end_char": 1612, "token_label": "NA"}, {"token": "of", "start_char": 1613, "end_char": 1615, "token_label": "NA"}, {"token": "the", "start_char": 1616, "end_char": 1619, "token_label": "NA"}, {"token": "country", "start_char": 1620, "end_char": 1627, "token_label": "NA"}, {"token": "is", "start_char": 1628, "end_char": 1630, "token_label": "NA"}, {"token": "the", "start_char": 1631, "end_char": 1634, "token_label": "NA"}, {"token": "Commonwealth", "start_char": 1635, "end_char": 1647, "token_label": "NA"}, {"token": "of", "start_char": 1648, "end_char": 1650, "token_label": "NA"}, {"token": "Australia", "start_char": 1651, "end_char": 1660, "token_label": "NA"}, {"token": ",", "start_char": 1660, "end_char": 1661, "token_label": "NA"}, {"token": "meaning", "start_char": 1662, "end_char": 1669, "token_label": "NA"}, {"token": "Australia", "start_char": 1670, "end_char": 1679, "token_label": "NA"}, {"token": "is", "start_char": 1680, "end_char": 1682, "token_label": "NA"}, {"token": "both", "start_char": 1683, "end_char": 1687, "token_label": "NA"}, {"token": "a", "start_char": 1688, "end_char": 1689, "token_label": "NA"}, {"token": "continent", "start_char": 1690, "end_char": 1699, "token_label": "NA"}, {"token": "and", "start_char": 1700, "end_char": 1703, "token_label": "NA"}, {"token": "a", "start_char": 1704, "end_char": 1705, "token_label": "NA"}, {"token": "country", "start_char": 1706, "end_char": 1713, "token_label": "NA"}, {"token": ".", "start_char": 1713, "end_char": 1714, "token_label": "NA"}], "news_discourse_role": 4, "news_discourse_role_prob_0": 0.0006221301155164838, "news_discourse_role_prob_1": 0.012591831386089325, "news_discourse_role_prob_2": 0.0037105840165168047, "news_discourse_role_prob_3": 0.00828675925731659, "news_discourse_role_prob_4": 0.9613147974014282, "news_discourse_role_prob_5": 0.006974128540605307, "news_discourse_role_prob_6": 0.0003524112980812788, "news_discourse_role_prob_7": 0.005529086105525494, "news_discourse_role_prob_8": 0.0006182578508742154, "previous_discourse_relation": 3, "previous_discourse_relation_prob_comp": 0.004837407264858484, "previous_discourse_relation_prob_cont": 0.001970668788999319, "previous_discourse_relation_prob_temp": 0.0007276813848875463, "previous_discourse_relation_prob_expan": 0.9924641847610474, "latter_discourse_relation": 1, "latter_discourse_relation_prob_comp": 0.004319458734244108, "latter_discourse_relation_prob_cont": 0.9943746328353882, "latter_discourse_relation_prob_temp": 4.747613274957985e-05, "latter_discourse_relation_prob_expan": 0.0012584460200741887}, {"sentence_id": 20, "sentence_start": 1715, "sentence_end": 1774, "sentence_text": "Therefore, these sections of the rubric should be amended.", "sentence_label": "NA", "tokens_list": ["Therefore", ",", "these", "sections", "of", "the", "rubric", "should", "be", "amended", "."], "tokens_dicts_list": [{"token": "Therefore", "start_char": 1715, "end_char": 1724, "token_label": "NA"}, {"token": ",", "start_char": 1724, "end_char": 1725, "token_label": "NA"}, {"token": "these", "start_char": 1726, "end_char": 1731, "token_label": "NA"}, {"token": "sections", "start_char": 1732, "end_char": 1740, "token_label": "NA"}, {"token": "of", "start_char": 1741, "end_char": 1743, "token_label": "NA"}, {"token": "the", "start_char": 1744, "end_char": 1747, "token_label": "NA"}, {"token": "rubric", "start_char": 1748, "end_char": 1754, "token_label": "NA"}, {"token": "should", "start_char": 1755, "end_char": 1761, "token_label": "NA"}, {"token": "be", "start_char": 1762, "end_char": 1764, "token_label": "NA"}, {"token": "amended", "start_char": 1765, "end_char": 1772, "token_label": "NA"}, {"token": ".", "start_char": 1772, "end_char": 1773, "token_label": "NA"}], "news_discourse_role": 7, "news_discourse_role_prob_0": 0.001712088123895228, "news_discourse_role_prob_1": 0.009907280094921589, "news_discourse_role_prob_2": 0.003636157838627696, "news_discourse_role_prob_3": 0.005457078106701374, "news_discourse_role_prob_4": 0.009048433043062687, "news_discourse_role_prob_5": 0.005424914415925741, "news_discourse_role_prob_6": 0.02904769591987133, "news_discourse_role_prob_7": 0.8717076778411865, "news_discourse_role_prob_8": 0.06405867636203766, "previous_discourse_relation": 1, "previous_discourse_relation_prob_comp": 0.004319458734244108, "previous_discourse_relation_prob_cont": 0.9943746328353882, "previous_discourse_relation_prob_temp": 4.747613274957985e-05, "previous_discourse_relation_prob_expan": 0.0012584460200741887, "latter_discourse_relation": 3, "latter_discourse_relation_prob_comp": 0.0030612850096076727, "latter_discourse_relation_prob_cont": 0.17882409691810608, "latter_discourse_relation_prob_temp": 0.00024649169063195586, "latter_discourse_relation_prob_expan": 0.8178681135177612}, {"sentence_id": 21, "sentence_start": 1774, "sentence_end": 1824, "sentence_text": "Australia's nationhood is not a matter of belief.", "sentence_label": "NA", "tokens_list": ["Australia", "'s", "nationhood", "is", "not", "a", "matter", "of", "belief", "."], "tokens_dicts_list": [{"token": "Australia", "start_char": 1774, "end_char": 1783, "token_label": "NA"}, {"token": "'s", "start_char": 1783, "end_char": 1785, "token_label": "NA"}, {"token": "nationhood", "start_char": 1786, "end_char": 1796, "token_label": "NA"}, {"token": "is", "start_char": 1797, "end_char": 1799, "token_label": "NA"}, {"token": "not", "start_char": 1800, "end_char": 1803, "token_label": "NA"}, {"token": "a", "start_char": 1804, "end_char": 1805, "token_label": "NA"}, {"token": "matter", "start_char": 1806, "end_char": 1812, "token_label": "NA"}, {"token": "of", "start_char": 1813, "end_char": 1815, "token_label": "NA"}, {"token": "belief", "start_char": 1816, "end_char": 1822, "token_label": "NA"}, {"token": ".", "start_char": 1822, "end_char": 1823, "token_label": "NA"}], "news_discourse_role": 7, "news_discourse_role_prob_0": 0.0002560713328421116, "news_discourse_role_prob_1": 0.005908211227506399, "news_discourse_role_prob_2": 0.0007191667682491243, "news_discourse_role_prob_3": 0.007420928217470646, "news_discourse_role_prob_4": 0.010407048277556896, "news_discourse_role_prob_5": 0.005450449418276548, "news_discourse_role_prob_6": 0.023765426129102707, "news_discourse_role_prob_7": 0.9404962658882141, "news_discourse_role_prob_8": 0.005576399154961109, "previous_discourse_relation": 3, "previous_discourse_relation_prob_comp": 0.0030612850096076727, "previous_discourse_relation_prob_cont": 0.17882409691810608, "previous_discourse_relation_prob_temp": 0.00024649169063195586, "previous_discourse_relation_prob_expan": 0.8178681135177612, "latter_discourse_relation": 3, "latter_discourse_relation_prob_comp": 0.36408597230911255, "latter_discourse_relation_prob_cont": 0.07534636557102203, "latter_discourse_relation_prob_temp": 0.0002945119049400091, "latter_discourse_relation_prob_expan": 0.5602731704711914}, {"sentence_id": 22, "sentence_start": 1824, "sentence_end": 1862, "sentence_text": "But we are in the age of, \"My truth\".", "sentence_label": "Name_Calling,Labeling", "tokens_list": ["But", "we", "are", "in", "the", "age", "of", ",", "\"", "My", "truth", "\"", "."], "tokens_dicts_list": [{"token": "But", "start_char": 1824, "end_char": 1827, "token_label": "NA"}, {"token": "we", "start_char": 1828, "end_char": 1830, "token_label": "NA"}, {"token": "are", "start_char": 1831, "end_char": 1834, "token_label": "NA"}, {"token": "in", "start_char": 1835, "end_char": 1837, "token_label": "NA"}, {"token": "the", "start_char": 1838, "end_char": 1841, "token_label": "Name_Calling,Labeling"}, {"token": "age", "start_char": 1842, "end_char": 1845, "token_label": "Name_Calling,Labeling"}, {"token": "of", "start_char": 1846, "end_char": 1848, "token_label": "Name_Calling,Labeling"}, {"token": ",", "start_char": 1848, "end_char": 1849, "token_label": "Name_Calling,Labeling"}, {"token": "\"", "start_char": 1850, "end_char": 1851, "token_label": "Name_Calling,Labeling"}, {"token": "My", "start_char": 1851, "end_char": 1853, "token_label": "Name_Calling,Labeling"}, {"token": "truth", "start_char": 1854, "end_char": 1859, "token_label": "Name_Calling,Labeling"}, {"token": "\"", "start_char": 1859, "end_char": 1860, "token_label": "NA"}, {"token": ".", "start_char": 1860, "end_char": 1861, "token_label": "NA"}], "news_discourse_role": 7, "news_discourse_role_prob_0": 0.00024834973737597466, "news_discourse_role_prob_1": 0.004532859660685062, "news_discourse_role_prob_2": 0.0005726260715164244, "news_discourse_role_prob_3": 0.008253521285951138, "news_discourse_role_prob_4": 0.00923950970172882, "news_discourse_role_prob_5": 0.013959688134491444, "news_discourse_role_prob_6": 0.10151669383049011, "news_discourse_role_prob_7": 0.8421905040740967, "news_discourse_role_prob_8": 0.019486339762806892, "previous_discourse_relation": 3, "previous_discourse_relation_prob_comp": 0.36408597230911255, "previous_discourse_relation_prob_cont": 0.07534636557102203, "previous_discourse_relation_prob_temp": 0.0002945119049400091, "previous_discourse_relation_prob_expan": 0.5602731704711914, "latter_discourse_relation": 3, "latter_discourse_relation_prob_comp": 0.0015029689529910684, "latter_discourse_relation_prob_cont": 0.01520455814898014, "latter_discourse_relation_prob_temp": 9.452859376324341e-05, "latter_discourse_relation_prob_expan": 0.9831978678703308}, {"sentence_id": 23, "sentence_start": 1862, "sentence_end": 1966, "sentence_text": "And my truth has a different belief about Australia than yours does because of my degree of oppression.", "sentence_label": "Repetition", "tokens_list": ["And", "my", "truth", "has", "a", "different", "belief", "about", "Australia", "than", "yours", "does", "because", "of", "my", "degree", "of", "oppression", "."], "tokens_dicts_list": [{"token": "And", "start_char": 1862, "end_char": 1865, "token_label": "NA"}, {"token": "my", "start_char": 1866, "end_char": 1868, "token_label": "Repetition"}, {"token": "truth", "start_char": 1869, "end_char": 1874, "token_label": "Repetition"}, {"token": "has", "start_char": 1875, "end_char": 1878, "token_label": "NA"}, {"token": "a", "start_char": 1879, "end_char": 1880, "token_label": "NA"}, {"token": "different", "start_char": 1881, "end_char": 1890, "token_label": "NA"}, {"token": "belief", "start_char": 1891, "end_char": 1897, "token_label": "NA"}, {"token": "about", "start_char": 1898, "end_char": 1903, "token_label": "NA"}, {"token": "Australia", "start_char": 1904, "end_char": 1913, "token_label": "NA"}, {"token": "than", "start_char": 1914, "end_char": 1918, "token_label": "NA"}, {"token": "yours", "start_char": 1919, "end_char": 1924, "token_label": "NA"}, {"token": "does", "start_char": 1925, "end_char": 1929, "token_label": "NA"}, {"token": "because", "start_char": 1930, "end_char": 1937, "token_label": "NA"}, {"token": "of", "start_char": 1938, "end_char": 1940, "token_label": "NA"}, {"token": "my", "start_char": 1941, "end_char": 1943, "token_label": "NA"}, {"token": "degree", "start_char": 1944, "end_char": 1950, "token_label": "NA"}, {"token": "of", "start_char": 1951, "end_char": 1953, "token_label": "NA"}, {"token": "oppression", "start_char": 1954, "end_char": 1964, "token_label": "NA"}, {"token": ".", "start_char": 1964, "end_char": 1965, "token_label": "NA"}], "news_discourse_role": 7, "news_discourse_role_prob_0": 0.0005678909947164357, "news_discourse_role_prob_1": 0.03722801432013512, "news_discourse_role_prob_2": 0.0028717282693833113, "news_discourse_role_prob_3": 0.02337288111448288, "news_discourse_role_prob_4": 0.02238420769572258, "news_discourse_role_prob_5": 0.007144617848098278, "news_discourse_role_prob_6": 0.23162782192230225, "news_discourse_role_prob_7": 0.6478126049041748, "news_discourse_role_prob_8": 0.026990221813321114, "previous_discourse_relation": 3, "previous_discourse_relation_prob_comp": 0.0015029689529910684, "previous_discourse_relation_prob_cont": 0.01520455814898014, "previous_discourse_relation_prob_temp": 9.452859376324341e-05, "previous_discourse_relation_prob_expan": 0.9831978678703308, "latter_discourse_relation": 3, "latter_discourse_relation_prob_comp": 0.00029615103267133236, "latter_discourse_relation_prob_cont": 0.0008370968280360103, "latter_discourse_relation_prob_temp": 0.00011674943380057812, "latter_discourse_relation_prob_expan": 0.9987499713897705}, {"sentence_id": 24, "sentence_start": 1966, "sentence_end": 1975, "sentence_text": "Finally,", "sentence_label": "NA", "tokens_list": ["Finally", ","], "tokens_dicts_list": [{"token": "Finally", "start_char": 1966, "end_char": 1973, "token_label": "NA"}, {"token": ",", "start_char": 1973, "end_char": 1974, "token_label": "NA"}], "news_discourse_role": 7, "news_discourse_role_prob_0": 0.012336431071162224, "news_discourse_role_prob_1": 0.016422489657998085, "news_discourse_role_prob_2": 0.03254184499382973, "news_discourse_role_prob_3": 0.007374349050223827, "news_discourse_role_prob_4": 0.2400783747434616, "news_discourse_role_prob_5": 0.012449816800653934, "news_discourse_role_prob_6": 0.08316857367753983, "news_discourse_role_prob_7": 0.5646964311599731, "news_discourse_role_prob_8": 0.030931686982512474, "previous_discourse_relation": 3, "previous_discourse_relation_prob_comp": 0.00029615103267133236, "previous_discourse_relation_prob_cont": 0.0008370968280360103, "previous_discourse_relation_prob_temp": 0.00011674943380057812, "previous_discourse_relation_prob_expan": 0.9987499713897705, "latter_discourse_relation": 2, "latter_discourse_relation_prob_comp": 0.006076640449464321, "latter_discourse_relation_prob_cont": 0.028016632422804832, "latter_discourse_relation_prob_temp": 0.8784719705581665, "latter_discourse_relation_prob_expan": 0.087434783577919}, {"sentence_id": 25, "sentence_start": 1975, "sentence_end": 2031, "sentence_text": "the professor responded: Thank you for this web-address", "sentence_label": "NA", "tokens_list": ["the", "professor", "responded", ":", "Thank", "you", "for", "this", "web-address"], "tokens_dicts_list": [{"token": "the", "start_char": 1975, "end_char": 1978, "token_label": "NA"}, {"token": "professor", "start_char": 1979, "end_char": 1988, "token_label": "NA"}, {"token": "responded", "start_char": 1989, "end_char": 1998, "token_label": "NA"}, {"token": ":", "start_char": 1998, "end_char": 1999, "token_label": "NA"}, {"token": "Thank", "start_char": 2000, "end_char": 2005, "token_label": "NA"}, {"token": "you", "start_char": 2006, "end_char": 2009, "token_label": "NA"}, {"token": "for", "start_char": 2010, "end_char": 2013, "token_label": "NA"}, {"token": "this", "start_char": 2014, "end_char": 2018, "token_label": "NA"}, {"token": "web-address", "start_char": 2019, "end_char": 2030, "token_label": "NA"}], "news_discourse_role": 7, "news_discourse_role_prob_0": 0.000885364250279963, "news_discourse_role_prob_1": 0.007228349335491657, "news_discourse_role_prob_2": 0.012630905024707317, "news_discourse_role_prob_3": 0.004742411430925131, "news_discourse_role_prob_4": 0.10649339109659195, "news_discourse_role_prob_5": 0.005381525494158268, "news_discourse_role_prob_6": 0.0906885415315628, "news_discourse_role_prob_7": 0.7490183115005493, "news_discourse_role_prob_8": 0.022931305691599846, "previous_discourse_relation": 2, "previous_discourse_relation_prob_comp": 0.006076640449464321, "previous_discourse_relation_prob_cont": 0.028016632422804832, "previous_discourse_relation_prob_temp": 0.8784719705581665, "previous_discourse_relation_prob_expan": 0.087434783577919, "latter_discourse_relation": 2, "latter_discourse_relation_prob_comp": 0.0057622394524514675, "latter_discourse_relation_prob_cont": 0.05455498769879341, "latter_discourse_relation_prob_temp": 0.8723558783531189, "latter_discourse_relation_prob_expan": 0.06732688099145889}, {"sentence_id": 26, "sentence_start": 2032, "sentence_end": 2126, "sentence_text": "After I do some independent research on the continent/country issue I will review your paper.", "sentence_label": "NA", "tokens_list": ["After", "I", "do", "some", "independent", "research", "on", "the", "continent/country", "issue", "I", "will", "review", "your", "paper", "."], "tokens_dicts_list": [{"token": "After", "start_char": 2032, "end_char": 2037, "token_label": "NA"}, {"token": "I", "start_char": 2038, "end_char": 2039, "token_label": "NA"}, {"token": "do", "start_char": 2040, "end_char": 2042, "token_label": "NA"}, {"token": "some", "start_char": 2043, "end_char": 2047, "token_label": "NA"}, {"token": "independent", "start_char": 2048, "end_char": 2059, "token_label": "NA"}, {"token": "research", "start_char": 2060, "end_char": 2068, "token_label": "NA"}, {"token": "on", "start_char": 2069, "end_char": 2071, "token_label": "NA"}, {"token": "the", "start_char": 2072, "end_char": 2075, "token_label": "NA"}, {"token": "continent/country", "start_char": 2076, "end_char": 2093, "token_label": "NA"}, {"token": "issue", "start_char": 2094, "end_char": 2099, "token_label": "NA"}, {"token": "I", "start_char": 2100, "end_char": 2101, "token_label": "NA"}, {"token": "will", "start_char": 2102, "end_char": 2106, "token_label": "NA"}, {"token": "review", "start_char": 2107, "end_char": 2113, "token_label": "NA"}, {"token": "your", "start_char": 2114, "end_char": 2118, "token_label": "NA"}, {"token": "paper", "start_char": 2119, "end_char": 2124, "token_label": "NA"}, {"token": ".", "start_char": 2124, "end_char": 2125, "token_label": "NA"}], "news_discourse_role": 8, "news_discourse_role_prob_0": 0.000719403091352433, "news_discourse_role_prob_1": 0.003841083263978362, "news_discourse_role_prob_2": 0.008506343699991703, "news_discourse_role_prob_3": 0.00024528635549359024, "news_discourse_role_prob_4": 0.01274122204631567, "news_discourse_role_prob_5": 0.00045492456411011517, "news_discourse_role_prob_6": 0.012877661734819412, "news_discourse_role_prob_7": 0.015062612481415272, "news_discourse_role_prob_8": 0.9455514550209045, "previous_discourse_relation": 2, "previous_discourse_relation_prob_comp": 0.0057622394524514675, "previous_discourse_relation_prob_cont": 0.05455498769879341, "previous_discourse_relation_prob_temp": 0.8723558783531189, "previous_discourse_relation_prob_expan": 0.06732688099145889, "latter_discourse_relation": 0, "latter_discourse_relation_prob_comp": 0.9950830936431885, "latter_discourse_relation_prob_cont": 0.00169084663502872, "latter_discourse_relation_prob_temp": 0.0004619229875970632, "latter_discourse_relation_prob_expan": 0.0027641209308058023}, {"sentence_id": 27, "sentence_start": 2126, "sentence_end": 2146, "sentence_text": "Who can really say?", "sentence_label": "NA", "tokens_list": ["Who", "can", "really", "say", "?"], "tokens_dicts_list": [{"token": "Who", "start_char": 2126, "end_char": 2129, "token_label": "NA"}, {"token": "can", "start_char": 2130, "end_char": 2133, "token_label": "NA"}, {"token": "really", "start_char": 2134, "end_char": 2140, "token_label": "NA"}, {"token": "say", "start_char": 2141, "end_char": 2144, "token_label": "NA"}, {"token": "?", "start_char": 2144, "end_char": 2145, "token_label": "NA"}], "news_discourse_role": 7, "news_discourse_role_prob_0": 0.0003532702976372093, "news_discourse_role_prob_1": 0.003101503010839224, "news_discourse_role_prob_2": 0.0003168259281665087, "news_discourse_role_prob_3": 0.0036136293783783913, "news_discourse_role_prob_4": 0.004275992047041655, "news_discourse_role_prob_5": 0.007225539069622755, "news_discourse_role_prob_6": 0.10012858361005783, "news_discourse_role_prob_7": 0.870093584060669, "news_discourse_role_prob_8": 0.010891095735132694, "previous_discourse_relation": 0, "previous_discourse_relation_prob_comp": 0.9950830936431885, "previous_discourse_relation_prob_cont": 0.00169084663502872, "previous_discourse_relation_prob_temp": 0.0004619229875970632, "previous_discourse_relation_prob_expan": 0.0027641209308058023, "latter_discourse_relation": -1}]}