{"file_name": "./Propaganda/json_annotations/train/article696735702.json", "num_sentences": 27, "sentences": [{"sentence_id": 0, "sentence_start": 0, "sentence_end": 116, "sentence_text": "New Las Vegas Shooter Theory: \u201cRushed And Unprepared\u2026 Could Have Led To Accident Like Shooting Himself In The Head\u201d", "sentence_label": "NA", "tokens_list": ["New", "Las", "Vegas", "Shooter", "Theory", ":", "\u201cRushed", "And", "Unprepared\u2026", "Could", "Have", "Led", "To", "Accident", "Like", "Shooting", "Himself", "In", "The", "Head\u201d"], "tokens_dicts_list": [{"token": "New", "start_char": 0, "end_char": 3, "token_label": "NA"}, {"token": "Las", "start_char": 4, "end_char": 7, "token_label": "NA"}, {"token": "Vegas", "start_char": 8, "end_char": 13, "token_label": "NA"}, {"token": "Shooter", "start_char": 14, "end_char": 21, "token_label": "NA"}, {"token": "Theory", "start_char": 22, "end_char": 28, "token_label": "NA"}, {"token": ":", "start_char": 28, "end_char": 29, "token_label": "NA"}, {"token": "\u201cRushed", "start_char": 30, "end_char": 37, "token_label": "NA"}, {"token": "And", "start_char": 38, "end_char": 41, "token_label": "NA"}, {"token": "Unprepared\u2026", "start_char": 42, "end_char": 53, "token_label": "NA"}, {"token": "Could", "start_char": 54, "end_char": 59, "token_label": "NA"}, {"token": "Have", "start_char": 60, "end_char": 64, "token_label": "NA"}, {"token": "Led", "start_char": 65, "end_char": 68, "token_label": "NA"}, {"token": "To", "start_char": 69, "end_char": 71, "token_label": "NA"}, {"token": "Accident", "start_char": 72, "end_char": 80, "token_label": "NA"}, {"token": "Like", "start_char": 81, "end_char": 85, "token_label": "NA"}, {"token": "Shooting", "start_char": 86, "end_char": 94, "token_label": "NA"}, {"token": "Himself", "start_char": 95, "end_char": 102, "token_label": "NA"}, {"token": "In", "start_char": 103, "end_char": 105, "token_label": "NA"}, {"token": "The", "start_char": 106, "end_char": 109, "token_label": "NA"}, {"token": "Head\u201d", "start_char": 110, "end_char": 115, "token_label": "NA"}], "news_discourse_role": 0, "news_discourse_role_prob_0": 0.8377679586410522, "news_discourse_role_prob_1": 0.10887258499860764, "news_discourse_role_prob_2": 0.0003687789139803499, "news_discourse_role_prob_3": 0.005798981990665197, "news_discourse_role_prob_4": 0.004829193465411663, "news_discourse_role_prob_5": 0.008234123699367046, "news_discourse_role_prob_6": 0.0007865962688811123, "news_discourse_role_prob_7": 0.0320129469037056, "news_discourse_role_prob_8": 0.001328838523477316, "latter_discourse_relation": 1, "latter_discourse_relation_prob_comp": 0.03781912848353386, "latter_discourse_relation_prob_cont": 0.74672931432724, "latter_discourse_relation_prob_temp": 0.001191547722555697, "latter_discourse_relation_prob_expan": 0.21425998210906982, "previous_discourse_relation": -1}, {"sentence_id": 1, "sentence_start": 117, "sentence_end": 277, "sentence_text": "It should be clear by now that the entire official narrative surrounding the Las Vegas shooting that left 59 people dead and hundreds injured is falling apart.", "sentence_label": "NA", "tokens_list": ["It", "should", "be", "clear", "by", "now", "that", "the", "entire", "official", "narrative", "surrounding", "the", "Las", "Vegas", "shooting", "that", "left", "59", "people", "dead", "and", "hundreds", "injured", "is", "falling", "apart", "."], "tokens_dicts_list": [{"token": "It", "start_char": 117, "end_char": 119, "token_label": "NA"}, {"token": "should", "start_char": 120, "end_char": 126, "token_label": "NA"}, {"token": "be", "start_char": 127, "end_char": 129, "token_label": "NA"}, {"token": "clear", "start_char": 130, "end_char": 135, "token_label": "NA"}, {"token": "by", "start_char": 136, "end_char": 138, "token_label": "NA"}, {"token": "now", "start_char": 139, "end_char": 142, "token_label": "NA"}, {"token": "that", "start_char": 143, "end_char": 147, "token_label": "NA"}, {"token": "the", "start_char": 148, "end_char": 151, "token_label": "NA"}, {"token": "entire", "start_char": 152, "end_char": 158, "token_label": "NA"}, {"token": "official", "start_char": 159, "end_char": 167, "token_label": "NA"}, {"token": "narrative", "start_char": 168, "end_char": 177, "token_label": "NA"}, {"token": "surrounding", "start_char": 178, "end_char": 189, "token_label": "NA"}, {"token": "the", "start_char": 190, "end_char": 193, "token_label": "NA"}, {"token": "Las", "start_char": 194, "end_char": 197, "token_label": "NA"}, {"token": "Vegas", "start_char": 198, "end_char": 203, "token_label": "NA"}, {"token": "shooting", "start_char": 204, "end_char": 212, "token_label": "NA"}, {"token": "that", "start_char": 213, "end_char": 217, "token_label": "NA"}, {"token": "left", "start_char": 218, "end_char": 222, "token_label": "NA"}, {"token": "59", "start_char": 223, "end_char": 225, "token_label": "NA"}, {"token": "people", "start_char": 226, "end_char": 232, "token_label": "NA"}, {"token": "dead", "start_char": 233, "end_char": 237, "token_label": "NA"}, {"token": "and", "start_char": 238, "end_char": 241, "token_label": "NA"}, {"token": "hundreds", "start_char": 242, "end_char": 250, "token_label": "NA"}, {"token": "injured", "start_char": 251, "end_char": 258, "token_label": "NA"}, {"token": "is", "start_char": 259, "end_char": 261, "token_label": "NA"}, {"token": "falling", "start_char": 262, "end_char": 269, "token_label": "NA"}, {"token": "apart", "start_char": 270, "end_char": 275, "token_label": "NA"}, {"token": ".", "start_char": 275, "end_char": 276, "token_label": "NA"}], "news_discourse_role": 7, "news_discourse_role_prob_0": 0.002984768943861127, "news_discourse_role_prob_1": 0.23767004907131195, "news_discourse_role_prob_2": 0.0017978028627112508, "news_discourse_role_prob_3": 0.04534057527780533, "news_discourse_role_prob_4": 0.01917097344994545, "news_discourse_role_prob_5": 0.003485955996438861, "news_discourse_role_prob_6": 0.0037587336264550686, "news_discourse_role_prob_7": 0.679243803024292, "news_discourse_role_prob_8": 0.0065472726710140705, "previous_discourse_relation": 1, "previous_discourse_relation_prob_comp": 0.03781912848353386, "previous_discourse_relation_prob_cont": 0.74672931432724, "previous_discourse_relation_prob_temp": 0.001191547722555697, "previous_discourse_relation_prob_expan": 0.21425998210906982, "latter_discourse_relation": 3, "latter_discourse_relation_prob_comp": 0.0008893958292901516, "latter_discourse_relation_prob_cont": 0.3468639552593231, "latter_discourse_relation_prob_temp": 0.0014684931375086308, "latter_discourse_relation_prob_expan": 0.6507781744003296}, {"sentence_id": 2, "sentence_start": 277, "sentence_end": 576, "sentence_text": "From shooter Paddock\u2019s check-in date and the existence of a second person in his room, to possible connections to a terrorist organization, as well as the the actual timeline of events, everything being disseminated by law enforcement and the mainstream media should now come under public scrutiny.", "sentence_label": "NA", "tokens_list": ["From", "shooter", "Paddock\u2019s", "check-in", "date", "and", "the", "existence", "of", "a", "second", "person", "in", "his", "room", ",", "to", "possible", "connections", "to", "a", "terrorist", "organization", ",", "as", "well", "as", "the", "the", "actual", "timeline", "of", "events", ",", "everything", "being", "disseminated", "by", "law", "enforcement", "and", "the", "mainstream", "media", "should", "now", "come", "under", "public", "scrutiny", "."], "tokens_dicts_list": [{"token": "From", "start_char": 277, "end_char": 281, "token_label": "NA"}, {"token": "shooter", "start_char": 282, "end_char": 289, "token_label": "NA"}, {"token": "Paddock\u2019s", "start_char": 290, "end_char": 299, "token_label": "NA"}, {"token": "check-in", "start_char": 300, "end_char": 308, "token_label": "NA"}, {"token": "date", "start_char": 309, "end_char": 313, "token_label": "NA"}, {"token": "and", "start_char": 314, "end_char": 317, "token_label": "NA"}, {"token": "the", "start_char": 318, "end_char": 321, "token_label": "NA"}, {"token": "existence", "start_char": 322, "end_char": 331, "token_label": "NA"}, {"token": "of", "start_char": 332, "end_char": 334, "token_label": "NA"}, {"token": "a", "start_char": 335, "end_char": 336, "token_label": "NA"}, {"token": "second", "start_char": 337, "end_char": 343, "token_label": "NA"}, {"token": "person", "start_char": 344, "end_char": 350, "token_label": "NA"}, {"token": "in", "start_char": 351, "end_char": 353, "token_label": "NA"}, {"token": "his", "start_char": 354, "end_char": 357, "token_label": "NA"}, {"token": "room", "start_char": 358, "end_char": 362, "token_label": "NA"}, {"token": ",", "start_char": 362, "end_char": 363, "token_label": "NA"}, {"token": "to", "start_char": 364, "end_char": 366, "token_label": "NA"}, {"token": "possible", "start_char": 367, "end_char": 375, "token_label": "NA"}, {"token": "connections", "start_char": 376, "end_char": 387, "token_label": "NA"}, {"token": "to", "start_char": 388, "end_char": 390, "token_label": "NA"}, {"token": "a", "start_char": 391, "end_char": 392, "token_label": "NA"}, {"token": "terrorist", "start_char": 393, "end_char": 402, "token_label": "NA"}, {"token": "organization", "start_char": 403, "end_char": 415, "token_label": "NA"}, {"token": ",", "start_char": 415, "end_char": 416, "token_label": "NA"}, {"token": "as", "start_char": 417, "end_char": 419, "token_label": "NA"}, {"token": "well", "start_char": 420, "end_char": 424, "token_label": "NA"}, {"token": "as", "start_char": 425, "end_char": 427, "token_label": "NA"}, {"token": "the", "start_char": 428, "end_char": 431, "token_label": "NA"}, {"token": "the", "start_char": 432, "end_char": 435, "token_label": "NA"}, {"token": "actual", "start_char": 436, "end_char": 442, "token_label": "NA"}, {"token": "timeline", "start_char": 443, "end_char": 451, "token_label": "NA"}, {"token": "of", "start_char": 452, "end_char": 454, "token_label": "NA"}, {"token": "events", "start_char": 455, "end_char": 461, "token_label": "NA"}, {"token": ",", "start_char": 461, "end_char": 462, "token_label": "NA"}, {"token": "everything", "start_char": 463, "end_char": 473, "token_label": "NA"}, {"token": "being", "start_char": 474, "end_char": 479, "token_label": "NA"}, {"token": "disseminated", "start_char": 480, "end_char": 492, "token_label": "NA"}, {"token": "by", "start_char": 493, "end_char": 495, "token_label": "NA"}, {"token": "law", "start_char": 496, "end_char": 499, "token_label": "NA"}, {"token": "enforcement", "start_char": 500, "end_char": 511, "token_label": "NA"}, {"token": "and", "start_char": 512, "end_char": 515, "token_label": "NA"}, {"token": "the", "start_char": 516, "end_char": 519, "token_label": "NA"}, {"token": "mainstream", "start_char": 520, "end_char": 530, "token_label": "NA"}, {"token": "media", "start_char": 531, "end_char": 536, "token_label": "NA"}, {"token": "should", "start_char": 537, "end_char": 543, "token_label": "NA"}, {"token": "now", "start_char": 544, "end_char": 547, "token_label": "NA"}, {"token": "come", "start_char": 548, "end_char": 552, "token_label": "NA"}, {"token": "under", "start_char": 553, "end_char": 558, "token_label": "NA"}, {"token": "public", "start_char": 559, "end_char": 565, "token_label": "NA"}, {"token": "scrutiny", "start_char": 566, "end_char": 574, "token_label": "NA"}, {"token": ".", "start_char": 574, "end_char": 575, "token_label": "NA"}], "news_discourse_role": 1, "news_discourse_role_prob_0": 0.002191155217587948, "news_discourse_role_prob_1": 0.4320695996284485, "news_discourse_role_prob_2": 0.0032713506370782852, "news_discourse_role_prob_3": 0.1888645738363266, "news_discourse_role_prob_4": 0.1701938956975937, "news_discourse_role_prob_5": 0.006881034001708031, "news_discourse_role_prob_6": 0.0023220933508127928, "news_discourse_role_prob_7": 0.18644317984580994, "news_discourse_role_prob_8": 0.007763061672449112, "previous_discourse_relation": 3, "previous_discourse_relation_prob_comp": 0.0008893958292901516, "previous_discourse_relation_prob_cont": 0.3468639552593231, "previous_discourse_relation_prob_temp": 0.0014684931375086308, "previous_discourse_relation_prob_expan": 0.6507781744003296, "latter_discourse_relation": 3, "latter_discourse_relation_prob_comp": 0.0004700481949839741, "latter_discourse_relation_prob_cont": 0.11769570410251617, "latter_discourse_relation_prob_temp": 0.00041181923006661236, "latter_discourse_relation_prob_expan": 0.8814224004745483}, {"sentence_id": 3, "sentence_start": 576, "sentence_end": 743, "sentence_text": "In the last 24 hours the Sheriff\u2019s Department has significantly revised the event timeline and a key incident involving the shooting of a Mandalay Bay security guard.", "sentence_label": "NA", "tokens_list": ["In", "the", "last", "24", "hours", "the", "Sheriff\u2019s", "Department", "has", "significantly", "revised", "the", "event", "timeline", "and", "a", "key", "incident", "involving", "the", "shooting", "of", "a", "Mandalay", "Bay", "security", "guard", "."], "tokens_dicts_list": [{"token": "In", "start_char": 576, "end_char": 578, "token_label": "NA"}, {"token": "the", "start_char": 579, "end_char": 582, "token_label": "NA"}, {"token": "last", "start_char": 583, "end_char": 587, "token_label": "NA"}, {"token": "24", "start_char": 588, "end_char": 590, "token_label": "NA"}, {"token": "hours", "start_char": 591, "end_char": 596, "token_label": "NA"}, {"token": "the", "start_char": 597, "end_char": 600, "token_label": "NA"}, {"token": "Sheriff\u2019s", "start_char": 601, "end_char": 610, "token_label": "NA"}, {"token": "Department", "start_char": 611, "end_char": 621, "token_label": "NA"}, {"token": "has", "start_char": 622, "end_char": 625, "token_label": "NA"}, {"token": "significantly", "start_char": 626, "end_char": 639, "token_label": "NA"}, {"token": "revised", "start_char": 640, "end_char": 647, "token_label": "NA"}, {"token": "the", "start_char": 648, "end_char": 651, "token_label": "NA"}, {"token": "event", "start_char": 652, "end_char": 657, "token_label": "NA"}, {"token": "timeline", "start_char": 658, "end_char": 666, "token_label": "NA"}, {"token": "and", "start_char": 667, "end_char": 670, "token_label": "NA"}, {"token": "a", "start_char": 671, "end_char": 672, "token_label": "NA"}, {"token": "key", "start_char": 673, "end_char": 676, "token_label": "NA"}, {"token": "incident", "start_char": 677, "end_char": 685, "token_label": "NA"}, {"token": "involving", "start_char": 686, "end_char": 695, "token_label": "NA"}, {"token": "the", "start_char": 696, "end_char": 699, "token_label": "NA"}, {"token": "shooting", "start_char": 700, "end_char": 708, "token_label": "NA"}, {"token": "of", "start_char": 709, "end_char": 711, "token_label": "NA"}, {"token": "a", "start_char": 712, "end_char": 713, "token_label": "NA"}, {"token": "Mandalay", "start_char": 714, "end_char": 722, "token_label": "NA"}, {"token": "Bay", "start_char": 723, "end_char": 726, "token_label": "NA"}, {"token": "security", "start_char": 727, "end_char": 735, "token_label": "NA"}, {"token": "guard", "start_char": 736, "end_char": 741, "token_label": "NA"}, {"token": ".", "start_char": 741, "end_char": 742, "token_label": "NA"}], "news_discourse_role": 1, "news_discourse_role_prob_0": 0.00014406186528503895, "news_discourse_role_prob_1": 0.9071323871612549, "news_discourse_role_prob_2": 0.005408083088696003, "news_discourse_role_prob_3": 0.014443178661167622, "news_discourse_role_prob_4": 0.07263411581516266, "news_discourse_role_prob_5": 2.481191768310964e-05, "news_discourse_role_prob_6": 8.563704795960803e-06, "news_discourse_role_prob_7": 0.0001446315145585686, "news_discourse_role_prob_8": 6.0177531850058585e-05, "previous_discourse_relation": 3, "previous_discourse_relation_prob_comp": 0.0004700481949839741, "previous_discourse_relation_prob_cont": 0.11769570410251617, "previous_discourse_relation_prob_temp": 0.00041181923006661236, "previous_discourse_relation_prob_expan": 0.8814224004745483, "latter_discourse_relation": 3, "latter_discourse_relation_prob_comp": 0.005160618107765913, "latter_discourse_relation_prob_cont": 0.024138616397976875, "latter_discourse_relation_prob_temp": 0.05251971632242203, "latter_discourse_relation_prob_expan": 0.9181810617446899}, {"sentence_id": 4, "sentence_start": 743, "sentence_end": 955, "sentence_text": "Originally, as highlighted by The Daily Sheeple, the security guard was hailed as being responsible for preventing the shooter from continuing his massacre because he interrupted him in the middle of the attack.", "sentence_label": "NA", "tokens_list": ["Originally", ",", "as", "highlighted", "by", "The", "Daily", "Sheeple", ",", "the", "security", "guard", "was", "hailed", "as", "being", "responsible", "for", "preventing", "the", "shooter", "from", "continuing", "his", "massacre", "because", "he", "interrupted", "him", "in", "the", "middle", "of", "the", "attack", "."], "tokens_dicts_list": [{"token": "Originally", "start_char": 743, "end_char": 753, "token_label": "NA"}, {"token": ",", "start_char": 753, "end_char": 754, "token_label": "NA"}, {"token": "as", "start_char": 755, "end_char": 757, "token_label": "NA"}, {"token": "highlighted", "start_char": 758, "end_char": 769, "token_label": "NA"}, {"token": "by", "start_char": 770, "end_char": 772, "token_label": "NA"}, {"token": "The", "start_char": 773, "end_char": 776, "token_label": "NA"}, {"token": "Daily", "start_char": 777, "end_char": 782, "token_label": "NA"}, {"token": "Sheeple", "start_char": 783, "end_char": 790, "token_label": "NA"}, {"token": ",", "start_char": 790, "end_char": 791, "token_label": "NA"}, {"token": "the", "start_char": 792, "end_char": 795, "token_label": "NA"}, {"token": "security", "start_char": 796, "end_char": 804, "token_label": "NA"}, {"token": "guard", "start_char": 805, "end_char": 810, "token_label": "NA"}, {"token": "was", "start_char": 811, "end_char": 814, "token_label": "NA"}, {"token": "hailed", "start_char": 815, "end_char": 821, "token_label": "NA"}, {"token": "as", "start_char": 822, "end_char": 824, "token_label": "NA"}, {"token": "being", "start_char": 825, "end_char": 830, "token_label": "NA"}, {"token": "responsible", "start_char": 831, "end_char": 842, "token_label": "NA"}, {"token": "for", "start_char": 843, "end_char": 846, "token_label": "NA"}, {"token": "preventing", "start_char": 847, "end_char": 857, "token_label": "NA"}, {"token": "the", "start_char": 858, "end_char": 861, "token_label": "NA"}, {"token": "shooter", "start_char": 862, "end_char": 869, "token_label": "NA"}, {"token": "from", "start_char": 870, "end_char": 874, "token_label": "NA"}, {"token": "continuing", "start_char": 875, "end_char": 885, "token_label": "NA"}, {"token": "his", "start_char": 886, "end_char": 889, "token_label": "NA"}, {"token": "massacre", "start_char": 890, "end_char": 898, "token_label": "NA"}, {"token": "because", "start_char": 899, "end_char": 906, "token_label": "NA"}, {"token": "he", "start_char": 907, "end_char": 909, "token_label": "NA"}, {"token": "interrupted", "start_char": 910, "end_char": 921, "token_label": "NA"}, {"token": "him", "start_char": 922, "end_char": 925, "token_label": "NA"}, {"token": "in", "start_char": 926, "end_char": 928, "token_label": "NA"}, {"token": "the", "start_char": 929, "end_char": 932, "token_label": "NA"}, {"token": "middle", "start_char": 933, "end_char": 939, "token_label": "NA"}, {"token": "of", "start_char": 940, "end_char": 942, "token_label": "NA"}, {"token": "the", "start_char": 943, "end_char": 946, "token_label": "NA"}, {"token": "attack", "start_char": 947, "end_char": 953, "token_label": "NA"}, {"token": ".", "start_char": 953, "end_char": 954, "token_label": "NA"}], "news_discourse_role": 7, "news_discourse_role_prob_0": 0.00046243704855442047, "news_discourse_role_prob_1": 0.004734012298285961, "news_discourse_role_prob_2": 0.0004724531318061054, "news_discourse_role_prob_3": 0.18203067779541016, "news_discourse_role_prob_4": 0.1409071981906891, "news_discourse_role_prob_5": 0.27835071086883545, "news_discourse_role_prob_6": 0.0023712667170912027, "news_discourse_role_prob_7": 0.3884277939796448, "news_discourse_role_prob_8": 0.0022434736602008343, "previous_discourse_relation": 3, "previous_discourse_relation_prob_comp": 0.005160618107765913, "previous_discourse_relation_prob_cont": 0.024138616397976875, "previous_discourse_relation_prob_temp": 0.05251971632242203, "previous_discourse_relation_prob_expan": 0.9181810617446899, "latter_discourse_relation": 0, "latter_discourse_relation_prob_comp": 0.9933493733406067, "latter_discourse_relation_prob_cont": 6.927067443029955e-05, "latter_discourse_relation_prob_temp": 0.0010293408995494246, "latter_discourse_relation_prob_expan": 0.005552004557102919}, {"sentence_id": 5, "sentence_start": 955, "sentence_end": 1100, "sentence_text": "As it turns out, security guard Jesus Campos was actually shot BEFORE Paddock opened fire on the concert crowd below his 32nd floor hotel suite.", "sentence_label": "NA", "tokens_list": ["As", "it", "turns", "out", ",", "security", "guard", "Jesus", "Campos", "was", "actually", "shot", "BEFORE", "Paddock", "opened", "fire", "on", "the", "concert", "crowd", "below", "his", "32nd", "floor", "hotel", "suite", "."], "tokens_dicts_list": [{"token": "As", "start_char": 955, "end_char": 957, "token_label": "NA"}, {"token": "it", "start_char": 958, "end_char": 960, "token_label": "NA"}, {"token": "turns", "start_char": 961, "end_char": 966, "token_label": "NA"}, {"token": "out", "start_char": 967, "end_char": 970, "token_label": "NA"}, {"token": ",", "start_char": 970, "end_char": 971, "token_label": "NA"}, {"token": "security", "start_char": 972, "end_char": 980, "token_label": "NA"}, {"token": "guard", "start_char": 981, "end_char": 986, "token_label": "NA"}, {"token": "Jesus", "start_char": 987, "end_char": 992, "token_label": "NA"}, {"token": "Campos", "start_char": 993, "end_char": 999, "token_label": "NA"}, {"token": "was", "start_char": 1000, "end_char": 1003, "token_label": "NA"}, {"token": "actually", "start_char": 1004, "end_char": 1012, "token_label": "NA"}, {"token": "shot", "start_char": 1013, "end_char": 1017, "token_label": "NA"}, {"token": "BEFORE", "start_char": 1018, "end_char": 1024, "token_label": "NA"}, {"token": "Paddock", "start_char": 1025, "end_char": 1032, "token_label": "NA"}, {"token": "opened", "start_char": 1033, "end_char": 1039, "token_label": "NA"}, {"token": "fire", "start_char": 1040, "end_char": 1044, "token_label": "NA"}, {"token": "on", "start_char": 1045, "end_char": 1047, "token_label": "NA"}, {"token": "the", "start_char": 1048, "end_char": 1051, "token_label": "NA"}, {"token": "concert", "start_char": 1052, "end_char": 1059, "token_label": "NA"}, {"token": "crowd", "start_char": 1060, "end_char": 1065, "token_label": "NA"}, {"token": "below", "start_char": 1066, "end_char": 1071, "token_label": "NA"}, {"token": "his", "start_char": 1072, "end_char": 1075, "token_label": "NA"}, {"token": "32nd", "start_char": 1076, "end_char": 1080, "token_label": "NA"}, {"token": "floor", "start_char": 1081, "end_char": 1086, "token_label": "NA"}, {"token": "hotel", "start_char": 1087, "end_char": 1092, "token_label": "NA"}, {"token": "suite", "start_char": 1093, "end_char": 1098, "token_label": "NA"}, {"token": ".", "start_char": 1098, "end_char": 1099, "token_label": "NA"}], "news_discourse_role": 3, "news_discourse_role_prob_0": 0.001930495724081993, "news_discourse_role_prob_1": 0.08609377592802048, "news_discourse_role_prob_2": 0.0008553727529942989, "news_discourse_role_prob_3": 0.711425244808197, "news_discourse_role_prob_4": 0.14991718530654907, "news_discourse_role_prob_5": 0.0418182834982872, "news_discourse_role_prob_6": 0.000619539525359869, "news_discourse_role_prob_7": 0.007129887584596872, "news_discourse_role_prob_8": 0.0002101877034874633, "previous_discourse_relation": 0, "previous_discourse_relation_prob_comp": 0.9933493733406067, "previous_discourse_relation_prob_cont": 6.927067443029955e-05, "previous_discourse_relation_prob_temp": 0.0010293408995494246, "previous_discourse_relation_prob_expan": 0.005552004557102919, "latter_discourse_relation": 3, "latter_discourse_relation_prob_comp": 0.0004027732356917113, "latter_discourse_relation_prob_cont": 0.009134756401181221, "latter_discourse_relation_prob_temp": 0.0003987721574958414, "latter_discourse_relation_prob_expan": 0.9900637269020081}, {"sentence_id": 6, "sentence_start": 1100, "sentence_end": 1369, "sentence_text": "As part of the constantly changing story, officials are now saying that police officers who rushed to the hotel room when the shooting began didn\u2019t know a hotel security guard had been shot \u201cuntil they met him in the hallway after exiting the elevator,\u201d Lombardo said.", "sentence_label": "Doubt", "tokens_list": ["As", "part", "of", "the", "constantly", "changing", "story", ",", "officials", "are", "now", "saying", "that", "police", "officers", "who", "rushed", "to", "the", "hotel", "room", "when", "the", "shooting", "began", "didn\u2019t", "know", "a", "hotel", "security", "guard", "had", "been", "shot", "\u201cuntil", "they", "met", "him", "in", "the", "hallway", "after", "exiting", "the", "elevator", ",", "\u201d", "Lombardo", "said", "."], "tokens_dicts_list": [{"token": "As", "start_char": 1100, "end_char": 1102, "token_label": "NA"}, {"token": "part", "start_char": 1103, "end_char": 1107, "token_label": "NA"}, {"token": "of", "start_char": 1108, "end_char": 1110, "token_label": "NA"}, {"token": "the", "start_char": 1111, "end_char": 1114, "token_label": "NA"}, {"token": "constantly", "start_char": 1115, "end_char": 1125, "token_label": "Doubt"}, {"token": "changing", "start_char": 1126, "end_char": 1134, "token_label": "Doubt"}, {"token": "story", "start_char": 1135, "end_char": 1140, "token_label": "Doubt"}, {"token": ",", "start_char": 1140, "end_char": 1141, "token_label": "Doubt"}, {"token": "officials", "start_char": 1142, "end_char": 1151, "token_label": "NA"}, {"token": "are", "start_char": 1152, "end_char": 1155, "token_label": "NA"}, {"token": "now", "start_char": 1156, "end_char": 1159, "token_label": "NA"}, {"token": "saying", "start_char": 1160, "end_char": 1166, "token_label": "NA"}, {"token": "that", "start_char": 1167, "end_char": 1171, "token_label": "NA"}, {"token": "police", "start_char": 1172, "end_char": 1178, "token_label": "NA"}, {"token": "officers", "start_char": 1179, "end_char": 1187, "token_label": "NA"}, {"token": "who", "start_char": 1188, "end_char": 1191, "token_label": "NA"}, {"token": "rushed", "start_char": 1192, "end_char": 1198, "token_label": "NA"}, {"token": "to", "start_char": 1199, "end_char": 1201, "token_label": "NA"}, {"token": "the", "start_char": 1202, "end_char": 1205, "token_label": "NA"}, {"token": "hotel", "start_char": 1206, "end_char": 1211, "token_label": "NA"}, {"token": "room", "start_char": 1212, "end_char": 1216, "token_label": "NA"}, {"token": "when", "start_char": 1217, "end_char": 1221, "token_label": "NA"}, {"token": "the", "start_char": 1222, "end_char": 1225, "token_label": "NA"}, {"token": "shooting", "start_char": 1226, "end_char": 1234, "token_label": "NA"}, {"token": "began", "start_char": 1235, "end_char": 1240, "token_label": "NA"}, {"token": "didn\u2019t", "start_char": 1241, "end_char": 1247, "token_label": "NA"}, {"token": "know", "start_char": 1248, "end_char": 1252, "token_label": "NA"}, {"token": "a", "start_char": 1253, "end_char": 1254, "token_label": "NA"}, {"token": "hotel", "start_char": 1255, "end_char": 1260, "token_label": "NA"}, {"token": "security", "start_char": 1261, "end_char": 1269, "token_label": "NA"}, {"token": "guard", "start_char": 1270, "end_char": 1275, "token_label": "NA"}, {"token": "had", "start_char": 1276, "end_char": 1279, "token_label": "NA"}, {"token": "been", "start_char": 1280, "end_char": 1284, "token_label": "NA"}, {"token": "shot", "start_char": 1285, "end_char": 1289, "token_label": "NA"}, {"token": "\u201cuntil", "start_char": 1290, "end_char": 1296, "token_label": "NA"}, {"token": "they", "start_char": 1297, "end_char": 1301, "token_label": "NA"}, {"token": "met", "start_char": 1302, "end_char": 1305, "token_label": "NA"}, {"token": "him", "start_char": 1306, "end_char": 1309, "token_label": "NA"}, {"token": "in", "start_char": 1310, "end_char": 1312, "token_label": "NA"}, {"token": "the", "start_char": 1313, "end_char": 1316, "token_label": "NA"}, {"token": "hallway", "start_char": 1317, "end_char": 1324, "token_label": "NA"}, {"token": "after", "start_char": 1325, "end_char": 1330, "token_label": "NA"}, {"token": "exiting", "start_char": 1331, "end_char": 1338, "token_label": "NA"}, {"token": "the", "start_char": 1339, "end_char": 1342, "token_label": "NA"}, {"token": "elevator", "start_char": 1343, "end_char": 1351, "token_label": "NA"}, {"token": ",", "start_char": 1351, "end_char": 1352, "token_label": "NA"}, {"token": "\u201d", "start_char": 1352, "end_char": 1353, "token_label": "NA"}, {"token": "Lombardo", "start_char": 1354, "end_char": 1362, "token_label": "NA"}, {"token": "said", "start_char": 1363, "end_char": 1367, "token_label": "NA"}, {"token": ".", "start_char": 1367, "end_char": 1368, "token_label": "NA"}], "news_discourse_role": 7, "news_discourse_role_prob_0": 0.00011743562936317176, "news_discourse_role_prob_1": 0.045164816081523895, "news_discourse_role_prob_2": 0.0011441156966611743, "news_discourse_role_prob_3": 0.1521426886320114, "news_discourse_role_prob_4": 0.09077425301074982, "news_discourse_role_prob_5": 0.005482780281454325, "news_discourse_role_prob_6": 0.0017166759353131056, "news_discourse_role_prob_7": 0.7002585530281067, "news_discourse_role_prob_8": 0.0031986567191779613, "previous_discourse_relation": 3, "previous_discourse_relation_prob_comp": 0.0004027732356917113, "previous_discourse_relation_prob_cont": 0.009134756401181221, "previous_discourse_relation_prob_temp": 0.0003987721574958414, "previous_discourse_relation_prob_expan": 0.9900637269020081, "latter_discourse_relation": 3, "latter_discourse_relation_prob_comp": 0.000754893000703305, "latter_discourse_relation_prob_cont": 0.0083245150744915, "latter_discourse_relation_prob_temp": 0.0035141529515385628, "latter_discourse_relation_prob_expan": 0.9874064326286316}, {"sentence_id": 7, "sentence_start": 1369, "sentence_end": 1503, "sentence_text": "The security guard, Jesus Campos, was struck in the leg as the gunman, from behind his door, shot into the hallway on the 32nd floor.", "sentence_label": "NA", "tokens_list": ["The", "security", "guard", ",", "Jesus", "Campos", ",", "was", "struck", "in", "the", "leg", "as", "the", "gunman", ",", "from", "behind", "his", "door", ",", "shot", "into", "the", "hallway", "on", "the", "32nd", "floor", "."], "tokens_dicts_list": [{"token": "The", "start_char": 1369, "end_char": 1372, "token_label": "NA"}, {"token": "security", "start_char": 1373, "end_char": 1381, "token_label": "NA"}, {"token": "guard", "start_char": 1382, "end_char": 1387, "token_label": "NA"}, {"token": ",", "start_char": 1387, "end_char": 1388, "token_label": "NA"}, {"token": "Jesus", "start_char": 1389, "end_char": 1394, "token_label": "NA"}, {"token": "Campos", "start_char": 1395, "end_char": 1401, "token_label": "NA"}, {"token": ",", "start_char": 1401, "end_char": 1402, "token_label": "NA"}, {"token": "was", "start_char": 1403, "end_char": 1406, "token_label": "NA"}, {"token": "struck", "start_char": 1407, "end_char": 1413, "token_label": "NA"}, {"token": "in", "start_char": 1414, "end_char": 1416, "token_label": "NA"}, {"token": "the", "start_char": 1417, "end_char": 1420, "token_label": "NA"}, {"token": "leg", "start_char": 1421, "end_char": 1424, "token_label": "NA"}, {"token": "as", "start_char": 1425, "end_char": 1427, "token_label": "NA"}, {"token": "the", "start_char": 1428, "end_char": 1431, "token_label": "NA"}, {"token": "gunman", "start_char": 1432, "end_char": 1438, "token_label": "NA"}, {"token": ",", "start_char": 1438, "end_char": 1439, "token_label": "NA"}, {"token": "from", "start_char": 1440, "end_char": 1444, "token_label": "NA"}, {"token": "behind", "start_char": 1445, "end_char": 1451, "token_label": "NA"}, {"token": "his", "start_char": 1452, "end_char": 1455, "token_label": "NA"}, {"token": "door", "start_char": 1456, "end_char": 1460, "token_label": "NA"}, {"token": ",", "start_char": 1460, "end_char": 1461, "token_label": "NA"}, {"token": "shot", "start_char": 1462, "end_char": 1466, "token_label": "NA"}, {"token": "into", "start_char": 1467, "end_char": 1471, "token_label": "NA"}, {"token": "the", "start_char": 1472, "end_char": 1475, "token_label": "NA"}, {"token": "hallway", "start_char": 1476, "end_char": 1483, "token_label": "NA"}, {"token": "on", "start_char": 1484, "end_char": 1486, "token_label": "NA"}, {"token": "the", "start_char": 1487, "end_char": 1490, "token_label": "NA"}, {"token": "32nd", "start_char": 1491, "end_char": 1495, "token_label": "NA"}, {"token": "floor", "start_char": 1496, "end_char": 1501, "token_label": "NA"}, {"token": ".", "start_char": 1501, "end_char": 1502, "token_label": "NA"}], "news_discourse_role": 3, "news_discourse_role_prob_0": 0.00019797113782260567, "news_discourse_role_prob_1": 0.02145911566913128, "news_discourse_role_prob_2": 0.0004737595736514777, "news_discourse_role_prob_3": 0.8822741508483887, "news_discourse_role_prob_4": 0.023981725797057152, "news_discourse_role_prob_5": 0.07038209587335587, "news_discourse_role_prob_6": 0.00016711384523659945, "news_discourse_role_prob_7": 0.0009910465450957417, "news_discourse_role_prob_8": 7.29182647773996e-05, "previous_discourse_relation": 3, "previous_discourse_relation_prob_comp": 0.000754893000703305, "previous_discourse_relation_prob_cont": 0.0083245150744915, "previous_discourse_relation_prob_temp": 0.0035141529515385628, "previous_discourse_relation_prob_expan": 0.9874064326286316, "latter_discourse_relation": 3, "latter_discourse_relation_prob_comp": 0.004198550246655941, "latter_discourse_relation_prob_cont": 0.04062354564666748, "latter_discourse_relation_prob_temp": 0.03827435150742531, "latter_discourse_relation_prob_expan": 0.9169034957885742}, {"sentence_id": 8, "sentence_start": 1503, "sentence_end": 1616, "sentence_text": "Paddock apparently detected Campos via surveillance cameras he set up outside his hotel suite, police have said.", "sentence_label": "NA", "tokens_list": ["Paddock", "apparently", "detected", "Campos", "via", "surveillance", "cameras", "he", "set", "up", "outside", "his", "hotel", "suite", ",", "police", "have", "said", "."], "tokens_dicts_list": [{"token": "Paddock", "start_char": 1503, "end_char": 1510, "token_label": "NA"}, {"token": "apparently", "start_char": 1511, "end_char": 1521, "token_label": "NA"}, {"token": "detected", "start_char": 1522, "end_char": 1530, "token_label": "NA"}, {"token": "Campos", "start_char": 1531, "end_char": 1537, "token_label": "NA"}, {"token": "via", "start_char": 1538, "end_char": 1541, "token_label": "NA"}, {"token": "surveillance", "start_char": 1542, "end_char": 1554, "token_label": "NA"}, {"token": "cameras", "start_char": 1555, "end_char": 1562, "token_label": "NA"}, {"token": "he", "start_char": 1563, "end_char": 1565, "token_label": "NA"}, {"token": "set", "start_char": 1566, "end_char": 1569, "token_label": "NA"}, {"token": "up", "start_char": 1570, "end_char": 1572, "token_label": "NA"}, {"token": "outside", "start_char": 1573, "end_char": 1580, "token_label": "NA"}, {"token": "his", "start_char": 1581, "end_char": 1584, "token_label": "NA"}, {"token": "hotel", "start_char": 1585, "end_char": 1590, "token_label": "NA"}, {"token": "suite", "start_char": 1591, "end_char": 1596, "token_label": "NA"}, {"token": ",", "start_char": 1596, "end_char": 1597, "token_label": "NA"}, {"token": "police", "start_char": 1598, "end_char": 1604, "token_label": "NA"}, {"token": "have", "start_char": 1605, "end_char": 1609, "token_label": "NA"}, {"token": "said", "start_char": 1610, "end_char": 1614, "token_label": "NA"}, {"token": ".", "start_char": 1614, "end_char": 1615, "token_label": "NA"}], "news_discourse_role": 3, "news_discourse_role_prob_0": 8.675301069160923e-05, "news_discourse_role_prob_1": 0.010596305131912231, "news_discourse_role_prob_2": 0.0008187554776668549, "news_discourse_role_prob_3": 0.44289669394493103, "news_discourse_role_prob_4": 0.07217824459075928, "news_discourse_role_prob_5": 0.3677240312099457, "news_discourse_role_prob_6": 0.00297937891446054, "news_discourse_role_prob_7": 0.10083285719156265, "news_discourse_role_prob_8": 0.0018869461491703987, "previous_discourse_relation": 3, "previous_discourse_relation_prob_comp": 0.004198550246655941, "previous_discourse_relation_prob_cont": 0.04062354564666748, "previous_discourse_relation_prob_temp": 0.03827435150742531, "previous_discourse_relation_prob_expan": 0.9169034957885742, "latter_discourse_relation": 3, "latter_discourse_relation_prob_comp": 0.0011968398466706276, "latter_discourse_relation_prob_cont": 0.1384914666414261, "latter_discourse_relation_prob_temp": 0.05105636641383171, "latter_discourse_relation_prob_expan": 0.8092553019523621}, {"sentence_id": 9, "sentence_start": 1616, "sentence_end": 1809, "sentence_text": "Paddock shot the guard at 9:59 p.m. local time, Lombardo said, shortly before raining down bullets on the Route 91 Harvest festival in an attack that began at 10:05 p.m. and lasted 10 minutes.", "sentence_label": "NA", "tokens_list": ["Paddock", "shot", "the", "guard", "at", "9:59", "p.m.", "local", "time", ",", "Lombardo", "said", ",", "shortly", "before", "raining", "down", "bullets", "on", "the", "Route", "91", "Harvest", "festival", "in", "an", "attack", "that", "began", "at", "10:05", "p.m.", "and", "lasted", "10", "minutes", "."], "tokens_dicts_list": [{"token": "Paddock", "start_char": 1616, "end_char": 1623, "token_label": "NA"}, {"token": "shot", "start_char": 1624, "end_char": 1628, "token_label": "NA"}, {"token": "the", "start_char": 1629, "end_char": 1632, "token_label": "NA"}, {"token": "guard", "start_char": 1633, "end_char": 1638, "token_label": "NA"}, {"token": "at", "start_char": 1639, "end_char": 1641, "token_label": "NA"}, {"token": "9:59", "start_char": 1642, "end_char": 1646, "token_label": "NA"}, {"token": "p.m.", "start_char": 1647, "end_char": 1651, "token_label": "NA"}, {"token": "local", "start_char": 1652, "end_char": 1657, "token_label": "NA"}, {"token": "time", "start_char": 1658, "end_char": 1662, "token_label": "NA"}, {"token": ",", "start_char": 1662, "end_char": 1663, "token_label": "NA"}, {"token": "Lombardo", "start_char": 1664, "end_char": 1672, "token_label": "NA"}, {"token": "said", "start_char": 1673, "end_char": 1677, "token_label": "NA"}, {"token": ",", "start_char": 1677, "end_char": 1678, "token_label": "NA"}, {"token": "shortly", "start_char": 1679, "end_char": 1686, "token_label": "NA"}, {"token": "before", "start_char": 1687, "end_char": 1693, "token_label": "NA"}, {"token": "raining", "start_char": 1694, "end_char": 1701, "token_label": "NA"}, {"token": "down", "start_char": 1702, "end_char": 1706, "token_label": "NA"}, {"token": "bullets", "start_char": 1707, "end_char": 1714, "token_label": "NA"}, {"token": "on", "start_char": 1715, "end_char": 1717, "token_label": "NA"}, {"token": "the", "start_char": 1718, "end_char": 1721, "token_label": "NA"}, {"token": "Route", "start_char": 1722, "end_char": 1727, "token_label": "NA"}, {"token": "91", "start_char": 1728, "end_char": 1730, "token_label": "NA"}, {"token": "Harvest", "start_char": 1731, "end_char": 1738, "token_label": "NA"}, {"token": "festival", "start_char": 1739, "end_char": 1747, "token_label": "NA"}, {"token": "in", "start_char": 1748, "end_char": 1750, "token_label": "NA"}, {"token": "an", "start_char": 1751, "end_char": 1753, "token_label": "NA"}, {"token": "attack", "start_char": 1754, "end_char": 1760, "token_label": "NA"}, {"token": "that", "start_char": 1761, "end_char": 1765, "token_label": "NA"}, {"token": "began", "start_char": 1766, "end_char": 1771, "token_label": "NA"}, {"token": "at", "start_char": 1772, "end_char": 1774, "token_label": "NA"}, {"token": "10:05", "start_char": 1775, "end_char": 1780, "token_label": "NA"}, {"token": "p.m.", "start_char": 1781, "end_char": 1785, "token_label": "NA"}, {"token": "and", "start_char": 1786, "end_char": 1789, "token_label": "NA"}, {"token": "lasted", "start_char": 1790, "end_char": 1796, "token_label": "NA"}, {"token": "10", "start_char": 1797, "end_char": 1799, "token_label": "NA"}, {"token": "minutes", "start_char": 1800, "end_char": 1807, "token_label": "NA"}, {"token": ".", "start_char": 1807, "end_char": 1808, "token_label": "NA"}], "news_discourse_role": 3, "news_discourse_role_prob_0": 5.1569732022471726e-05, "news_discourse_role_prob_1": 0.005686602089554071, "news_discourse_role_prob_2": 0.00010948790441034362, "news_discourse_role_prob_3": 0.8715503811836243, "news_discourse_role_prob_4": 0.015707172453403473, "news_discourse_role_prob_5": 0.10542526841163635, "news_discourse_role_prob_6": 4.942773375660181e-05, "news_discourse_role_prob_7": 0.0012961915927007794, "news_discourse_role_prob_8": 0.00012380920816212893, "previous_discourse_relation": 3, "previous_discourse_relation_prob_comp": 0.0011968398466706276, "previous_discourse_relation_prob_cont": 0.1384914666414261, "previous_discourse_relation_prob_temp": 0.05105636641383171, "previous_discourse_relation_prob_expan": 0.8092553019523621, "latter_discourse_relation": 3, "latter_discourse_relation_prob_comp": 0.003550855675712228, "latter_discourse_relation_prob_cont": 0.03513049706816673, "latter_discourse_relation_prob_temp": 0.016059575602412224, "latter_discourse_relation_prob_expan": 0.9452590942382812}, {"sentence_id": 10, "sentence_start": 1809, "sentence_end": 1870, "sentence_text": "Police officers found Campos when they arrived on the floor.", "sentence_label": "NA", "tokens_list": ["Police", "officers", "found", "Campos", "when", "they", "arrived", "on", "the", "floor", "."], "tokens_dicts_list": [{"token": "Police", "start_char": 1809, "end_char": 1815, "token_label": "NA"}, {"token": "officers", "start_char": 1816, "end_char": 1824, "token_label": "NA"}, {"token": "found", "start_char": 1825, "end_char": 1830, "token_label": "NA"}, {"token": "Campos", "start_char": 1831, "end_char": 1837, "token_label": "NA"}, {"token": "when", "start_char": 1838, "end_char": 1842, "token_label": "NA"}, {"token": "they", "start_char": 1843, "end_char": 1847, "token_label": "NA"}, {"token": "arrived", "start_char": 1848, "end_char": 1855, "token_label": "NA"}, {"token": "on", "start_char": 1856, "end_char": 1858, "token_label": "NA"}, {"token": "the", "start_char": 1859, "end_char": 1862, "token_label": "NA"}, {"token": "floor", "start_char": 1863, "end_char": 1868, "token_label": "NA"}, {"token": ".", "start_char": 1868, "end_char": 1869, "token_label": "NA"}], "news_discourse_role": 4, "news_discourse_role_prob_0": 6.192470027599484e-05, "news_discourse_role_prob_1": 0.009410160593688488, "news_discourse_role_prob_2": 0.002488356316462159, "news_discourse_role_prob_3": 0.3033079206943512, "news_discourse_role_prob_4": 0.4350789785385132, "news_discourse_role_prob_5": 0.24276071786880493, "news_discourse_role_prob_6": 0.0008123628795146942, "news_discourse_role_prob_7": 0.00579218240454793, "news_discourse_role_prob_8": 0.00028740608831867576, "previous_discourse_relation": 3, "previous_discourse_relation_prob_comp": 0.003550855675712228, "previous_discourse_relation_prob_cont": 0.03513049706816673, "previous_discourse_relation_prob_temp": 0.016059575602412224, "previous_discourse_relation_prob_expan": 0.9452590942382812, "latter_discourse_relation": 3, "latter_discourse_relation_prob_comp": 0.0009330456960014999, "latter_discourse_relation_prob_cont": 0.00016384887567255646, "latter_discourse_relation_prob_temp": 5.1550894568208605e-05, "latter_discourse_relation_prob_expan": 0.9988515377044678}, {"sentence_id": 11, "sentence_start": 1870, "sentence_end": 2011, "sentence_text": "And Campos did not summon police to the 32nd floor of the Mandalay Bay hotel, according to the timeline recently updated by the authorities.", "sentence_label": "NA", "tokens_list": ["And", "Campos", "did", "not", "summon", "police", "to", "the", "32nd", "floor", "of", "the", "Mandalay", "Bay", "hotel", ",", "according", "to", "the", "timeline", "recently", "updated", "by", "the", "authorities", "."], "tokens_dicts_list": [{"token": "And", "start_char": 1870, "end_char": 1873, "token_label": "NA"}, {"token": "Campos", "start_char": 1874, "end_char": 1880, "token_label": "NA"}, {"token": "did", "start_char": 1881, "end_char": 1884, "token_label": "NA"}, {"token": "not", "start_char": 1885, "end_char": 1888, "token_label": "NA"}, {"token": "summon", "start_char": 1889, "end_char": 1895, "token_label": "NA"}, {"token": "police", "start_char": 1896, "end_char": 1902, "token_label": "NA"}, {"token": "to", "start_char": 1903, "end_char": 1905, "token_label": "NA"}, {"token": "the", "start_char": 1906, "end_char": 1909, "token_label": "NA"}, {"token": "32nd", "start_char": 1910, "end_char": 1914, "token_label": "NA"}, {"token": "floor", "start_char": 1915, "end_char": 1920, "token_label": "NA"}, {"token": "of", "start_char": 1921, "end_char": 1923, "token_label": "NA"}, {"token": "the", "start_char": 1924, "end_char": 1927, "token_label": "NA"}, {"token": "Mandalay", "start_char": 1928, "end_char": 1936, "token_label": "NA"}, {"token": "Bay", "start_char": 1937, "end_char": 1940, "token_label": "NA"}, {"token": "hotel", "start_char": 1941, "end_char": 1946, "token_label": "NA"}, {"token": ",", "start_char": 1946, "end_char": 1947, "token_label": "NA"}, {"token": "according", "start_char": 1948, "end_char": 1957, "token_label": "NA"}, {"token": "to", "start_char": 1958, "end_char": 1960, "token_label": "NA"}, {"token": "the", "start_char": 1961, "end_char": 1964, "token_label": "NA"}, {"token": "timeline", "start_char": 1965, "end_char": 1973, "token_label": "NA"}, {"token": "recently", "start_char": 1974, "end_char": 1982, "token_label": "NA"}, {"token": "updated", "start_char": 1983, "end_char": 1990, "token_label": "NA"}, {"token": "by", "start_char": 1991, "end_char": 1993, "token_label": "NA"}, {"token": "the", "start_char": 1994, "end_char": 1997, "token_label": "NA"}, {"token": "authorities", "start_char": 1998, "end_char": 2009, "token_label": "NA"}, {"token": ".", "start_char": 2009, "end_char": 2010, "token_label": "NA"}], "news_discourse_role": 4, "news_discourse_role_prob_0": 5.117000546306372e-05, "news_discourse_role_prob_1": 0.0033314779866486788, "news_discourse_role_prob_2": 0.0008573345257900655, "news_discourse_role_prob_3": 0.1523323804140091, "news_discourse_role_prob_4": 0.7394570708274841, "news_discourse_role_prob_5": 0.10079658776521683, "news_discourse_role_prob_6": 0.00014281654148362577, "news_discourse_role_prob_7": 0.0029342849738895893, "news_discourse_role_prob_8": 9.690342267276719e-05, "previous_discourse_relation": 3, "previous_discourse_relation_prob_comp": 0.0009330456960014999, "previous_discourse_relation_prob_cont": 0.00016384887567255646, "previous_discourse_relation_prob_temp": 5.1550894568208605e-05, "previous_discourse_relation_prob_expan": 0.9988515377044678, "latter_discourse_relation": 3, "latter_discourse_relation_prob_comp": 0.0017758458852767944, "latter_discourse_relation_prob_cont": 0.00010911327262874693, "latter_discourse_relation_prob_temp": 8.810160215944052e-05, "latter_discourse_relation_prob_expan": 0.9980269074440002}, {"sentence_id": 12, "sentence_start": 2011, "sentence_end": 2177, "sentence_text": "What\u2019s also incredibly interesting, is that eyewitnesses claim to have seen security guards chasing another security guard in the minutes leading up to the massacre.", "sentence_label": "NA", "tokens_list": ["What\u2019s", "also", "incredibly", "interesting", ",", "is", "that", "eyewitnesses", "claim", "to", "have", "seen", "security", "guards", "chasing", "another", "security", "guard", "in", "the", "minutes", "leading", "up", "to", "the", "massacre", "."], "tokens_dicts_list": [{"token": "What\u2019s", "start_char": 2011, "end_char": 2017, "token_label": "NA"}, {"token": "also", "start_char": 2018, "end_char": 2022, "token_label": "NA"}, {"token": "incredibly", "start_char": 2023, "end_char": 2033, "token_label": "NA"}, {"token": "interesting", "start_char": 2034, "end_char": 2045, "token_label": "NA"}, {"token": ",", "start_char": 2045, "end_char": 2046, "token_label": "NA"}, {"token": "is", "start_char": 2047, "end_char": 2049, "token_label": "NA"}, {"token": "that", "start_char": 2050, "end_char": 2054, "token_label": "NA"}, {"token": "eyewitnesses", "start_char": 2055, "end_char": 2067, "token_label": "NA"}, {"token": "claim", "start_char": 2068, "end_char": 2073, "token_label": "NA"}, {"token": "to", "start_char": 2074, "end_char": 2076, "token_label": "NA"}, {"token": "have", "start_char": 2077, "end_char": 2081, "token_label": "NA"}, {"token": "seen", "start_char": 2082, "end_char": 2086, "token_label": "NA"}, {"token": "security", "start_char": 2087, "end_char": 2095, "token_label": "NA"}, {"token": "guards", "start_char": 2096, "end_char": 2102, "token_label": "NA"}, {"token": "chasing", "start_char": 2103, "end_char": 2110, "token_label": "NA"}, {"token": "another", "start_char": 2111, "end_char": 2118, "token_label": "NA"}, {"token": "security", "start_char": 2119, "end_char": 2127, "token_label": "NA"}, {"token": "guard", "start_char": 2128, "end_char": 2133, "token_label": "NA"}, {"token": "in", "start_char": 2134, "end_char": 2136, "token_label": "NA"}, {"token": "the", "start_char": 2137, "end_char": 2140, "token_label": "NA"}, {"token": "minutes", "start_char": 2141, "end_char": 2148, "token_label": "NA"}, {"token": "leading", "start_char": 2149, "end_char": 2156, "token_label": "NA"}, {"token": "up", "start_char": 2157, "end_char": 2159, "token_label": "NA"}, {"token": "to", "start_char": 2160, "end_char": 2162, "token_label": "NA"}, {"token": "the", "start_char": 2163, "end_char": 2166, "token_label": "NA"}, {"token": "massacre", "start_char": 2167, "end_char": 2175, "token_label": "NA"}, {"token": ".", "start_char": 2175, "end_char": 2176, "token_label": "NA"}], "news_discourse_role": 4, "news_discourse_role_prob_0": 0.0002911228220909834, "news_discourse_role_prob_1": 0.015277761034667492, "news_discourse_role_prob_2": 0.0014608820201829076, "news_discourse_role_prob_3": 0.04182252660393715, "news_discourse_role_prob_4": 0.6823241114616394, "news_discourse_role_prob_5": 0.01723472774028778, "news_discourse_role_prob_6": 0.003635157598182559, "news_discourse_role_prob_7": 0.23702633380889893, "news_discourse_role_prob_8": 0.0009273109026253223, "previous_discourse_relation": 3, "previous_discourse_relation_prob_comp": 0.0017758458852767944, "previous_discourse_relation_prob_cont": 0.00010911327262874693, "previous_discourse_relation_prob_temp": 8.810160215944052e-05, "previous_discourse_relation_prob_expan": 0.9980269074440002, "latter_discourse_relation": 3, "latter_discourse_relation_prob_comp": 0.0018157567828893661, "latter_discourse_relation_prob_cont": 0.0005243874620646238, "latter_discourse_relation_prob_temp": 9.143826173385605e-05, "latter_discourse_relation_prob_expan": 0.9975683093070984}, {"sentence_id": 13, "sentence_start": 2177, "sentence_end": 2344, "sentence_text": "The hotel guest in the room next to Paddock also saw \u201cmultiple gunmen.\u201d The Full Report: The Ever-Changing Vegas Narrative: Gunman Shot Security Guard Before Massacre", "sentence_label": "NA", "tokens_list": ["The", "hotel", "guest", "in", "the", "room", "next", "to", "Paddock", "also", "saw", "\u201cmultiple", "gunmen.\u201d", "The", "Full", "Report", ":", "The", "Ever-Changing", "Vegas", "Narrative", ":", "Gunman", "Shot", "Security", "Guard", "Before", "Massacre"], "tokens_dicts_list": [{"token": "The", "start_char": 2177, "end_char": 2180, "token_label": "NA"}, {"token": "hotel", "start_char": 2181, "end_char": 2186, "token_label": "NA"}, {"token": "guest", "start_char": 2187, "end_char": 2192, "token_label": "NA"}, {"token": "in", "start_char": 2193, "end_char": 2195, "token_label": "NA"}, {"token": "the", "start_char": 2196, "end_char": 2199, "token_label": "NA"}, {"token": "room", "start_char": 2200, "end_char": 2204, "token_label": "NA"}, {"token": "next", "start_char": 2205, "end_char": 2209, "token_label": "NA"}, {"token": "to", "start_char": 2210, "end_char": 2212, "token_label": "NA"}, {"token": "Paddock", "start_char": 2213, "end_char": 2220, "token_label": "NA"}, {"token": "also", "start_char": 2221, "end_char": 2225, "token_label": "NA"}, {"token": "saw", "start_char": 2226, "end_char": 2229, "token_label": "NA"}, {"token": "\u201cmultiple", "start_char": 2230, "end_char": 2239, "token_label": "NA"}, {"token": "gunmen.\u201d", "start_char": 2240, "end_char": 2248, "token_label": "NA"}, {"token": "The", "start_char": 2249, "end_char": 2252, "token_label": "NA"}, {"token": "Full", "start_char": 2253, "end_char": 2257, "token_label": "NA"}, {"token": "Report", "start_char": 2258, "end_char": 2264, "token_label": "NA"}, {"token": ":", "start_char": 2264, "end_char": 2265, "token_label": "NA"}, {"token": "The", "start_char": 2266, "end_char": 2269, "token_label": "NA"}, {"token": "Ever-Changing", "start_char": 2270, "end_char": 2283, "token_label": "NA"}, {"token": "Vegas", "start_char": 2284, "end_char": 2289, "token_label": "NA"}, {"token": "Narrative", "start_char": 2290, "end_char": 2299, "token_label": "NA"}, {"token": ":", "start_char": 2299, "end_char": 2300, "token_label": "NA"}, {"token": "Gunman", "start_char": 2301, "end_char": 2307, "token_label": "NA"}, {"token": "Shot", "start_char": 2308, "end_char": 2312, "token_label": "NA"}, {"token": "Security", "start_char": 2313, "end_char": 2321, "token_label": "NA"}, {"token": "Guard", "start_char": 2322, "end_char": 2327, "token_label": "NA"}, {"token": "Before", "start_char": 2328, "end_char": 2334, "token_label": "NA"}, {"token": "Massacre", "start_char": 2335, "end_char": 2343, "token_label": "NA"}], "news_discourse_role": 6, "news_discourse_role_prob_0": 0.0007827533991076052, "news_discourse_role_prob_1": 0.008801127783954144, "news_discourse_role_prob_2": 0.0038629169575870037, "news_discourse_role_prob_3": 0.023488275706768036, "news_discourse_role_prob_4": 0.06279784440994263, "news_discourse_role_prob_5": 0.08818294107913971, "news_discourse_role_prob_6": 0.60283362865448, "news_discourse_role_prob_7": 0.2053254246711731, "news_discourse_role_prob_8": 0.003925100434571505, "previous_discourse_relation": 3, "previous_discourse_relation_prob_comp": 0.0018157567828893661, "previous_discourse_relation_prob_cont": 0.0005243874620646238, "previous_discourse_relation_prob_temp": 9.143826173385605e-05, "previous_discourse_relation_prob_expan": 0.9975683093070984, "latter_discourse_relation": 0, "latter_discourse_relation_prob_comp": 0.645980179309845, "latter_discourse_relation_prob_cont": 0.03851604089140892, "latter_discourse_relation_prob_temp": 0.03596031293272972, "latter_discourse_relation_prob_expan": 0.2795434296131134}, {"sentence_id": 14, "sentence_start": 2344, "sentence_end": 2425, "sentence_text": "As of today, here is the revised timeline, as outlined by the Los Angeles Times:", "sentence_label": "NA", "tokens_list": ["As", "of", "today", ",", "here", "is", "the", "revised", "timeline", ",", "as", "outlined", "by", "the", "Los", "Angeles", "Times", ":"], "tokens_dicts_list": [{"token": "As", "start_char": 2344, "end_char": 2346, "token_label": "NA"}, {"token": "of", "start_char": 2347, "end_char": 2349, "token_label": "NA"}, {"token": "today", "start_char": 2350, "end_char": 2355, "token_label": "NA"}, {"token": ",", "start_char": 2355, "end_char": 2356, "token_label": "NA"}, {"token": "here", "start_char": 2357, "end_char": 2361, "token_label": "NA"}, {"token": "is", "start_char": 2362, "end_char": 2364, "token_label": "NA"}, {"token": "the", "start_char": 2365, "end_char": 2368, "token_label": "NA"}, {"token": "revised", "start_char": 2369, "end_char": 2376, "token_label": "NA"}, {"token": "timeline", "start_char": 2377, "end_char": 2385, "token_label": "NA"}, {"token": ",", "start_char": 2385, "end_char": 2386, "token_label": "NA"}, {"token": "as", "start_char": 2387, "end_char": 2389, "token_label": "NA"}, {"token": "outlined", "start_char": 2390, "end_char": 2398, "token_label": "NA"}, {"token": "by", "start_char": 2399, "end_char": 2401, "token_label": "NA"}, {"token": "the", "start_char": 2402, "end_char": 2405, "token_label": "NA"}, {"token": "Los", "start_char": 2406, "end_char": 2409, "token_label": "NA"}, {"token": "Angeles", "start_char": 2410, "end_char": 2417, "token_label": "NA"}, {"token": "Times", "start_char": 2418, "end_char": 2423, "token_label": "NA"}, {"token": ":", "start_char": 2423, "end_char": 2424, "token_label": "NA"}], "news_discourse_role": 1, "news_discourse_role_prob_0": 0.017540592700242996, "news_discourse_role_prob_1": 0.4921781122684479, "news_discourse_role_prob_2": 0.026286566630005836, "news_discourse_role_prob_3": 0.009600883349776268, "news_discourse_role_prob_4": 0.4538232386112213, "news_discourse_role_prob_5": 0.00014130855561234057, "news_discourse_role_prob_6": 4.717363481177017e-05, "news_discourse_role_prob_7": 0.00026946933940052986, "news_discourse_role_prob_8": 0.00011267646914348006, "previous_discourse_relation": 0, "previous_discourse_relation_prob_comp": 0.645980179309845, "previous_discourse_relation_prob_cont": 0.03851604089140892, "previous_discourse_relation_prob_temp": 0.03596031293272972, "previous_discourse_relation_prob_expan": 0.2795434296131134, "latter_discourse_relation": 3, "latter_discourse_relation_prob_comp": 0.0066681369207799435, "latter_discourse_relation_prob_cont": 0.06911595165729523, "latter_discourse_relation_prob_temp": 0.004179713781923056, "latter_discourse_relation_prob_expan": 0.920036256313324}, {"sentence_id": 15, "sentence_start": 2425, "sentence_end": 2539, "sentence_text": "The new timeline has left investigators and researchers with new questions, two of which are extremely important:", "sentence_label": "NA", "tokens_list": ["The", "new", "timeline", "has", "left", "investigators", "and", "researchers", "with", "new", "questions", ",", "two", "of", "which", "are", "extremely", "important", ":"], "tokens_dicts_list": [{"token": "The", "start_char": 2425, "end_char": 2428, "token_label": "NA"}, {"token": "new", "start_char": 2429, "end_char": 2432, "token_label": "NA"}, {"token": "timeline", "start_char": 2433, "end_char": 2441, "token_label": "NA"}, {"token": "has", "start_char": 2442, "end_char": 2445, "token_label": "NA"}, {"token": "left", "start_char": 2446, "end_char": 2450, "token_label": "NA"}, {"token": "investigators", "start_char": 2451, "end_char": 2464, "token_label": "NA"}, {"token": "and", "start_char": 2465, "end_char": 2468, "token_label": "NA"}, {"token": "researchers", "start_char": 2469, "end_char": 2480, "token_label": "NA"}, {"token": "with", "start_char": 2481, "end_char": 2485, "token_label": "NA"}, {"token": "new", "start_char": 2486, "end_char": 2489, "token_label": "NA"}, {"token": "questions", "start_char": 2490, "end_char": 2499, "token_label": "NA"}, {"token": ",", "start_char": 2499, "end_char": 2500, "token_label": "NA"}, {"token": "two", "start_char": 2501, "end_char": 2504, "token_label": "NA"}, {"token": "of", "start_char": 2505, "end_char": 2507, "token_label": "NA"}, {"token": "which", "start_char": 2508, "end_char": 2513, "token_label": "NA"}, {"token": "are", "start_char": 2514, "end_char": 2517, "token_label": "NA"}, {"token": "extremely", "start_char": 2518, "end_char": 2527, "token_label": "NA"}, {"token": "important", "start_char": 2528, "end_char": 2537, "token_label": "NA"}, {"token": ":", "start_char": 2537, "end_char": 2538, "token_label": "NA"}], "news_discourse_role": 1, "news_discourse_role_prob_0": 0.0006120880716480315, "news_discourse_role_prob_1": 0.4008883237838745, "news_discourse_role_prob_2": 0.021913934499025345, "news_discourse_role_prob_3": 0.06280085444450378, "news_discourse_role_prob_4": 0.3679337799549103, "news_discourse_role_prob_5": 0.0005272392299957573, "news_discourse_role_prob_6": 0.002003392204642296, "news_discourse_role_prob_7": 0.13239479064941406, "news_discourse_role_prob_8": 0.010925546288490295, "previous_discourse_relation": 3, "previous_discourse_relation_prob_comp": 0.0066681369207799435, "previous_discourse_relation_prob_cont": 0.06911595165729523, "previous_discourse_relation_prob_temp": 0.004179713781923056, "previous_discourse_relation_prob_expan": 0.920036256313324, "latter_discourse_relation": 3, "latter_discourse_relation_prob_comp": 3.6057175748283044e-05, "latter_discourse_relation_prob_cont": 0.002147291786968708, "latter_discourse_relation_prob_temp": 4.647355672204867e-05, "latter_discourse_relation_prob_expan": 0.9977701902389526}, {"sentence_id": 16, "sentence_start": 2539, "sentence_end": 2687, "sentence_text": "What happened during the 6 minutes between Campos being shot and Paddock opening fire, and why weren\u2019t the police rushing to the scene immediately?", "sentence_label": "Doubt", "tokens_list": ["What", "happened", "during", "the", "6", "minutes", "between", "Campos", "being", "shot", "and", "Paddock", "opening", "fire", ",", "and", "why", "weren\u2019t", "the", "police", "rushing", "to", "the", "scene", "immediately", "?"], "tokens_dicts_list": [{"token": "What", "start_char": 2539, "end_char": 2543, "token_label": "NA"}, {"token": "happened", "start_char": 2544, "end_char": 2552, "token_label": "NA"}, {"token": "during", "start_char": 2553, "end_char": 2559, "token_label": "NA"}, {"token": "the", "start_char": 2560, "end_char": 2563, "token_label": "NA"}, {"token": "6", "start_char": 2564, "end_char": 2565, "token_label": "NA"}, {"token": "minutes", "start_char": 2566, "end_char": 2573, "token_label": "NA"}, {"token": "between", "start_char": 2574, "end_char": 2581, "token_label": "NA"}, {"token": "Campos", "start_char": 2582, "end_char": 2588, "token_label": "NA"}, {"token": "being", "start_char": 2589, "end_char": 2594, "token_label": "NA"}, {"token": "shot", "start_char": 2595, "end_char": 2599, "token_label": "NA"}, {"token": "and", "start_char": 2600, "end_char": 2603, "token_label": "NA"}, {"token": "Paddock", "start_char": 2604, "end_char": 2611, "token_label": "NA"}, {"token": "opening", "start_char": 2612, "end_char": 2619, "token_label": "NA"}, {"token": "fire", "start_char": 2620, "end_char": 2624, "token_label": "NA"}, {"token": ",", "start_char": 2624, "end_char": 2625, "token_label": "NA"}, {"token": "and", "start_char": 2626, "end_char": 2629, "token_label": "NA"}, {"token": "why", "start_char": 2630, "end_char": 2633, "token_label": "Doubt"}, {"token": "weren\u2019t", "start_char": 2634, "end_char": 2641, "token_label": "Doubt"}, {"token": "the", "start_char": 2642, "end_char": 2645, "token_label": "Doubt"}, {"token": "police", "start_char": 2646, "end_char": 2652, "token_label": "Doubt"}, {"token": "rushing", "start_char": 2653, "end_char": 2660, "token_label": "Doubt"}, {"token": "to", "start_char": 2661, "end_char": 2663, "token_label": "Doubt"}, {"token": "the", "start_char": 2664, "end_char": 2667, "token_label": "Doubt"}, {"token": "scene", "start_char": 2668, "end_char": 2673, "token_label": "Doubt"}, {"token": "immediately", "start_char": 2674, "end_char": 2685, "token_label": "Doubt"}, {"token": "?", "start_char": 2685, "end_char": 2686, "token_label": "NA"}], "news_discourse_role": 3, "news_discourse_role_prob_0": 0.010832518339157104, "news_discourse_role_prob_1": 0.20968247950077057, "news_discourse_role_prob_2": 0.002985934028401971, "news_discourse_role_prob_3": 0.3660928010940552, "news_discourse_role_prob_4": 0.17114338278770447, "news_discourse_role_prob_5": 0.1658528596162796, "news_discourse_role_prob_6": 0.006478591356426477, "news_discourse_role_prob_7": 0.06461203098297119, "news_discourse_role_prob_8": 0.0023193438537418842, "previous_discourse_relation": 3, "previous_discourse_relation_prob_comp": 3.6057175748283044e-05, "previous_discourse_relation_prob_cont": 0.002147291786968708, "previous_discourse_relation_prob_temp": 4.647355672204867e-05, "previous_discourse_relation_prob_expan": 0.9977701902389526, "latter_discourse_relation": 3, "latter_discourse_relation_prob_comp": 0.0004377355217002332, "latter_discourse_relation_prob_cont": 0.0010862508788704872, "latter_discourse_relation_prob_temp": 0.0003827760519925505, "latter_discourse_relation_prob_expan": 0.9980931878089905}, {"sentence_id": 17, "sentence_start": 2687, "sentence_end": 2734, "sentence_text": "Why did shooter Stephen Paddock stop shooting?", "sentence_label": "NA", "tokens_list": ["Why", "did", "shooter", "Stephen", "Paddock", "stop", "shooting", "?"], "tokens_dicts_list": [{"token": "Why", "start_char": 2687, "end_char": 2690, "token_label": "NA"}, {"token": "did", "start_char": 2691, "end_char": 2694, "token_label": "NA"}, {"token": "shooter", "start_char": 2695, "end_char": 2702, "token_label": "NA"}, {"token": "Stephen", "start_char": 2703, "end_char": 2710, "token_label": "NA"}, {"token": "Paddock", "start_char": 2711, "end_char": 2718, "token_label": "NA"}, {"token": "stop", "start_char": 2719, "end_char": 2723, "token_label": "NA"}, {"token": "shooting", "start_char": 2724, "end_char": 2732, "token_label": "NA"}, {"token": "?", "start_char": 2732, "end_char": 2733, "token_label": "NA"}], "news_discourse_role": 3, "news_discourse_role_prob_0": 0.007854054681956768, "news_discourse_role_prob_1": 0.18257834017276764, "news_discourse_role_prob_2": 0.003123658010736108, "news_discourse_role_prob_3": 0.4813791811466217, "news_discourse_role_prob_4": 0.11758212745189667, "news_discourse_role_prob_5": 0.14970074594020844, "news_discourse_role_prob_6": 0.007925598882138729, "news_discourse_role_prob_7": 0.04730543866753578, "news_discourse_role_prob_8": 0.002550905803218484, "previous_discourse_relation": 3, "previous_discourse_relation_prob_comp": 0.0004377355217002332, "previous_discourse_relation_prob_cont": 0.0010862508788704872, "previous_discourse_relation_prob_temp": 0.0003827760519925505, "previous_discourse_relation_prob_expan": 0.9980931878089905, "latter_discourse_relation": 3, "latter_discourse_relation_prob_comp": 0.006639393977820873, "latter_discourse_relation_prob_cont": 0.1381361037492752, "latter_discourse_relation_prob_temp": 0.05850742384791374, "latter_discourse_relation_prob_expan": 0.79671710729599}, {"sentence_id": 18, "sentence_start": 2734, "sentence_end": 2878, "sentence_text": "Paddock had already shot the security guard, waited six minutes before opening fire on the concert crowd, and then shot for a full ten minutes.", "sentence_label": "NA", "tokens_list": ["Paddock", "had", "already", "shot", "the", "security", "guard", ",", "waited", "six", "minutes", "before", "opening", "fire", "on", "the", "concert", "crowd", ",", "and", "then", "shot", "for", "a", "full", "ten", "minutes", "."], "tokens_dicts_list": [{"token": "Paddock", "start_char": 2734, "end_char": 2741, "token_label": "NA"}, {"token": "had", "start_char": 2742, "end_char": 2745, "token_label": "NA"}, {"token": "already", "start_char": 2746, "end_char": 2753, "token_label": "NA"}, {"token": "shot", "start_char": 2754, "end_char": 2758, "token_label": "NA"}, {"token": "the", "start_char": 2759, "end_char": 2762, "token_label": "NA"}, {"token": "security", "start_char": 2763, "end_char": 2771, "token_label": "NA"}, {"token": "guard", "start_char": 2772, "end_char": 2777, "token_label": "NA"}, {"token": ",", "start_char": 2777, "end_char": 2778, "token_label": "NA"}, {"token": "waited", "start_char": 2779, "end_char": 2785, "token_label": "NA"}, {"token": "six", "start_char": 2786, "end_char": 2789, "token_label": "NA"}, {"token": "minutes", "start_char": 2790, "end_char": 2797, "token_label": "NA"}, {"token": "before", "start_char": 2798, "end_char": 2804, "token_label": "NA"}, {"token": "opening", "start_char": 2805, "end_char": 2812, "token_label": "NA"}, {"token": "fire", "start_char": 2813, "end_char": 2817, "token_label": "NA"}, {"token": "on", "start_char": 2818, "end_char": 2820, "token_label": "NA"}, {"token": "the", "start_char": 2821, "end_char": 2824, "token_label": "NA"}, {"token": "concert", "start_char": 2825, "end_char": 2832, "token_label": "NA"}, {"token": "crowd", "start_char": 2833, "end_char": 2838, "token_label": "NA"}, {"token": ",", "start_char": 2838, "end_char": 2839, "token_label": "NA"}, {"token": "and", "start_char": 2840, "end_char": 2843, "token_label": "NA"}, {"token": "then", "start_char": 2844, "end_char": 2848, "token_label": "NA"}, {"token": "shot", "start_char": 2849, "end_char": 2853, "token_label": "NA"}, {"token": "for", "start_char": 2854, "end_char": 2857, "token_label": "NA"}, {"token": "a", "start_char": 2858, "end_char": 2859, "token_label": "NA"}, {"token": "full", "start_char": 2860, "end_char": 2864, "token_label": "NA"}, {"token": "ten", "start_char": 2865, "end_char": 2868, "token_label": "NA"}, {"token": "minutes", "start_char": 2869, "end_char": 2876, "token_label": "NA"}, {"token": ".", "start_char": 2876, "end_char": 2877, "token_label": "NA"}], "news_discourse_role": 3, "news_discourse_role_prob_0": 2.7632722776615992e-05, "news_discourse_role_prob_1": 0.006323831155896187, "news_discourse_role_prob_2": 0.00032760141766630113, "news_discourse_role_prob_3": 0.8397048711776733, "news_discourse_role_prob_4": 0.06692848354578018, "news_discourse_role_prob_5": 0.08408335596323013, "news_discourse_role_prob_6": 0.000317717989673838, "news_discourse_role_prob_7": 0.0021023633889853954, "news_discourse_role_prob_8": 0.00018406705930829048, "previous_discourse_relation": 3, "previous_discourse_relation_prob_comp": 0.006639393977820873, "previous_discourse_relation_prob_cont": 0.1381361037492752, "previous_discourse_relation_prob_temp": 0.05850742384791374, "previous_discourse_relation_prob_expan": 0.79671710729599, "latter_discourse_relation": 3, "latter_discourse_relation_prob_comp": 0.08766291290521622, "latter_discourse_relation_prob_cont": 0.04076138138771057, "latter_discourse_relation_prob_temp": 0.03894077241420746, "latter_discourse_relation_prob_expan": 0.8326348662376404}, {"sentence_id": 19, "sentence_start": 2878, "sentence_end": 3024, "sentence_text": "Police didn\u2019t arrive for two additional minutes after the shooting stopped \u2013 which is a full 18 minutes from the moment Campos was initially hit.", "sentence_label": "NA", "tokens_list": ["Police", "didn\u2019t", "arrive", "for", "two", "additional", "minutes", "after", "the", "shooting", "stopped", "\u2013", "which", "is", "a", "full", "18", "minutes", "from", "the", "moment", "Campos", "was", "initially", "hit", "."], "tokens_dicts_list": [{"token": "Police", "start_char": 2878, "end_char": 2884, "token_label": "NA"}, {"token": "didn\u2019t", "start_char": 2885, "end_char": 2891, "token_label": "NA"}, {"token": "arrive", "start_char": 2892, "end_char": 2898, "token_label": "NA"}, {"token": "for", "start_char": 2899, "end_char": 2902, "token_label": "NA"}, {"token": "two", "start_char": 2903, "end_char": 2906, "token_label": "NA"}, {"token": "additional", "start_char": 2907, "end_char": 2917, "token_label": "NA"}, {"token": "minutes", "start_char": 2918, "end_char": 2925, "token_label": "NA"}, {"token": "after", "start_char": 2926, "end_char": 2931, "token_label": "NA"}, {"token": "the", "start_char": 2932, "end_char": 2935, "token_label": "NA"}, {"token": "shooting", "start_char": 2936, "end_char": 2944, "token_label": "NA"}, {"token": "stopped", "start_char": 2945, "end_char": 2952, "token_label": "NA"}, {"token": "\u2013", "start_char": 2953, "end_char": 2954, "token_label": "NA"}, {"token": "which", "start_char": 2955, "end_char": 2960, "token_label": "NA"}, {"token": "is", "start_char": 2961, "end_char": 2963, "token_label": "NA"}, {"token": "a", "start_char": 2964, "end_char": 2965, "token_label": "NA"}, {"token": "full", "start_char": 2966, "end_char": 2970, "token_label": "NA"}, {"token": "18", "start_char": 2971, "end_char": 2973, "token_label": "NA"}, {"token": "minutes", "start_char": 2974, "end_char": 2981, "token_label": "NA"}, {"token": "from", "start_char": 2982, "end_char": 2986, "token_label": "NA"}, {"token": "the", "start_char": 2987, "end_char": 2990, "token_label": "NA"}, {"token": "moment", "start_char": 2991, "end_char": 2997, "token_label": "NA"}, {"token": "Campos", "start_char": 2998, "end_char": 3004, "token_label": "NA"}, {"token": "was", "start_char": 3005, "end_char": 3008, "token_label": "NA"}, {"token": "initially", "start_char": 3009, "end_char": 3018, "token_label": "NA"}, {"token": "hit", "start_char": 3019, "end_char": 3022, "token_label": "NA"}, {"token": ".", "start_char": 3022, "end_char": 3023, "token_label": "NA"}], "news_discourse_role": 4, "news_discourse_role_prob_0": 2.596740159788169e-05, "news_discourse_role_prob_1": 0.002726587001234293, "news_discourse_role_prob_2": 0.0005589295760728419, "news_discourse_role_prob_3": 0.21030549705028534, "news_discourse_role_prob_4": 0.7164334654808044, "news_discourse_role_prob_5": 0.06897775828838348, "news_discourse_role_prob_6": 8.113045623758808e-05, "news_discourse_role_prob_7": 0.000821320922113955, "news_discourse_role_prob_8": 6.93819165462628e-05, "previous_discourse_relation": 3, "previous_discourse_relation_prob_comp": 0.08766291290521622, "previous_discourse_relation_prob_cont": 0.04076138138771057, "previous_discourse_relation_prob_temp": 0.03894077241420746, "previous_discourse_relation_prob_expan": 0.8326348662376404, "latter_discourse_relation": 3, "latter_discourse_relation_prob_comp": 0.00023696980497334152, "latter_discourse_relation_prob_cont": 0.00048226668150164187, "latter_discourse_relation_prob_temp": 5.076479646959342e-05, "latter_discourse_relation_prob_expan": 0.999229907989502}, {"sentence_id": 20, "sentence_start": 3024, "sentence_end": 3111, "sentence_text": "Moreover, did he stop shooting because he was planning his escape from the 32nd floor?", "sentence_label": "NA", "tokens_list": ["Moreover", ",", "did", "he", "stop", "shooting", "because", "he", "was", "planning", "his", "escape", "from", "the", "32nd", "floor", "?"], "tokens_dicts_list": [{"token": "Moreover", "start_char": 3024, "end_char": 3032, "token_label": "NA"}, {"token": ",", "start_char": 3032, "end_char": 3033, "token_label": "NA"}, {"token": "did", "start_char": 3034, "end_char": 3037, "token_label": "NA"}, {"token": "he", "start_char": 3038, "end_char": 3040, "token_label": "NA"}, {"token": "stop", "start_char": 3041, "end_char": 3045, "token_label": "NA"}, {"token": "shooting", "start_char": 3046, "end_char": 3054, "token_label": "NA"}, {"token": "because", "start_char": 3055, "end_char": 3062, "token_label": "NA"}, {"token": "he", "start_char": 3063, "end_char": 3065, "token_label": "NA"}, {"token": "was", "start_char": 3066, "end_char": 3069, "token_label": "NA"}, {"token": "planning", "start_char": 3070, "end_char": 3078, "token_label": "NA"}, {"token": "his", "start_char": 3079, "end_char": 3082, "token_label": "NA"}, {"token": "escape", "start_char": 3083, "end_char": 3089, "token_label": "NA"}, {"token": "from", "start_char": 3090, "end_char": 3094, "token_label": "NA"}, {"token": "the", "start_char": 3095, "end_char": 3098, "token_label": "NA"}, {"token": "32nd", "start_char": 3099, "end_char": 3103, "token_label": "NA"}, {"token": "floor", "start_char": 3104, "end_char": 3109, "token_label": "NA"}, {"token": "?", "start_char": 3109, "end_char": 3110, "token_label": "NA"}], "news_discourse_role": 7, "news_discourse_role_prob_0": 0.0010684068547561765, "news_discourse_role_prob_1": 0.043668828904628754, "news_discourse_role_prob_2": 0.0006842464790679514, "news_discourse_role_prob_3": 0.1421421617269516, "news_discourse_role_prob_4": 0.020134728401899338, "news_discourse_role_prob_5": 0.04511838033795357, "news_discourse_role_prob_6": 0.023252246901392937, "news_discourse_role_prob_7": 0.7112131118774414, "news_discourse_role_prob_8": 0.01271789614111185, "previous_discourse_relation": 3, "previous_discourse_relation_prob_comp": 0.00023696980497334152, "previous_discourse_relation_prob_cont": 0.00048226668150164187, "previous_discourse_relation_prob_temp": 5.076479646959342e-05, "previous_discourse_relation_prob_expan": 0.999229907989502, "latter_discourse_relation": 3, "latter_discourse_relation_prob_comp": 0.0013911596033722162, "latter_discourse_relation_prob_cont": 0.0005394538166001439, "latter_discourse_relation_prob_temp": 5.540012716664933e-05, "latter_discourse_relation_prob_expan": 0.998013973236084}, {"sentence_id": 21, "sentence_start": 3111, "sentence_end": 3178, "sentence_text": "Or is it possible that Paddock was rushed and in a state of panic?", "sentence_label": "NA", "tokens_list": ["Or", "is", "it", "possible", "that", "Paddock", "was", "rushed", "and", "in", "a", "state", "of", "panic", "?"], "tokens_dicts_list": [{"token": "Or", "start_char": 3111, "end_char": 3113, "token_label": "NA"}, {"token": "is", "start_char": 3114, "end_char": 3116, "token_label": "NA"}, {"token": "it", "start_char": 3117, "end_char": 3119, "token_label": "NA"}, {"token": "possible", "start_char": 3120, "end_char": 3128, "token_label": "NA"}, {"token": "that", "start_char": 3129, "end_char": 3133, "token_label": "NA"}, {"token": "Paddock", "start_char": 3134, "end_char": 3141, "token_label": "NA"}, {"token": "was", "start_char": 3142, "end_char": 3145, "token_label": "NA"}, {"token": "rushed", "start_char": 3146, "end_char": 3152, "token_label": "NA"}, {"token": "and", "start_char": 3153, "end_char": 3156, "token_label": "NA"}, {"token": "in", "start_char": 3157, "end_char": 3159, "token_label": "NA"}, {"token": "a", "start_char": 3160, "end_char": 3161, "token_label": "NA"}, {"token": "state", "start_char": 3162, "end_char": 3167, "token_label": "NA"}, {"token": "of", "start_char": 3168, "end_char": 3170, "token_label": "NA"}, {"token": "panic", "start_char": 3171, "end_char": 3176, "token_label": "NA"}, {"token": "?", "start_char": 3176, "end_char": 3177, "token_label": "NA"}], "news_discourse_role": 7, "news_discourse_role_prob_0": 0.0012123639462515712, "news_discourse_role_prob_1": 0.04250955581665039, "news_discourse_role_prob_2": 0.0007054688176140189, "news_discourse_role_prob_3": 0.0956205427646637, "news_discourse_role_prob_4": 0.013108505867421627, "news_discourse_role_prob_5": 0.022162502631545067, "news_discourse_role_prob_6": 0.022112557664513588, "news_discourse_role_prob_7": 0.7888051867485046, "news_discourse_role_prob_8": 0.013763245195150375, "previous_discourse_relation": 3, "previous_discourse_relation_prob_comp": 0.0013911596033722162, "previous_discourse_relation_prob_cont": 0.0005394538166001439, "previous_discourse_relation_prob_temp": 5.540012716664933e-05, "previous_discourse_relation_prob_expan": 0.998013973236084, "latter_discourse_relation": 3, "latter_discourse_relation_prob_comp": 0.0010416983859613538, "latter_discourse_relation_prob_cont": 0.01326749287545681, "latter_discourse_relation_prob_temp": 0.00020679128647316247, "latter_discourse_relation_prob_expan": 0.9854840636253357}, {"sentence_id": 22, "sentence_start": 3178, "sentence_end": 3402, "sentence_text": "According to links and information shared by Thomas Wictor and a timeline assessment by Twitter user Mr. Alex, the plausibility of Paddock accidentally killing himself amid the confusion, adrenaline and panic is quite high:", "sentence_label": "NA", "tokens_list": ["According", "to", "links", "and", "information", "shared", "by", "Thomas", "Wictor", "and", "a", "timeline", "assessment", "by", "Twitter", "user", "Mr.", "Alex", ",", "the", "plausibility", "of", "Paddock", "accidentally", "killing", "himself", "amid", "the", "confusion", ",", "adrenaline", "and", "panic", "is", "quite", "high", ":"], "tokens_dicts_list": [{"token": "According", "start_char": 3178, "end_char": 3187, "token_label": "NA"}, {"token": "to", "start_char": 3188, "end_char": 3190, "token_label": "NA"}, {"token": "links", "start_char": 3191, "end_char": 3196, "token_label": "NA"}, {"token": "and", "start_char": 3197, "end_char": 3200, "token_label": "NA"}, {"token": "information", "start_char": 3201, "end_char": 3212, "token_label": "NA"}, {"token": "shared", "start_char": 3213, "end_char": 3219, "token_label": "NA"}, {"token": "by", "start_char": 3220, "end_char": 3222, "token_label": "NA"}, {"token": "Thomas", "start_char": 3223, "end_char": 3229, "token_label": "NA"}, {"token": "Wictor", "start_char": 3230, "end_char": 3236, "token_label": "NA"}, {"token": "and", "start_char": 3237, "end_char": 3240, "token_label": "NA"}, {"token": "a", "start_char": 3241, "end_char": 3242, "token_label": "NA"}, {"token": "timeline", "start_char": 3243, "end_char": 3251, "token_label": "NA"}, {"token": "assessment", "start_char": 3252, "end_char": 3262, "token_label": "NA"}, {"token": "by", "start_char": 3263, "end_char": 3265, "token_label": "NA"}, {"token": "Twitter", "start_char": 3266, "end_char": 3273, "token_label": "NA"}, {"token": "user", "start_char": 3274, "end_char": 3278, "token_label": "NA"}, {"token": "Mr.", "start_char": 3279, "end_char": 3282, "token_label": "NA"}, {"token": "Alex", "start_char": 3283, "end_char": 3287, "token_label": "NA"}, {"token": ",", "start_char": 3287, "end_char": 3288, "token_label": "NA"}, {"token": "the", "start_char": 3289, "end_char": 3292, "token_label": "NA"}, {"token": "plausibility", "start_char": 3293, "end_char": 3305, "token_label": "NA"}, {"token": "of", "start_char": 3306, "end_char": 3308, "token_label": "NA"}, {"token": "Paddock", "start_char": 3309, "end_char": 3316, "token_label": "NA"}, {"token": "accidentally", "start_char": 3317, "end_char": 3329, "token_label": "NA"}, {"token": "killing", "start_char": 3330, "end_char": 3337, "token_label": "NA"}, {"token": "himself", "start_char": 3338, "end_char": 3345, "token_label": "NA"}, {"token": "amid", "start_char": 3346, "end_char": 3350, "token_label": "NA"}, {"token": "the", "start_char": 3351, "end_char": 3354, "token_label": "NA"}, {"token": "confusion", "start_char": 3355, "end_char": 3364, "token_label": "NA"}, {"token": ",", "start_char": 3364, "end_char": 3365, "token_label": "NA"}, {"token": "adrenaline", "start_char": 3366, "end_char": 3376, "token_label": "NA"}, {"token": "and", "start_char": 3377, "end_char": 3380, "token_label": "NA"}, {"token": "panic", "start_char": 3381, "end_char": 3386, "token_label": "NA"}, {"token": "is", "start_char": 3387, "end_char": 3389, "token_label": "NA"}, {"token": "quite", "start_char": 3390, "end_char": 3395, "token_label": "NA"}, {"token": "high", "start_char": 3396, "end_char": 3400, "token_label": "NA"}, {"token": ":", "start_char": 3400, "end_char": 3401, "token_label": "NA"}], "news_discourse_role": 7, "news_discourse_role_prob_0": 0.01830352284014225, "news_discourse_role_prob_1": 0.03720289468765259, "news_discourse_role_prob_2": 0.002158032963052392, "news_discourse_role_prob_3": 0.017752941697835922, "news_discourse_role_prob_4": 0.027792546898126602, "news_discourse_role_prob_5": 0.0059249005280435085, "news_discourse_role_prob_6": 0.024826670065522194, "news_discourse_role_prob_7": 0.7657212615013123, "news_discourse_role_prob_8": 0.10031720995903015, "previous_discourse_relation": 3, "previous_discourse_relation_prob_comp": 0.0010416983859613538, "previous_discourse_relation_prob_cont": 0.01326749287545681, "previous_discourse_relation_prob_temp": 0.00020679128647316247, "previous_discourse_relation_prob_expan": 0.9854840636253357, "latter_discourse_relation": 3, "latter_discourse_relation_prob_comp": 0.0006525172502733767, "latter_discourse_relation_prob_cont": 0.0037119032349437475, "latter_discourse_relation_prob_temp": 0.0008110932540148497, "latter_discourse_relation_prob_expan": 0.9948244094848633}, {"sentence_id": 23, "sentence_start": 3402, "sentence_end": 3475, "sentence_text": "Latest LV Sheriff: Saying they still don\u2019t know why he stopped shooting.", "sentence_label": "NA", "tokens_list": ["Latest", "LV", "Sheriff", ":", "Saying", "they", "still", "don\u2019t", "know", "why", "he", "stopped", "shooting", "."], "tokens_dicts_list": [{"token": "Latest", "start_char": 3402, "end_char": 3408, "token_label": "NA"}, {"token": "LV", "start_char": 3409, "end_char": 3411, "token_label": "NA"}, {"token": "Sheriff", "start_char": 3412, "end_char": 3419, "token_label": "NA"}, {"token": ":", "start_char": 3419, "end_char": 3420, "token_label": "NA"}, {"token": "Saying", "start_char": 3421, "end_char": 3427, "token_label": "NA"}, {"token": "they", "start_char": 3428, "end_char": 3432, "token_label": "NA"}, {"token": "still", "start_char": 3433, "end_char": 3438, "token_label": "NA"}, {"token": "don\u2019t", "start_char": 3439, "end_char": 3444, "token_label": "NA"}, {"token": "know", "start_char": 3445, "end_char": 3449, "token_label": "NA"}, {"token": "why", "start_char": 3450, "end_char": 3453, "token_label": "NA"}, {"token": "he", "start_char": 3454, "end_char": 3456, "token_label": "NA"}, {"token": "stopped", "start_char": 3457, "end_char": 3464, "token_label": "NA"}, {"token": "shooting", "start_char": 3465, "end_char": 3473, "token_label": "NA"}, {"token": ".", "start_char": 3473, "end_char": 3474, "token_label": "NA"}], "news_discourse_role": 0, "news_discourse_role_prob_0": 0.7475696802139282, "news_discourse_role_prob_1": 0.026280483230948448, "news_discourse_role_prob_2": 0.019009221345186234, "news_discourse_role_prob_3": 0.004614090546965599, "news_discourse_role_prob_4": 0.06456328928470612, "news_discourse_role_prob_5": 0.0010763959726318717, "news_discourse_role_prob_6": 0.024155518040060997, "news_discourse_role_prob_7": 0.10723128914833069, "news_discourse_role_prob_8": 0.005499953869730234, "previous_discourse_relation": 3, "previous_discourse_relation_prob_comp": 0.0006525172502733767, "previous_discourse_relation_prob_cont": 0.0037119032349437475, "previous_discourse_relation_prob_temp": 0.0008110932540148497, "previous_discourse_relation_prob_expan": 0.9948244094848633, "latter_discourse_relation": 3, "latter_discourse_relation_prob_comp": 0.4351975619792938, "latter_discourse_relation_prob_cont": 0.014626376330852509, "latter_discourse_relation_prob_temp": 0.0018006309401243925, "latter_discourse_relation_prob_expan": 0.5483754277229309}, {"sentence_id": 24, "sentence_start": 3475, "sentence_end": 3552, "sentence_text": "@drawandstrike theory looking plausiblehttps://t.co/CQF3MZLHaN \u2014 Mr Alex ???", "sentence_label": "NA", "tokens_list": ["@", "drawandstrike", "theory", "looking", "plausiblehttps", ":", "//t.co/CQF3MZLHaN", "\u2014", "Mr", "Alex", "?", "?", "?"], "tokens_dicts_list": [{"token": "@", "start_char": 3475, "end_char": 3476, "token_label": "NA"}, {"token": "drawandstrike", "start_char": 3476, "end_char": 3489, "token_label": "NA"}, {"token": "theory", "start_char": 3490, "end_char": 3496, "token_label": "NA"}, {"token": "looking", "start_char": 3497, "end_char": 3504, "token_label": "NA"}, {"token": "plausiblehttps", "start_char": 3505, "end_char": 3519, "token_label": "NA"}, {"token": ":", "start_char": 3519, "end_char": 3520, "token_label": "NA"}, {"token": "//t.co/CQF3MZLHaN", "start_char": 3520, "end_char": 3537, "token_label": "NA"}, {"token": "\u2014", "start_char": 3538, "end_char": 3539, "token_label": "NA"}, {"token": "Mr", "start_char": 3540, "end_char": 3542, "token_label": "NA"}, {"token": "Alex", "start_char": 3543, "end_char": 3547, "token_label": "NA"}, {"token": "?", "start_char": 3548, "end_char": 3549, "token_label": "NA"}, {"token": "?", "start_char": 3549, "end_char": 3550, "token_label": "NA"}, {"token": "?", "start_char": 3550, "end_char": 3551, "token_label": "NA"}], "news_discourse_role": 0, "news_discourse_role_prob_0": 0.991976797580719, "news_discourse_role_prob_1": 0.00019273905490990728, "news_discourse_role_prob_2": 0.0002994904643855989, "news_discourse_role_prob_3": 0.00029450361034832895, "news_discourse_role_prob_4": 0.002363839652389288, "news_discourse_role_prob_5": 0.0017983169527724385, "news_discourse_role_prob_6": 0.000682604091707617, "news_discourse_role_prob_7": 0.0022270584013313055, "news_discourse_role_prob_8": 0.0001646592136239633, "previous_discourse_relation": 3, "previous_discourse_relation_prob_comp": 0.4351975619792938, "previous_discourse_relation_prob_cont": 0.014626376330852509, "previous_discourse_relation_prob_temp": 0.0018006309401243925, "previous_discourse_relation_prob_expan": 0.5483754277229309, "latter_discourse_relation": 3, "latter_discourse_relation_prob_comp": 0.004245033022016287, "latter_discourse_relation_prob_cont": 0.03467349335551262, "latter_discourse_relation_prob_temp": 0.031257349997758865, "latter_discourse_relation_prob_expan": 0.92982417345047}, {"sentence_id": 25, "sentence_start": 3552, "sentence_end": 3585, "sentence_text": "(@New_England_) October 10, 2017", "sentence_label": "NA", "tokens_list": ["(", "@", "New_England_", ")", "October", "10", ",", "2017"], "tokens_dicts_list": [{"token": "(", "start_char": 3552, "end_char": 3553, "token_label": "NA"}, {"token": "@", "start_char": 3553, "end_char": 3554, "token_label": "NA"}, {"token": "New_England_", "start_char": 3554, "end_char": 3566, "token_label": "NA"}, {"token": ")", "start_char": 3566, "end_char": 3567, "token_label": "NA"}, {"token": "October", "start_char": 3568, "end_char": 3575, "token_label": "NA"}, {"token": "10", "start_char": 3576, "end_char": 3578, "token_label": "NA"}, {"token": ",", "start_char": 3578, "end_char": 3579, "token_label": "NA"}, {"token": "2017", "start_char": 3580, "end_char": 3584, "token_label": "NA"}], "news_discourse_role": 0, "news_discourse_role_prob_0": 0.9945823550224304, "news_discourse_role_prob_1": 0.00048446652363054454, "news_discourse_role_prob_2": 0.00023275712737813592, "news_discourse_role_prob_3": 0.00021127556101419032, "news_discourse_role_prob_4": 0.0013472741702571511, "news_discourse_role_prob_5": 0.001959613524377346, "news_discourse_role_prob_6": 0.00026635927497409284, "news_discourse_role_prob_7": 0.000875426921993494, "news_discourse_role_prob_8": 4.0395199903286994e-05, "previous_discourse_relation": 3, "previous_discourse_relation_prob_comp": 0.004245033022016287, "previous_discourse_relation_prob_cont": 0.03467349335551262, "previous_discourse_relation_prob_temp": 0.031257349997758865, "previous_discourse_relation_prob_expan": 0.92982417345047, "latter_discourse_relation": 3, "latter_discourse_relation_prob_comp": 0.013460183516144753, "latter_discourse_relation_prob_cont": 0.423758864402771, "latter_discourse_relation_prob_temp": 0.0011784362141042948, "latter_discourse_relation_prob_expan": 0.5616024732589722}, {"sentence_id": 26, "sentence_start": 3585, "sentence_end": 3892, "sentence_text": "While we may never know the exact circumstances surrounding what transpired in the shooter\u2019s hotel room, the information being released not just by law enforcement, but witnesses to the event who recorded hundreds of cumulative hours of video and audio, now calls the entirety official story into question.", "sentence_label": "Doubt", "tokens_list": ["While", "we", "may", "never", "know", "the", "exact", "circumstances", "surrounding", "what", "transpired", "in", "the", "shooter\u2019s", "hotel", "room", ",", "the", "information", "being", "released", "not", "just", "by", "law", "enforcement", ",", "but", "witnesses", "to", "the", "event", "who", "recorded", "hundreds", "of", "cumulative", "hours", "of", "video", "and", "audio", ",", "now", "calls", "the", "entirety", "official", "story", "into", "question", "."], "tokens_dicts_list": [{"token": "While", "start_char": 3585, "end_char": 3590, "token_label": "Doubt"}, {"token": "we", "start_char": 3591, "end_char": 3593, "token_label": "Doubt"}, {"token": "may", "start_char": 3594, "end_char": 3597, "token_label": "Doubt"}, {"token": "never", "start_char": 3598, "end_char": 3603, "token_label": "Doubt"}, {"token": "know", "start_char": 3604, "end_char": 3608, "token_label": "Doubt"}, {"token": "the", "start_char": 3609, "end_char": 3612, "token_label": "Doubt"}, {"token": "exact", "start_char": 3613, "end_char": 3618, "token_label": "Doubt"}, {"token": "circumstances", "start_char": 3619, "end_char": 3632, "token_label": "Doubt"}, {"token": "surrounding", "start_char": 3633, "end_char": 3644, "token_label": "NA"}, {"token": "what", "start_char": 3645, "end_char": 3649, "token_label": "NA"}, {"token": "transpired", "start_char": 3650, "end_char": 3660, "token_label": "NA"}, {"token": "in", "start_char": 3661, "end_char": 3663, "token_label": "NA"}, {"token": "the", "start_char": 3664, "end_char": 3667, "token_label": "NA"}, {"token": "shooter\u2019s", "start_char": 3668, "end_char": 3677, "token_label": "NA"}, {"token": "hotel", "start_char": 3678, "end_char": 3683, "token_label": "NA"}, {"token": "room", "start_char": 3684, "end_char": 3688, "token_label": "NA"}, {"token": ",", "start_char": 3688, "end_char": 3689, "token_label": "NA"}, {"token": "the", "start_char": 3690, "end_char": 3693, "token_label": "NA"}, {"token": "information", "start_char": 3694, "end_char": 3705, "token_label": "NA"}, {"token": "being", "start_char": 3706, "end_char": 3711, "token_label": "NA"}, {"token": "released", "start_char": 3712, "end_char": 3720, "token_label": "NA"}, {"token": "not", "start_char": 3721, "end_char": 3724, "token_label": "NA"}, {"token": "just", "start_char": 3725, "end_char": 3729, "token_label": "NA"}, {"token": "by", "start_char": 3730, "end_char": 3732, "token_label": "NA"}, {"token": "law", "start_char": 3733, "end_char": 3736, "token_label": "NA"}, {"token": "enforcement", "start_char": 3737, "end_char": 3748, "token_label": "NA"}, {"token": ",", "start_char": 3748, "end_char": 3749, "token_label": "NA"}, {"token": "but", "start_char": 3750, "end_char": 3753, "token_label": "NA"}, {"token": "witnesses", "start_char": 3754, "end_char": 3763, "token_label": "NA"}, {"token": "to", "start_char": 3764, "end_char": 3766, "token_label": "NA"}, {"token": "the", "start_char": 3767, "end_char": 3770, "token_label": "NA"}, {"token": "event", "start_char": 3771, "end_char": 3776, "token_label": "NA"}, {"token": "who", "start_char": 3777, "end_char": 3780, "token_label": "NA"}, {"token": "recorded", "start_char": 3781, "end_char": 3789, "token_label": "NA"}, {"token": "hundreds", "start_char": 3790, "end_char": 3798, "token_label": "NA"}, {"token": "of", "start_char": 3799, "end_char": 3801, "token_label": "NA"}, {"token": "cumulative", "start_char": 3802, "end_char": 3812, "token_label": "NA"}, {"token": "hours", "start_char": 3813, "end_char": 3818, "token_label": "NA"}, {"token": "of", "start_char": 3819, "end_char": 3821, "token_label": "NA"}, {"token": "video", "start_char": 3822, "end_char": 3827, "token_label": "NA"}, {"token": "and", "start_char": 3828, "end_char": 3831, "token_label": "NA"}, {"token": "audio", "start_char": 3832, "end_char": 3837, "token_label": "NA"}, {"token": ",", "start_char": 3837, "end_char": 3838, "token_label": "NA"}, {"token": "now", "start_char": 3839, "end_char": 3842, "token_label": "NA"}, {"token": "calls", "start_char": 3843, "end_char": 3848, "token_label": "NA"}, {"token": "the", "start_char": 3849, "end_char": 3852, "token_label": "NA"}, {"token": "entirety", "start_char": 3853, "end_char": 3861, "token_label": "NA"}, {"token": "official", "start_char": 3862, "end_char": 3870, "token_label": "NA"}, {"token": "story", "start_char": 3871, "end_char": 3876, "token_label": "NA"}, {"token": "into", "start_char": 3877, "end_char": 3881, "token_label": "NA"}, {"token": "question", "start_char": 3882, "end_char": 3890, "token_label": "NA"}, {"token": ".", "start_char": 3890, "end_char": 3891, "token_label": "NA"}], "news_discourse_role": 7, "news_discourse_role_prob_0": 0.0003816571843344718, "news_discourse_role_prob_1": 0.17169953882694244, "news_discourse_role_prob_2": 0.0010367376962676644, "news_discourse_role_prob_3": 0.09101030975580215, "news_discourse_role_prob_4": 0.02692202478647232, "news_discourse_role_prob_5": 0.0023288344964385033, "news_discourse_role_prob_6": 0.0017400652868673205, "news_discourse_role_prob_7": 0.6999925971031189, "news_discourse_role_prob_8": 0.0048882788978517056, "previous_discourse_relation": 3, "previous_discourse_relation_prob_comp": 0.013460183516144753, "previous_discourse_relation_prob_cont": 0.423758864402771, "previous_discourse_relation_prob_temp": 0.0011784362141042948, "previous_discourse_relation_prob_expan": 0.5616024732589722, "latter_discourse_relation": -1}]}