{"file_name": "./Propaganda/json_annotations/train/article706661242.json", "num_sentences": 10, "sentences": [{"sentence_id": 0, "sentence_start": 0, "sentence_end": 29, "sentence_text": "America's Immigration Voice.", "sentence_label": "NA", "tokens_list": ["America", "'s", "Immigration", "Voice", "."], "tokens_dicts_list": [{"token": "America", "start_char": 0, "end_char": 7, "token_label": "NA"}, {"token": "'s", "start_char": 7, "end_char": 9, "token_label": "NA"}, {"token": "Immigration", "start_char": 10, "end_char": 21, "token_label": "NA"}, {"token": "Voice", "start_char": 22, "end_char": 27, "token_label": "NA"}, {"token": ".", "start_char": 27, "end_char": 28, "token_label": "NA"}], "news_discourse_role": 0, "news_discourse_role_prob_0": 0.7540482878684998, "news_discourse_role_prob_1": 0.10630166530609131, "news_discourse_role_prob_2": 0.021706542000174522, "news_discourse_role_prob_3": 0.010328575037419796, "news_discourse_role_prob_4": 0.08719860762357712, "news_discourse_role_prob_5": 0.0013683621073141694, "news_discourse_role_prob_6": 0.008652687072753906, "news_discourse_role_prob_7": 0.00881022959947586, "news_discourse_role_prob_8": 0.0015850299969315529, "latter_discourse_relation": 3, "latter_discourse_relation_prob_comp": 0.01807565614581108, "latter_discourse_relation_prob_cont": 0.2087908387184143, "latter_discourse_relation_prob_temp": 0.008641304448246956, "latter_discourse_relation_prob_expan": 0.7644922733306885, "previous_discourse_relation": -1}, {"sentence_id": 1, "sentence_start": 30, "sentence_end": 115, "sentence_text": "Ever thought that the academic discipline of history has gone to the Diversity dogs?", "sentence_label": "Name_Calling,Labeling", "tokens_list": ["Ever", "thought", "that", "the", "academic", "discipline", "of", "history", "has", "gone", "to", "the", "Diversity", "dogs", "?"], "tokens_dicts_list": [{"token": "Ever", "start_char": 30, "end_char": 34, "token_label": "NA"}, {"token": "thought", "start_char": 35, "end_char": 42, "token_label": "NA"}, {"token": "that", "start_char": 43, "end_char": 47, "token_label": "NA"}, {"token": "the", "start_char": 48, "end_char": 51, "token_label": "NA"}, {"token": "academic", "start_char": 52, "end_char": 60, "token_label": "NA"}, {"token": "discipline", "start_char": 61, "end_char": 71, "token_label": "NA"}, {"token": "of", "start_char": 72, "end_char": 74, "token_label": "NA"}, {"token": "history", "start_char": 75, "end_char": 82, "token_label": "NA"}, {"token": "has", "start_char": 83, "end_char": 86, "token_label": "NA"}, {"token": "gone", "start_char": 87, "end_char": 91, "token_label": "NA"}, {"token": "to", "start_char": 92, "end_char": 94, "token_label": "NA"}, {"token": "the", "start_char": 95, "end_char": 98, "token_label": "Name_Calling,Labeling"}, {"token": "Diversity", "start_char": 99, "end_char": 108, "token_label": "Name_Calling,Labeling"}, {"token": "dogs", "start_char": 109, "end_char": 113, "token_label": "Name_Calling,Labeling"}, {"token": "?", "start_char": 113, "end_char": 114, "token_label": "NA"}], "news_discourse_role": 7, "news_discourse_role_prob_0": 0.00795588456094265, "news_discourse_role_prob_1": 0.033746492117643356, "news_discourse_role_prob_2": 0.001918860711157322, "news_discourse_role_prob_3": 0.02436867356300354, "news_discourse_role_prob_4": 0.007731777615845203, "news_discourse_role_prob_5": 0.05711548775434494, "news_discourse_role_prob_6": 0.024406980723142624, "news_discourse_role_prob_7": 0.82981276512146, "news_discourse_role_prob_8": 0.012943104840815067, "previous_discourse_relation": 3, "previous_discourse_relation_prob_comp": 0.01807565614581108, "previous_discourse_relation_prob_cont": 0.2087908387184143, "previous_discourse_relation_prob_temp": 0.008641304448246956, "previous_discourse_relation_prob_expan": 0.7644922733306885, "latter_discourse_relation": 3, "latter_discourse_relation_prob_comp": 0.012946086935698986, "latter_discourse_relation_prob_cont": 0.07313510775566101, "latter_discourse_relation_prob_temp": 0.00034746076562441885, "latter_discourse_relation_prob_expan": 0.9135714173316956}, {"sentence_id": 2, "sentence_start": 115, "sentence_end": 145, "sentence_text": "Here\u2019s proof, from Australia.", "sentence_label": "NA", "tokens_list": ["Here\u2019s", "proof", ",", "from", "Australia", "."], "tokens_dicts_list": [{"token": "Here\u2019s", "start_char": 115, "end_char": 121, "token_label": "NA"}, {"token": "proof", "start_char": 122, "end_char": 127, "token_label": "NA"}, {"token": ",", "start_char": 127, "end_char": 128, "token_label": "NA"}, {"token": "from", "start_char": 129, "end_char": 133, "token_label": "NA"}, {"token": "Australia", "start_char": 134, "end_char": 143, "token_label": "NA"}, {"token": ".", "start_char": 143, "end_char": 144, "token_label": "NA"}], "news_discourse_role": 1, "news_discourse_role_prob_0": 0.3249112665653229, "news_discourse_role_prob_1": 0.3728127181529999, "news_discourse_role_prob_2": 0.027541054412722588, "news_discourse_role_prob_3": 0.02607586793601513, "news_discourse_role_prob_4": 0.22032678127288818, "news_discourse_role_prob_5": 0.007609586231410503, "news_discourse_role_prob_6": 0.005956683773547411, "news_discourse_role_prob_7": 0.012724203988909721, "news_discourse_role_prob_8": 0.002041889587417245, "previous_discourse_relation": 3, "previous_discourse_relation_prob_comp": 0.012946086935698986, "previous_discourse_relation_prob_cont": 0.07313510775566101, "previous_discourse_relation_prob_temp": 0.00034746076562441885, "previous_discourse_relation_prob_expan": 0.9135714173316956, "latter_discourse_relation": 3, "latter_discourse_relation_prob_comp": 0.0003337329544592649, "latter_discourse_relation_prob_cont": 0.008029080927371979, "latter_discourse_relation_prob_temp": 0.001854780362918973, "latter_discourse_relation_prob_expan": 0.989782452583313}, {"sentence_id": 3, "sentence_start": 145, "sentence_end": 422, "sentence_text": "The (generally libertarian) Institute of Public Affairs (IPA) last week released a major report, The Rise of Identity Politics: An Audit of History Teaching at Australian Universities in 2017 PDF ] by Dr Bella d\u2019Abrera [ Email her ] (PhD in History, University of Cambridge,).", "sentence_label": "Name_Calling,Labeling", "tokens_list": ["The", "(", "generally", "libertarian", ")", "Institute", "of", "Public", "Affairs", "(", "IPA", ")", "last", "week", "released", "a", "major", "report", ",", "The", "Rise", "of", "Identity", "Politics", ":", "An", "Audit", "of", "History", "Teaching", "at", "Australian", "Universities", "in", "2017", "PDF", "]", "by", "Dr", "Bella", "d\u2019Abrera", "[", "Email", "her", "]", "(", "PhD", "in", "History", ",", "University", "of", "Cambridge", ",", ")", "."], "tokens_dicts_list": [{"token": "The", "start_char": 145, "end_char": 148, "token_label": "NA"}, {"token": "(", "start_char": 149, "end_char": 150, "token_label": "NA"}, {"token": "generally", "start_char": 150, "end_char": 159, "token_label": "Name_Calling,Labeling"}, {"token": "libertarian", "start_char": 160, "end_char": 171, "token_label": "Name_Calling,Labeling"}, {"token": ")", "start_char": 171, "end_char": 172, "token_label": "NA"}, {"token": "Institute", "start_char": 173, "end_char": 182, "token_label": "NA"}, {"token": "of", "start_char": 183, "end_char": 185, "token_label": "NA"}, {"token": "Public", "start_char": 186, "end_char": 192, "token_label": "NA"}, {"token": "Affairs", "start_char": 193, "end_char": 200, "token_label": "NA"}, {"token": "(", "start_char": 201, "end_char": 202, "token_label": "NA"}, {"token": "IPA", "start_char": 202, "end_char": 205, "token_label": "NA"}, {"token": ")", "start_char": 205, "end_char": 206, "token_label": "NA"}, {"token": "last", "start_char": 207, "end_char": 211, "token_label": "NA"}, {"token": "week", "start_char": 212, "end_char": 216, "token_label": "NA"}, {"token": "released", "start_char": 217, "end_char": 225, "token_label": "NA"}, {"token": "a", "start_char": 226, "end_char": 227, "token_label": "NA"}, {"token": "major", "start_char": 228, "end_char": 233, "token_label": "NA"}, {"token": "report", "start_char": 234, "end_char": 240, "token_label": "NA"}, {"token": ",", "start_char": 240, "end_char": 241, "token_label": "NA"}, {"token": "The", "start_char": 242, "end_char": 245, "token_label": "NA"}, {"token": "Rise", "start_char": 246, "end_char": 250, "token_label": "NA"}, {"token": "of", "start_char": 251, "end_char": 253, "token_label": "NA"}, {"token": "Identity", "start_char": 254, "end_char": 262, "token_label": "NA"}, {"token": "Politics", "start_char": 263, "end_char": 271, "token_label": "NA"}, {"token": ":", "start_char": 271, "end_char": 272, "token_label": "NA"}, {"token": "An", "start_char": 273, "end_char": 275, "token_label": "NA"}, {"token": "Audit", "start_char": 276, "end_char": 281, "token_label": "NA"}, {"token": "of", "start_char": 282, "end_char": 284, "token_label": "NA"}, {"token": "History", "start_char": 285, "end_char": 292, "token_label": "NA"}, {"token": "Teaching", "start_char": 293, "end_char": 301, "token_label": "NA"}, {"token": "at", "start_char": 302, "end_char": 304, "token_label": "NA"}, {"token": "Australian", "start_char": 305, "end_char": 315, "token_label": "NA"}, {"token": "Universities", "start_char": 316, "end_char": 328, "token_label": "NA"}, {"token": "in", "start_char": 329, "end_char": 331, "token_label": "NA"}, {"token": "2017", "start_char": 332, "end_char": 336, "token_label": "NA"}, {"token": "PDF", "start_char": 337, "end_char": 340, "token_label": "NA"}, {"token": "]", "start_char": 341, "end_char": 342, "token_label": "NA"}, {"token": "by", "start_char": 343, "end_char": 345, "token_label": "NA"}, {"token": "Dr", "start_char": 346, "end_char": 348, "token_label": "NA"}, {"token": "Bella", "start_char": 349, "end_char": 354, "token_label": "NA"}, {"token": "d\u2019Abrera", "start_char": 355, "end_char": 363, "token_label": "NA"}, {"token": "[", "start_char": 364, "end_char": 365, "token_label": "NA"}, {"token": "Email", "start_char": 366, "end_char": 371, "token_label": "NA"}, {"token": "her", "start_char": 372, "end_char": 375, "token_label": "NA"}, {"token": "]", "start_char": 376, "end_char": 377, "token_label": "NA"}, {"token": "(", "start_char": 378, "end_char": 379, "token_label": "NA"}, {"token": "PhD", "start_char": 379, "end_char": 382, "token_label": "NA"}, {"token": "in", "start_char": 383, "end_char": 385, "token_label": "NA"}, {"token": "History", "start_char": 386, "end_char": 393, "token_label": "NA"}, {"token": ",", "start_char": 393, "end_char": 394, "token_label": "NA"}, {"token": "University", "start_char": 395, "end_char": 405, "token_label": "NA"}, {"token": "of", "start_char": 406, "end_char": 408, "token_label": "NA"}, {"token": "Cambridge", "start_char": 409, "end_char": 418, "token_label": "NA"}, {"token": ",", "start_char": 418, "end_char": 419, "token_label": "NA"}, {"token": ")", "start_char": 419, "end_char": 420, "token_label": "NA"}, {"token": ".", "start_char": 420, "end_char": 421, "token_label": "NA"}], "news_discourse_role": 1, "news_discourse_role_prob_0": 0.01719067245721817, "news_discourse_role_prob_1": 0.4543395936489105, "news_discourse_role_prob_2": 0.05320403724908829, "news_discourse_role_prob_3": 0.051927678287029266, "news_discourse_role_prob_4": 0.4156062602996826, "news_discourse_role_prob_5": 0.000973863119725138, "news_discourse_role_prob_6": 0.0009693588363006711, "news_discourse_role_prob_7": 0.005172078497707844, "news_discourse_role_prob_8": 0.0006164358928799629, "previous_discourse_relation": 3, "previous_discourse_relation_prob_comp": 0.0003337329544592649, "previous_discourse_relation_prob_cont": 0.008029080927371979, "previous_discourse_relation_prob_temp": 0.001854780362918973, "previous_discourse_relation_prob_expan": 0.989782452583313, "latter_discourse_relation": 3, "latter_discourse_relation_prob_comp": 0.00012522943143267184, "latter_discourse_relation_prob_cont": 0.004756593145430088, "latter_discourse_relation_prob_temp": 0.002155149122700095, "latter_discourse_relation_prob_expan": 0.9929630160331726}, {"sentence_id": 4, "sentence_start": 422, "sentence_end": 859, "sentence_text": "All 746 undergraduate history courses taught at Australia\u2019s 35 universities in 2017 were analyzed and it was found that, classified by thematic keyword in course titles and content descriptions, the most common themes were \u2018Indigenous\u2019 issues (99 references, 13% of total courses), followed dutifully by \u2018Race\u2019 (80), \u2018Gender\u2019 (69), \u2018Identity\u2019 (55), \u2018Women\u2019 (46), \u2018Islam\u2019 (39), \u2018Colonization\u2019 (39), \u2018Sexuality\u2019 (34) and \u2018Ethnicity\u2019 (34).", "sentence_label": "NA", "tokens_list": ["All", "746", "undergraduate", "history", "courses", "taught", "at", "Australia\u2019s", "35", "universities", "in", "2017", "were", "analyzed", "and", "it", "was", "found", "that", ",", "classified", "by", "thematic", "keyword", "in", "course", "titles", "and", "content", "descriptions", ",", "the", "most", "common", "themes", "were", "\u2018Indigenous\u2019", "issues", "(", "99", "references", ",", "13", "%", "of", "total", "courses", ")", ",", "followed", "dutifully", "by", "\u2018Race\u2019", "(", "80", ")", ",", "\u2018Gender\u2019", "(", "69", ")", ",", "\u2018Identity\u2019", "(", "55", ")", ",", "\u2018Women\u2019", "(", "46", ")", ",", "\u2018Islam\u2019", "(", "39", ")", ",", "\u2018Colonization\u2019", "(", "39", ")", ",", "\u2018Sexuality\u2019", "(", "34", ")", "and", "\u2018Ethnicity\u2019", "(", "34", ")", "."], "tokens_dicts_list": [{"token": "All", "start_char": 422, "end_char": 425, "token_label": "NA"}, {"token": "746", "start_char": 426, "end_char": 429, "token_label": "NA"}, {"token": "undergraduate", "start_char": 430, "end_char": 443, "token_label": "NA"}, {"token": "history", "start_char": 444, "end_char": 451, "token_label": "NA"}, {"token": "courses", "start_char": 452, "end_char": 459, "token_label": "NA"}, {"token": "taught", "start_char": 460, "end_char": 466, "token_label": "NA"}, {"token": "at", "start_char": 467, "end_char": 469, "token_label": "NA"}, {"token": "Australia\u2019s", "start_char": 470, "end_char": 481, "token_label": "NA"}, {"token": "35", "start_char": 482, "end_char": 484, "token_label": "NA"}, {"token": "universities", "start_char": 485, "end_char": 497, "token_label": "NA"}, {"token": "in", "start_char": 498, "end_char": 500, "token_label": "NA"}, {"token": "2017", "start_char": 501, "end_char": 505, "token_label": "NA"}, {"token": "were", "start_char": 506, "end_char": 510, "token_label": "NA"}, {"token": "analyzed", "start_char": 511, "end_char": 519, "token_label": "NA"}, {"token": "and", "start_char": 520, "end_char": 523, "token_label": "NA"}, {"token": "it", "start_char": 524, "end_char": 526, "token_label": "NA"}, {"token": "was", "start_char": 527, "end_char": 530, "token_label": "NA"}, {"token": "found", "start_char": 531, "end_char": 536, "token_label": "NA"}, {"token": "that", "start_char": 537, "end_char": 541, "token_label": "NA"}, {"token": ",", "start_char": 541, "end_char": 542, "token_label": "NA"}, {"token": "classified", "start_char": 543, "end_char": 553, "token_label": "NA"}, {"token": "by", "start_char": 554, "end_char": 556, "token_label": "NA"}, {"token": "thematic", "start_char": 557, "end_char": 565, "token_label": "NA"}, {"token": "keyword", "start_char": 566, "end_char": 573, "token_label": "NA"}, {"token": "in", "start_char": 574, "end_char": 576, "token_label": "NA"}, {"token": "course", "start_char": 577, "end_char": 583, "token_label": "NA"}, {"token": "titles", "start_char": 584, "end_char": 590, "token_label": "NA"}, {"token": "and", "start_char": 591, "end_char": 594, "token_label": "NA"}, {"token": "content", "start_char": 595, "end_char": 602, "token_label": "NA"}, {"token": "descriptions", "start_char": 603, "end_char": 615, "token_label": "NA"}, {"token": ",", "start_char": 615, "end_char": 616, "token_label": "NA"}, {"token": "the", "start_char": 617, "end_char": 620, "token_label": "NA"}, {"token": "most", "start_char": 621, "end_char": 625, "token_label": "NA"}, {"token": "common", "start_char": 626, "end_char": 632, "token_label": "NA"}, {"token": "themes", "start_char": 633, "end_char": 639, "token_label": "NA"}, {"token": "were", "start_char": 640, "end_char": 644, "token_label": "NA"}, {"token": "\u2018Indigenous\u2019", "start_char": 645, "end_char": 657, "token_label": "NA"}, {"token": "issues", "start_char": 658, "end_char": 664, "token_label": "NA"}, {"token": "(", "start_char": 665, "end_char": 666, "token_label": "NA"}, {"token": "99", "start_char": 666, "end_char": 668, "token_label": "NA"}, {"token": "references", "start_char": 669, "end_char": 679, "token_label": "NA"}, {"token": ",", "start_char": 679, "end_char": 680, "token_label": "NA"}, {"token": "13", "start_char": 681, "end_char": 683, "token_label": "NA"}, {"token": "%", "start_char": 683, "end_char": 684, "token_label": "NA"}, {"token": "of", "start_char": 685, "end_char": 687, "token_label": "NA"}, {"token": "total", "start_char": 688, "end_char": 693, "token_label": "NA"}, {"token": "courses", "start_char": 694, "end_char": 701, "token_label": "NA"}, {"token": ")", "start_char": 701, "end_char": 702, "token_label": "NA"}, {"token": ",", "start_char": 702, "end_char": 703, "token_label": "NA"}, {"token": "followed", "start_char": 704, "end_char": 712, "token_label": "NA"}, {"token": "dutifully", "start_char": 713, "end_char": 722, "token_label": "NA"}, {"token": "by", "start_char": 723, "end_char": 725, "token_label": "NA"}, {"token": "\u2018Race\u2019", "start_char": 726, "end_char": 732, "token_label": "NA"}, {"token": "(", "start_char": 733, "end_char": 734, "token_label": "NA"}, {"token": "80", "start_char": 734, "end_char": 736, "token_label": "NA"}, {"token": ")", "start_char": 736, "end_char": 737, "token_label": "NA"}, {"token": ",", "start_char": 737, "end_char": 738, "token_label": "NA"}, {"token": "\u2018Gender\u2019", "start_char": 739, "end_char": 747, "token_label": "NA"}, {"token": "(", "start_char": 748, "end_char": 749, "token_label": "NA"}, {"token": "69", "start_char": 749, "end_char": 751, "token_label": "NA"}, {"token": ")", "start_char": 751, "end_char": 752, "token_label": "NA"}, {"token": ",", "start_char": 752, "end_char": 753, "token_label": "NA"}, {"token": "\u2018Identity\u2019", "start_char": 754, "end_char": 764, "token_label": "NA"}, {"token": "(", "start_char": 765, "end_char": 766, "token_label": "NA"}, {"token": "55", "start_char": 766, "end_char": 768, "token_label": "NA"}, {"token": ")", "start_char": 768, "end_char": 769, "token_label": "NA"}, {"token": ",", "start_char": 769, "end_char": 770, "token_label": "NA"}, {"token": "\u2018Women\u2019", "start_char": 771, "end_char": 778, "token_label": "NA"}, {"token": "(", "start_char": 779, "end_char": 780, "token_label": "NA"}, {"token": "46", "start_char": 780, "end_char": 782, "token_label": "NA"}, {"token": ")", "start_char": 782, "end_char": 783, "token_label": "NA"}, {"token": ",", "start_char": 783, "end_char": 784, "token_label": "NA"}, {"token": "\u2018Islam\u2019", "start_char": 785, "end_char": 792, "token_label": "NA"}, {"token": "(", "start_char": 793, "end_char": 794, "token_label": "NA"}, {"token": "39", "start_char": 794, "end_char": 796, "token_label": "NA"}, {"token": ")", "start_char": 796, "end_char": 797, "token_label": "NA"}, {"token": ",", "start_char": 797, "end_char": 798, "token_label": "NA"}, {"token": "\u2018Colonization\u2019", "start_char": 799, "end_char": 813, "token_label": "NA"}, {"token": "(", "start_char": 814, "end_char": 815, "token_label": "NA"}, {"token": "39", "start_char": 815, "end_char": 817, "token_label": "NA"}, {"token": ")", "start_char": 817, "end_char": 818, "token_label": "NA"}, {"token": ",", "start_char": 818, "end_char": 819, "token_label": "NA"}, {"token": "\u2018Sexuality\u2019", "start_char": 820, "end_char": 831, "token_label": "NA"}, {"token": "(", "start_char": 832, "end_char": 833, "token_label": "NA"}, {"token": "34", "start_char": 833, "end_char": 835, "token_label": "NA"}, {"token": ")", "start_char": 835, "end_char": 836, "token_label": "NA"}, {"token": "and", "start_char": 837, "end_char": 840, "token_label": "NA"}, {"token": "\u2018Ethnicity\u2019", "start_char": 841, "end_char": 852, "token_label": "NA"}, {"token": "(", "start_char": 853, "end_char": 854, "token_label": "NA"}, {"token": "34", "start_char": 854, "end_char": 856, "token_label": "NA"}, {"token": ")", "start_char": 856, "end_char": 857, "token_label": "NA"}, {"token": ".", "start_char": 857, "end_char": 858, "token_label": "NA"}], "news_discourse_role": 3, "news_discourse_role_prob_0": 0.00018001427815761417, "news_discourse_role_prob_1": 0.1168176531791687, "news_discourse_role_prob_2": 0.001836817362345755, "news_discourse_role_prob_3": 0.6952312588691711, "news_discourse_role_prob_4": 0.13813674449920654, "news_discourse_role_prob_5": 0.045579321682453156, "news_discourse_role_prob_6": 0.0004702404257841408, "news_discourse_role_prob_7": 0.0016343247843906283, "news_discourse_role_prob_8": 0.00011357528273947537, "previous_discourse_relation": 3, "previous_discourse_relation_prob_comp": 0.00012522943143267184, "previous_discourse_relation_prob_cont": 0.004756593145430088, "previous_discourse_relation_prob_temp": 0.002155149122700095, "previous_discourse_relation_prob_expan": 0.9929630160331726, "latter_discourse_relation": 3, "latter_discourse_relation_prob_comp": 0.03331586718559265, "latter_discourse_relation_prob_cont": 0.0017631339142099023, "latter_discourse_relation_prob_temp": 0.005997445434331894, "latter_discourse_relation_prob_expan": 0.9589234590530396}, {"sentence_id": 5, "sentence_start": 859, "sentence_end": 1040, "sentence_text": "Lagging well in the rear were such staples, now mere historiographical curiosities, as \u2018Liberalism\u2019 (7), \u2018Capitalism\u2019 (8), \u2018Industrial\u2019 (11), \u2018Communism\u2019 (15) and \u2018Democracy\u2019 (21).", "sentence_label": "NA", "tokens_list": ["Lagging", "well", "in", "the", "rear", "were", "such", "staples", ",", "now", "mere", "historiographical", "curiosities", ",", "as", "\u2018Liberalism\u2019", "(", "7", ")", ",", "\u2018Capitalism\u2019", "(", "8", ")", ",", "\u2018Industrial\u2019", "(", "11", ")", ",", "\u2018Communism\u2019", "(", "15", ")", "and", "\u2018Democracy\u2019", "(", "21", ")", "."], "tokens_dicts_list": [{"token": "Lagging", "start_char": 859, "end_char": 866, "token_label": "NA"}, {"token": "well", "start_char": 867, "end_char": 871, "token_label": "NA"}, {"token": "in", "start_char": 872, "end_char": 874, "token_label": "NA"}, {"token": "the", "start_char": 875, "end_char": 878, "token_label": "NA"}, {"token": "rear", "start_char": 879, "end_char": 883, "token_label": "NA"}, {"token": "were", "start_char": 884, "end_char": 888, "token_label": "NA"}, {"token": "such", "start_char": 889, "end_char": 893, "token_label": "NA"}, {"token": "staples", "start_char": 894, "end_char": 901, "token_label": "NA"}, {"token": ",", "start_char": 901, "end_char": 902, "token_label": "NA"}, {"token": "now", "start_char": 903, "end_char": 906, "token_label": "NA"}, {"token": "mere", "start_char": 907, "end_char": 911, "token_label": "NA"}, {"token": "historiographical", "start_char": 912, "end_char": 929, "token_label": "NA"}, {"token": "curiosities", "start_char": 930, "end_char": 941, "token_label": "NA"}, {"token": ",", "start_char": 941, "end_char": 942, "token_label": "NA"}, {"token": "as", "start_char": 943, "end_char": 945, "token_label": "NA"}, {"token": "\u2018Liberalism\u2019", "start_char": 946, "end_char": 958, "token_label": "NA"}, {"token": "(", "start_char": 959, "end_char": 960, "token_label": "NA"}, {"token": "7", "start_char": 960, "end_char": 961, "token_label": "NA"}, {"token": ")", "start_char": 961, "end_char": 962, "token_label": "NA"}, {"token": ",", "start_char": 962, "end_char": 963, "token_label": "NA"}, {"token": "\u2018Capitalism\u2019", "start_char": 964, "end_char": 976, "token_label": "NA"}, {"token": "(", "start_char": 977, "end_char": 978, "token_label": "NA"}, {"token": "8", "start_char": 978, "end_char": 979, "token_label": "NA"}, {"token": ")", "start_char": 979, "end_char": 980, "token_label": "NA"}, {"token": ",", "start_char": 980, "end_char": 981, "token_label": "NA"}, {"token": "\u2018Industrial\u2019", "start_char": 982, "end_char": 994, "token_label": "NA"}, {"token": "(", "start_char": 995, "end_char": 996, "token_label": "NA"}, {"token": "11", "start_char": 996, "end_char": 998, "token_label": "NA"}, {"token": ")", "start_char": 998, "end_char": 999, "token_label": "NA"}, {"token": ",", "start_char": 999, "end_char": 1000, "token_label": "NA"}, {"token": "\u2018Communism\u2019", "start_char": 1001, "end_char": 1012, "token_label": "NA"}, {"token": "(", "start_char": 1013, "end_char": 1014, "token_label": "NA"}, {"token": "15", "start_char": 1014, "end_char": 1016, "token_label": "NA"}, {"token": ")", "start_char": 1016, "end_char": 1017, "token_label": "NA"}, {"token": "and", "start_char": 1018, "end_char": 1021, "token_label": "NA"}, {"token": "\u2018Democracy\u2019", "start_char": 1022, "end_char": 1033, "token_label": "NA"}, {"token": "(", "start_char": 1034, "end_char": 1035, "token_label": "NA"}, {"token": "21", "start_char": 1035, "end_char": 1037, "token_label": "NA"}, {"token": ")", "start_char": 1037, "end_char": 1038, "token_label": "NA"}, {"token": ".", "start_char": 1038, "end_char": 1039, "token_label": "NA"}], "news_discourse_role": 4, "news_discourse_role_prob_0": 9.238351049134508e-05, "news_discourse_role_prob_1": 0.1337854415178299, "news_discourse_role_prob_2": 0.0037588835693895817, "news_discourse_role_prob_3": 0.04525483772158623, "news_discourse_role_prob_4": 0.6789416074752808, "news_discourse_role_prob_5": 0.01717553474009037, "news_discourse_role_prob_6": 0.0019634466152638197, "news_discourse_role_prob_7": 0.10958168655633926, "news_discourse_role_prob_8": 0.009446179494261742, "previous_discourse_relation": 3, "previous_discourse_relation_prob_comp": 0.03331586718559265, "previous_discourse_relation_prob_cont": 0.0017631339142099023, "previous_discourse_relation_prob_temp": 0.005997445434331894, "previous_discourse_relation_prob_expan": 0.9589234590530396, "latter_discourse_relation": 3, "latter_discourse_relation_prob_comp": 0.010843577794730663, "latter_discourse_relation_prob_cont": 0.004648452624678612, "latter_discourse_relation_prob_temp": 0.00013351674715522677, "latter_discourse_relation_prob_expan": 0.984374463558197}, {"sentence_id": 6, "sentence_start": 1040, "sentence_end": 1135, "sentence_text": "More history courses study \u2018Sexuality' than either \u2018Enlightenment' (20) or \u2018Reformation' (12).", "sentence_label": "NA", "tokens_list": ["More", "history", "courses", "study", "\u2018Sexuality", "'", "than", "either", "\u2018Enlightenment", "'", "(", "20", ")", "or", "\u2018Reformation", "'", "(", "12", ")", "."], "tokens_dicts_list": [{"token": "More", "start_char": 1040, "end_char": 1044, "token_label": "NA"}, {"token": "history", "start_char": 1045, "end_char": 1052, "token_label": "NA"}, {"token": "courses", "start_char": 1053, "end_char": 1060, "token_label": "NA"}, {"token": "study", "start_char": 1061, "end_char": 1066, "token_label": "NA"}, {"token": "\u2018Sexuality", "start_char": 1067, "end_char": 1077, "token_label": "NA"}, {"token": "'", "start_char": 1077, "end_char": 1078, "token_label": "NA"}, {"token": "than", "start_char": 1079, "end_char": 1083, "token_label": "NA"}, {"token": "either", "start_char": 1084, "end_char": 1090, "token_label": "NA"}, {"token": "\u2018Enlightenment", "start_char": 1091, "end_char": 1105, "token_label": "NA"}, {"token": "'", "start_char": 1105, "end_char": 1106, "token_label": "NA"}, {"token": "(", "start_char": 1107, "end_char": 1108, "token_label": "NA"}, {"token": "20", "start_char": 1108, "end_char": 1110, "token_label": "NA"}, {"token": ")", "start_char": 1110, "end_char": 1111, "token_label": "NA"}, {"token": "or", "start_char": 1112, "end_char": 1114, "token_label": "NA"}, {"token": "\u2018Reformation", "start_char": 1115, "end_char": 1127, "token_label": "NA"}, {"token": "'", "start_char": 1127, "end_char": 1128, "token_label": "NA"}, {"token": "(", "start_char": 1129, "end_char": 1130, "token_label": "NA"}, {"token": "12", "start_char": 1130, "end_char": 1132, "token_label": "NA"}, {"token": ")", "start_char": 1132, "end_char": 1133, "token_label": "NA"}, {"token": ".", "start_char": 1133, "end_char": 1134, "token_label": "NA"}], "news_discourse_role": 4, "news_discourse_role_prob_0": 0.0017548383912071586, "news_discourse_role_prob_1": 0.153562992811203, "news_discourse_role_prob_2": 0.01086024846881628, "news_discourse_role_prob_3": 0.09235444664955139, "news_discourse_role_prob_4": 0.6984916925430298, "news_discourse_role_prob_5": 0.021395649760961533, "news_discourse_role_prob_6": 0.009451335296034813, "news_discourse_role_prob_7": 0.011170772835612297, "news_discourse_role_prob_8": 0.0009580046753399074, "previous_discourse_relation": 3, "previous_discourse_relation_prob_comp": 0.010843577794730663, "previous_discourse_relation_prob_cont": 0.004648452624678612, "previous_discourse_relation_prob_temp": 0.00013351674715522677, "previous_discourse_relation_prob_expan": 0.984374463558197, "latter_discourse_relation": 3, "latter_discourse_relation_prob_comp": 0.003732353216037154, "latter_discourse_relation_prob_cont": 0.000718728348147124, "latter_discourse_relation_prob_temp": 5.824826075695455e-05, "latter_discourse_relation_prob_expan": 0.9954907298088074}, {"sentence_id": 7, "sentence_start": 1135, "sentence_end": 1188, "sentence_text": "More courses study \u2018Islam' than \u2018Christianity' (34).", "sentence_label": "NA", "tokens_list": ["More", "courses", "study", "\u2018Islam", "'", "than", "\u2018Christianity", "'", "(", "34", ")", "."], "tokens_dicts_list": [{"token": "More", "start_char": 1135, "end_char": 1139, "token_label": "NA"}, {"token": "courses", "start_char": 1140, "end_char": 1147, "token_label": "NA"}, {"token": "study", "start_char": 1148, "end_char": 1153, "token_label": "NA"}, {"token": "\u2018Islam", "start_char": 1154, "end_char": 1160, "token_label": "NA"}, {"token": "'", "start_char": 1160, "end_char": 1161, "token_label": "NA"}, {"token": "than", "start_char": 1162, "end_char": 1166, "token_label": "NA"}, {"token": "\u2018Christianity", "start_char": 1167, "end_char": 1180, "token_label": "NA"}, {"token": "'", "start_char": 1180, "end_char": 1181, "token_label": "NA"}, {"token": "(", "start_char": 1182, "end_char": 1183, "token_label": "NA"}, {"token": "34", "start_char": 1183, "end_char": 1185, "token_label": "NA"}, {"token": ")", "start_char": 1185, "end_char": 1186, "token_label": "NA"}, {"token": ".", "start_char": 1186, "end_char": 1187, "token_label": "NA"}], "news_discourse_role": 4, "news_discourse_role_prob_0": 0.002214469714090228, "news_discourse_role_prob_1": 0.09443364292383194, "news_discourse_role_prob_2": 0.011944557540118694, "news_discourse_role_prob_3": 0.038429439067840576, "news_discourse_role_prob_4": 0.8164823055267334, "news_discourse_role_prob_5": 0.010448794811964035, "news_discourse_role_prob_6": 0.005253498442471027, "news_discourse_role_prob_7": 0.019155900925397873, "news_discourse_role_prob_8": 0.0016373558901250362, "previous_discourse_relation": 3, "previous_discourse_relation_prob_comp": 0.003732353216037154, "previous_discourse_relation_prob_cont": 0.000718728348147124, "previous_discourse_relation_prob_temp": 5.824826075695455e-05, "previous_discourse_relation_prob_expan": 0.9954907298088074, "latter_discourse_relation": 3, "latter_discourse_relation_prob_comp": 0.002430743770673871, "latter_discourse_relation_prob_cont": 0.011303426697850227, "latter_discourse_relation_prob_temp": 0.00016581860836595297, "latter_discourse_relation_prob_expan": 0.986099898815155}, {"sentence_id": 8, "sentence_start": 1188, "sentence_end": 1370, "sentence_text": "The report\u2019s visual representation of the results (right) shows how race, gender and ethnicity (or their variants) stand out as the history chart-toppers at Australian universities.", "sentence_label": "Name_Calling,Labeling", "tokens_list": ["The", "report\u2019s", "visual", "representation", "of", "the", "results", "(", "right", ")", "shows", "how", "race", ",", "gender", "and", "ethnicity", "(", "or", "their", "variants", ")", "stand", "out", "as", "the", "history", "chart-toppers", "at", "Australian", "universities", "."], "tokens_dicts_list": [{"token": "The", "start_char": 1188, "end_char": 1191, "token_label": "NA"}, {"token": "report\u2019s", "start_char": 1192, "end_char": 1200, "token_label": "NA"}, {"token": "visual", "start_char": 1201, "end_char": 1207, "token_label": "NA"}, {"token": "representation", "start_char": 1208, "end_char": 1222, "token_label": "NA"}, {"token": "of", "start_char": 1223, "end_char": 1225, "token_label": "NA"}, {"token": "the", "start_char": 1226, "end_char": 1229, "token_label": "NA"}, {"token": "results", "start_char": 1230, "end_char": 1237, "token_label": "NA"}, {"token": "(", "start_char": 1238, "end_char": 1239, "token_label": "NA"}, {"token": "right", "start_char": 1239, "end_char": 1244, "token_label": "NA"}, {"token": ")", "start_char": 1244, "end_char": 1245, "token_label": "NA"}, {"token": "shows", "start_char": 1246, "end_char": 1251, "token_label": "NA"}, {"token": "how", "start_char": 1252, "end_char": 1255, "token_label": "NA"}, {"token": "race", "start_char": 1256, "end_char": 1260, "token_label": "NA"}, {"token": ",", "start_char": 1260, "end_char": 1261, "token_label": "NA"}, {"token": "gender", "start_char": 1262, "end_char": 1268, "token_label": "NA"}, {"token": "and", "start_char": 1269, "end_char": 1272, "token_label": "NA"}, {"token": "ethnicity", "start_char": 1273, "end_char": 1282, "token_label": "NA"}, {"token": "(", "start_char": 1283, "end_char": 1284, "token_label": "NA"}, {"token": "or", "start_char": 1284, "end_char": 1286, "token_label": "NA"}, {"token": "their", "start_char": 1287, "end_char": 1292, "token_label": "NA"}, {"token": "variants", "start_char": 1293, "end_char": 1301, "token_label": "NA"}, {"token": ")", "start_char": 1301, "end_char": 1302, "token_label": "NA"}, {"token": "stand", "start_char": 1303, "end_char": 1308, "token_label": "NA"}, {"token": "out", "start_char": 1309, "end_char": 1312, "token_label": "NA"}, {"token": "as", "start_char": 1313, "end_char": 1315, "token_label": "NA"}, {"token": "the", "start_char": 1316, "end_char": 1319, "token_label": "Name_Calling,Labeling"}, {"token": "history", "start_char": 1320, "end_char": 1327, "token_label": "Name_Calling,Labeling"}, {"token": "chart-toppers", "start_char": 1328, "end_char": 1341, "token_label": "Name_Calling,Labeling"}, {"token": "at", "start_char": 1342, "end_char": 1344, "token_label": "NA"}, {"token": "Australian", "start_char": 1345, "end_char": 1355, "token_label": "NA"}, {"token": "universities", "start_char": 1356, "end_char": 1368, "token_label": "NA"}, {"token": ".", "start_char": 1368, "end_char": 1369, "token_label": "NA"}], "news_discourse_role": 4, "news_discourse_role_prob_0": 0.005650342907756567, "news_discourse_role_prob_1": 0.02677152305841446, "news_discourse_role_prob_2": 0.010701161809265614, "news_discourse_role_prob_3": 0.006251717451959848, "news_discourse_role_prob_4": 0.8730366230010986, "news_discourse_role_prob_5": 0.001836522831581533, "news_discourse_role_prob_6": 0.0025437674485147, "news_discourse_role_prob_7": 0.06854560971260071, "news_discourse_role_prob_8": 0.004662824794650078, "previous_discourse_relation": 3, "previous_discourse_relation_prob_comp": 0.002430743770673871, "previous_discourse_relation_prob_cont": 0.011303426697850227, "previous_discourse_relation_prob_temp": 0.00016581860836595297, "previous_discourse_relation_prob_expan": 0.986099898815155, "latter_discourse_relation": 1, "latter_discourse_relation_prob_comp": 0.0739215835928917, "latter_discourse_relation_prob_cont": 0.7344856858253479, "latter_discourse_relation_prob_temp": 0.006329047959297895, "latter_discourse_relation_prob_expan": 0.18526363372802734}, {"sentence_id": 9, "sentence_start": 1370, "sentence_end": 1637, "sentence_text": "Anyone who still thinks that political, intellectual, demographic and material factors are what really matter to history, and to society, ought to get with the multiculturalist/Identity Politics program \u2013 enroll in a history course at an Australian university today!", "sentence_label": "NA", "tokens_list": ["Anyone", "who", "still", "thinks", "that", "political", ",", "intellectual", ",", "demographic", "and", "material", "factors", "are", "what", "really", "matter", "to", "history", ",", "and", "to", "society", ",", "ought", "to", "get", "with", "the", "multiculturalist/Identity", "Politics", "program", "\u2013", "enroll", "in", "a", "history", "course", "at", "an", "Australian", "university", "today", "!"], "tokens_dicts_list": [{"token": "Anyone", "start_char": 1370, "end_char": 1376, "token_label": "NA"}, {"token": "who", "start_char": 1377, "end_char": 1380, "token_label": "NA"}, {"token": "still", "start_char": 1381, "end_char": 1386, "token_label": "NA"}, {"token": "thinks", "start_char": 1387, "end_char": 1393, "token_label": "NA"}, {"token": "that", "start_char": 1394, "end_char": 1398, "token_label": "NA"}, {"token": "political", "start_char": 1399, "end_char": 1408, "token_label": "NA"}, {"token": ",", "start_char": 1408, "end_char": 1409, "token_label": "NA"}, {"token": "intellectual", "start_char": 1410, "end_char": 1422, "token_label": "NA"}, {"token": ",", "start_char": 1422, "end_char": 1423, "token_label": "NA"}, {"token": "demographic", "start_char": 1424, "end_char": 1435, "token_label": "NA"}, {"token": "and", "start_char": 1436, "end_char": 1439, "token_label": "NA"}, {"token": "material", "start_char": 1440, "end_char": 1448, "token_label": "NA"}, {"token": "factors", "start_char": 1449, "end_char": 1456, "token_label": "NA"}, {"token": "are", "start_char": 1457, "end_char": 1460, "token_label": "NA"}, {"token": "what", "start_char": 1461, "end_char": 1465, "token_label": "NA"}, {"token": "really", "start_char": 1466, "end_char": 1472, "token_label": "NA"}, {"token": "matter", "start_char": 1473, "end_char": 1479, "token_label": "NA"}, {"token": "to", "start_char": 1480, "end_char": 1482, "token_label": "NA"}, {"token": "history", "start_char": 1483, "end_char": 1490, "token_label": "NA"}, {"token": ",", "start_char": 1490, "end_char": 1491, "token_label": "NA"}, {"token": "and", "start_char": 1492, "end_char": 1495, "token_label": "NA"}, {"token": "to", "start_char": 1496, "end_char": 1498, "token_label": "NA"}, {"token": "society", "start_char": 1499, "end_char": 1506, "token_label": "NA"}, {"token": ",", "start_char": 1506, "end_char": 1507, "token_label": "NA"}, {"token": "ought", "start_char": 1508, "end_char": 1513, "token_label": "NA"}, {"token": "to", "start_char": 1514, "end_char": 1516, "token_label": "NA"}, {"token": "get", "start_char": 1517, "end_char": 1520, "token_label": "NA"}, {"token": "with", "start_char": 1521, "end_char": 1525, "token_label": "NA"}, {"token": "the", "start_char": 1526, "end_char": 1529, "token_label": "NA"}, {"token": "multiculturalist/Identity", "start_char": 1530, "end_char": 1555, "token_label": "NA"}, {"token": "Politics", "start_char": 1556, "end_char": 1564, "token_label": "NA"}, {"token": "program", "start_char": 1565, "end_char": 1572, "token_label": "NA"}, {"token": "\u2013", "start_char": 1573, "end_char": 1574, "token_label": "NA"}, {"token": "enroll", "start_char": 1575, "end_char": 1581, "token_label": "NA"}, {"token": "in", "start_char": 1582, "end_char": 1584, "token_label": "NA"}, {"token": "a", "start_char": 1585, "end_char": 1586, "token_label": "NA"}, {"token": "history", "start_char": 1587, "end_char": 1594, "token_label": "NA"}, {"token": "course", "start_char": 1595, "end_char": 1601, "token_label": "NA"}, {"token": "at", "start_char": 1602, "end_char": 1604, "token_label": "NA"}, {"token": "an", "start_char": 1605, "end_char": 1607, "token_label": "NA"}, {"token": "Australian", "start_char": 1608, "end_char": 1618, "token_label": "NA"}, {"token": "university", "start_char": 1619, "end_char": 1629, "token_label": "NA"}, {"token": "today", "start_char": 1630, "end_char": 1635, "token_label": "NA"}, {"token": "!", "start_char": 1635, "end_char": 1636, "token_label": "NA"}], "news_discourse_role": 7, "news_discourse_role_prob_0": 0.0003098906308878213, "news_discourse_role_prob_1": 0.003556904150173068, "news_discourse_role_prob_2": 0.0006822850555181503, "news_discourse_role_prob_3": 0.004808346275240183, "news_discourse_role_prob_4": 0.002834295853972435, "news_discourse_role_prob_5": 0.005915130954235792, "news_discourse_role_prob_6": 0.04810634255409241, "news_discourse_role_prob_7": 0.9074557423591614, "news_discourse_role_prob_8": 0.026331033557653427, "previous_discourse_relation": 1, "previous_discourse_relation_prob_comp": 0.0739215835928917, "previous_discourse_relation_prob_cont": 0.7344856858253479, "previous_discourse_relation_prob_temp": 0.006329047959297895, "previous_discourse_relation_prob_expan": 0.18526363372802734, "latter_discourse_relation": -1}]}