{"file_name": "./Propaganda/json_annotations/train/article737255982.json", "num_sentences": 28, "sentences": [{"sentence_id": 0, "sentence_start": 0, "sentence_end": 63, "sentence_text": "J Street \"Kapos\" May Un-Endorse Dem Rep Over \"Jewish Question\"", "sentence_label": "Slogans", "tokens_list": ["J", "Street", "\"", "Kapos", "\"", "May", "Un-Endorse", "Dem", "Rep", "Over", "\"", "Jewish", "Question", "\""], "tokens_dicts_list": [{"token": "J", "start_char": 0, "end_char": 1, "token_label": "NA"}, {"token": "Street", "start_char": 2, "end_char": 8, "token_label": "NA"}, {"token": "\"", "start_char": 9, "end_char": 10, "token_label": "NA"}, {"token": "Kapos", "start_char": 10, "end_char": 15, "token_label": "NA"}, {"token": "\"", "start_char": 15, "end_char": 16, "token_label": "NA"}, {"token": "May", "start_char": 17, "end_char": 20, "token_label": "NA"}, {"token": "Un-Endorse", "start_char": 21, "end_char": 31, "token_label": "NA"}, {"token": "Dem", "start_char": 32, "end_char": 35, "token_label": "NA"}, {"token": "Rep", "start_char": 36, "end_char": 39, "token_label": "NA"}, {"token": "Over", "start_char": 40, "end_char": 44, "token_label": "NA"}, {"token": "\"", "start_char": 45, "end_char": 46, "token_label": "NA"}, {"token": "Jewish", "start_char": 46, "end_char": 52, "token_label": "Slogans"}, {"token": "Question", "start_char": 53, "end_char": 61, "token_label": "Slogans"}, {"token": "\"", "start_char": 61, "end_char": 62, "token_label": "NA"}], "news_discourse_role": 0, "news_discourse_role_prob_0": 0.9849632382392883, "news_discourse_role_prob_1": 0.011973251588642597, "news_discourse_role_prob_2": 0.0009466067422181368, "news_discourse_role_prob_3": 0.0004414031282067299, "news_discourse_role_prob_4": 0.0012842054711654782, "news_discourse_role_prob_5": 7.527913840021938e-05, "news_discourse_role_prob_6": 0.00022693669598083943, "news_discourse_role_prob_7": 5.972986400593072e-05, "news_discourse_role_prob_8": 2.939509431598708e-05, "latter_discourse_relation": 3, "latter_discourse_relation_prob_comp": 0.0167955681681633, "latter_discourse_relation_prob_cont": 0.23096923530101776, "latter_discourse_relation_prob_temp": 0.022532405331730843, "latter_discourse_relation_prob_expan": 0.7297028303146362, "previous_discourse_relation": -1}, {"sentence_id": 1, "sentence_start": 64, "sentence_end": 162, "sentence_text": "Anti-Israel activist group J Street was very outraged when its leaders were described as \"Kapos\".", "sentence_label": "Loaded_Language", "tokens_list": ["Anti-Israel", "activist", "group", "J", "Street", "was", "very", "outraged", "when", "its", "leaders", "were", "described", "as", "\"", "Kapos", "\"", "."], "tokens_dicts_list": [{"token": "Anti-Israel", "start_char": 64, "end_char": 75, "token_label": "NA"}, {"token": "activist", "start_char": 76, "end_char": 84, "token_label": "NA"}, {"token": "group", "start_char": 85, "end_char": 90, "token_label": "NA"}, {"token": "J", "start_char": 91, "end_char": 92, "token_label": "NA"}, {"token": "Street", "start_char": 93, "end_char": 99, "token_label": "NA"}, {"token": "was", "start_char": 100, "end_char": 103, "token_label": "Loaded_Language"}, {"token": "very", "start_char": 104, "end_char": 108, "token_label": "Loaded_Language"}, {"token": "outraged", "start_char": 109, "end_char": 117, "token_label": "Loaded_Language"}, {"token": "when", "start_char": 118, "end_char": 122, "token_label": "NA"}, {"token": "its", "start_char": 123, "end_char": 126, "token_label": "NA"}, {"token": "leaders", "start_char": 127, "end_char": 134, "token_label": "NA"}, {"token": "were", "start_char": 135, "end_char": 139, "token_label": "NA"}, {"token": "described", "start_char": 140, "end_char": 149, "token_label": "NA"}, {"token": "as", "start_char": 150, "end_char": 152, "token_label": "NA"}, {"token": "\"", "start_char": 153, "end_char": 154, "token_label": "NA"}, {"token": "Kapos", "start_char": 154, "end_char": 159, "token_label": "Name_Calling,Labeling"}, {"token": "\"", "start_char": 159, "end_char": 160, "token_label": "Name_Calling,Labeling"}, {"token": ".", "start_char": 160, "end_char": 161, "token_label": "Name_Calling,Labeling"}], "news_discourse_role": 7, "news_discourse_role_prob_0": 0.0017671011155471206, "news_discourse_role_prob_1": 0.010372809134423733, "news_discourse_role_prob_2": 0.00459797028452158, "news_discourse_role_prob_3": 0.01488762442022562, "news_discourse_role_prob_4": 0.022723333910107613, "news_discourse_role_prob_5": 0.0011173042003065348, "news_discourse_role_prob_6": 0.008237502537667751, "news_discourse_role_prob_7": 0.9265273213386536, "news_discourse_role_prob_8": 0.009769070893526077, "previous_discourse_relation": 3, "previous_discourse_relation_prob_comp": 0.0167955681681633, "previous_discourse_relation_prob_cont": 0.23096923530101776, "previous_discourse_relation_prob_temp": 0.022532405331730843, "previous_discourse_relation_prob_expan": 0.7297028303146362, "latter_discourse_relation": 3, "latter_discourse_relation_prob_comp": 0.009989364072680473, "latter_discourse_relation_prob_cont": 0.40562117099761963, "latter_discourse_relation_prob_temp": 0.0006793250213377178, "latter_discourse_relation_prob_expan": 0.5837101340293884}, {"sentence_id": 2, "sentence_start": 162, "sentence_end": 340, "sentence_text": "The comparison of the Soros funded group that has stood with Hamas over Israel with Jews who were forced to collaborate with the Nazis during the Holocaust was indeed insulting.", "sentence_label": "NA", "tokens_list": ["The", "comparison", "of", "the", "Soros", "funded", "group", "that", "has", "stood", "with", "Hamas", "over", "Israel", "with", "Jews", "who", "were", "forced", "to", "collaborate", "with", "the", "Nazis", "during", "the", "Holocaust", "was", "indeed", "insulting", "."], "tokens_dicts_list": [{"token": "The", "start_char": 162, "end_char": 165, "token_label": "NA"}, {"token": "comparison", "start_char": 166, "end_char": 176, "token_label": "NA"}, {"token": "of", "start_char": 177, "end_char": 179, "token_label": "NA"}, {"token": "the", "start_char": 180, "end_char": 183, "token_label": "NA"}, {"token": "Soros", "start_char": 184, "end_char": 189, "token_label": "NA"}, {"token": "funded", "start_char": 190, "end_char": 196, "token_label": "NA"}, {"token": "group", "start_char": 197, "end_char": 202, "token_label": "NA"}, {"token": "that", "start_char": 203, "end_char": 207, "token_label": "NA"}, {"token": "has", "start_char": 208, "end_char": 211, "token_label": "NA"}, {"token": "stood", "start_char": 212, "end_char": 217, "token_label": "NA"}, {"token": "with", "start_char": 218, "end_char": 222, "token_label": "NA"}, {"token": "Hamas", "start_char": 223, "end_char": 228, "token_label": "NA"}, {"token": "over", "start_char": 229, "end_char": 233, "token_label": "NA"}, {"token": "Israel", "start_char": 234, "end_char": 240, "token_label": "NA"}, {"token": "with", "start_char": 241, "end_char": 245, "token_label": "NA"}, {"token": "Jews", "start_char": 246, "end_char": 250, "token_label": "NA"}, {"token": "who", "start_char": 251, "end_char": 254, "token_label": "NA"}, {"token": "were", "start_char": 255, "end_char": 259, "token_label": "NA"}, {"token": "forced", "start_char": 260, "end_char": 266, "token_label": "NA"}, {"token": "to", "start_char": 267, "end_char": 269, "token_label": "NA"}, {"token": "collaborate", "start_char": 270, "end_char": 281, "token_label": "NA"}, {"token": "with", "start_char": 282, "end_char": 286, "token_label": "NA"}, {"token": "the", "start_char": 287, "end_char": 290, "token_label": "NA"}, {"token": "Nazis", "start_char": 291, "end_char": 296, "token_label": "NA"}, {"token": "during", "start_char": 297, "end_char": 303, "token_label": "NA"}, {"token": "the", "start_char": 304, "end_char": 307, "token_label": "NA"}, {"token": "Holocaust", "start_char": 308, "end_char": 317, "token_label": "NA"}, {"token": "was", "start_char": 318, "end_char": 321, "token_label": "NA"}, {"token": "indeed", "start_char": 322, "end_char": 328, "token_label": "NA"}, {"token": "insulting", "start_char": 329, "end_char": 338, "token_label": "NA"}, {"token": ".", "start_char": 338, "end_char": 339, "token_label": "NA"}], "news_discourse_role": 7, "news_discourse_role_prob_0": 0.0016819683369249105, "news_discourse_role_prob_1": 0.01690196432173252, "news_discourse_role_prob_2": 0.0006025362526997924, "news_discourse_role_prob_3": 0.012557599693536758, "news_discourse_role_prob_4": 0.0039480896666646, "news_discourse_role_prob_5": 0.0019123650854453444, "news_discourse_role_prob_6": 0.01040034368634224, "news_discourse_role_prob_7": 0.9465716481208801, "news_discourse_role_prob_8": 0.005423521623015404, "previous_discourse_relation": 3, "previous_discourse_relation_prob_comp": 0.009989364072680473, "previous_discourse_relation_prob_cont": 0.40562117099761963, "previous_discourse_relation_prob_temp": 0.0006793250213377178, "previous_discourse_relation_prob_expan": 0.5837101340293884, "latter_discourse_relation": 3, "latter_discourse_relation_prob_comp": 0.0015697579365223646, "latter_discourse_relation_prob_cont": 0.0655810683965683, "latter_discourse_relation_prob_temp": 0.0009787465678527951, "latter_discourse_relation_prob_expan": 0.9318705201148987}, {"sentence_id": 3, "sentence_start": 340, "sentence_end": 350, "sentence_text": "To Kapos.", "sentence_label": "NA", "tokens_list": ["To", "Kapos", "."], "tokens_dicts_list": [{"token": "To", "start_char": 340, "end_char": 342, "token_label": "NA"}, {"token": "Kapos", "start_char": 343, "end_char": 348, "token_label": "NA"}, {"token": ".", "start_char": 348, "end_char": 349, "token_label": "NA"}], "news_discourse_role": 7, "news_discourse_role_prob_0": 0.005544994957745075, "news_discourse_role_prob_1": 0.009334759786725044, "news_discourse_role_prob_2": 0.0011897856602445245, "news_discourse_role_prob_3": 0.021174566820263863, "news_discourse_role_prob_4": 0.03823677822947502, "news_discourse_role_prob_5": 0.021591916680336, "news_discourse_role_prob_6": 0.018410108983516693, "news_discourse_role_prob_7": 0.87867671251297, "news_discourse_role_prob_8": 0.005840275902301073, "previous_discourse_relation": 3, "previous_discourse_relation_prob_comp": 0.0015697579365223646, "previous_discourse_relation_prob_cont": 0.0655810683965683, "previous_discourse_relation_prob_temp": 0.0009787465678527951, "previous_discourse_relation_prob_expan": 0.9318705201148987, "latter_discourse_relation": 3, "latter_discourse_relation_prob_comp": 0.003987247124314308, "latter_discourse_relation_prob_cont": 0.12561273574829102, "latter_discourse_relation_prob_temp": 0.0009722101385705173, "latter_discourse_relation_prob_expan": 0.8694278001785278}, {"sentence_id": 4, "sentence_start": 350, "sentence_end": 408, "sentence_text": "Jews under Nazi rule may have been forced to collaborate.", "sentence_label": "NA", "tokens_list": ["Jews", "under", "Nazi", "rule", "may", "have", "been", "forced", "to", "collaborate", "."], "tokens_dicts_list": [{"token": "Jews", "start_char": 350, "end_char": 354, "token_label": "NA"}, {"token": "under", "start_char": 355, "end_char": 360, "token_label": "NA"}, {"token": "Nazi", "start_char": 361, "end_char": 365, "token_label": "NA"}, {"token": "rule", "start_char": 366, "end_char": 370, "token_label": "NA"}, {"token": "may", "start_char": 371, "end_char": 374, "token_label": "NA"}, {"token": "have", "start_char": 375, "end_char": 379, "token_label": "NA"}, {"token": "been", "start_char": 380, "end_char": 384, "token_label": "NA"}, {"token": "forced", "start_char": 385, "end_char": 391, "token_label": "NA"}, {"token": "to", "start_char": 392, "end_char": 394, "token_label": "NA"}, {"token": "collaborate", "start_char": 395, "end_char": 406, "token_label": "NA"}, {"token": ".", "start_char": 406, "end_char": 407, "token_label": "NA"}], "news_discourse_role": 5, "news_discourse_role_prob_0": 0.0003609327832236886, "news_discourse_role_prob_1": 0.0025971627328544855, "news_discourse_role_prob_2": 0.00053345353808254, "news_discourse_role_prob_3": 0.02821255661547184, "news_discourse_role_prob_4": 0.04431091994047165, "news_discourse_role_prob_5": 0.4869921803474426, "news_discourse_role_prob_6": 0.01929009146988392, "news_discourse_role_prob_7": 0.4051671624183655, "news_discourse_role_prob_8": 0.0125355776399374, "previous_discourse_relation": 3, "previous_discourse_relation_prob_comp": 0.003987247124314308, "previous_discourse_relation_prob_cont": 0.12561273574829102, "previous_discourse_relation_prob_temp": 0.0009722101385705173, "previous_discourse_relation_prob_expan": 0.8694278001785278, "latter_discourse_relation": 3, "latter_discourse_relation_prob_comp": 0.38125190138816833, "latter_discourse_relation_prob_cont": 0.01990797370672226, "latter_discourse_relation_prob_temp": 0.00031199600198306143, "latter_discourse_relation_prob_expan": 0.5985281467437744}, {"sentence_id": 5, "sentence_start": 408, "sentence_end": 465, "sentence_text": "No one forced J Street to collaborate with anti-Semites.", "sentence_label": "NA", "tokens_list": ["No", "one", "forced", "J", "Street", "to", "collaborate", "with", "anti-Semites", "."], "tokens_dicts_list": [{"token": "No", "start_char": 408, "end_char": 410, "token_label": "NA"}, {"token": "one", "start_char": 411, "end_char": 414, "token_label": "NA"}, {"token": "forced", "start_char": 415, "end_char": 421, "token_label": "NA"}, {"token": "J", "start_char": 422, "end_char": 423, "token_label": "NA"}, {"token": "Street", "start_char": 424, "end_char": 430, "token_label": "NA"}, {"token": "to", "start_char": 431, "end_char": 433, "token_label": "NA"}, {"token": "collaborate", "start_char": 434, "end_char": 445, "token_label": "NA"}, {"token": "with", "start_char": 446, "end_char": 450, "token_label": "NA"}, {"token": "anti-Semites", "start_char": 451, "end_char": 463, "token_label": "NA"}, {"token": ".", "start_char": 463, "end_char": 464, "token_label": "NA"}], "news_discourse_role": 7, "news_discourse_role_prob_0": 0.0008683962514624, "news_discourse_role_prob_1": 0.002827827585861087, "news_discourse_role_prob_2": 0.0007173321209847927, "news_discourse_role_prob_3": 0.0241891797631979, "news_discourse_role_prob_4": 0.07055415213108063, "news_discourse_role_prob_5": 0.22999918460845947, "news_discourse_role_prob_6": 0.07102032005786896, "news_discourse_role_prob_7": 0.5929046273231506, "news_discourse_role_prob_8": 0.006918997038155794, "previous_discourse_relation": 3, "previous_discourse_relation_prob_comp": 0.38125190138816833, "previous_discourse_relation_prob_cont": 0.01990797370672226, "previous_discourse_relation_prob_temp": 0.00031199600198306143, "previous_discourse_relation_prob_expan": 0.5985281467437744, "latter_discourse_relation": 3, "latter_discourse_relation_prob_comp": 0.0031081195920705795, "latter_discourse_relation_prob_cont": 0.0006249626749195158, "latter_discourse_relation_prob_temp": 9.898993448587134e-05, "latter_discourse_relation_prob_expan": 0.9961678385734558}, {"sentence_id": 6, "sentence_start": 465, "sentence_end": 624, "sentence_text": "And here's J Street trying to decide whether to stop endorsing a Democrat who pals around with Farrakhan and defended him by mentioning the \"Jewish question.\"", "sentence_label": "Name_Calling,Labeling", "tokens_list": ["And", "here", "'s", "J", "Street", "trying", "to", "decide", "whether", "to", "stop", "endorsing", "a", "Democrat", "who", "pals", "around", "with", "Farrakhan", "and", "defended", "him", "by", "mentioning", "the", "\"", "Jewish", "question", ".", "\""], "tokens_dicts_list": [{"token": "And", "start_char": 465, "end_char": 468, "token_label": "NA"}, {"token": "here", "start_char": 469, "end_char": 473, "token_label": "NA"}, {"token": "'s", "start_char": 473, "end_char": 475, "token_label": "NA"}, {"token": "J", "start_char": 476, "end_char": 477, "token_label": "NA"}, {"token": "Street", "start_char": 478, "end_char": 484, "token_label": "NA"}, {"token": "trying", "start_char": 485, "end_char": 491, "token_label": "NA"}, {"token": "to", "start_char": 492, "end_char": 494, "token_label": "NA"}, {"token": "decide", "start_char": 495, "end_char": 501, "token_label": "NA"}, {"token": "whether", "start_char": 502, "end_char": 509, "token_label": "NA"}, {"token": "to", "start_char": 510, "end_char": 512, "token_label": "NA"}, {"token": "stop", "start_char": 513, "end_char": 517, "token_label": "NA"}, {"token": "endorsing", "start_char": 518, "end_char": 527, "token_label": "NA"}, {"token": "a", "start_char": 528, "end_char": 529, "token_label": "Name_Calling,Labeling"}, {"token": "Democrat", "start_char": 530, "end_char": 538, "token_label": "Name_Calling,Labeling"}, {"token": "who", "start_char": 539, "end_char": 542, "token_label": "Name_Calling,Labeling"}, {"token": "pals", "start_char": 543, "end_char": 547, "token_label": "Name_Calling,Labeling"}, {"token": "around", "start_char": 548, "end_char": 554, "token_label": "Name_Calling,Labeling"}, {"token": "with", "start_char": 555, "end_char": 559, "token_label": "Name_Calling,Labeling"}, {"token": "Farrakhan", "start_char": 560, "end_char": 569, "token_label": "Name_Calling,Labeling"}, {"token": "and", "start_char": 570, "end_char": 573, "token_label": "NA"}, {"token": "defended", "start_char": 574, "end_char": 582, "token_label": "NA"}, {"token": "him", "start_char": 583, "end_char": 586, "token_label": "NA"}, {"token": "by", "start_char": 587, "end_char": 589, "token_label": "NA"}, {"token": "mentioning", "start_char": 590, "end_char": 600, "token_label": "NA"}, {"token": "the", "start_char": 601, "end_char": 604, "token_label": "NA"}, {"token": "\"", "start_char": 605, "end_char": 606, "token_label": "NA"}, {"token": "Jewish", "start_char": 606, "end_char": 612, "token_label": "Slogans"}, {"token": "question", "start_char": 613, "end_char": 621, "token_label": "Slogans"}, {"token": ".", "start_char": 621, "end_char": 622, "token_label": "NA"}, {"token": "\"", "start_char": 622, "end_char": 623, "token_label": "NA"}], "news_discourse_role": 4, "news_discourse_role_prob_0": 0.03707281872630119, "news_discourse_role_prob_1": 0.209196537733078, "news_discourse_role_prob_2": 0.10792702436447144, "news_discourse_role_prob_3": 0.02845839597284794, "news_discourse_role_prob_4": 0.5297719240188599, "news_discourse_role_prob_5": 0.0013518932973966002, "news_discourse_role_prob_6": 0.02386482246220112, "news_discourse_role_prob_7": 0.055073946714401245, "news_discourse_role_prob_8": 0.0072825513780117035, "previous_discourse_relation": 3, "previous_discourse_relation_prob_comp": 0.0031081195920705795, "previous_discourse_relation_prob_cont": 0.0006249626749195158, "previous_discourse_relation_prob_temp": 9.898993448587134e-05, "previous_discourse_relation_prob_expan": 0.9961678385734558, "latter_discourse_relation": 3, "latter_discourse_relation_prob_comp": 0.03513547033071518, "latter_discourse_relation_prob_cont": 0.0026093386113643646, "latter_discourse_relation_prob_temp": 0.006958255544304848, "latter_discourse_relation_prob_expan": 0.9552969932556152}, {"sentence_id": 7, "sentence_start": 624, "sentence_end": 752, "sentence_text": "Democratic Illinois Rep. Danny Davis defended Nation of Islam leader Louis Farrakhan as an \u201coutstanding human being\u201d on Monday.", "sentence_label": "NA", "tokens_list": ["Democratic", "Illinois", "Rep.", "Danny", "Davis", "defended", "Nation", "of", "Islam", "leader", "Louis", "Farrakhan", "as", "an", "\u201coutstanding", "human", "being\u201d", "on", "Monday", "."], "tokens_dicts_list": [{"token": "Democratic", "start_char": 624, "end_char": 634, "token_label": "NA"}, {"token": "Illinois", "start_char": 635, "end_char": 643, "token_label": "NA"}, {"token": "Rep.", "start_char": 644, "end_char": 648, "token_label": "NA"}, {"token": "Danny", "start_char": 649, "end_char": 654, "token_label": "NA"}, {"token": "Davis", "start_char": 655, "end_char": 660, "token_label": "NA"}, {"token": "defended", "start_char": 661, "end_char": 669, "token_label": "NA"}, {"token": "Nation", "start_char": 670, "end_char": 676, "token_label": "NA"}, {"token": "of", "start_char": 677, "end_char": 679, "token_label": "NA"}, {"token": "Islam", "start_char": 680, "end_char": 685, "token_label": "NA"}, {"token": "leader", "start_char": 686, "end_char": 692, "token_label": "NA"}, {"token": "Louis", "start_char": 693, "end_char": 698, "token_label": "NA"}, {"token": "Farrakhan", "start_char": 699, "end_char": 708, "token_label": "NA"}, {"token": "as", "start_char": 709, "end_char": 711, "token_label": "NA"}, {"token": "an", "start_char": 712, "end_char": 714, "token_label": "NA"}, {"token": "\u201coutstanding", "start_char": 715, "end_char": 727, "token_label": "NA"}, {"token": "human", "start_char": 728, "end_char": 733, "token_label": "NA"}, {"token": "being\u201d", "start_char": 734, "end_char": 740, "token_label": "NA"}, {"token": "on", "start_char": 741, "end_char": 743, "token_label": "NA"}, {"token": "Monday", "start_char": 744, "end_char": 750, "token_label": "NA"}, {"token": ".", "start_char": 750, "end_char": 751, "token_label": "NA"}], "news_discourse_role": 7, "news_discourse_role_prob_0": 0.004931742791086435, "news_discourse_role_prob_1": 0.11968129128217697, "news_discourse_role_prob_2": 0.015162358991801739, "news_discourse_role_prob_3": 0.14094313979148865, "news_discourse_role_prob_4": 0.3330613374710083, "news_discourse_role_prob_5": 0.004428188782185316, "news_discourse_role_prob_6": 0.013907276093959808, "news_discourse_role_prob_7": 0.35543766617774963, "news_discourse_role_prob_8": 0.01244703121483326, "previous_discourse_relation": 3, "previous_discourse_relation_prob_comp": 0.03513547033071518, "previous_discourse_relation_prob_cont": 0.0026093386113643646, "previous_discourse_relation_prob_temp": 0.006958255544304848, "previous_discourse_relation_prob_expan": 0.9552969932556152, "latter_discourse_relation": 3, "latter_discourse_relation_prob_comp": 0.019794968888163567, "latter_discourse_relation_prob_cont": 0.031019624322652817, "latter_discourse_relation_prob_temp": 0.004240153823047876, "latter_discourse_relation_prob_expan": 0.9449452757835388}, {"sentence_id": 8, "sentence_start": 752, "sentence_end": 1061, "sentence_text": "Farrakhan\u2019s history of racially extreme comments includes blaming Jews for the September 11 attacks, saying white people \u201cdeserve to die\u201d and praising Adolf Hitler as a \u201cvery great man.\u201d \u201cI personally know [Farrakhan], I\u2019ve been to his home, done meetings, participated in events with him,\u201d Davis told TheDC.", "sentence_label": "Loaded_Language", "tokens_list": ["Farrakhan\u2019s", "history", "of", "racially", "extreme", "comments", "includes", "blaming", "Jews", "for", "the", "September", "11", "attacks", ",", "saying", "white", "people", "\u201cdeserve", "to", "die\u201d", "and", "praising", "Adolf", "Hitler", "as", "a", "\u201cvery", "great", "man.\u201d", "\u201cI", "personally", "know", "[", "Farrakhan", "]", ",", "I\u2019ve", "been", "to", "his", "home", ",", "done", "meetings", ",", "participated", "in", "events", "with", "him", ",", "\u201d", "Davis", "told", "TheDC", "."], "tokens_dicts_list": [{"token": "Farrakhan\u2019s", "start_char": 752, "end_char": 763, "token_label": "NA"}, {"token": "history", "start_char": 764, "end_char": 771, "token_label": "NA"}, {"token": "of", "start_char": 772, "end_char": 774, "token_label": "NA"}, {"token": "racially", "start_char": 775, "end_char": 783, "token_label": "Loaded_Language"}, {"token": "extreme", "start_char": 784, "end_char": 791, "token_label": "Loaded_Language"}, {"token": "comments", "start_char": 792, "end_char": 800, "token_label": "Loaded_Language"}, {"token": "includes", "start_char": 801, "end_char": 809, "token_label": "NA"}, {"token": "blaming", "start_char": 810, "end_char": 817, "token_label": "NA"}, {"token": "Jews", "start_char": 818, "end_char": 822, "token_label": "NA"}, {"token": "for", "start_char": 823, "end_char": 826, "token_label": "NA"}, {"token": "the", "start_char": 827, "end_char": 830, "token_label": "NA"}, {"token": "September", "start_char": 831, "end_char": 840, "token_label": "NA"}, {"token": "11", "start_char": 841, "end_char": 843, "token_label": "NA"}, {"token": "attacks", "start_char": 844, "end_char": 851, "token_label": "NA"}, {"token": ",", "start_char": 851, "end_char": 852, "token_label": "NA"}, {"token": "saying", "start_char": 853, "end_char": 859, "token_label": "NA"}, {"token": "white", "start_char": 860, "end_char": 865, "token_label": "Loaded_Language"}, {"token": "people", "start_char": 866, "end_char": 872, "token_label": "Loaded_Language"}, {"token": "\u201cdeserve", "start_char": 873, "end_char": 881, "token_label": "Loaded_Language"}, {"token": "to", "start_char": 882, "end_char": 884, "token_label": "Loaded_Language"}, {"token": "die\u201d", "start_char": 885, "end_char": 889, "token_label": "Loaded_Language"}, {"token": "and", "start_char": 890, "end_char": 893, "token_label": "NA"}, {"token": "praising", "start_char": 894, "end_char": 902, "token_label": "Loaded_Language"}, {"token": "Adolf", "start_char": 903, "end_char": 908, "token_label": "Loaded_Language"}, {"token": "Hitler", "start_char": 909, "end_char": 915, "token_label": "Loaded_Language"}, {"token": "as", "start_char": 916, "end_char": 918, "token_label": "Loaded_Language"}, {"token": "a", "start_char": 919, "end_char": 920, "token_label": "Loaded_Language"}, {"token": "\u201cvery", "start_char": 921, "end_char": 926, "token_label": "Loaded_Language"}, {"token": "great", "start_char": 927, "end_char": 932, "token_label": "Loaded_Language"}, {"token": "man.\u201d", "start_char": 933, "end_char": 938, "token_label": "Loaded_Language"}, {"token": "\u201cI", "start_char": 939, "end_char": 941, "token_label": "NA"}, {"token": "personally", "start_char": 942, "end_char": 952, "token_label": "NA"}, {"token": "know", "start_char": 953, "end_char": 957, "token_label": "NA"}, {"token": "[", "start_char": 958, "end_char": 959, "token_label": "NA"}, {"token": "Farrakhan", "start_char": 959, "end_char": 968, "token_label": "NA"}, {"token": "]", "start_char": 968, "end_char": 969, "token_label": "NA"}, {"token": ",", "start_char": 969, "end_char": 970, "token_label": "NA"}, {"token": "I\u2019ve", "start_char": 971, "end_char": 975, "token_label": "NA"}, {"token": "been", "start_char": 976, "end_char": 980, "token_label": "NA"}, {"token": "to", "start_char": 981, "end_char": 983, "token_label": "NA"}, {"token": "his", "start_char": 984, "end_char": 987, "token_label": "NA"}, {"token": "home", "start_char": 988, "end_char": 992, "token_label": "NA"}, {"token": ",", "start_char": 992, "end_char": 993, "token_label": "NA"}, {"token": "done", "start_char": 994, "end_char": 998, "token_label": "NA"}, {"token": "meetings", "start_char": 999, "end_char": 1007, "token_label": "NA"}, {"token": ",", "start_char": 1007, "end_char": 1008, "token_label": "NA"}, {"token": "participated", "start_char": 1009, "end_char": 1021, "token_label": "NA"}, {"token": "in", "start_char": 1022, "end_char": 1024, "token_label": "NA"}, {"token": "events", "start_char": 1025, "end_char": 1031, "token_label": "NA"}, {"token": "with", "start_char": 1032, "end_char": 1036, "token_label": "NA"}, {"token": "him", "start_char": 1037, "end_char": 1040, "token_label": "NA"}, {"token": ",", "start_char": 1040, "end_char": 1041, "token_label": "NA"}, {"token": "\u201d", "start_char": 1041, "end_char": 1042, "token_label": "NA"}, {"token": "Davis", "start_char": 1043, "end_char": 1048, "token_label": "NA"}, {"token": "told", "start_char": 1049, "end_char": 1053, "token_label": "NA"}, {"token": "TheDC", "start_char": 1054, "end_char": 1059, "token_label": "NA"}, {"token": ".", "start_char": 1059, "end_char": 1060, "token_label": "NA"}], "news_discourse_role": 4, "news_discourse_role_prob_0": 5.920317198615521e-05, "news_discourse_role_prob_1": 0.002419200958684087, "news_discourse_role_prob_2": 0.000810261641163379, "news_discourse_role_prob_3": 0.032782699912786484, "news_discourse_role_prob_4": 0.8050971031188965, "news_discourse_role_prob_5": 0.02353481389582157, "news_discourse_role_prob_6": 0.002335660858079791, "news_discourse_role_prob_7": 0.13099266588687897, "news_discourse_role_prob_8": 0.0019683369901031256, "previous_discourse_relation": 3, "previous_discourse_relation_prob_comp": 0.019794968888163567, "previous_discourse_relation_prob_cont": 0.031019624322652817, "previous_discourse_relation_prob_temp": 0.004240153823047876, "previous_discourse_relation_prob_expan": 0.9449452757835388, "latter_discourse_relation": 0, "latter_discourse_relation_prob_comp": 0.5147993564605713, "latter_discourse_relation_prob_cont": 0.04406581446528435, "latter_discourse_relation_prob_temp": 0.028244396671652794, "latter_discourse_relation_prob_expan": 0.41289040446281433}, {"sentence_id": 9, "sentence_start": 1061, "sentence_end": 1307, "sentence_text": "The congressman wasn\u2019t sure why the ADL wrote that he had been misquoted in his praise for the anti-Semite, and said he wasn\u2019t sure if someone from his office had told the ADL he was misquoted, he told The Daily Caller News Foundation on Sunday.", "sentence_label": "NA", "tokens_list": ["The", "congressman", "wasn\u2019t", "sure", "why", "the", "ADL", "wrote", "that", "he", "had", "been", "misquoted", "in", "his", "praise", "for", "the", "anti-Semite", ",", "and", "said", "he", "wasn\u2019t", "sure", "if", "someone", "from", "his", "office", "had", "told", "the", "ADL", "he", "was", "misquoted", ",", "he", "told", "The", "Daily", "Caller", "News", "Foundation", "on", "Sunday", "."], "tokens_dicts_list": [{"token": "The", "start_char": 1061, "end_char": 1064, "token_label": "NA"}, {"token": "congressman", "start_char": 1065, "end_char": 1076, "token_label": "NA"}, {"token": "wasn\u2019t", "start_char": 1077, "end_char": 1083, "token_label": "NA"}, {"token": "sure", "start_char": 1084, "end_char": 1088, "token_label": "NA"}, {"token": "why", "start_char": 1089, "end_char": 1092, "token_label": "NA"}, {"token": "the", "start_char": 1093, "end_char": 1096, "token_label": "NA"}, {"token": "ADL", "start_char": 1097, "end_char": 1100, "token_label": "NA"}, {"token": "wrote", "start_char": 1101, "end_char": 1106, "token_label": "NA"}, {"token": "that", "start_char": 1107, "end_char": 1111, "token_label": "NA"}, {"token": "he", "start_char": 1112, "end_char": 1114, "token_label": "NA"}, {"token": "had", "start_char": 1115, "end_char": 1118, "token_label": "NA"}, {"token": "been", "start_char": 1119, "end_char": 1123, "token_label": "NA"}, {"token": "misquoted", "start_char": 1124, "end_char": 1133, "token_label": "NA"}, {"token": "in", "start_char": 1134, "end_char": 1136, "token_label": "NA"}, {"token": "his", "start_char": 1137, "end_char": 1140, "token_label": "NA"}, {"token": "praise", "start_char": 1141, "end_char": 1147, "token_label": "NA"}, {"token": "for", "start_char": 1148, "end_char": 1151, "token_label": "NA"}, {"token": "the", "start_char": 1152, "end_char": 1155, "token_label": "NA"}, {"token": "anti-Semite", "start_char": 1156, "end_char": 1167, "token_label": "NA"}, {"token": ",", "start_char": 1167, "end_char": 1168, "token_label": "NA"}, {"token": "and", "start_char": 1169, "end_char": 1172, "token_label": "NA"}, {"token": "said", "start_char": 1173, "end_char": 1177, "token_label": "NA"}, {"token": "he", "start_char": 1178, "end_char": 1180, "token_label": "NA"}, {"token": "wasn\u2019t", "start_char": 1181, "end_char": 1187, "token_label": "NA"}, {"token": "sure", "start_char": 1188, "end_char": 1192, "token_label": "NA"}, {"token": "if", "start_char": 1193, "end_char": 1195, "token_label": "NA"}, {"token": "someone", "start_char": 1196, "end_char": 1203, "token_label": "NA"}, {"token": "from", "start_char": 1204, "end_char": 1208, "token_label": "NA"}, {"token": "his", "start_char": 1209, "end_char": 1212, "token_label": "NA"}, {"token": "office", "start_char": 1213, "end_char": 1219, "token_label": "NA"}, {"token": "had", "start_char": 1220, "end_char": 1223, "token_label": "NA"}, {"token": "told", "start_char": 1224, "end_char": 1228, "token_label": "NA"}, {"token": "the", "start_char": 1229, "end_char": 1232, "token_label": "NA"}, {"token": "ADL", "start_char": 1233, "end_char": 1236, "token_label": "NA"}, {"token": "he", "start_char": 1237, "end_char": 1239, "token_label": "NA"}, {"token": "was", "start_char": 1240, "end_char": 1243, "token_label": "NA"}, {"token": "misquoted", "start_char": 1244, "end_char": 1253, "token_label": "NA"}, {"token": ",", "start_char": 1253, "end_char": 1254, "token_label": "NA"}, {"token": "he", "start_char": 1255, "end_char": 1257, "token_label": "NA"}, {"token": "told", "start_char": 1258, "end_char": 1262, "token_label": "NA"}, {"token": "The", "start_char": 1263, "end_char": 1266, "token_label": "NA"}, {"token": "Daily", "start_char": 1267, "end_char": 1272, "token_label": "NA"}, {"token": "Caller", "start_char": 1273, "end_char": 1279, "token_label": "NA"}, {"token": "News", "start_char": 1280, "end_char": 1284, "token_label": "NA"}, {"token": "Foundation", "start_char": 1285, "end_char": 1295, "token_label": "NA"}, {"token": "on", "start_char": 1296, "end_char": 1298, "token_label": "NA"}, {"token": "Sunday", "start_char": 1299, "end_char": 1305, "token_label": "NA"}, {"token": ".", "start_char": 1305, "end_char": 1306, "token_label": "NA"}], "news_discourse_role": 7, "news_discourse_role_prob_0": 4.197128873784095e-05, "news_discourse_role_prob_1": 0.004070419818162918, "news_discourse_role_prob_2": 0.000405060505727306, "news_discourse_role_prob_3": 0.011821921914815903, "news_discourse_role_prob_4": 0.0029686454217880964, "news_discourse_role_prob_5": 0.001945934840478003, "news_discourse_role_prob_6": 0.011444591917097569, "news_discourse_role_prob_7": 0.9556097388267517, "news_discourse_role_prob_8": 0.011691749095916748, "previous_discourse_relation": 0, "previous_discourse_relation_prob_comp": 0.5147993564605713, "previous_discourse_relation_prob_cont": 0.04406581446528435, "previous_discourse_relation_prob_temp": 0.028244396671652794, "previous_discourse_relation_prob_expan": 0.41289040446281433, "latter_discourse_relation": 3, "latter_discourse_relation_prob_comp": 0.15263883769512177, "latter_discourse_relation_prob_cont": 0.009048973210155964, "latter_discourse_relation_prob_temp": 0.014638980850577354, "latter_discourse_relation_prob_expan": 0.8236732482910156}, {"sentence_id": 10, "sentence_start": 1307, "sentence_end": 1352, "sentence_text": "\u201cI think that was what they wanted to write.", "sentence_label": "NA", "tokens_list": ["\u201cI", "think", "that", "was", "what", "they", "wanted", "to", "write", "."], "tokens_dicts_list": [{"token": "\u201cI", "start_char": 1307, "end_char": 1309, "token_label": "NA"}, {"token": "think", "start_char": 1310, "end_char": 1315, "token_label": "NA"}, {"token": "that", "start_char": 1316, "end_char": 1320, "token_label": "NA"}, {"token": "was", "start_char": 1321, "end_char": 1324, "token_label": "NA"}, {"token": "what", "start_char": 1325, "end_char": 1329, "token_label": "NA"}, {"token": "they", "start_char": 1330, "end_char": 1334, "token_label": "NA"}, {"token": "wanted", "start_char": 1335, "end_char": 1341, "token_label": "NA"}, {"token": "to", "start_char": 1342, "end_char": 1344, "token_label": "NA"}, {"token": "write", "start_char": 1345, "end_char": 1350, "token_label": "NA"}, {"token": ".", "start_char": 1350, "end_char": 1351, "token_label": "NA"}], "news_discourse_role": 7, "news_discourse_role_prob_0": 0.00018185237422585487, "news_discourse_role_prob_1": 0.009103227406740189, "news_discourse_role_prob_2": 0.00024557087454013526, "news_discourse_role_prob_3": 0.013270431198179722, "news_discourse_role_prob_4": 0.001365771284326911, "news_discourse_role_prob_5": 0.003091623308137059, "news_discourse_role_prob_6": 0.010487651452422142, "news_discourse_role_prob_7": 0.950046956539154, "news_discourse_role_prob_8": 0.012206804007291794, "previous_discourse_relation": 3, "previous_discourse_relation_prob_comp": 0.15263883769512177, "previous_discourse_relation_prob_cont": 0.009048973210155964, "previous_discourse_relation_prob_temp": 0.014638980850577354, "previous_discourse_relation_prob_expan": 0.8236732482910156, "latter_discourse_relation": 3, "latter_discourse_relation_prob_comp": 0.02158823423087597, "latter_discourse_relation_prob_cont": 0.24575254321098328, "latter_discourse_relation_prob_temp": 0.0024799881502985954, "latter_discourse_relation_prob_expan": 0.7301791906356812}, {"sentence_id": 11, "sentence_start": 1352, "sentence_end": 1483, "sentence_text": "Nah, I don\u2019t have no problems with Farrakhan, I don\u2019t spend a whole lot of my time dealing with those kind of things,\u201d Davis said.", "sentence_label": "NA", "tokens_list": ["Nah", ",", "I", "don\u2019t", "have", "no", "problems", "with", "Farrakhan", ",", "I", "don\u2019t", "spend", "a", "whole", "lot", "of", "my", "time", "dealing", "with", "those", "kind", "of", "things", ",", "\u201d", "Davis", "said", "."], "tokens_dicts_list": [{"token": "Nah", "start_char": 1352, "end_char": 1355, "token_label": "NA"}, {"token": ",", "start_char": 1355, "end_char": 1356, "token_label": "NA"}, {"token": "I", "start_char": 1357, "end_char": 1358, "token_label": "NA"}, {"token": "don\u2019t", "start_char": 1359, "end_char": 1364, "token_label": "NA"}, {"token": "have", "start_char": 1365, "end_char": 1369, "token_label": "NA"}, {"token": "no", "start_char": 1370, "end_char": 1372, "token_label": "NA"}, {"token": "problems", "start_char": 1373, "end_char": 1381, "token_label": "NA"}, {"token": "with", "start_char": 1382, "end_char": 1386, "token_label": "NA"}, {"token": "Farrakhan", "start_char": 1387, "end_char": 1396, "token_label": "NA"}, {"token": ",", "start_char": 1396, "end_char": 1397, "token_label": "NA"}, {"token": "I", "start_char": 1398, "end_char": 1399, "token_label": "NA"}, {"token": "don\u2019t", "start_char": 1400, "end_char": 1405, "token_label": "NA"}, {"token": "spend", "start_char": 1406, "end_char": 1411, "token_label": "NA"}, {"token": "a", "start_char": 1412, "end_char": 1413, "token_label": "NA"}, {"token": "whole", "start_char": 1414, "end_char": 1419, "token_label": "NA"}, {"token": "lot", "start_char": 1420, "end_char": 1423, "token_label": "NA"}, {"token": "of", "start_char": 1424, "end_char": 1426, "token_label": "NA"}, {"token": "my", "start_char": 1427, "end_char": 1429, "token_label": "NA"}, {"token": "time", "start_char": 1430, "end_char": 1434, "token_label": "NA"}, {"token": "dealing", "start_char": 1435, "end_char": 1442, "token_label": "NA"}, {"token": "with", "start_char": 1443, "end_char": 1447, "token_label": "NA"}, {"token": "those", "start_char": 1448, "end_char": 1453, "token_label": "NA"}, {"token": "kind", "start_char": 1454, "end_char": 1458, "token_label": "NA"}, {"token": "of", "start_char": 1459, "end_char": 1461, "token_label": "NA"}, {"token": "things", "start_char": 1462, "end_char": 1468, "token_label": "NA"}, {"token": ",", "start_char": 1468, "end_char": 1469, "token_label": "NA"}, {"token": "\u201d", "start_char": 1469, "end_char": 1470, "token_label": "NA"}, {"token": "Davis", "start_char": 1471, "end_char": 1476, "token_label": "NA"}, {"token": "said", "start_char": 1477, "end_char": 1481, "token_label": "NA"}, {"token": ".", "start_char": 1481, "end_char": 1482, "token_label": "NA"}], "news_discourse_role": 7, "news_discourse_role_prob_0": 6.292842590482906e-05, "news_discourse_role_prob_1": 0.005220276769250631, "news_discourse_role_prob_2": 0.0001761182356858626, "news_discourse_role_prob_3": 0.0034469866659492254, "news_discourse_role_prob_4": 0.0015932064270600677, "news_discourse_role_prob_5": 0.002612561685964465, "news_discourse_role_prob_6": 0.027535581961274147, "news_discourse_role_prob_7": 0.9509696364402771, "news_discourse_role_prob_8": 0.008382782340049744, "previous_discourse_relation": 3, "previous_discourse_relation_prob_comp": 0.02158823423087597, "previous_discourse_relation_prob_cont": 0.24575254321098328, "previous_discourse_relation_prob_temp": 0.0024799881502985954, "previous_discourse_relation_prob_expan": 0.7301791906356812, "latter_discourse_relation": 3, "latter_discourse_relation_prob_comp": 0.01578534208238125, "latter_discourse_relation_prob_cont": 0.03960680216550827, "latter_discourse_relation_prob_temp": 0.002235939959064126, "latter_discourse_relation_prob_expan": 0.9423719644546509}, {"sentence_id": 12, "sentence_start": 1483, "sentence_end": 1538, "sentence_text": "\u201cThat\u2019s just one segment of what goes on in our world.", "sentence_label": "NA", "tokens_list": ["\u201cThat\u2019s", "just", "one", "segment", "of", "what", "goes", "on", "in", "our", "world", "."], "tokens_dicts_list": [{"token": "\u201cThat\u2019s", "start_char": 1483, "end_char": 1490, "token_label": "NA"}, {"token": "just", "start_char": 1491, "end_char": 1495, "token_label": "NA"}, {"token": "one", "start_char": 1496, "end_char": 1499, "token_label": "NA"}, {"token": "segment", "start_char": 1500, "end_char": 1507, "token_label": "NA"}, {"token": "of", "start_char": 1508, "end_char": 1510, "token_label": "NA"}, {"token": "what", "start_char": 1511, "end_char": 1515, "token_label": "NA"}, {"token": "goes", "start_char": 1516, "end_char": 1520, "token_label": "NA"}, {"token": "on", "start_char": 1521, "end_char": 1523, "token_label": "NA"}, {"token": "in", "start_char": 1524, "end_char": 1526, "token_label": "NA"}, {"token": "our", "start_char": 1527, "end_char": 1530, "token_label": "NA"}, {"token": "world", "start_char": 1531, "end_char": 1536, "token_label": "NA"}, {"token": ".", "start_char": 1536, "end_char": 1537, "token_label": "NA"}], "news_discourse_role": 7, "news_discourse_role_prob_0": 0.00011002887913491577, "news_discourse_role_prob_1": 0.008022039197385311, "news_discourse_role_prob_2": 0.0001488520356360823, "news_discourse_role_prob_3": 0.006191920954734087, "news_discourse_role_prob_4": 0.0014624783070757985, "news_discourse_role_prob_5": 0.0023121449630707502, "news_discourse_role_prob_6": 0.01523123774677515, "news_discourse_role_prob_7": 0.9565987586975098, "news_discourse_role_prob_8": 0.009922442957758904, "previous_discourse_relation": 3, "previous_discourse_relation_prob_comp": 0.01578534208238125, "previous_discourse_relation_prob_cont": 0.03960680216550827, "previous_discourse_relation_prob_temp": 0.002235939959064126, "previous_discourse_relation_prob_expan": 0.9423719644546509, "latter_discourse_relation": 3, "latter_discourse_relation_prob_comp": 0.00537043297663331, "latter_discourse_relation_prob_cont": 0.06840217858552933, "latter_discourse_relation_prob_temp": 9.882241283776239e-05, "latter_discourse_relation_prob_expan": 0.926128625869751}, {"sentence_id": 13, "sentence_start": 1538, "sentence_end": 1644, "sentence_text": "The world is so much bigger than Farrakhan and the Jewish question and his position on that and so forth.", "sentence_label": "Exaggeration,Minimisation", "tokens_list": ["The", "world", "is", "so", "much", "bigger", "than", "Farrakhan", "and", "the", "Jewish", "question", "and", "his", "position", "on", "that", "and", "so", "forth", "."], "tokens_dicts_list": [{"token": "The", "start_char": 1538, "end_char": 1541, "token_label": "Exaggeration,Minimisation"}, {"token": "world", "start_char": 1542, "end_char": 1547, "token_label": "Exaggeration,Minimisation"}, {"token": "is", "start_char": 1548, "end_char": 1550, "token_label": "Exaggeration,Minimisation"}, {"token": "so", "start_char": 1551, "end_char": 1553, "token_label": "Exaggeration,Minimisation"}, {"token": "much", "start_char": 1554, "end_char": 1558, "token_label": "Exaggeration,Minimisation"}, {"token": "bigger", "start_char": 1559, "end_char": 1565, "token_label": "Exaggeration,Minimisation"}, {"token": "than", "start_char": 1566, "end_char": 1570, "token_label": "Exaggeration,Minimisation"}, {"token": "Farrakhan", "start_char": 1571, "end_char": 1580, "token_label": "Exaggeration,Minimisation"}, {"token": "and", "start_char": 1581, "end_char": 1584, "token_label": "Exaggeration,Minimisation"}, {"token": "the", "start_char": 1585, "end_char": 1588, "token_label": "Exaggeration,Minimisation"}, {"token": "Jewish", "start_char": 1589, "end_char": 1595, "token_label": "Exaggeration,Minimisation"}, {"token": "question", "start_char": 1596, "end_char": 1604, "token_label": "Exaggeration,Minimisation"}, {"token": "and", "start_char": 1605, "end_char": 1608, "token_label": "Exaggeration,Minimisation"}, {"token": "his", "start_char": 1609, "end_char": 1612, "token_label": "Exaggeration,Minimisation"}, {"token": "position", "start_char": 1613, "end_char": 1621, "token_label": "Exaggeration,Minimisation"}, {"token": "on", "start_char": 1622, "end_char": 1624, "token_label": "Exaggeration,Minimisation"}, {"token": "that", "start_char": 1625, "end_char": 1629, "token_label": "Exaggeration,Minimisation"}, {"token": "and", "start_char": 1630, "end_char": 1633, "token_label": "Exaggeration,Minimisation"}, {"token": "so", "start_char": 1634, "end_char": 1636, "token_label": "Exaggeration,Minimisation"}, {"token": "forth", "start_char": 1637, "end_char": 1642, "token_label": "Exaggeration,Minimisation"}, {"token": ".", "start_char": 1642, "end_char": 1643, "token_label": "Exaggeration,Minimisation"}], "news_discourse_role": 7, "news_discourse_role_prob_0": 0.00014528341125696898, "news_discourse_role_prob_1": 0.006895409431308508, "news_discourse_role_prob_2": 0.00020268154912628233, "news_discourse_role_prob_3": 0.005794830620288849, "news_discourse_role_prob_4": 0.0036011200863868, "news_discourse_role_prob_5": 0.002903942484408617, "news_discourse_role_prob_6": 0.01601925492286682, "news_discourse_role_prob_7": 0.9555036425590515, "news_discourse_role_prob_8": 0.008933937177062035, "previous_discourse_relation": 3, "previous_discourse_relation_prob_comp": 0.00537043297663331, "previous_discourse_relation_prob_cont": 0.06840217858552933, "previous_discourse_relation_prob_temp": 9.882241283776239e-05, "previous_discourse_relation_prob_expan": 0.926128625869751, "latter_discourse_relation": 3, "latter_discourse_relation_prob_comp": 0.0021124461200088263, "latter_discourse_relation_prob_cont": 0.03496462479233742, "latter_discourse_relation_prob_temp": 0.0006142968777567148, "latter_discourse_relation_prob_expan": 0.9623086452484131}, {"sentence_id": 14, "sentence_start": 1644, "sentence_end": 1721, "sentence_text": "For those heavy into it, that\u2019s their thing, but it ain\u2019t my thing,\u201d he said", "sentence_label": "NA", "tokens_list": ["For", "those", "heavy", "into", "it", ",", "that\u2019s", "their", "thing", ",", "but", "it", "ain\u2019t", "my", "thing", ",", "\u201d", "he", "said"], "tokens_dicts_list": [{"token": "For", "start_char": 1644, "end_char": 1647, "token_label": "NA"}, {"token": "those", "start_char": 1648, "end_char": 1653, "token_label": "NA"}, {"token": "heavy", "start_char": 1654, "end_char": 1659, "token_label": "NA"}, {"token": "into", "start_char": 1660, "end_char": 1664, "token_label": "NA"}, {"token": "it", "start_char": 1665, "end_char": 1667, "token_label": "NA"}, {"token": ",", "start_char": 1667, "end_char": 1668, "token_label": "NA"}, {"token": "that\u2019s", "start_char": 1669, "end_char": 1675, "token_label": "NA"}, {"token": "their", "start_char": 1676, "end_char": 1681, "token_label": "NA"}, {"token": "thing", "start_char": 1682, "end_char": 1687, "token_label": "NA"}, {"token": ",", "start_char": 1687, "end_char": 1688, "token_label": "NA"}, {"token": "but", "start_char": 1689, "end_char": 1692, "token_label": "NA"}, {"token": "it", "start_char": 1693, "end_char": 1695, "token_label": "NA"}, {"token": "ain\u2019t", "start_char": 1696, "end_char": 1701, "token_label": "NA"}, {"token": "my", "start_char": 1702, "end_char": 1704, "token_label": "NA"}, {"token": "thing", "start_char": 1705, "end_char": 1710, "token_label": "NA"}, {"token": ",", "start_char": 1710, "end_char": 1711, "token_label": "NA"}, {"token": "\u201d", "start_char": 1711, "end_char": 1712, "token_label": "NA"}, {"token": "he", "start_char": 1713, "end_char": 1715, "token_label": "NA"}, {"token": "said", "start_char": 1716, "end_char": 1720, "token_label": "NA"}], "news_discourse_role": 7, "news_discourse_role_prob_0": 0.0002455332432873547, "news_discourse_role_prob_1": 0.005869628395885229, "news_discourse_role_prob_2": 0.00020861938537564129, "news_discourse_role_prob_3": 0.004324247129261494, "news_discourse_role_prob_4": 0.0016918149776756763, "news_discourse_role_prob_5": 0.0034244079142808914, "news_discourse_role_prob_6": 0.026279697194695473, "news_discourse_role_prob_7": 0.942063570022583, "news_discourse_role_prob_8": 0.0158925112336874, "previous_discourse_relation": 3, "previous_discourse_relation_prob_comp": 0.0021124461200088263, "previous_discourse_relation_prob_cont": 0.03496462479233742, "previous_discourse_relation_prob_temp": 0.0006142968777567148, "previous_discourse_relation_prob_expan": 0.9623086452484131, "latter_discourse_relation": 3, "latter_discourse_relation_prob_comp": 0.019290730357170105, "latter_discourse_relation_prob_cont": 0.04474423825740814, "latter_discourse_relation_prob_temp": 0.0017088544555008411, "latter_discourse_relation_prob_expan": 0.9342561960220337}, {"sentence_id": 15, "sentence_start": 1721, "sentence_end": 1791, "sentence_text": "The \"Jewish Question\" is a term generally used by anti-Semites today.", "sentence_label": "NA", "tokens_list": ["The", "\"", "Jewish", "Question", "\"", "is", "a", "term", "generally", "used", "by", "anti-Semites", "today", "."], "tokens_dicts_list": [{"token": "The", "start_char": 1721, "end_char": 1724, "token_label": "NA"}, {"token": "\"", "start_char": 1725, "end_char": 1726, "token_label": "NA"}, {"token": "Jewish", "start_char": 1726, "end_char": 1732, "token_label": "NA"}, {"token": "Question", "start_char": 1733, "end_char": 1741, "token_label": "NA"}, {"token": "\"", "start_char": 1741, "end_char": 1742, "token_label": "NA"}, {"token": "is", "start_char": 1743, "end_char": 1745, "token_label": "NA"}, {"token": "a", "start_char": 1746, "end_char": 1747, "token_label": "NA"}, {"token": "term", "start_char": 1748, "end_char": 1752, "token_label": "NA"}, {"token": "generally", "start_char": 1753, "end_char": 1762, "token_label": "NA"}, {"token": "used", "start_char": 1763, "end_char": 1767, "token_label": "NA"}, {"token": "by", "start_char": 1768, "end_char": 1770, "token_label": "NA"}, {"token": "anti-Semites", "start_char": 1771, "end_char": 1783, "token_label": "NA"}, {"token": "today", "start_char": 1784, "end_char": 1789, "token_label": "NA"}, {"token": ".", "start_char": 1789, "end_char": 1790, "token_label": "NA"}], "news_discourse_role": 4, "news_discourse_role_prob_0": 0.00020395578758325428, "news_discourse_role_prob_1": 0.001656648120842874, "news_discourse_role_prob_2": 0.0012821645941585302, "news_discourse_role_prob_3": 0.007552438415586948, "news_discourse_role_prob_4": 0.77977055311203, "news_discourse_role_prob_5": 0.031209256500005722, "news_discourse_role_prob_6": 0.0012524675112217665, "news_discourse_role_prob_7": 0.17569032311439514, "news_discourse_role_prob_8": 0.0013822652399539948, "previous_discourse_relation": 3, "previous_discourse_relation_prob_comp": 0.019290730357170105, "previous_discourse_relation_prob_cont": 0.04474423825740814, "previous_discourse_relation_prob_temp": 0.0017088544555008411, "previous_discourse_relation_prob_expan": 0.9342561960220337, "latter_discourse_relation": 0, "latter_discourse_relation_prob_comp": 0.9976781010627747, "latter_discourse_relation_prob_cont": 0.00039415902574546635, "latter_discourse_relation_prob_temp": 1.993161095015239e-05, "latter_discourse_relation_prob_expan": 0.0019077780889347196}, {"sentence_id": 16, "sentence_start": 1791, "sentence_end": 1843, "sentence_text": "But J Street is stuck with its own Jewish Question.", "sentence_label": "NA", "tokens_list": ["But", "J", "Street", "is", "stuck", "with", "its", "own", "Jewish", "Question", "."], "tokens_dicts_list": [{"token": "But", "start_char": 1791, "end_char": 1794, "token_label": "NA"}, {"token": "J", "start_char": 1795, "end_char": 1796, "token_label": "NA"}, {"token": "Street", "start_char": 1797, "end_char": 1803, "token_label": "NA"}, {"token": "is", "start_char": 1804, "end_char": 1806, "token_label": "NA"}, {"token": "stuck", "start_char": 1807, "end_char": 1812, "token_label": "NA"}, {"token": "with", "start_char": 1813, "end_char": 1817, "token_label": "NA"}, {"token": "its", "start_char": 1818, "end_char": 1821, "token_label": "NA"}, {"token": "own", "start_char": 1822, "end_char": 1825, "token_label": "NA"}, {"token": "Jewish", "start_char": 1826, "end_char": 1832, "token_label": "NA"}, {"token": "Question", "start_char": 1833, "end_char": 1841, "token_label": "NA"}, {"token": ".", "start_char": 1841, "end_char": 1842, "token_label": "NA"}], "news_discourse_role": 7, "news_discourse_role_prob_0": 0.004756064619868994, "news_discourse_role_prob_1": 0.09923101216554642, "news_discourse_role_prob_2": 0.019819118082523346, "news_discourse_role_prob_3": 0.09226207435131073, "news_discourse_role_prob_4": 0.32097339630126953, "news_discourse_role_prob_5": 0.005020551383495331, "news_discourse_role_prob_6": 0.05597512796521187, "news_discourse_role_prob_7": 0.3956127464771271, "news_discourse_role_prob_8": 0.006349973380565643, "previous_discourse_relation": 0, "previous_discourse_relation_prob_comp": 0.9976781010627747, "previous_discourse_relation_prob_cont": 0.00039415902574546635, "previous_discourse_relation_prob_temp": 1.993161095015239e-05, "previous_discourse_relation_prob_expan": 0.0019077780889347196, "latter_discourse_relation": 3, "latter_discourse_relation_prob_comp": 0.0013364944607019424, "latter_discourse_relation_prob_cont": 0.07031013071537018, "latter_discourse_relation_prob_temp": 6.830839993199334e-05, "latter_discourse_relation_prob_expan": 0.9282850027084351}, {"sentence_id": 17, "sentence_start": 1843, "sentence_end": 1891, "sentence_text": "How much anti-Semitism is too much even for it.", "sentence_label": "NA", "tokens_list": ["How", "much", "anti-Semitism", "is", "too", "much", "even", "for", "it", "."], "tokens_dicts_list": [{"token": "How", "start_char": 1843, "end_char": 1846, "token_label": "NA"}, {"token": "much", "start_char": 1847, "end_char": 1851, "token_label": "NA"}, {"token": "anti-Semitism", "start_char": 1852, "end_char": 1865, "token_label": "NA"}, {"token": "is", "start_char": 1866, "end_char": 1868, "token_label": "NA"}, {"token": "too", "start_char": 1869, "end_char": 1872, "token_label": "NA"}, {"token": "much", "start_char": 1873, "end_char": 1877, "token_label": "NA"}, {"token": "even", "start_char": 1878, "end_char": 1882, "token_label": "NA"}, {"token": "for", "start_char": 1883, "end_char": 1886, "token_label": "NA"}, {"token": "it", "start_char": 1887, "end_char": 1889, "token_label": "NA"}, {"token": ".", "start_char": 1889, "end_char": 1890, "token_label": "NA"}], "news_discourse_role": 7, "news_discourse_role_prob_0": 0.0019472730346024036, "news_discourse_role_prob_1": 0.022158309817314148, "news_discourse_role_prob_2": 0.0010845743818208575, "news_discourse_role_prob_3": 0.005097922869026661, "news_discourse_role_prob_4": 0.006646472029387951, "news_discourse_role_prob_5": 0.003270101500675082, "news_discourse_role_prob_6": 0.042380716651678085, "news_discourse_role_prob_7": 0.9031671285629272, "news_discourse_role_prob_8": 0.014247523620724678, "previous_discourse_relation": 3, "previous_discourse_relation_prob_comp": 0.0013364944607019424, "previous_discourse_relation_prob_cont": 0.07031013071537018, "previous_discourse_relation_prob_temp": 6.830839993199334e-05, "previous_discourse_relation_prob_expan": 0.9282850027084351, "latter_discourse_relation": 3, "latter_discourse_relation_prob_comp": 0.00011588986671995372, "latter_discourse_relation_prob_cont": 0.0030207098461687565, "latter_discourse_relation_prob_temp": 4.7611345507903025e-05, "latter_discourse_relation_prob_expan": 0.9968158602714539}, {"sentence_id": 18, "sentence_start": 1891, "sentence_end": 2035, "sentence_text": "Left-wing advocacy group J Street said it is re-evaluating its endorsement of a congressman who praised Nation of Islam leader Louis Farrakhan.", "sentence_label": "NA", "tokens_list": ["Left-wing", "advocacy", "group", "J", "Street", "said", "it", "is", "re-evaluating", "its", "endorsement", "of", "a", "congressman", "who", "praised", "Nation", "of", "Islam", "leader", "Louis", "Farrakhan", "."], "tokens_dicts_list": [{"token": "Left-wing", "start_char": 1891, "end_char": 1900, "token_label": "NA"}, {"token": "advocacy", "start_char": 1901, "end_char": 1909, "token_label": "NA"}, {"token": "group", "start_char": 1910, "end_char": 1915, "token_label": "NA"}, {"token": "J", "start_char": 1916, "end_char": 1917, "token_label": "NA"}, {"token": "Street", "start_char": 1918, "end_char": 1924, "token_label": "NA"}, {"token": "said", "start_char": 1925, "end_char": 1929, "token_label": "NA"}, {"token": "it", "start_char": 1930, "end_char": 1932, "token_label": "NA"}, {"token": "is", "start_char": 1933, "end_char": 1935, "token_label": "NA"}, {"token": "re-evaluating", "start_char": 1936, "end_char": 1949, "token_label": "NA"}, {"token": "its", "start_char": 1950, "end_char": 1953, "token_label": "NA"}, {"token": "endorsement", "start_char": 1954, "end_char": 1965, "token_label": "NA"}, {"token": "of", "start_char": 1966, "end_char": 1968, "token_label": "NA"}, {"token": "a", "start_char": 1969, "end_char": 1970, "token_label": "NA"}, {"token": "congressman", "start_char": 1971, "end_char": 1982, "token_label": "NA"}, {"token": "who", "start_char": 1983, "end_char": 1986, "token_label": "NA"}, {"token": "praised", "start_char": 1987, "end_char": 1994, "token_label": "NA"}, {"token": "Nation", "start_char": 1995, "end_char": 2001, "token_label": "NA"}, {"token": "of", "start_char": 2002, "end_char": 2004, "token_label": "NA"}, {"token": "Islam", "start_char": 2005, "end_char": 2010, "token_label": "NA"}, {"token": "leader", "start_char": 2011, "end_char": 2017, "token_label": "NA"}, {"token": "Louis", "start_char": 2018, "end_char": 2023, "token_label": "NA"}, {"token": "Farrakhan", "start_char": 2024, "end_char": 2033, "token_label": "NA"}, {"token": ".", "start_char": 2033, "end_char": 2034, "token_label": "NA"}], "news_discourse_role": 4, "news_discourse_role_prob_0": 0.0008232663967646658, "news_discourse_role_prob_1": 0.2462085783481598, "news_discourse_role_prob_2": 0.13229747116565704, "news_discourse_role_prob_3": 0.013742800801992416, "news_discourse_role_prob_4": 0.5599247813224792, "news_discourse_role_prob_5": 0.00030224217334762216, "news_discourse_role_prob_6": 0.0020141187123954296, "news_discourse_role_prob_7": 0.034754250198602676, "news_discourse_role_prob_8": 0.009932467713952065, "previous_discourse_relation": 3, "previous_discourse_relation_prob_comp": 0.00011588986671995372, "previous_discourse_relation_prob_cont": 0.0030207098461687565, "previous_discourse_relation_prob_temp": 4.7611345507903025e-05, "previous_discourse_relation_prob_expan": 0.9968158602714539, "latter_discourse_relation": 3, "latter_discourse_relation_prob_comp": 0.0012962068431079388, "latter_discourse_relation_prob_cont": 0.04372702166438103, "latter_discourse_relation_prob_temp": 0.0019291217904537916, "latter_discourse_relation_prob_expan": 0.9530476331710815}, {"sentence_id": 19, "sentence_start": 2035, "sentence_end": 2252, "sentence_text": "JStreetPAC, the arm of the NGO that funds and endorses candidates, currently lists Rep. Danny Davis, an Illinois Democrat from the virulently anti-Semitic Farrakhan\u2019s home base of Chicago, as a candidate it supports.", "sentence_label": "Loaded_Language", "tokens_list": ["JStreetPAC", ",", "the", "arm", "of", "the", "NGO", "that", "funds", "and", "endorses", "candidates", ",", "currently", "lists", "Rep.", "Danny", "Davis", ",", "an", "Illinois", "Democrat", "from", "the", "virulently", "anti-Semitic", "Farrakhan\u2019s", "home", "base", "of", "Chicago", ",", "as", "a", "candidate", "it", "supports", "."], "tokens_dicts_list": [{"token": "JStreetPAC", "start_char": 2035, "end_char": 2045, "token_label": "NA"}, {"token": ",", "start_char": 2045, "end_char": 2046, "token_label": "NA"}, {"token": "the", "start_char": 2047, "end_char": 2050, "token_label": "NA"}, {"token": "arm", "start_char": 2051, "end_char": 2054, "token_label": "NA"}, {"token": "of", "start_char": 2055, "end_char": 2057, "token_label": "NA"}, {"token": "the", "start_char": 2058, "end_char": 2061, "token_label": "NA"}, {"token": "NGO", "start_char": 2062, "end_char": 2065, "token_label": "NA"}, {"token": "that", "start_char": 2066, "end_char": 2070, "token_label": "NA"}, {"token": "funds", "start_char": 2071, "end_char": 2076, "token_label": "NA"}, {"token": "and", "start_char": 2077, "end_char": 2080, "token_label": "NA"}, {"token": "endorses", "start_char": 2081, "end_char": 2089, "token_label": "NA"}, {"token": "candidates", "start_char": 2090, "end_char": 2100, "token_label": "NA"}, {"token": ",", "start_char": 2100, "end_char": 2101, "token_label": "NA"}, {"token": "currently", "start_char": 2102, "end_char": 2111, "token_label": "NA"}, {"token": "lists", "start_char": 2112, "end_char": 2117, "token_label": "NA"}, {"token": "Rep.", "start_char": 2118, "end_char": 2122, "token_label": "NA"}, {"token": "Danny", "start_char": 2123, "end_char": 2128, "token_label": "NA"}, {"token": "Davis", "start_char": 2129, "end_char": 2134, "token_label": "NA"}, {"token": ",", "start_char": 2134, "end_char": 2135, "token_label": "NA"}, {"token": "an", "start_char": 2136, "end_char": 2138, "token_label": "NA"}, {"token": "Illinois", "start_char": 2139, "end_char": 2147, "token_label": "NA"}, {"token": "Democrat", "start_char": 2148, "end_char": 2156, "token_label": "NA"}, {"token": "from", "start_char": 2157, "end_char": 2161, "token_label": "NA"}, {"token": "the", "start_char": 2162, "end_char": 2165, "token_label": "NA"}, {"token": "virulently", "start_char": 2166, "end_char": 2176, "token_label": "Loaded_Language"}, {"token": "anti-Semitic", "start_char": 2177, "end_char": 2189, "token_label": "Loaded_Language"}, {"token": "Farrakhan\u2019s", "start_char": 2190, "end_char": 2201, "token_label": "NA"}, {"token": "home", "start_char": 2202, "end_char": 2206, "token_label": "NA"}, {"token": "base", "start_char": 2207, "end_char": 2211, "token_label": "NA"}, {"token": "of", "start_char": 2212, "end_char": 2214, "token_label": "NA"}, {"token": "Chicago", "start_char": 2215, "end_char": 2222, "token_label": "NA"}, {"token": ",", "start_char": 2222, "end_char": 2223, "token_label": "NA"}, {"token": "as", "start_char": 2224, "end_char": 2226, "token_label": "NA"}, {"token": "a", "start_char": 2227, "end_char": 2228, "token_label": "NA"}, {"token": "candidate", "start_char": 2229, "end_char": 2238, "token_label": "NA"}, {"token": "it", "start_char": 2239, "end_char": 2241, "token_label": "NA"}, {"token": "supports", "start_char": 2242, "end_char": 2250, "token_label": "NA"}, {"token": ".", "start_char": 2250, "end_char": 2251, "token_label": "NA"}], "news_discourse_role": 4, "news_discourse_role_prob_0": 5.389460420701653e-05, "news_discourse_role_prob_1": 0.08547887951135635, "news_discourse_role_prob_2": 0.012927861884236336, "news_discourse_role_prob_3": 0.006853501778095961, "news_discourse_role_prob_4": 0.8943086266517639, "news_discourse_role_prob_5": 5.3191175538813695e-05, "news_discourse_role_prob_6": 4.0001064917305484e-05, "news_discourse_role_prob_7": 0.00019761110888794065, "news_discourse_role_prob_8": 8.645290654385462e-05, "previous_discourse_relation": 3, "previous_discourse_relation_prob_comp": 0.0012962068431079388, "previous_discourse_relation_prob_cont": 0.04372702166438103, "previous_discourse_relation_prob_temp": 0.0019291217904537916, "previous_discourse_relation_prob_expan": 0.9530476331710815, "latter_discourse_relation": 3, "latter_discourse_relation_prob_comp": 0.00047031205031089485, "latter_discourse_relation_prob_cont": 0.03564441576600075, "latter_discourse_relation_prob_temp": 0.001813143608160317, "latter_discourse_relation_prob_expan": 0.9620721340179443}, {"sentence_id": 20, "sentence_start": 2252, "sentence_end": 2371, "sentence_text": "The endorsement, first reported in the Forward, calls Davis \u201ca longtime supporter of Israel and a two-state solution.\u201d", "sentence_label": "NA", "tokens_list": ["The", "endorsement", ",", "first", "reported", "in", "the", "Forward", ",", "calls", "Davis", "\u201ca", "longtime", "supporter", "of", "Israel", "and", "a", "two-state", "solution.\u201d"], "tokens_dicts_list": [{"token": "The", "start_char": 2252, "end_char": 2255, "token_label": "NA"}, {"token": "endorsement", "start_char": 2256, "end_char": 2267, "token_label": "NA"}, {"token": ",", "start_char": 2267, "end_char": 2268, "token_label": "NA"}, {"token": "first", "start_char": 2269, "end_char": 2274, "token_label": "NA"}, {"token": "reported", "start_char": 2275, "end_char": 2283, "token_label": "NA"}, {"token": "in", "start_char": 2284, "end_char": 2286, "token_label": "NA"}, {"token": "the", "start_char": 2287, "end_char": 2290, "token_label": "NA"}, {"token": "Forward", "start_char": 2291, "end_char": 2298, "token_label": "NA"}, {"token": ",", "start_char": 2298, "end_char": 2299, "token_label": "NA"}, {"token": "calls", "start_char": 2300, "end_char": 2305, "token_label": "NA"}, {"token": "Davis", "start_char": 2306, "end_char": 2311, "token_label": "NA"}, {"token": "\u201ca", "start_char": 2312, "end_char": 2314, "token_label": "NA"}, {"token": "longtime", "start_char": 2315, "end_char": 2323, "token_label": "NA"}, {"token": "supporter", "start_char": 2324, "end_char": 2333, "token_label": "NA"}, {"token": "of", "start_char": 2334, "end_char": 2336, "token_label": "NA"}, {"token": "Israel", "start_char": 2337, "end_char": 2343, "token_label": "NA"}, {"token": "and", "start_char": 2344, "end_char": 2347, "token_label": "NA"}, {"token": "a", "start_char": 2348, "end_char": 2349, "token_label": "NA"}, {"token": "two-state", "start_char": 2350, "end_char": 2359, "token_label": "NA"}, {"token": "solution.\u201d", "start_char": 2360, "end_char": 2370, "token_label": "NA"}], "news_discourse_role": 4, "news_discourse_role_prob_0": 0.0001358822191832587, "news_discourse_role_prob_1": 0.011616146191954613, "news_discourse_role_prob_2": 0.0073279449716210365, "news_discourse_role_prob_3": 0.00822203978896141, "news_discourse_role_prob_4": 0.8829858303070068, "news_discourse_role_prob_5": 0.0007088098209351301, "news_discourse_role_prob_6": 0.001396649400703609, "news_discourse_role_prob_7": 0.0830211490392685, "news_discourse_role_prob_8": 0.004585551097989082, "previous_discourse_relation": 3, "previous_discourse_relation_prob_comp": 0.00047031205031089485, "previous_discourse_relation_prob_cont": 0.03564441576600075, "previous_discourse_relation_prob_temp": 0.001813143608160317, "previous_discourse_relation_prob_expan": 0.9620721340179443, "latter_discourse_relation": 0, "latter_discourse_relation_prob_comp": 0.5945050716400146, "latter_discourse_relation_prob_cont": 0.079074926674366, "latter_discourse_relation_prob_temp": 0.0007890364504419267, "latter_discourse_relation_prob_expan": 0.32563096284866333}, {"sentence_id": 21, "sentence_start": 2371, "sentence_end": 2459, "sentence_text": "In J Street's home dimension of Oceania, supporter of Israel means Farrakhan supporter.", "sentence_label": "Black-and-White_Fallacy", "tokens_list": ["In", "J", "Street", "'s", "home", "dimension", "of", "Oceania", ",", "supporter", "of", "Israel", "means", "Farrakhan", "supporter", "."], "tokens_dicts_list": [{"token": "In", "start_char": 2371, "end_char": 2373, "token_label": "NA"}, {"token": "J", "start_char": 2374, "end_char": 2375, "token_label": "NA"}, {"token": "Street", "start_char": 2376, "end_char": 2382, "token_label": "NA"}, {"token": "'s", "start_char": 2382, "end_char": 2384, "token_label": "NA"}, {"token": "home", "start_char": 2385, "end_char": 2389, "token_label": "NA"}, {"token": "dimension", "start_char": 2390, "end_char": 2399, "token_label": "NA"}, {"token": "of", "start_char": 2400, "end_char": 2402, "token_label": "NA"}, {"token": "Oceania", "start_char": 2403, "end_char": 2410, "token_label": "NA"}, {"token": ",", "start_char": 2410, "end_char": 2411, "token_label": "NA"}, {"token": "supporter", "start_char": 2412, "end_char": 2421, "token_label": "Black-and-White_Fallacy"}, {"token": "of", "start_char": 2422, "end_char": 2424, "token_label": "Black-and-White_Fallacy"}, {"token": "Israel", "start_char": 2425, "end_char": 2431, "token_label": "Black-and-White_Fallacy"}, {"token": "means", "start_char": 2432, "end_char": 2437, "token_label": "Black-and-White_Fallacy"}, {"token": "Farrakhan", "start_char": 2438, "end_char": 2447, "token_label": "Black-and-White_Fallacy"}, {"token": "supporter", "start_char": 2448, "end_char": 2457, "token_label": "Black-and-White_Fallacy"}, {"token": ".", "start_char": 2457, "end_char": 2458, "token_label": "Black-and-White_Fallacy"}], "news_discourse_role": 4, "news_discourse_role_prob_0": 0.00017326153465546668, "news_discourse_role_prob_1": 0.0006634817109443247, "news_discourse_role_prob_2": 0.00392482616007328, "news_discourse_role_prob_3": 0.0010106791742146015, "news_discourse_role_prob_4": 0.8135822415351868, "news_discourse_role_prob_5": 0.002567568328231573, "news_discourse_role_prob_6": 0.004772312473505735, "news_discourse_role_prob_7": 0.16895198822021484, "news_discourse_role_prob_8": 0.004353620577603579, "previous_discourse_relation": 0, "previous_discourse_relation_prob_comp": 0.5945050716400146, "previous_discourse_relation_prob_cont": 0.079074926674366, "previous_discourse_relation_prob_temp": 0.0007890364504419267, "previous_discourse_relation_prob_expan": 0.32563096284866333, "latter_discourse_relation": 3, "latter_discourse_relation_prob_comp": 0.0010247925529256463, "latter_discourse_relation_prob_cont": 0.03631870821118355, "latter_discourse_relation_prob_temp": 0.00047437194734811783, "latter_discourse_relation_prob_expan": 0.9621821641921997}, {"sentence_id": 22, "sentence_start": 2459, "sentence_end": 2527, "sentence_text": "\u201cWe take anti-Semitism quite seriously,\u201d J Street\u2019s statement read.", "sentence_label": "NA", "tokens_list": ["\u201cWe", "take", "anti-Semitism", "quite", "seriously", ",", "\u201d", "J", "Street\u2019s", "statement", "read", "."], "tokens_dicts_list": [{"token": "\u201cWe", "start_char": 2459, "end_char": 2462, "token_label": "NA"}, {"token": "take", "start_char": 2463, "end_char": 2467, "token_label": "NA"}, {"token": "anti-Semitism", "start_char": 2468, "end_char": 2481, "token_label": "NA"}, {"token": "quite", "start_char": 2482, "end_char": 2487, "token_label": "NA"}, {"token": "seriously", "start_char": 2488, "end_char": 2497, "token_label": "NA"}, {"token": ",", "start_char": 2497, "end_char": 2498, "token_label": "NA"}, {"token": "\u201d", "start_char": 2498, "end_char": 2499, "token_label": "NA"}, {"token": "J", "start_char": 2500, "end_char": 2501, "token_label": "NA"}, {"token": "Street\u2019s", "start_char": 2502, "end_char": 2510, "token_label": "NA"}, {"token": "statement", "start_char": 2511, "end_char": 2520, "token_label": "NA"}, {"token": "read", "start_char": 2521, "end_char": 2525, "token_label": "NA"}, {"token": ".", "start_char": 2525, "end_char": 2526, "token_label": "NA"}], "news_discourse_role": 7, "news_discourse_role_prob_0": 3.1918854801915586e-05, "news_discourse_role_prob_1": 0.0040961978957057, "news_discourse_role_prob_2": 0.0008729788823984563, "news_discourse_role_prob_3": 0.0008659330196678638, "news_discourse_role_prob_4": 0.00823510717600584, "news_discourse_role_prob_5": 0.000555938109755516, "news_discourse_role_prob_6": 0.004076722078025341, "news_discourse_role_prob_7": 0.9237050414085388, "news_discourse_role_prob_8": 0.05756019428372383, "previous_discourse_relation": 3, "previous_discourse_relation_prob_comp": 0.0010247925529256463, "previous_discourse_relation_prob_cont": 0.03631870821118355, "previous_discourse_relation_prob_temp": 0.00047437194734811783, "previous_discourse_relation_prob_expan": 0.9621821641921997, "latter_discourse_relation": 3, "latter_discourse_relation_prob_comp": 0.00042743782978504896, "latter_discourse_relation_prob_cont": 0.0029723974876105785, "latter_discourse_relation_prob_temp": 0.0003566024824976921, "latter_discourse_relation_prob_expan": 0.9962435960769653}, {"sentence_id": 23, "sentence_start": 2527, "sentence_end": 2613, "sentence_text": "\u201cWe are currently in conversation with Representative Davis\u2019 office about this issue.", "sentence_label": "NA", "tokens_list": ["\u201cWe", "are", "currently", "in", "conversation", "with", "Representative", "Davis\u2019", "office", "about", "this", "issue", "."], "tokens_dicts_list": [{"token": "\u201cWe", "start_char": 2527, "end_char": 2530, "token_label": "NA"}, {"token": "are", "start_char": 2531, "end_char": 2534, "token_label": "NA"}, {"token": "currently", "start_char": 2535, "end_char": 2544, "token_label": "NA"}, {"token": "in", "start_char": 2545, "end_char": 2547, "token_label": "NA"}, {"token": "conversation", "start_char": 2548, "end_char": 2560, "token_label": "NA"}, {"token": "with", "start_char": 2561, "end_char": 2565, "token_label": "NA"}, {"token": "Representative", "start_char": 2566, "end_char": 2580, "token_label": "NA"}, {"token": "Davis\u2019", "start_char": 2581, "end_char": 2587, "token_label": "NA"}, {"token": "office", "start_char": 2588, "end_char": 2594, "token_label": "NA"}, {"token": "about", "start_char": 2595, "end_char": 2600, "token_label": "NA"}, {"token": "this", "start_char": 2601, "end_char": 2605, "token_label": "NA"}, {"token": "issue", "start_char": 2606, "end_char": 2611, "token_label": "NA"}, {"token": ".", "start_char": 2611, "end_char": 2612, "token_label": "NA"}], "news_discourse_role": 4, "news_discourse_role_prob_0": 7.404144707834348e-05, "news_discourse_role_prob_1": 0.007003925275057554, "news_discourse_role_prob_2": 0.012747484259307384, "news_discourse_role_prob_3": 0.0010139765217900276, "news_discourse_role_prob_4": 0.9358092546463013, "news_discourse_role_prob_5": 0.00020096247317269444, "news_discourse_role_prob_6": 0.0011441617971286178, "news_discourse_role_prob_7": 0.030593683943152428, "news_discourse_role_prob_8": 0.011412558145821095, "previous_discourse_relation": 3, "previous_discourse_relation_prob_comp": 0.00042743782978504896, "previous_discourse_relation_prob_cont": 0.0029723974876105785, "previous_discourse_relation_prob_temp": 0.0003566024824976921, "previous_discourse_relation_prob_expan": 0.9962435960769653, "latter_discourse_relation": 3, "latter_discourse_relation_prob_comp": 0.0455671064555645, "latter_discourse_relation_prob_cont": 0.0331028588116169, "latter_discourse_relation_prob_temp": 0.021652385592460632, "latter_discourse_relation_prob_expan": 0.899677574634552}, {"sentence_id": 24, "sentence_start": 2613, "sentence_end": 2678, "sentence_text": "We will get back to you shortly with a more extensive response.\u201d", "sentence_label": "NA", "tokens_list": ["We", "will", "get", "back", "to", "you", "shortly", "with", "a", "more", "extensive", "response.\u201d"], "tokens_dicts_list": [{"token": "We", "start_char": 2613, "end_char": 2615, "token_label": "NA"}, {"token": "will", "start_char": 2616, "end_char": 2620, "token_label": "NA"}, {"token": "get", "start_char": 2621, "end_char": 2624, "token_label": "NA"}, {"token": "back", "start_char": 2625, "end_char": 2629, "token_label": "NA"}, {"token": "to", "start_char": 2630, "end_char": 2632, "token_label": "NA"}, {"token": "you", "start_char": 2633, "end_char": 2636, "token_label": "NA"}, {"token": "shortly", "start_char": 2637, "end_char": 2644, "token_label": "NA"}, {"token": "with", "start_char": 2645, "end_char": 2649, "token_label": "NA"}, {"token": "a", "start_char": 2650, "end_char": 2651, "token_label": "NA"}, {"token": "more", "start_char": 2652, "end_char": 2656, "token_label": "NA"}, {"token": "extensive", "start_char": 2657, "end_char": 2666, "token_label": "NA"}, {"token": "response.\u201d", "start_char": 2667, "end_char": 2677, "token_label": "NA"}], "news_discourse_role": 8, "news_discourse_role_prob_0": 0.0003097066655755043, "news_discourse_role_prob_1": 0.0022287205792963505, "news_discourse_role_prob_2": 0.014342812821269035, "news_discourse_role_prob_3": 0.00024002788995858282, "news_discourse_role_prob_4": 0.05180138722062111, "news_discourse_role_prob_5": 0.0003820628335233778, "news_discourse_role_prob_6": 0.0031762768048793077, "news_discourse_role_prob_7": 0.01436546165496111, "news_discourse_role_prob_8": 0.9131535291671753, "previous_discourse_relation": 3, "previous_discourse_relation_prob_comp": 0.0455671064555645, "previous_discourse_relation_prob_cont": 0.0331028588116169, "previous_discourse_relation_prob_temp": 0.021652385592460632, "previous_discourse_relation_prob_expan": 0.899677574634552, "latter_discourse_relation": 3, "latter_discourse_relation_prob_comp": 0.07321298867464066, "latter_discourse_relation_prob_cont": 0.2115655541419983, "latter_discourse_relation_prob_temp": 0.0019418695010244846, "latter_discourse_relation_prob_expan": 0.713279664516449}, {"sentence_id": 25, "sentence_start": 2678, "sentence_end": 2807, "sentence_text": "So seriously that J Street can't decide what to do about a politician who defends a Hitler-lover and raises the Jewish Question.", "sentence_label": "Doubt", "tokens_list": ["So", "seriously", "that", "J", "Street", "ca", "n't", "decide", "what", "to", "do", "about", "a", "politician", "who", "defends", "a", "Hitler-lover", "and", "raises", "the", "Jewish", "Question", "."], "tokens_dicts_list": [{"token": "So", "start_char": 2678, "end_char": 2680, "token_label": "Doubt"}, {"token": "seriously", "start_char": 2681, "end_char": 2690, "token_label": "Doubt"}, {"token": "that", "start_char": 2691, "end_char": 2695, "token_label": "Doubt"}, {"token": "J", "start_char": 2696, "end_char": 2697, "token_label": "Doubt"}, {"token": "Street", "start_char": 2698, "end_char": 2704, "token_label": "Doubt"}, {"token": "ca", "start_char": 2705, "end_char": 2707, "token_label": "Doubt"}, {"token": "n't", "start_char": 2707, "end_char": 2710, "token_label": "Doubt"}, {"token": "decide", "start_char": 2711, "end_char": 2717, "token_label": "Doubt"}, {"token": "what", "start_char": 2718, "end_char": 2722, "token_label": "NA"}, {"token": "to", "start_char": 2723, "end_char": 2725, "token_label": "NA"}, {"token": "do", "start_char": 2726, "end_char": 2728, "token_label": "NA"}, {"token": "about", "start_char": 2729, "end_char": 2734, "token_label": "NA"}, {"token": "a", "start_char": 2735, "end_char": 2736, "token_label": "NA"}, {"token": "politician", "start_char": 2737, "end_char": 2747, "token_label": "NA"}, {"token": "who", "start_char": 2748, "end_char": 2751, "token_label": "NA"}, {"token": "defends", "start_char": 2752, "end_char": 2759, "token_label": "NA"}, {"token": "a", "start_char": 2760, "end_char": 2761, "token_label": "Name_Calling,Labeling"}, {"token": "Hitler-lover", "start_char": 2762, "end_char": 2774, "token_label": "Name_Calling,Labeling"}, {"token": "and", "start_char": 2775, "end_char": 2778, "token_label": "NA"}, {"token": "raises", "start_char": 2779, "end_char": 2785, "token_label": "NA"}, {"token": "the", "start_char": 2786, "end_char": 2789, "token_label": "NA"}, {"token": "Jewish", "start_char": 2790, "end_char": 2796, "token_label": "NA"}, {"token": "Question", "start_char": 2797, "end_char": 2805, "token_label": "NA"}, {"token": ".", "start_char": 2805, "end_char": 2806, "token_label": "NA"}], "news_discourse_role": 7, "news_discourse_role_prob_0": 0.0005238907760940492, "news_discourse_role_prob_1": 0.00672534853219986, "news_discourse_role_prob_2": 0.000504370778799057, "news_discourse_role_prob_3": 0.007782031781971455, "news_discourse_role_prob_4": 0.009235515259206295, "news_discourse_role_prob_5": 0.0016377086285501719, "news_discourse_role_prob_6": 0.02184189297258854, "news_discourse_role_prob_7": 0.9436931014060974, "news_discourse_role_prob_8": 0.00805623084306717, "previous_discourse_relation": 3, "previous_discourse_relation_prob_comp": 0.07321298867464066, "previous_discourse_relation_prob_cont": 0.2115655541419983, "previous_discourse_relation_prob_temp": 0.0019418695010244846, "previous_discourse_relation_prob_expan": 0.713279664516449, "latter_discourse_relation": 3, "latter_discourse_relation_prob_comp": 0.24826474487781525, "latter_discourse_relation_prob_cont": 0.11151280254125595, "latter_discourse_relation_prob_temp": 0.0029711879324167967, "latter_discourse_relation_prob_expan": 0.6372513175010681}, {"sentence_id": 26, "sentence_start": 2807, "sentence_end": 2833, "sentence_text": "That's serious all right.", "sentence_label": "NA", "tokens_list": ["That", "'s", "serious", "all", "right", "."], "tokens_dicts_list": [{"token": "That", "start_char": 2807, "end_char": 2811, "token_label": "NA"}, {"token": "'s", "start_char": 2811, "end_char": 2813, "token_label": "NA"}, {"token": "serious", "start_char": 2814, "end_char": 2821, "token_label": "NA"}, {"token": "all", "start_char": 2822, "end_char": 2825, "token_label": "NA"}, {"token": "right", "start_char": 2826, "end_char": 2831, "token_label": "NA"}, {"token": ".", "start_char": 2831, "end_char": 2832, "token_label": "NA"}], "news_discourse_role": 7, "news_discourse_role_prob_0": 0.0007594566559419036, "news_discourse_role_prob_1": 0.0035672669764608145, "news_discourse_role_prob_2": 0.0002751988940872252, "news_discourse_role_prob_3": 0.0024113154504448175, "news_discourse_role_prob_4": 0.003971450496464968, "news_discourse_role_prob_5": 0.0013663246063515544, "news_discourse_role_prob_6": 0.033611685037612915, "news_discourse_role_prob_7": 0.9470588564872742, "news_discourse_role_prob_8": 0.006978536956012249, "previous_discourse_relation": 3, "previous_discourse_relation_prob_comp": 0.24826474487781525, "previous_discourse_relation_prob_cont": 0.11151280254125595, "previous_discourse_relation_prob_temp": 0.0029711879324167967, "previous_discourse_relation_prob_expan": 0.6372513175010681, "latter_discourse_relation": 3, "latter_discourse_relation_prob_comp": 0.0002285760419908911, "latter_discourse_relation_prob_cont": 0.0028213788755238056, "latter_discourse_relation_prob_temp": 2.3206921468954533e-05, "latter_discourse_relation_prob_expan": 0.9969268441200256}, {"sentence_id": 27, "sentence_start": 2833, "sentence_end": 2849, "sentence_text": "Seriously Kapo.", "sentence_label": "NA", "tokens_list": ["Seriously", "Kapo", "."], "tokens_dicts_list": [{"token": "Seriously", "start_char": 2833, "end_char": 2842, "token_label": "NA"}, {"token": "Kapo", "start_char": 2843, "end_char": 2847, "token_label": "NA"}, {"token": ".", "start_char": 2847, "end_char": 2848, "token_label": "NA"}], "news_discourse_role": 7, "news_discourse_role_prob_0": 0.0030258868355304003, "news_discourse_role_prob_1": 0.004618654493242502, "news_discourse_role_prob_2": 0.0005861698882654309, "news_discourse_role_prob_3": 0.006067370064556599, "news_discourse_role_prob_4": 0.012857584282755852, "news_discourse_role_prob_5": 0.004483430180698633, "news_discourse_role_prob_6": 0.041412353515625, "news_discourse_role_prob_7": 0.9205136895179749, "news_discourse_role_prob_8": 0.006434834096580744, "previous_discourse_relation": 3, "previous_discourse_relation_prob_comp": 0.0002285760419908911, "previous_discourse_relation_prob_cont": 0.0028213788755238056, "previous_discourse_relation_prob_temp": 2.3206921468954533e-05, "previous_discourse_relation_prob_expan": 0.9969268441200256, "latter_discourse_relation": -1}]}