{"file_name": "./Propaganda/json_annotations/train/article694811415.json", "num_sentences": 20, "sentences": [{"sentence_id": 0, "sentence_start": 0, "sentence_end": 79, "sentence_text": "\u201cIt\u2019s gotta be a set-up\u201d: Neighbor of Las Vegas Shooter Claims He Didn\u2019t Do It", "sentence_label": "Doubt", "tokens_list": ["\u201cIt\u2019s", "got", "ta", "be", "a", "set-up\u201d", ":", "Neighbor", "of", "Las", "Vegas", "Shooter", "Claims", "He", "Didn\u2019t", "Do", "It"], "tokens_dicts_list": [{"token": "\u201cIt\u2019s", "start_char": 0, "end_char": 5, "token_label": "Doubt"}, {"token": "got", "start_char": 6, "end_char": 9, "token_label": "Doubt"}, {"token": "ta", "start_char": 9, "end_char": 11, "token_label": "Doubt"}, {"token": "be", "start_char": 12, "end_char": 14, "token_label": "Doubt"}, {"token": "a", "start_char": 15, "end_char": 16, "token_label": "Doubt"}, {"token": "set-up\u201d", "start_char": 17, "end_char": 24, "token_label": "Doubt"}, {"token": ":", "start_char": 24, "end_char": 25, "token_label": "NA"}, {"token": "Neighbor", "start_char": 26, "end_char": 34, "token_label": "NA"}, {"token": "of", "start_char": 35, "end_char": 37, "token_label": "NA"}, {"token": "Las", "start_char": 38, "end_char": 41, "token_label": "NA"}, {"token": "Vegas", "start_char": 42, "end_char": 47, "token_label": "NA"}, {"token": "Shooter", "start_char": 48, "end_char": 55, "token_label": "NA"}, {"token": "Claims", "start_char": 56, "end_char": 62, "token_label": "NA"}, {"token": "He", "start_char": 63, "end_char": 65, "token_label": "NA"}, {"token": "Didn\u2019t", "start_char": 66, "end_char": 72, "token_label": "NA"}, {"token": "Do", "start_char": 73, "end_char": 75, "token_label": "NA"}, {"token": "It", "start_char": 76, "end_char": 78, "token_label": "NA"}], "news_discourse_role": 0, "news_discourse_role_prob_0": 0.9926149845123291, "news_discourse_role_prob_1": 0.005262269638478756, "news_discourse_role_prob_2": 5.835705087520182e-05, "news_discourse_role_prob_3": 0.0002647210203576833, "news_discourse_role_prob_4": 0.00020145290181972086, "news_discourse_role_prob_5": 0.00018117910076398402, "news_discourse_role_prob_6": 0.00016777338169049472, "news_discourse_role_prob_7": 0.0011386731639504433, "news_discourse_role_prob_8": 0.0001106415074900724, "latter_discourse_relation": 3, "latter_discourse_relation_prob_comp": 0.011209328658878803, "latter_discourse_relation_prob_cont": 0.0015697965864092112, "latter_discourse_relation_prob_temp": 0.00740083446726203, "latter_discourse_relation_prob_expan": 0.9798199534416199, "previous_discourse_relation": -1}, {"sentence_id": 1, "sentence_start": 80, "sentence_end": 155, "sentence_text": "This report was originally published by Paul Joseph Watson at Infowars.com", "sentence_label": "NA", "tokens_list": ["This", "report", "was", "originally", "published", "by", "Paul", "Joseph", "Watson", "at", "Infowars.com"], "tokens_dicts_list": [{"token": "This", "start_char": 80, "end_char": 84, "token_label": "NA"}, {"token": "report", "start_char": 85, "end_char": 91, "token_label": "NA"}, {"token": "was", "start_char": 92, "end_char": 95, "token_label": "NA"}, {"token": "originally", "start_char": 96, "end_char": 106, "token_label": "NA"}, {"token": "published", "start_char": 107, "end_char": 116, "token_label": "NA"}, {"token": "by", "start_char": 117, "end_char": 119, "token_label": "NA"}, {"token": "Paul", "start_char": 120, "end_char": 124, "token_label": "NA"}, {"token": "Joseph", "start_char": 125, "end_char": 131, "token_label": "NA"}, {"token": "Watson", "start_char": 132, "end_char": 138, "token_label": "NA"}, {"token": "at", "start_char": 139, "end_char": 141, "token_label": "NA"}, {"token": "Infowars.com", "start_char": 142, "end_char": 154, "token_label": "NA"}], "news_discourse_role": 0, "news_discourse_role_prob_0": 0.9151490926742554, "news_discourse_role_prob_1": 0.00020685247727669775, "news_discourse_role_prob_2": 0.0007695785025134683, "news_discourse_role_prob_3": 0.0006381904240697622, "news_discourse_role_prob_4": 0.08081039041280746, "news_discourse_role_prob_5": 0.0022788802161812782, "news_discourse_role_prob_6": 1.0886971722356975e-05, "news_discourse_role_prob_7": 0.00012542420881800354, "news_discourse_role_prob_8": 1.0678395483409986e-05, "previous_discourse_relation": 3, "previous_discourse_relation_prob_comp": 0.011209328658878803, "previous_discourse_relation_prob_cont": 0.0015697965864092112, "previous_discourse_relation_prob_temp": 0.00740083446726203, "previous_discourse_relation_prob_expan": 0.9798199534416199, "latter_discourse_relation": 3, "latter_discourse_relation_prob_comp": 0.04923435300588608, "latter_discourse_relation_prob_cont": 0.006057756952941418, "latter_discourse_relation_prob_temp": 0.011334170587360859, "latter_discourse_relation_prob_expan": 0.9333736300468445}, {"sentence_id": 2, "sentence_start": 155, "sentence_end": 359, "sentence_text": "A caller to the Michael Savage radio show who says he was neighbors with Las Vegas gunman Stephen Paddock asserts that Paddock could not have carried out the massacre and that it was actually a \u201cset-up\u201d.", "sentence_label": "Black-and-White_Fallacy", "tokens_list": ["A", "caller", "to", "the", "Michael", "Savage", "radio", "show", "who", "says", "he", "was", "neighbors", "with", "Las", "Vegas", "gunman", "Stephen", "Paddock", "asserts", "that", "Paddock", "could", "not", "have", "carried", "out", "the", "massacre", "and", "that", "it", "was", "actually", "a", "\u201cset-up\u201d", "."], "tokens_dicts_list": [{"token": "A", "start_char": 155, "end_char": 156, "token_label": "NA"}, {"token": "caller", "start_char": 157, "end_char": 163, "token_label": "NA"}, {"token": "to", "start_char": 164, "end_char": 166, "token_label": "NA"}, {"token": "the", "start_char": 167, "end_char": 170, "token_label": "NA"}, {"token": "Michael", "start_char": 171, "end_char": 178, "token_label": "NA"}, {"token": "Savage", "start_char": 179, "end_char": 185, "token_label": "NA"}, {"token": "radio", "start_char": 186, "end_char": 191, "token_label": "NA"}, {"token": "show", "start_char": 192, "end_char": 196, "token_label": "NA"}, {"token": "who", "start_char": 197, "end_char": 200, "token_label": "NA"}, {"token": "says", "start_char": 201, "end_char": 205, "token_label": "NA"}, {"token": "he", "start_char": 206, "end_char": 208, "token_label": "NA"}, {"token": "was", "start_char": 209, "end_char": 212, "token_label": "NA"}, {"token": "neighbors", "start_char": 213, "end_char": 222, "token_label": "NA"}, {"token": "with", "start_char": 223, "end_char": 227, "token_label": "NA"}, {"token": "Las", "start_char": 228, "end_char": 231, "token_label": "NA"}, {"token": "Vegas", "start_char": 232, "end_char": 237, "token_label": "NA"}, {"token": "gunman", "start_char": 238, "end_char": 244, "token_label": "NA"}, {"token": "Stephen", "start_char": 245, "end_char": 252, "token_label": "NA"}, {"token": "Paddock", "start_char": 253, "end_char": 260, "token_label": "NA"}, {"token": "asserts", "start_char": 261, "end_char": 268, "token_label": "NA"}, {"token": "that", "start_char": 269, "end_char": 273, "token_label": "NA"}, {"token": "Paddock", "start_char": 274, "end_char": 281, "token_label": "Black-and-White_Fallacy"}, {"token": "could", "start_char": 282, "end_char": 287, "token_label": "Black-and-White_Fallacy"}, {"token": "not", "start_char": 288, "end_char": 291, "token_label": "Black-and-White_Fallacy"}, {"token": "have", "start_char": 292, "end_char": 296, "token_label": "Black-and-White_Fallacy"}, {"token": "carried", "start_char": 297, "end_char": 304, "token_label": "Black-and-White_Fallacy"}, {"token": "out", "start_char": 305, "end_char": 308, "token_label": "Black-and-White_Fallacy"}, {"token": "the", "start_char": 309, "end_char": 312, "token_label": "Black-and-White_Fallacy"}, {"token": "massacre", "start_char": 313, "end_char": 321, "token_label": "Black-and-White_Fallacy"}, {"token": "and", "start_char": 322, "end_char": 325, "token_label": "NA"}, {"token": "that", "start_char": 326, "end_char": 330, "token_label": "NA"}, {"token": "it", "start_char": 331, "end_char": 333, "token_label": "NA"}, {"token": "was", "start_char": 334, "end_char": 337, "token_label": "NA"}, {"token": "actually", "start_char": 338, "end_char": 346, "token_label": "NA"}, {"token": "a", "start_char": 347, "end_char": 348, "token_label": "NA"}, {"token": "\u201cset-up\u201d", "start_char": 349, "end_char": 357, "token_label": "NA"}, {"token": ".", "start_char": 357, "end_char": 358, "token_label": "NA"}], "news_discourse_role": 1, "news_discourse_role_prob_0": 0.006021848879754543, "news_discourse_role_prob_1": 0.9453005194664001, "news_discourse_role_prob_2": 0.0024200105108320713, "news_discourse_role_prob_3": 0.028764383867383003, "news_discourse_role_prob_4": 0.01400670688599348, "news_discourse_role_prob_5": 0.00013704966113436967, "news_discourse_role_prob_6": 0.00020947020675521344, "news_discourse_role_prob_7": 0.002400011522695422, "news_discourse_role_prob_8": 0.0007400459726341069, "previous_discourse_relation": 3, "previous_discourse_relation_prob_comp": 0.04923435300588608, "previous_discourse_relation_prob_cont": 0.006057756952941418, "previous_discourse_relation_prob_temp": 0.011334170587360859, "previous_discourse_relation_prob_expan": 0.9333736300468445, "latter_discourse_relation": 3, "latter_discourse_relation_prob_comp": 0.0046343374997377396, "latter_discourse_relation_prob_cont": 0.0004912842996418476, "latter_discourse_relation_prob_temp": 0.0012551122345030308, "latter_discourse_relation_prob_expan": 0.9936191439628601}, {"sentence_id": 3, "sentence_start": 359, "sentence_end": 497, "sentence_text": "The man, a former Marine who called himself Rick, says he was Paddock\u2019s neighbor between December 2015 and June 2016 in Mesquite, Nevada.", "sentence_label": "NA", "tokens_list": ["The", "man", ",", "a", "former", "Marine", "who", "called", "himself", "Rick", ",", "says", "he", "was", "Paddock\u2019s", "neighbor", "between", "December", "2015", "and", "June", "2016", "in", "Mesquite", ",", "Nevada", "."], "tokens_dicts_list": [{"token": "The", "start_char": 359, "end_char": 362, "token_label": "NA"}, {"token": "man", "start_char": 363, "end_char": 366, "token_label": "NA"}, {"token": ",", "start_char": 366, "end_char": 367, "token_label": "NA"}, {"token": "a", "start_char": 368, "end_char": 369, "token_label": "NA"}, {"token": "former", "start_char": 370, "end_char": 376, "token_label": "NA"}, {"token": "Marine", "start_char": 377, "end_char": 383, "token_label": "NA"}, {"token": "who", "start_char": 384, "end_char": 387, "token_label": "NA"}, {"token": "called", "start_char": 388, "end_char": 394, "token_label": "NA"}, {"token": "himself", "start_char": 395, "end_char": 402, "token_label": "NA"}, {"token": "Rick", "start_char": 403, "end_char": 407, "token_label": "NA"}, {"token": ",", "start_char": 407, "end_char": 408, "token_label": "NA"}, {"token": "says", "start_char": 409, "end_char": 413, "token_label": "NA"}, {"token": "he", "start_char": 414, "end_char": 416, "token_label": "NA"}, {"token": "was", "start_char": 417, "end_char": 420, "token_label": "NA"}, {"token": "Paddock\u2019s", "start_char": 421, "end_char": 430, "token_label": "NA"}, {"token": "neighbor", "start_char": 431, "end_char": 439, "token_label": "NA"}, {"token": "between", "start_char": 440, "end_char": 447, "token_label": "NA"}, {"token": "December", "start_char": 448, "end_char": 456, "token_label": "NA"}, {"token": "2015", "start_char": 457, "end_char": 461, "token_label": "NA"}, {"token": "and", "start_char": 462, "end_char": 465, "token_label": "NA"}, {"token": "June", "start_char": 466, "end_char": 470, "token_label": "NA"}, {"token": "2016", "start_char": 471, "end_char": 475, "token_label": "NA"}, {"token": "in", "start_char": 476, "end_char": 478, "token_label": "NA"}, {"token": "Mesquite", "start_char": 479, "end_char": 487, "token_label": "NA"}, {"token": ",", "start_char": 487, "end_char": 488, "token_label": "NA"}, {"token": "Nevada", "start_char": 489, "end_char": 495, "token_label": "NA"}, {"token": ".", "start_char": 495, "end_char": 496, "token_label": "NA"}], "news_discourse_role": 4, "news_discourse_role_prob_0": 0.0057656425051391125, "news_discourse_role_prob_1": 0.021248621866106987, "news_discourse_role_prob_2": 0.006622753106057644, "news_discourse_role_prob_3": 0.15398581326007843, "news_discourse_role_prob_4": 0.6763575077056885, "news_discourse_role_prob_5": 0.09014955163002014, "news_discourse_role_prob_6": 0.01887102983891964, "news_discourse_role_prob_7": 0.026593882590532303, "news_discourse_role_prob_8": 0.0004051506984978914, "previous_discourse_relation": 3, "previous_discourse_relation_prob_comp": 0.0046343374997377396, "previous_discourse_relation_prob_cont": 0.0004912842996418476, "previous_discourse_relation_prob_temp": 0.0012551122345030308, "previous_discourse_relation_prob_expan": 0.9936191439628601, "latter_discourse_relation": 3, "latter_discourse_relation_prob_comp": 0.004489617422223091, "latter_discourse_relation_prob_cont": 0.0051724291406571865, "latter_discourse_relation_prob_temp": 0.008013645187020302, "latter_discourse_relation_prob_expan": 0.9823243618011475}, {"sentence_id": 4, "sentence_start": 497, "sentence_end": 674, "sentence_text": "\u201cI can tell you 100% this is not that kind of guy,\u201d said Rick, adding that he would see Paddock every other day and that the two would go to a local bar and play slot machines.", "sentence_label": "Appeal_to_Authority", "tokens_list": ["\u201cI", "can", "tell", "you", "100", "%", "this", "is", "not", "that", "kind", "of", "guy", ",", "\u201d", "said", "Rick", ",", "adding", "that", "he", "would", "see", "Paddock", "every", "other", "day", "and", "that", "the", "two", "would", "go", "to", "a", "local", "bar", "and", "play", "slot", "machines", "."], "tokens_dicts_list": [{"token": "\u201cI", "start_char": 497, "end_char": 499, "token_label": "Appeal_to_Authority"}, {"token": "can", "start_char": 500, "end_char": 503, "token_label": "Appeal_to_Authority"}, {"token": "tell", "start_char": 504, "end_char": 508, "token_label": "Appeal_to_Authority"}, {"token": "you", "start_char": 509, "end_char": 512, "token_label": "Appeal_to_Authority"}, {"token": "100", "start_char": 513, "end_char": 516, "token_label": "Appeal_to_Authority"}, {"token": "%", "start_char": 516, "end_char": 517, "token_label": "Appeal_to_Authority"}, {"token": "this", "start_char": 518, "end_char": 522, "token_label": "Appeal_to_Authority"}, {"token": "is", "start_char": 523, "end_char": 525, "token_label": "Appeal_to_Authority"}, {"token": "not", "start_char": 526, "end_char": 529, "token_label": "Appeal_to_Authority"}, {"token": "that", "start_char": 530, "end_char": 534, "token_label": "Appeal_to_Authority"}, {"token": "kind", "start_char": 535, "end_char": 539, "token_label": "Appeal_to_Authority"}, {"token": "of", "start_char": 540, "end_char": 542, "token_label": "Appeal_to_Authority"}, {"token": "guy", "start_char": 543, "end_char": 546, "token_label": "Appeal_to_Authority"}, {"token": ",", "start_char": 546, "end_char": 547, "token_label": "NA"}, {"token": "\u201d", "start_char": 547, "end_char": 548, "token_label": "NA"}, {"token": "said", "start_char": 549, "end_char": 553, "token_label": "NA"}, {"token": "Rick", "start_char": 554, "end_char": 558, "token_label": "NA"}, {"token": ",", "start_char": 558, "end_char": 559, "token_label": "NA"}, {"token": "adding", "start_char": 560, "end_char": 566, "token_label": "NA"}, {"token": "that", "start_char": 567, "end_char": 571, "token_label": "NA"}, {"token": "he", "start_char": 572, "end_char": 574, "token_label": "NA"}, {"token": "would", "start_char": 575, "end_char": 580, "token_label": "NA"}, {"token": "see", "start_char": 581, "end_char": 584, "token_label": "NA"}, {"token": "Paddock", "start_char": 585, "end_char": 592, "token_label": "NA"}, {"token": "every", "start_char": 593, "end_char": 598, "token_label": "NA"}, {"token": "other", "start_char": 599, "end_char": 604, "token_label": "NA"}, {"token": "day", "start_char": 605, "end_char": 608, "token_label": "NA"}, {"token": "and", "start_char": 609, "end_char": 612, "token_label": "NA"}, {"token": "that", "start_char": 613, "end_char": 617, "token_label": "NA"}, {"token": "the", "start_char": 618, "end_char": 621, "token_label": "NA"}, {"token": "two", "start_char": 622, "end_char": 625, "token_label": "NA"}, {"token": "would", "start_char": 626, "end_char": 631, "token_label": "NA"}, {"token": "go", "start_char": 632, "end_char": 634, "token_label": "NA"}, {"token": "to", "start_char": 635, "end_char": 637, "token_label": "NA"}, {"token": "a", "start_char": 638, "end_char": 639, "token_label": "NA"}, {"token": "local", "start_char": 640, "end_char": 645, "token_label": "NA"}, {"token": "bar", "start_char": 646, "end_char": 649, "token_label": "NA"}, {"token": "and", "start_char": 650, "end_char": 653, "token_label": "NA"}, {"token": "play", "start_char": 654, "end_char": 658, "token_label": "NA"}, {"token": "slot", "start_char": 659, "end_char": 663, "token_label": "NA"}, {"token": "machines", "start_char": 664, "end_char": 672, "token_label": "NA"}, {"token": ".", "start_char": 672, "end_char": 673, "token_label": "NA"}], "news_discourse_role": 7, "news_discourse_role_prob_0": 0.0006848634220659733, "news_discourse_role_prob_1": 0.04561516270041466, "news_discourse_role_prob_2": 0.0007330367807298899, "news_discourse_role_prob_3": 0.023018084466457367, "news_discourse_role_prob_4": 0.007302412763237953, "news_discourse_role_prob_5": 0.009180865250527859, "news_discourse_role_prob_6": 0.08257850259542465, "news_discourse_role_prob_7": 0.8248029351234436, "news_discourse_role_prob_8": 0.006084111053496599, "previous_discourse_relation": 3, "previous_discourse_relation_prob_comp": 0.004489617422223091, "previous_discourse_relation_prob_cont": 0.0051724291406571865, "previous_discourse_relation_prob_temp": 0.008013645187020302, "previous_discourse_relation_prob_expan": 0.9823243618011475, "latter_discourse_relation": 3, "latter_discourse_relation_prob_comp": 0.004180112853646278, "latter_discourse_relation_prob_cont": 0.0004996872157789767, "latter_discourse_relation_prob_temp": 0.00275977049022913, "latter_discourse_relation_prob_expan": 0.9925605058670044}, {"sentence_id": 5, "sentence_start": 674, "sentence_end": 853, "sentence_text": "\u201cHe never even told me that he owned a gun,\u201d continued the shooter\u2019s neighbor, adding that Paddock did not express any religious or political opinions during their conversations.", "sentence_label": "NA", "tokens_list": ["\u201cHe", "never", "even", "told", "me", "that", "he", "owned", "a", "gun", ",", "\u201d", "continued", "the", "shooter\u2019s", "neighbor", ",", "adding", "that", "Paddock", "did", "not", "express", "any", "religious", "or", "political", "opinions", "during", "their", "conversations", "."], "tokens_dicts_list": [{"token": "\u201cHe", "start_char": 674, "end_char": 677, "token_label": "NA"}, {"token": "never", "start_char": 678, "end_char": 683, "token_label": "NA"}, {"token": "even", "start_char": 684, "end_char": 688, "token_label": "NA"}, {"token": "told", "start_char": 689, "end_char": 693, "token_label": "NA"}, {"token": "me", "start_char": 694, "end_char": 696, "token_label": "NA"}, {"token": "that", "start_char": 697, "end_char": 701, "token_label": "NA"}, {"token": "he", "start_char": 702, "end_char": 704, "token_label": "NA"}, {"token": "owned", "start_char": 705, "end_char": 710, "token_label": "NA"}, {"token": "a", "start_char": 711, "end_char": 712, "token_label": "NA"}, {"token": "gun", "start_char": 713, "end_char": 716, "token_label": "NA"}, {"token": ",", "start_char": 716, "end_char": 717, "token_label": "NA"}, {"token": "\u201d", "start_char": 717, "end_char": 718, "token_label": "NA"}, {"token": "continued", "start_char": 719, "end_char": 728, "token_label": "NA"}, {"token": "the", "start_char": 729, "end_char": 732, "token_label": "NA"}, {"token": "shooter\u2019s", "start_char": 733, "end_char": 742, "token_label": "NA"}, {"token": "neighbor", "start_char": 743, "end_char": 751, "token_label": "NA"}, {"token": ",", "start_char": 751, "end_char": 752, "token_label": "NA"}, {"token": "adding", "start_char": 753, "end_char": 759, "token_label": "NA"}, {"token": "that", "start_char": 760, "end_char": 764, "token_label": "NA"}, {"token": "Paddock", "start_char": 765, "end_char": 772, "token_label": "NA"}, {"token": "did", "start_char": 773, "end_char": 776, "token_label": "NA"}, {"token": "not", "start_char": 777, "end_char": 780, "token_label": "NA"}, {"token": "express", "start_char": 781, "end_char": 788, "token_label": "NA"}, {"token": "any", "start_char": 789, "end_char": 792, "token_label": "NA"}, {"token": "religious", "start_char": 793, "end_char": 802, "token_label": "NA"}, {"token": "or", "start_char": 803, "end_char": 805, "token_label": "NA"}, {"token": "political", "start_char": 806, "end_char": 815, "token_label": "NA"}, {"token": "opinions", "start_char": 816, "end_char": 824, "token_label": "NA"}, {"token": "during", "start_char": 825, "end_char": 831, "token_label": "NA"}, {"token": "their", "start_char": 832, "end_char": 837, "token_label": "NA"}, {"token": "conversations", "start_char": 838, "end_char": 851, "token_label": "NA"}, {"token": ".", "start_char": 851, "end_char": 852, "token_label": "NA"}], "news_discourse_role": 7, "news_discourse_role_prob_0": 0.0008383202366530895, "news_discourse_role_prob_1": 0.01028548926115036, "news_discourse_role_prob_2": 0.0014973361976444721, "news_discourse_role_prob_3": 0.03317832946777344, "news_discourse_role_prob_4": 0.03408866748213768, "news_discourse_role_prob_5": 0.0519566684961319, "news_discourse_role_prob_6": 0.10504903644323349, "news_discourse_role_prob_7": 0.7587368488311768, "news_discourse_role_prob_8": 0.004369346424937248, "previous_discourse_relation": 3, "previous_discourse_relation_prob_comp": 0.004180112853646278, "previous_discourse_relation_prob_cont": 0.0004996872157789767, "previous_discourse_relation_prob_temp": 0.00275977049022913, "previous_discourse_relation_prob_expan": 0.9925605058670044, "latter_discourse_relation": 3, "latter_discourse_relation_prob_comp": 0.005085673648864031, "latter_discourse_relation_prob_cont": 0.008390776813030243, "latter_discourse_relation_prob_temp": 0.015986628830432892, "latter_discourse_relation_prob_expan": 0.9705368280410767}, {"sentence_id": 6, "sentence_start": 853, "sentence_end": 1114, "sentence_text": "\u201cI\u2019m not a big conspiracy theory guy, but it don\u2019t sit right,\u201d said Rick, before making the extraordinary claim that the whole shooting was a \u201cset up\u201d and that Paddock\u2019s body may have been left in the hotel room while other assailants carried out the shooting.", "sentence_label": "Doubt", "tokens_list": ["\u201cI\u2019m", "not", "a", "big", "conspiracy", "theory", "guy", ",", "but", "it", "don\u2019t", "sit", "right", ",", "\u201d", "said", "Rick", ",", "before", "making", "the", "extraordinary", "claim", "that", "the", "whole", "shooting", "was", "a", "\u201cset", "up\u201d", "and", "that", "Paddock\u2019s", "body", "may", "have", "been", "left", "in", "the", "hotel", "room", "while", "other", "assailants", "carried", "out", "the", "shooting", "."], "tokens_dicts_list": [{"token": "\u201cI\u2019m", "start_char": 853, "end_char": 857, "token_label": "Thought-terminating_Cliches"}, {"token": "not", "start_char": 858, "end_char": 861, "token_label": "Thought-terminating_Cliches"}, {"token": "a", "start_char": 862, "end_char": 863, "token_label": "Thought-terminating_Cliches"}, {"token": "big", "start_char": 864, "end_char": 867, "token_label": "Thought-terminating_Cliches"}, {"token": "conspiracy", "start_char": 868, "end_char": 878, "token_label": "Thought-terminating_Cliches"}, {"token": "theory", "start_char": 879, "end_char": 885, "token_label": "Thought-terminating_Cliches"}, {"token": "guy", "start_char": 886, "end_char": 889, "token_label": "Thought-terminating_Cliches"}, {"token": ",", "start_char": 889, "end_char": 890, "token_label": "Thought-terminating_Cliches"}, {"token": "but", "start_char": 891, "end_char": 894, "token_label": "Thought-terminating_Cliches"}, {"token": "it", "start_char": 895, "end_char": 897, "token_label": "Thought-terminating_Cliches"}, {"token": "don\u2019t", "start_char": 898, "end_char": 903, "token_label": "Thought-terminating_Cliches"}, {"token": "sit", "start_char": 904, "end_char": 907, "token_label": "Thought-terminating_Cliches"}, {"token": "right", "start_char": 908, "end_char": 913, "token_label": "Thought-terminating_Cliches"}, {"token": ",", "start_char": 913, "end_char": 914, "token_label": "NA"}, {"token": "\u201d", "start_char": 914, "end_char": 915, "token_label": "NA"}, {"token": "said", "start_char": 916, "end_char": 920, "token_label": "NA"}, {"token": "Rick", "start_char": 921, "end_char": 925, "token_label": "NA"}, {"token": ",", "start_char": 925, "end_char": 926, "token_label": "NA"}, {"token": "before", "start_char": 927, "end_char": 933, "token_label": "NA"}, {"token": "making", "start_char": 934, "end_char": 940, "token_label": "NA"}, {"token": "the", "start_char": 941, "end_char": 944, "token_label": "NA"}, {"token": "extraordinary", "start_char": 945, "end_char": 958, "token_label": "NA"}, {"token": "claim", "start_char": 959, "end_char": 964, "token_label": "NA"}, {"token": "that", "start_char": 965, "end_char": 969, "token_label": "NA"}, {"token": "the", "start_char": 970, "end_char": 973, "token_label": "NA"}, {"token": "whole", "start_char": 974, "end_char": 979, "token_label": "NA"}, {"token": "shooting", "start_char": 980, "end_char": 988, "token_label": "NA"}, {"token": "was", "start_char": 989, "end_char": 992, "token_label": "NA"}, {"token": "a", "start_char": 993, "end_char": 994, "token_label": "NA"}, {"token": "\u201cset", "start_char": 995, "end_char": 999, "token_label": "NA"}, {"token": "up\u201d", "start_char": 1000, "end_char": 1003, "token_label": "NA"}, {"token": "and", "start_char": 1004, "end_char": 1007, "token_label": "NA"}, {"token": "that", "start_char": 1008, "end_char": 1012, "token_label": "NA"}, {"token": "Paddock\u2019s", "start_char": 1013, "end_char": 1022, "token_label": "Doubt"}, {"token": "body", "start_char": 1023, "end_char": 1027, "token_label": "Doubt"}, {"token": "may", "start_char": 1028, "end_char": 1031, "token_label": "Doubt"}, {"token": "have", "start_char": 1032, "end_char": 1036, "token_label": "Doubt"}, {"token": "been", "start_char": 1037, "end_char": 1041, "token_label": "Doubt"}, {"token": "left", "start_char": 1042, "end_char": 1046, "token_label": "Doubt"}, {"token": "in", "start_char": 1047, "end_char": 1049, "token_label": "Doubt"}, {"token": "the", "start_char": 1050, "end_char": 1053, "token_label": "Doubt"}, {"token": "hotel", "start_char": 1054, "end_char": 1059, "token_label": "Doubt"}, {"token": "room", "start_char": 1060, "end_char": 1064, "token_label": "Doubt"}, {"token": "while", "start_char": 1065, "end_char": 1070, "token_label": "Doubt"}, {"token": "other", "start_char": 1071, "end_char": 1076, "token_label": "Doubt"}, {"token": "assailants", "start_char": 1077, "end_char": 1087, "token_label": "Doubt"}, {"token": "carried", "start_char": 1088, "end_char": 1095, "token_label": "Doubt"}, {"token": "out", "start_char": 1096, "end_char": 1099, "token_label": "Doubt"}, {"token": "the", "start_char": 1100, "end_char": 1103, "token_label": "Doubt"}, {"token": "shooting", "start_char": 1104, "end_char": 1112, "token_label": "Doubt"}, {"token": ".", "start_char": 1112, "end_char": 1113, "token_label": "NA"}], "news_discourse_role": 7, "news_discourse_role_prob_0": 0.0006515865679830313, "news_discourse_role_prob_1": 0.0809444859623909, "news_discourse_role_prob_2": 0.0009295186027884483, "news_discourse_role_prob_3": 0.027112392708659172, "news_discourse_role_prob_4": 0.004142720252275467, "news_discourse_role_prob_5": 0.003059993265196681, "news_discourse_role_prob_6": 0.01079122070223093, "news_discourse_role_prob_7": 0.8569908738136292, "news_discourse_role_prob_8": 0.015377298928797245, "previous_discourse_relation": 3, "previous_discourse_relation_prob_comp": 0.005085673648864031, "previous_discourse_relation_prob_cont": 0.008390776813030243, "previous_discourse_relation_prob_temp": 0.015986628830432892, "previous_discourse_relation_prob_expan": 0.9705368280410767, "latter_discourse_relation": 3, "latter_discourse_relation_prob_comp": 0.0005808681016787887, "latter_discourse_relation_prob_cont": 0.0002276170562254265, "latter_discourse_relation_prob_temp": 0.0027907872572541237, "latter_discourse_relation_prob_expan": 0.9964007139205933}, {"sentence_id": 7, "sentence_start": 1114, "sentence_end": 1316, "sentence_text": "The caller mentioned how some people in the crowd were warned 45 minutes before the shooting that they were going to die, suggesting that this was evidence of a wider plot and not a \u201clone wolf\u201d attack.", "sentence_label": "NA", "tokens_list": ["The", "caller", "mentioned", "how", "some", "people", "in", "the", "crowd", "were", "warned", "45", "minutes", "before", "the", "shooting", "that", "they", "were", "going", "to", "die", ",", "suggesting", "that", "this", "was", "evidence", "of", "a", "wider", "plot", "and", "not", "a", "\u201clone", "wolf\u201d", "attack", "."], "tokens_dicts_list": [{"token": "The", "start_char": 1114, "end_char": 1117, "token_label": "NA"}, {"token": "caller", "start_char": 1118, "end_char": 1124, "token_label": "NA"}, {"token": "mentioned", "start_char": 1125, "end_char": 1134, "token_label": "NA"}, {"token": "how", "start_char": 1135, "end_char": 1138, "token_label": "NA"}, {"token": "some", "start_char": 1139, "end_char": 1143, "token_label": "NA"}, {"token": "people", "start_char": 1144, "end_char": 1150, "token_label": "NA"}, {"token": "in", "start_char": 1151, "end_char": 1153, "token_label": "NA"}, {"token": "the", "start_char": 1154, "end_char": 1157, "token_label": "NA"}, {"token": "crowd", "start_char": 1158, "end_char": 1163, "token_label": "NA"}, {"token": "were", "start_char": 1164, "end_char": 1168, "token_label": "NA"}, {"token": "warned", "start_char": 1169, "end_char": 1175, "token_label": "NA"}, {"token": "45", "start_char": 1176, "end_char": 1178, "token_label": "NA"}, {"token": "minutes", "start_char": 1179, "end_char": 1186, "token_label": "NA"}, {"token": "before", "start_char": 1187, "end_char": 1193, "token_label": "NA"}, {"token": "the", "start_char": 1194, "end_char": 1197, "token_label": "NA"}, {"token": "shooting", "start_char": 1198, "end_char": 1206, "token_label": "NA"}, {"token": "that", "start_char": 1207, "end_char": 1211, "token_label": "NA"}, {"token": "they", "start_char": 1212, "end_char": 1216, "token_label": "NA"}, {"token": "were", "start_char": 1217, "end_char": 1221, "token_label": "NA"}, {"token": "going", "start_char": 1222, "end_char": 1227, "token_label": "NA"}, {"token": "to", "start_char": 1228, "end_char": 1230, "token_label": "NA"}, {"token": "die", "start_char": 1231, "end_char": 1234, "token_label": "NA"}, {"token": ",", "start_char": 1234, "end_char": 1235, "token_label": "NA"}, {"token": "suggesting", "start_char": 1236, "end_char": 1246, "token_label": "NA"}, {"token": "that", "start_char": 1247, "end_char": 1251, "token_label": "NA"}, {"token": "this", "start_char": 1252, "end_char": 1256, "token_label": "NA"}, {"token": "was", "start_char": 1257, "end_char": 1260, "token_label": "NA"}, {"token": "evidence", "start_char": 1261, "end_char": 1269, "token_label": "NA"}, {"token": "of", "start_char": 1270, "end_char": 1272, "token_label": "NA"}, {"token": "a", "start_char": 1273, "end_char": 1274, "token_label": "NA"}, {"token": "wider", "start_char": 1275, "end_char": 1280, "token_label": "NA"}, {"token": "plot", "start_char": 1281, "end_char": 1285, "token_label": "NA"}, {"token": "and", "start_char": 1286, "end_char": 1289, "token_label": "NA"}, {"token": "not", "start_char": 1290, "end_char": 1293, "token_label": "NA"}, {"token": "a", "start_char": 1294, "end_char": 1295, "token_label": "NA"}, {"token": "\u201clone", "start_char": 1296, "end_char": 1301, "token_label": "NA"}, {"token": "wolf\u201d", "start_char": 1302, "end_char": 1307, "token_label": "NA"}, {"token": "attack", "start_char": 1308, "end_char": 1314, "token_label": "NA"}, {"token": ".", "start_char": 1314, "end_char": 1315, "token_label": "NA"}], "news_discourse_role": 7, "news_discourse_role_prob_0": 0.00012750396854244173, "news_discourse_role_prob_1": 0.028744501993060112, "news_discourse_role_prob_2": 0.0022357709240168333, "news_discourse_role_prob_3": 0.09671393781900406, "news_discourse_role_prob_4": 0.04398714005947113, "news_discourse_role_prob_5": 0.0060956296510994434, "news_discourse_role_prob_6": 0.009534506127238274, "news_discourse_role_prob_7": 0.7909868955612183, "news_discourse_role_prob_8": 0.02157413773238659, "previous_discourse_relation": 3, "previous_discourse_relation_prob_comp": 0.0005808681016787887, "previous_discourse_relation_prob_cont": 0.0002276170562254265, "previous_discourse_relation_prob_temp": 0.0027907872572541237, "previous_discourse_relation_prob_expan": 0.9964007139205933, "latter_discourse_relation": 3, "latter_discourse_relation_prob_comp": 0.0013747647171840072, "latter_discourse_relation_prob_cont": 0.0003532356349751353, "latter_discourse_relation_prob_temp": 0.0003444214235059917, "latter_discourse_relation_prob_expan": 0.9979275465011597}, {"sentence_id": 8, "sentence_start": 1316, "sentence_end": 1453, "sentence_text": "As a firearms expert, he also questioned the lack of flashes coming from the hotel windows where the shooter was supposedly firing from.", "sentence_label": "NA", "tokens_list": ["As", "a", "firearms", "expert", ",", "he", "also", "questioned", "the", "lack", "of", "flashes", "coming", "from", "the", "hotel", "windows", "where", "the", "shooter", "was", "supposedly", "firing", "from", "."], "tokens_dicts_list": [{"token": "As", "start_char": 1316, "end_char": 1318, "token_label": "NA"}, {"token": "a", "start_char": 1319, "end_char": 1320, "token_label": "NA"}, {"token": "firearms", "start_char": 1321, "end_char": 1329, "token_label": "NA"}, {"token": "expert", "start_char": 1330, "end_char": 1336, "token_label": "NA"}, {"token": ",", "start_char": 1336, "end_char": 1337, "token_label": "NA"}, {"token": "he", "start_char": 1338, "end_char": 1340, "token_label": "NA"}, {"token": "also", "start_char": 1341, "end_char": 1345, "token_label": "NA"}, {"token": "questioned", "start_char": 1346, "end_char": 1356, "token_label": "NA"}, {"token": "the", "start_char": 1357, "end_char": 1360, "token_label": "NA"}, {"token": "lack", "start_char": 1361, "end_char": 1365, "token_label": "NA"}, {"token": "of", "start_char": 1366, "end_char": 1368, "token_label": "NA"}, {"token": "flashes", "start_char": 1369, "end_char": 1376, "token_label": "NA"}, {"token": "coming", "start_char": 1377, "end_char": 1383, "token_label": "NA"}, {"token": "from", "start_char": 1384, "end_char": 1388, "token_label": "NA"}, {"token": "the", "start_char": 1389, "end_char": 1392, "token_label": "NA"}, {"token": "hotel", "start_char": 1393, "end_char": 1398, "token_label": "NA"}, {"token": "windows", "start_char": 1399, "end_char": 1406, "token_label": "NA"}, {"token": "where", "start_char": 1407, "end_char": 1412, "token_label": "NA"}, {"token": "the", "start_char": 1413, "end_char": 1416, "token_label": "NA"}, {"token": "shooter", "start_char": 1417, "end_char": 1424, "token_label": "NA"}, {"token": "was", "start_char": 1425, "end_char": 1428, "token_label": "NA"}, {"token": "supposedly", "start_char": 1429, "end_char": 1439, "token_label": "NA"}, {"token": "firing", "start_char": 1440, "end_char": 1446, "token_label": "NA"}, {"token": "from", "start_char": 1447, "end_char": 1451, "token_label": "NA"}, {"token": ".", "start_char": 1451, "end_char": 1452, "token_label": "NA"}], "news_discourse_role": 7, "news_discourse_role_prob_0": 0.00010940440552076325, "news_discourse_role_prob_1": 0.0031533208675682545, "news_discourse_role_prob_2": 0.00041145121213048697, "news_discourse_role_prob_3": 0.03568943962454796, "news_discourse_role_prob_4": 0.05165419727563858, "news_discourse_role_prob_5": 0.010314901359379292, "news_discourse_role_prob_6": 0.006171677261590958, "news_discourse_role_prob_7": 0.890859067440033, "news_discourse_role_prob_8": 0.0016365438932552934, "previous_discourse_relation": 3, "previous_discourse_relation_prob_comp": 0.0013747647171840072, "previous_discourse_relation_prob_cont": 0.0003532356349751353, "previous_discourse_relation_prob_temp": 0.0003444214235059917, "previous_discourse_relation_prob_expan": 0.9979275465011597, "latter_discourse_relation": 3, "latter_discourse_relation_prob_comp": 0.05134901776909828, "latter_discourse_relation_prob_cont": 0.030466541647911072, "latter_discourse_relation_prob_temp": 0.025043567642569542, "latter_discourse_relation_prob_expan": 0.8931407928466797}, {"sentence_id": 9, "sentence_start": 1453, "sentence_end": 1560, "sentence_text": "Rick said he had already contacted the Clark County Sheriff\u2019s Office to relay all the information he knew.", "sentence_label": "NA", "tokens_list": ["Rick", "said", "he", "had", "already", "contacted", "the", "Clark", "County", "Sheriff\u2019s", "Office", "to", "relay", "all", "the", "information", "he", "knew", "."], "tokens_dicts_list": [{"token": "Rick", "start_char": 1453, "end_char": 1457, "token_label": "NA"}, {"token": "said", "start_char": 1458, "end_char": 1462, "token_label": "NA"}, {"token": "he", "start_char": 1463, "end_char": 1465, "token_label": "NA"}, {"token": "had", "start_char": 1466, "end_char": 1469, "token_label": "NA"}, {"token": "already", "start_char": 1470, "end_char": 1477, "token_label": "NA"}, {"token": "contacted", "start_char": 1478, "end_char": 1487, "token_label": "NA"}, {"token": "the", "start_char": 1488, "end_char": 1491, "token_label": "NA"}, {"token": "Clark", "start_char": 1492, "end_char": 1497, "token_label": "NA"}, {"token": "County", "start_char": 1498, "end_char": 1504, "token_label": "NA"}, {"token": "Sheriff\u2019s", "start_char": 1505, "end_char": 1514, "token_label": "NA"}, {"token": "Office", "start_char": 1515, "end_char": 1521, "token_label": "NA"}, {"token": "to", "start_char": 1522, "end_char": 1524, "token_label": "NA"}, {"token": "relay", "start_char": 1525, "end_char": 1530, "token_label": "NA"}, {"token": "all", "start_char": 1531, "end_char": 1534, "token_label": "NA"}, {"token": "the", "start_char": 1535, "end_char": 1538, "token_label": "NA"}, {"token": "information", "start_char": 1539, "end_char": 1550, "token_label": "NA"}, {"token": "he", "start_char": 1551, "end_char": 1553, "token_label": "NA"}, {"token": "knew", "start_char": 1554, "end_char": 1558, "token_label": "NA"}, {"token": ".", "start_char": 1558, "end_char": 1559, "token_label": "NA"}], "news_discourse_role": 4, "news_discourse_role_prob_0": 9.716898784972727e-05, "news_discourse_role_prob_1": 0.0025726996827870607, "news_discourse_role_prob_2": 0.026921933516860008, "news_discourse_role_prob_3": 0.015721462666988373, "news_discourse_role_prob_4": 0.8744105696678162, "news_discourse_role_prob_5": 0.00738523481413722, "news_discourse_role_prob_6": 0.019101016223430634, "news_discourse_role_prob_7": 0.052467335015535355, "news_discourse_role_prob_8": 0.0013225933071225882, "previous_discourse_relation": 3, "previous_discourse_relation_prob_comp": 0.05134901776909828, "previous_discourse_relation_prob_cont": 0.030466541647911072, "previous_discourse_relation_prob_temp": 0.025043567642569542, "previous_discourse_relation_prob_expan": 0.8931407928466797, "latter_discourse_relation": 0, "latter_discourse_relation_prob_comp": 0.6968944072723389, "latter_discourse_relation_prob_cont": 0.03766893967986107, "latter_discourse_relation_prob_temp": 0.011504526250064373, "latter_discourse_relation_prob_expan": 0.2539321184158325}, {"sentence_id": 10, "sentence_start": 1560, "sentence_end": 1830, "sentence_text": "Although the claims are intriguing, it is important to remember that after virtually every terror attack and mass shooting, friends and neighbors express shock that the culprit would be capable of carrying out such horrors, with some outright denying it to be possible.", "sentence_label": "Bandwagon", "tokens_list": ["Although", "the", "claims", "are", "intriguing", ",", "it", "is", "important", "to", "remember", "that", "after", "virtually", "every", "terror", "attack", "and", "mass", "shooting", ",", "friends", "and", "neighbors", "express", "shock", "that", "the", "culprit", "would", "be", "capable", "of", "carrying", "out", "such", "horrors", ",", "with", "some", "outright", "denying", "it", "to", "be", "possible", "."], "tokens_dicts_list": [{"token": "Although", "start_char": 1560, "end_char": 1568, "token_label": "NA"}, {"token": "the", "start_char": 1569, "end_char": 1572, "token_label": "NA"}, {"token": "claims", "start_char": 1573, "end_char": 1579, "token_label": "NA"}, {"token": "are", "start_char": 1580, "end_char": 1583, "token_label": "NA"}, {"token": "intriguing", "start_char": 1584, "end_char": 1594, "token_label": "NA"}, {"token": ",", "start_char": 1594, "end_char": 1595, "token_label": "NA"}, {"token": "it", "start_char": 1596, "end_char": 1598, "token_label": "NA"}, {"token": "is", "start_char": 1599, "end_char": 1601, "token_label": "NA"}, {"token": "important", "start_char": 1602, "end_char": 1611, "token_label": "NA"}, {"token": "to", "start_char": 1612, "end_char": 1614, "token_label": "NA"}, {"token": "remember", "start_char": 1615, "end_char": 1623, "token_label": "NA"}, {"token": "that", "start_char": 1624, "end_char": 1628, "token_label": "NA"}, {"token": "after", "start_char": 1629, "end_char": 1634, "token_label": "Bandwagon"}, {"token": "virtually", "start_char": 1635, "end_char": 1644, "token_label": "Bandwagon"}, {"token": "every", "start_char": 1645, "end_char": 1650, "token_label": "Bandwagon"}, {"token": "terror", "start_char": 1651, "end_char": 1657, "token_label": "Bandwagon"}, {"token": "attack", "start_char": 1658, "end_char": 1664, "token_label": "Bandwagon"}, {"token": "and", "start_char": 1665, "end_char": 1668, "token_label": "Bandwagon"}, {"token": "mass", "start_char": 1669, "end_char": 1673, "token_label": "Bandwagon"}, {"token": "shooting", "start_char": 1674, "end_char": 1682, "token_label": "Bandwagon"}, {"token": ",", "start_char": 1682, "end_char": 1683, "token_label": "Bandwagon"}, {"token": "friends", "start_char": 1684, "end_char": 1691, "token_label": "Bandwagon"}, {"token": "and", "start_char": 1692, "end_char": 1695, "token_label": "Bandwagon"}, {"token": "neighbors", "start_char": 1696, "end_char": 1705, "token_label": "Bandwagon"}, {"token": "express", "start_char": 1706, "end_char": 1713, "token_label": "Bandwagon"}, {"token": "shock", "start_char": 1714, "end_char": 1719, "token_label": "Bandwagon"}, {"token": "that", "start_char": 1720, "end_char": 1724, "token_label": "NA"}, {"token": "the", "start_char": 1725, "end_char": 1728, "token_label": "NA"}, {"token": "culprit", "start_char": 1729, "end_char": 1736, "token_label": "NA"}, {"token": "would", "start_char": 1737, "end_char": 1742, "token_label": "NA"}, {"token": "be", "start_char": 1743, "end_char": 1745, "token_label": "NA"}, {"token": "capable", "start_char": 1746, "end_char": 1753, "token_label": "NA"}, {"token": "of", "start_char": 1754, "end_char": 1756, "token_label": "NA"}, {"token": "carrying", "start_char": 1757, "end_char": 1765, "token_label": "NA"}, {"token": "out", "start_char": 1766, "end_char": 1769, "token_label": "NA"}, {"token": "such", "start_char": 1770, "end_char": 1774, "token_label": "NA"}, {"token": "horrors", "start_char": 1775, "end_char": 1782, "token_label": "NA"}, {"token": ",", "start_char": 1782, "end_char": 1783, "token_label": "NA"}, {"token": "with", "start_char": 1784, "end_char": 1788, "token_label": "NA"}, {"token": "some", "start_char": 1789, "end_char": 1793, "token_label": "NA"}, {"token": "outright", "start_char": 1794, "end_char": 1802, "token_label": "NA"}, {"token": "denying", "start_char": 1803, "end_char": 1810, "token_label": "NA"}, {"token": "it", "start_char": 1811, "end_char": 1813, "token_label": "NA"}, {"token": "to", "start_char": 1814, "end_char": 1816, "token_label": "NA"}, {"token": "be", "start_char": 1817, "end_char": 1819, "token_label": "NA"}, {"token": "possible", "start_char": 1820, "end_char": 1828, "token_label": "NA"}, {"token": ".", "start_char": 1828, "end_char": 1829, "token_label": "NA"}], "news_discourse_role": 7, "news_discourse_role_prob_0": 4.103755054529756e-05, "news_discourse_role_prob_1": 0.0011669312370941043, "news_discourse_role_prob_2": 5.471712211146951e-05, "news_discourse_role_prob_3": 0.004071087576448917, "news_discourse_role_prob_4": 0.004286959767341614, "news_discourse_role_prob_5": 0.0011052113259211183, "news_discourse_role_prob_6": 0.0008228580700233579, "news_discourse_role_prob_7": 0.9861329793930054, "news_discourse_role_prob_8": 0.00231821252964437, "previous_discourse_relation": 0, "previous_discourse_relation_prob_comp": 0.6968944072723389, "previous_discourse_relation_prob_cont": 0.03766893967986107, "previous_discourse_relation_prob_temp": 0.011504526250064373, "previous_discourse_relation_prob_expan": 0.2539321184158325, "latter_discourse_relation": 3, "latter_discourse_relation_prob_comp": 0.08538453280925751, "latter_discourse_relation_prob_cont": 0.2544354200363159, "latter_discourse_relation_prob_temp": 0.0003158938488923013, "latter_discourse_relation_prob_expan": 0.6598641276359558}, {"sentence_id": 11, "sentence_start": 1830, "sentence_end": 1976, "sentence_text": "If Paddock was planning such a sophisticated operation and hoping to evade detection, he would not be blabbing details about it to his neighbors.", "sentence_label": "NA", "tokens_list": ["If", "Paddock", "was", "planning", "such", "a", "sophisticated", "operation", "and", "hoping", "to", "evade", "detection", ",", "he", "would", "not", "be", "blabbing", "details", "about", "it", "to", "his", "neighbors", "."], "tokens_dicts_list": [{"token": "If", "start_char": 1830, "end_char": 1832, "token_label": "NA"}, {"token": "Paddock", "start_char": 1833, "end_char": 1840, "token_label": "NA"}, {"token": "was", "start_char": 1841, "end_char": 1844, "token_label": "NA"}, {"token": "planning", "start_char": 1845, "end_char": 1853, "token_label": "NA"}, {"token": "such", "start_char": 1854, "end_char": 1858, "token_label": "NA"}, {"token": "a", "start_char": 1859, "end_char": 1860, "token_label": "NA"}, {"token": "sophisticated", "start_char": 1861, "end_char": 1874, "token_label": "NA"}, {"token": "operation", "start_char": 1875, "end_char": 1884, "token_label": "NA"}, {"token": "and", "start_char": 1885, "end_char": 1888, "token_label": "NA"}, {"token": "hoping", "start_char": 1889, "end_char": 1895, "token_label": "NA"}, {"token": "to", "start_char": 1896, "end_char": 1898, "token_label": "NA"}, {"token": "evade", "start_char": 1899, "end_char": 1904, "token_label": "NA"}, {"token": "detection", "start_char": 1905, "end_char": 1914, "token_label": "NA"}, {"token": ",", "start_char": 1914, "end_char": 1915, "token_label": "NA"}, {"token": "he", "start_char": 1916, "end_char": 1918, "token_label": "NA"}, {"token": "would", "start_char": 1919, "end_char": 1924, "token_label": "NA"}, {"token": "not", "start_char": 1925, "end_char": 1928, "token_label": "NA"}, {"token": "be", "start_char": 1929, "end_char": 1931, "token_label": "NA"}, {"token": "blabbing", "start_char": 1932, "end_char": 1940, "token_label": "NA"}, {"token": "details", "start_char": 1941, "end_char": 1948, "token_label": "NA"}, {"token": "about", "start_char": 1949, "end_char": 1954, "token_label": "NA"}, {"token": "it", "start_char": 1955, "end_char": 1957, "token_label": "NA"}, {"token": "to", "start_char": 1958, "end_char": 1960, "token_label": "NA"}, {"token": "his", "start_char": 1961, "end_char": 1964, "token_label": "NA"}, {"token": "neighbors", "start_char": 1965, "end_char": 1974, "token_label": "NA"}, {"token": ".", "start_char": 1974, "end_char": 1975, "token_label": "NA"}], "news_discourse_role": 7, "news_discourse_role_prob_0": 0.003781259059906006, "news_discourse_role_prob_1": 0.011673971079289913, "news_discourse_role_prob_2": 0.0020079398527741432, "news_discourse_role_prob_3": 0.01832534559071064, "news_discourse_role_prob_4": 0.02688007429242134, "news_discourse_role_prob_5": 0.03606212139129639, "news_discourse_role_prob_6": 0.012317107059061527, "news_discourse_role_prob_7": 0.7792596220970154, "news_discourse_role_prob_8": 0.10969258844852448, "previous_discourse_relation": 3, "previous_discourse_relation_prob_comp": 0.08538453280925751, "previous_discourse_relation_prob_cont": 0.2544354200363159, "previous_discourse_relation_prob_temp": 0.0003158938488923013, "previous_discourse_relation_prob_expan": 0.6598641276359558, "latter_discourse_relation": 0, "latter_discourse_relation_prob_comp": 0.9938670992851257, "latter_discourse_relation_prob_cont": 0.0003483977052383125, "latter_discourse_relation_prob_temp": 8.308656106237322e-05, "latter_discourse_relation_prob_expan": 0.005701501853764057}, {"sentence_id": 12, "sentence_start": 1976, "sentence_end": 2117, "sentence_text": "However, the neighbor\u2019s claims are certain to attract more attention given that no specific motive has yet to be uncovered for the shooting.", "sentence_label": "NA", "tokens_list": ["However", ",", "the", "neighbor\u2019s", "claims", "are", "certain", "to", "attract", "more", "attention", "given", "that", "no", "specific", "motive", "has", "yet", "to", "be", "uncovered", "for", "the", "shooting", "."], "tokens_dicts_list": [{"token": "However", "start_char": 1976, "end_char": 1983, "token_label": "NA"}, {"token": ",", "start_char": 1983, "end_char": 1984, "token_label": "NA"}, {"token": "the", "start_char": 1985, "end_char": 1988, "token_label": "NA"}, {"token": "neighbor\u2019s", "start_char": 1989, "end_char": 1999, "token_label": "NA"}, {"token": "claims", "start_char": 2000, "end_char": 2006, "token_label": "NA"}, {"token": "are", "start_char": 2007, "end_char": 2010, "token_label": "NA"}, {"token": "certain", "start_char": 2011, "end_char": 2018, "token_label": "NA"}, {"token": "to", "start_char": 2019, "end_char": 2021, "token_label": "NA"}, {"token": "attract", "start_char": 2022, "end_char": 2029, "token_label": "NA"}, {"token": "more", "start_char": 2030, "end_char": 2034, "token_label": "NA"}, {"token": "attention", "start_char": 2035, "end_char": 2044, "token_label": "NA"}, {"token": "given", "start_char": 2045, "end_char": 2050, "token_label": "NA"}, {"token": "that", "start_char": 2051, "end_char": 2055, "token_label": "NA"}, {"token": "no", "start_char": 2056, "end_char": 2058, "token_label": "NA"}, {"token": "specific", "start_char": 2059, "end_char": 2067, "token_label": "NA"}, {"token": "motive", "start_char": 2068, "end_char": 2074, "token_label": "NA"}, {"token": "has", "start_char": 2075, "end_char": 2078, "token_label": "NA"}, {"token": "yet", "start_char": 2079, "end_char": 2082, "token_label": "NA"}, {"token": "to", "start_char": 2083, "end_char": 2085, "token_label": "NA"}, {"token": "be", "start_char": 2086, "end_char": 2088, "token_label": "NA"}, {"token": "uncovered", "start_char": 2089, "end_char": 2098, "token_label": "NA"}, {"token": "for", "start_char": 2099, "end_char": 2102, "token_label": "NA"}, {"token": "the", "start_char": 2103, "end_char": 2106, "token_label": "NA"}, {"token": "shooting", "start_char": 2107, "end_char": 2115, "token_label": "NA"}, {"token": ".", "start_char": 2115, "end_char": 2116, "token_label": "NA"}], "news_discourse_role": 8, "news_discourse_role_prob_0": 0.0001586728321854025, "news_discourse_role_prob_1": 0.001431527198292315, "news_discourse_role_prob_2": 0.0004625587316695601, "news_discourse_role_prob_3": 0.0007078940980136395, "news_discourse_role_prob_4": 0.006028138566762209, "news_discourse_role_prob_5": 0.00035862420918419957, "news_discourse_role_prob_6": 0.0013819194864481688, "news_discourse_role_prob_7": 0.014790132641792297, "news_discourse_role_prob_8": 0.974680483341217, "previous_discourse_relation": 0, "previous_discourse_relation_prob_comp": 0.9938670992851257, "previous_discourse_relation_prob_cont": 0.0003483977052383125, "previous_discourse_relation_prob_temp": 8.308656106237322e-05, "previous_discourse_relation_prob_expan": 0.005701501853764057, "latter_discourse_relation": 1, "latter_discourse_relation_prob_comp": 0.0928369015455246, "latter_discourse_relation_prob_cont": 0.6090417504310608, "latter_discourse_relation_prob_temp": 0.0008047861629165709, "latter_discourse_relation_prob_expan": 0.2973165512084961}, {"sentence_id": 13, "sentence_start": 2117, "sentence_end": 2136, "sentence_text": "What do you think?", "sentence_label": "NA", "tokens_list": ["What", "do", "you", "think", "?"], "tokens_dicts_list": [{"token": "What", "start_char": 2117, "end_char": 2121, "token_label": "NA"}, {"token": "do", "start_char": 2122, "end_char": 2124, "token_label": "NA"}, {"token": "you", "start_char": 2125, "end_char": 2128, "token_label": "NA"}, {"token": "think", "start_char": 2129, "end_char": 2134, "token_label": "NA"}, {"token": "?", "start_char": 2134, "end_char": 2135, "token_label": "NA"}], "news_discourse_role": 0, "news_discourse_role_prob_0": 0.879397988319397, "news_discourse_role_prob_1": 0.002964752959087491, "news_discourse_role_prob_2": 0.002214049221947789, "news_discourse_role_prob_3": 0.003466537455096841, "news_discourse_role_prob_4": 0.015134875662624836, "news_discourse_role_prob_5": 0.007147879805415869, "news_discourse_role_prob_6": 0.025542892515659332, "news_discourse_role_prob_7": 0.05296963080763817, "news_discourse_role_prob_8": 0.011161524802446365, "previous_discourse_relation": 1, "previous_discourse_relation_prob_comp": 0.0928369015455246, "previous_discourse_relation_prob_cont": 0.6090417504310608, "previous_discourse_relation_prob_temp": 0.0008047861629165709, "previous_discourse_relation_prob_expan": 0.2973165512084961, "latter_discourse_relation": 3, "latter_discourse_relation_prob_comp": 0.0017736140871420503, "latter_discourse_relation_prob_cont": 0.0974869430065155, "latter_discourse_relation_prob_temp": 0.004357210826128721, "latter_discourse_relation_prob_expan": 0.8963821530342102}, {"sentence_id": 14, "sentence_start": 2136, "sentence_end": 2171, "sentence_text": "Let us know in the comments below.", "sentence_label": "NA", "tokens_list": ["Let", "us", "know", "in", "the", "comments", "below", "."], "tokens_dicts_list": [{"token": "Let", "start_char": 2136, "end_char": 2139, "token_label": "NA"}, {"token": "us", "start_char": 2140, "end_char": 2142, "token_label": "NA"}, {"token": "know", "start_char": 2143, "end_char": 2147, "token_label": "NA"}, {"token": "in", "start_char": 2148, "end_char": 2150, "token_label": "NA"}, {"token": "the", "start_char": 2151, "end_char": 2154, "token_label": "NA"}, {"token": "comments", "start_char": 2155, "end_char": 2163, "token_label": "NA"}, {"token": "below", "start_char": 2164, "end_char": 2169, "token_label": "NA"}, {"token": ".", "start_char": 2169, "end_char": 2170, "token_label": "NA"}], "news_discourse_role": 0, "news_discourse_role_prob_0": 0.9960209727287292, "news_discourse_role_prob_1": 0.00010610243043629453, "news_discourse_role_prob_2": 0.00042060448322445154, "news_discourse_role_prob_3": 0.00012852360669057816, "news_discourse_role_prob_4": 0.0016513543669134378, "news_discourse_role_prob_5": 0.000363755039870739, "news_discourse_role_prob_6": 0.0004205667646601796, "news_discourse_role_prob_7": 0.0005667575751431286, "news_discourse_role_prob_8": 0.0003214584430679679, "previous_discourse_relation": 3, "previous_discourse_relation_prob_comp": 0.0017736140871420503, "previous_discourse_relation_prob_cont": 0.0974869430065155, "previous_discourse_relation_prob_temp": 0.004357210826128721, "previous_discourse_relation_prob_expan": 0.8963821530342102, "latter_discourse_relation": 3, "latter_discourse_relation_prob_comp": 0.0009392622741870582, "latter_discourse_relation_prob_cont": 0.0011685712961480021, "latter_discourse_relation_prob_temp": 0.0017563124420121312, "latter_discourse_relation_prob_expan": 0.9961357712745667}, {"sentence_id": 15, "sentence_start": 2171, "sentence_end": 2193, "sentence_text": "SUBSCRIBE on YouTube:", "sentence_label": "NA", "tokens_list": ["SUBSCRIBE", "on", "YouTube", ":"], "tokens_dicts_list": [{"token": "SUBSCRIBE", "start_char": 2171, "end_char": 2180, "token_label": "NA"}, {"token": "on", "start_char": 2181, "end_char": 2183, "token_label": "NA"}, {"token": "YouTube", "start_char": 2184, "end_char": 2191, "token_label": "NA"}, {"token": ":", "start_char": 2191, "end_char": 2192, "token_label": "NA"}], "news_discourse_role": 0, "news_discourse_role_prob_0": 0.9994668364524841, "news_discourse_role_prob_1": 6.6273460106458515e-06, "news_discourse_role_prob_2": 1.623299795028288e-05, "news_discourse_role_prob_3": 1.0821946489159018e-05, "news_discourse_role_prob_4": 0.0004227702156640589, "news_discourse_role_prob_5": 4.128186628804542e-05, "news_discourse_role_prob_6": 1.3690663763554767e-05, "news_discourse_role_prob_7": 1.5859621271374635e-05, "news_discourse_role_prob_8": 5.968859113636427e-06, "previous_discourse_relation": 3, "previous_discourse_relation_prob_comp": 0.0009392622741870582, "previous_discourse_relation_prob_cont": 0.0011685712961480021, "previous_discourse_relation_prob_temp": 0.0017563124420121312, "previous_discourse_relation_prob_expan": 0.9961357712745667, "latter_discourse_relation": 3, "latter_discourse_relation_prob_comp": 0.0026261049788445234, "latter_discourse_relation_prob_cont": 2.121735451510176e-05, "latter_discourse_relation_prob_temp": 0.0015547387301921844, "latter_discourse_relation_prob_expan": 0.9957979321479797}, {"sentence_id": 16, "sentence_start": 2193, "sentence_end": 2233, "sentence_text": "Follow on Twitter: Follow @PrisonPlanet", "sentence_label": "NA", "tokens_list": ["Follow", "on", "Twitter", ":", "Follow", "@", "PrisonPlanet"], "tokens_dicts_list": [{"token": "Follow", "start_char": 2193, "end_char": 2199, "token_label": "NA"}, {"token": "on", "start_char": 2200, "end_char": 2202, "token_label": "NA"}, {"token": "Twitter", "start_char": 2203, "end_char": 2210, "token_label": "NA"}, {"token": ":", "start_char": 2210, "end_char": 2211, "token_label": "NA"}, {"token": "Follow", "start_char": 2212, "end_char": 2218, "token_label": "NA"}, {"token": "@", "start_char": 2219, "end_char": 2220, "token_label": "NA"}, {"token": "PrisonPlanet", "start_char": 2220, "end_char": 2232, "token_label": "NA"}], "news_discourse_role": 0, "news_discourse_role_prob_0": 0.9969358444213867, "news_discourse_role_prob_1": 2.1819720132043585e-05, "news_discourse_role_prob_2": 0.00015519068983849138, "news_discourse_role_prob_3": 8.969029295258224e-05, "news_discourse_role_prob_4": 0.002112095709890127, "news_discourse_role_prob_5": 0.0002185282064601779, "news_discourse_role_prob_6": 0.00025254860520362854, "news_discourse_role_prob_7": 0.00017229546210728586, "news_discourse_role_prob_8": 4.196933878120035e-05, "previous_discourse_relation": 3, "previous_discourse_relation_prob_comp": 0.0026261049788445234, "previous_discourse_relation_prob_cont": 2.121735451510176e-05, "previous_discourse_relation_prob_temp": 0.0015547387301921844, "previous_discourse_relation_prob_expan": 0.9957979321479797, "latter_discourse_relation": 3, "latter_discourse_relation_prob_comp": 0.0007516521727666259, "latter_discourse_relation_prob_cont": 0.00019317504484206438, "latter_discourse_relation_prob_temp": 0.0007023361977189779, "latter_discourse_relation_prob_expan": 0.9983528852462769}, {"sentence_id": 17, "sentence_start": 2233, "sentence_end": 2286, "sentence_text": "Facebook: https://www.facebook.com/PaulJosephWatson/", "sentence_label": "NA", "tokens_list": ["Facebook", ":", "https", ":", "//www.facebook.com/PaulJosephWatson/"], "tokens_dicts_list": [{"token": "Facebook", "start_char": 2233, "end_char": 2241, "token_label": "NA"}, {"token": ":", "start_char": 2241, "end_char": 2242, "token_label": "NA"}, {"token": "https", "start_char": 2243, "end_char": 2248, "token_label": "NA"}, {"token": ":", "start_char": 2248, "end_char": 2249, "token_label": "NA"}, {"token": "//www.facebook.com/PaulJosephWatson/", "start_char": 2249, "end_char": 2285, "token_label": "NA"}], "news_discourse_role": 0, "news_discourse_role_prob_0": 0.999873161315918, "news_discourse_role_prob_1": 9.929514135365025e-07, "news_discourse_role_prob_2": 1.0286518772772979e-05, "news_discourse_role_prob_3": 3.132875917799538e-06, "news_discourse_role_prob_4": 9.400393901159987e-05, "news_discourse_role_prob_5": 5.89726778343902e-06, "news_discourse_role_prob_6": 7.3088431236101314e-06, "news_discourse_role_prob_7": 4.07140259994776e-06, "news_discourse_role_prob_8": 1.0256725317958626e-06, "previous_discourse_relation": 3, "previous_discourse_relation_prob_comp": 0.0007516521727666259, "previous_discourse_relation_prob_cont": 0.00019317504484206438, "previous_discourse_relation_prob_temp": 0.0007023361977189779, "previous_discourse_relation_prob_expan": 0.9983528852462769, "latter_discourse_relation": 3, "latter_discourse_relation_prob_comp": 0.004004527814686298, "latter_discourse_relation_prob_cont": 0.09047070890665054, "latter_discourse_relation_prob_temp": 0.004864072892814875, "latter_discourse_relation_prob_expan": 0.9006606340408325}, {"sentence_id": 18, "sentence_start": 2286, "sentence_end": 2308, "sentence_text": "*********************", "sentence_label": "NA", "tokens_list": ["*********************"], "tokens_dicts_list": [{"token": "*********************", "start_char": 2286, "end_char": 2307, "token_label": "NA"}], "news_discourse_role": 0, "news_discourse_role_prob_0": 0.9997968077659607, "news_discourse_role_prob_1": 1.5970108506735414e-06, "news_discourse_role_prob_2": 1.782091385393869e-05, "news_discourse_role_prob_3": 5.027981387684122e-06, "news_discourse_role_prob_4": 0.00012072174286004156, "news_discourse_role_prob_5": 2.3944006898091175e-05, "news_discourse_role_prob_6": 2.4458675397909246e-05, "news_discourse_role_prob_7": 7.456827916030306e-06, "news_discourse_role_prob_8": 2.1170176296436694e-06, "previous_discourse_relation": 3, "previous_discourse_relation_prob_comp": 0.004004527814686298, "previous_discourse_relation_prob_cont": 0.09047070890665054, "previous_discourse_relation_prob_temp": 0.004864072892814875, "previous_discourse_relation_prob_expan": 0.9006606340408325, "latter_discourse_relation": 3, "latter_discourse_relation_prob_comp": 0.0009335422655567527, "latter_discourse_relation_prob_cont": 0.018894566223025322, "latter_discourse_relation_prob_temp": 0.0008005154668353498, "latter_discourse_relation_prob_expan": 0.9793713092803955}, {"sentence_id": 19, "sentence_start": 2308, "sentence_end": 2389, "sentence_text": "Paul Joseph Watson is the editor at large of Infowars.com and Prison Planet.com.", "sentence_label": "NA", "tokens_list": ["Paul", "Joseph", "Watson", "is", "the", "editor", "at", "large", "of", "Infowars.com", "and", "Prison", "Planet.com", "."], "tokens_dicts_list": [{"token": "Paul", "start_char": 2308, "end_char": 2312, "token_label": "NA"}, {"token": "Joseph", "start_char": 2313, "end_char": 2319, "token_label": "NA"}, {"token": "Watson", "start_char": 2320, "end_char": 2326, "token_label": "NA"}, {"token": "is", "start_char": 2327, "end_char": 2329, "token_label": "NA"}, {"token": "the", "start_char": 2330, "end_char": 2333, "token_label": "NA"}, {"token": "editor", "start_char": 2334, "end_char": 2340, "token_label": "NA"}, {"token": "at", "start_char": 2341, "end_char": 2343, "token_label": "NA"}, {"token": "large", "start_char": 2344, "end_char": 2349, "token_label": "NA"}, {"token": "of", "start_char": 2350, "end_char": 2352, "token_label": "NA"}, {"token": "Infowars.com", "start_char": 2353, "end_char": 2365, "token_label": "NA"}, {"token": "and", "start_char": 2366, "end_char": 2369, "token_label": "NA"}, {"token": "Prison", "start_char": 2370, "end_char": 2376, "token_label": "NA"}, {"token": "Planet.com", "start_char": 2377, "end_char": 2387, "token_label": "NA"}, {"token": ".", "start_char": 2387, "end_char": 2388, "token_label": "NA"}], "news_discourse_role": 4, "news_discourse_role_prob_0": 0.2906744182109833, "news_discourse_role_prob_1": 0.0014340711059048772, "news_discourse_role_prob_2": 0.01767847128212452, "news_discourse_role_prob_3": 0.0011162555310875177, "news_discourse_role_prob_4": 0.6790313720703125, "news_discourse_role_prob_5": 0.005244698375463486, "news_discourse_role_prob_6": 0.0006440890720114112, "news_discourse_role_prob_7": 0.003999503329396248, "news_discourse_role_prob_8": 0.0001771650422597304, "previous_discourse_relation": 3, "previous_discourse_relation_prob_comp": 0.0009335422655567527, "previous_discourse_relation_prob_cont": 0.018894566223025322, "previous_discourse_relation_prob_temp": 0.0008005154668353498, "previous_discourse_relation_prob_expan": 0.9793713092803955, "latter_discourse_relation": -1}]}