{"file_name": "./Propaganda/json_annotations/train/article702077434.json", "num_sentences": 24, "sentences": [{"sentence_id": 0, "sentence_start": 0, "sentence_end": 69, "sentence_text": "First American Citizen To Be Convicted Of Joining ISIS Gets 20 Years", "sentence_label": "NA", "tokens_list": ["First", "American", "Citizen", "To", "Be", "Convicted", "Of", "Joining", "ISIS", "Gets", "20", "Years"], "tokens_dicts_list": [{"token": "First", "start_char": 0, "end_char": 5, "token_label": "NA"}, {"token": "American", "start_char": 6, "end_char": 14, "token_label": "NA"}, {"token": "Citizen", "start_char": 15, "end_char": 22, "token_label": "NA"}, {"token": "To", "start_char": 23, "end_char": 25, "token_label": "NA"}, {"token": "Be", "start_char": 26, "end_char": 28, "token_label": "NA"}, {"token": "Convicted", "start_char": 29, "end_char": 38, "token_label": "NA"}, {"token": "Of", "start_char": 39, "end_char": 41, "token_label": "NA"}, {"token": "Joining", "start_char": 42, "end_char": 49, "token_label": "NA"}, {"token": "ISIS", "start_char": 50, "end_char": 54, "token_label": "NA"}, {"token": "Gets", "start_char": 55, "end_char": 59, "token_label": "NA"}, {"token": "20", "start_char": 60, "end_char": 62, "token_label": "NA"}, {"token": "Years", "start_char": 63, "end_char": 68, "token_label": "NA"}], "news_discourse_role": 0, "news_discourse_role_prob_0": 0.8632952570915222, "news_discourse_role_prob_1": 0.07229087501764297, "news_discourse_role_prob_2": 0.0034066401422023773, "news_discourse_role_prob_3": 0.028443921357393265, "news_discourse_role_prob_4": 0.015157612040638924, "news_discourse_role_prob_5": 0.015905147418379784, "news_discourse_role_prob_6": 0.000904574990272522, "news_discourse_role_prob_7": 0.00045462680282071233, "news_discourse_role_prob_8": 0.0001413377613062039, "latter_discourse_relation": 3, "latter_discourse_relation_prob_comp": 0.000783511612098664, "latter_discourse_relation_prob_cont": 0.0009240751969628036, "latter_discourse_relation_prob_temp": 0.0002373066236032173, "latter_discourse_relation_prob_expan": 0.998055100440979, "previous_discourse_relation": -1}, {"sentence_id": 1, "sentence_start": 70, "sentence_end": 197, "sentence_text": "The first American citizen to be convicted of successfully joining the Islamic State has been sentenced to 20 years in prison.", "sentence_label": "NA", "tokens_list": ["The", "first", "American", "citizen", "to", "be", "convicted", "of", "successfully", "joining", "the", "Islamic", "State", "has", "been", "sentenced", "to", "20", "years", "in", "prison", "."], "tokens_dicts_list": [{"token": "The", "start_char": 70, "end_char": 73, "token_label": "NA"}, {"token": "first", "start_char": 74, "end_char": 79, "token_label": "NA"}, {"token": "American", "start_char": 80, "end_char": 88, "token_label": "NA"}, {"token": "citizen", "start_char": 89, "end_char": 96, "token_label": "NA"}, {"token": "to", "start_char": 97, "end_char": 99, "token_label": "NA"}, {"token": "be", "start_char": 100, "end_char": 102, "token_label": "NA"}, {"token": "convicted", "start_char": 103, "end_char": 112, "token_label": "NA"}, {"token": "of", "start_char": 113, "end_char": 115, "token_label": "NA"}, {"token": "successfully", "start_char": 116, "end_char": 128, "token_label": "NA"}, {"token": "joining", "start_char": 129, "end_char": 136, "token_label": "NA"}, {"token": "the", "start_char": 137, "end_char": 140, "token_label": "NA"}, {"token": "Islamic", "start_char": 141, "end_char": 148, "token_label": "NA"}, {"token": "State", "start_char": 149, "end_char": 154, "token_label": "NA"}, {"token": "has", "start_char": 155, "end_char": 158, "token_label": "NA"}, {"token": "been", "start_char": 159, "end_char": 163, "token_label": "NA"}, {"token": "sentenced", "start_char": 164, "end_char": 173, "token_label": "NA"}, {"token": "to", "start_char": 174, "end_char": 176, "token_label": "NA"}, {"token": "20", "start_char": 177, "end_char": 179, "token_label": "NA"}, {"token": "years", "start_char": 180, "end_char": 185, "token_label": "NA"}, {"token": "in", "start_char": 186, "end_char": 188, "token_label": "NA"}, {"token": "prison", "start_char": 189, "end_char": 195, "token_label": "NA"}, {"token": ".", "start_char": 195, "end_char": 196, "token_label": "NA"}], "news_discourse_role": 1, "news_discourse_role_prob_0": 0.015258368104696274, "news_discourse_role_prob_1": 0.9360389709472656, "news_discourse_role_prob_2": 0.005986445117741823, "news_discourse_role_prob_3": 0.028222816064953804, "news_discourse_role_prob_4": 0.01338531356304884, "news_discourse_role_prob_5": 0.0007445602677762508, "news_discourse_role_prob_6": 0.0001191334959003143, "news_discourse_role_prob_7": 0.000123642006656155, "news_discourse_role_prob_8": 0.00012072543904650956, "previous_discourse_relation": 3, "previous_discourse_relation_prob_comp": 0.000783511612098664, "previous_discourse_relation_prob_cont": 0.0009240751969628036, "previous_discourse_relation_prob_temp": 0.0002373066236032173, "previous_discourse_relation_prob_expan": 0.998055100440979, "latter_discourse_relation": 3, "latter_discourse_relation_prob_comp": 0.07425662875175476, "latter_discourse_relation_prob_cont": 0.0034890922252088785, "latter_discourse_relation_prob_temp": 0.0013959970092400908, "latter_discourse_relation_prob_expan": 0.9208582639694214}, {"sentence_id": 2, "sentence_start": 197, "sentence_end": 459, "sentence_text": "Mohamad Khweis, unlike the dozens of other people in the United States who failed to join ISIS and were subsequently charged, actually made it to Syria, but after just three months tried to escape and was captured by Kurdish forces, The Washington Post reports.", "sentence_label": "NA", "tokens_list": ["Mohamad", "Khweis", ",", "unlike", "the", "dozens", "of", "other", "people", "in", "the", "United", "States", "who", "failed", "to", "join", "ISIS", "and", "were", "subsequently", "charged", ",", "actually", "made", "it", "to", "Syria", ",", "but", "after", "just", "three", "months", "tried", "to", "escape", "and", "was", "captured", "by", "Kurdish", "forces", ",", "The", "Washington", "Post", "reports", "."], "tokens_dicts_list": [{"token": "Mohamad", "start_char": 197, "end_char": 204, "token_label": "NA"}, {"token": "Khweis", "start_char": 205, "end_char": 211, "token_label": "NA"}, {"token": ",", "start_char": 211, "end_char": 212, "token_label": "NA"}, {"token": "unlike", "start_char": 213, "end_char": 219, "token_label": "NA"}, {"token": "the", "start_char": 220, "end_char": 223, "token_label": "NA"}, {"token": "dozens", "start_char": 224, "end_char": 230, "token_label": "NA"}, {"token": "of", "start_char": 231, "end_char": 233, "token_label": "NA"}, {"token": "other", "start_char": 234, "end_char": 239, "token_label": "NA"}, {"token": "people", "start_char": 240, "end_char": 246, "token_label": "NA"}, {"token": "in", "start_char": 247, "end_char": 249, "token_label": "NA"}, {"token": "the", "start_char": 250, "end_char": 253, "token_label": "NA"}, {"token": "United", "start_char": 254, "end_char": 260, "token_label": "NA"}, {"token": "States", "start_char": 261, "end_char": 267, "token_label": "NA"}, {"token": "who", "start_char": 268, "end_char": 271, "token_label": "NA"}, {"token": "failed", "start_char": 272, "end_char": 278, "token_label": "NA"}, {"token": "to", "start_char": 279, "end_char": 281, "token_label": "NA"}, {"token": "join", "start_char": 282, "end_char": 286, "token_label": "NA"}, {"token": "ISIS", "start_char": 287, "end_char": 291, "token_label": "NA"}, {"token": "and", "start_char": 292, "end_char": 295, "token_label": "NA"}, {"token": "were", "start_char": 296, "end_char": 300, "token_label": "NA"}, {"token": "subsequently", "start_char": 301, "end_char": 313, "token_label": "NA"}, {"token": "charged", "start_char": 314, "end_char": 321, "token_label": "NA"}, {"token": ",", "start_char": 321, "end_char": 322, "token_label": "NA"}, {"token": "actually", "start_char": 323, "end_char": 331, "token_label": "NA"}, {"token": "made", "start_char": 332, "end_char": 336, "token_label": "NA"}, {"token": "it", "start_char": 337, "end_char": 339, "token_label": "NA"}, {"token": "to", "start_char": 340, "end_char": 342, "token_label": "NA"}, {"token": "Syria", "start_char": 343, "end_char": 348, "token_label": "NA"}, {"token": ",", "start_char": 348, "end_char": 349, "token_label": "NA"}, {"token": "but", "start_char": 350, "end_char": 353, "token_label": "NA"}, {"token": "after", "start_char": 354, "end_char": 359, "token_label": "NA"}, {"token": "just", "start_char": 360, "end_char": 364, "token_label": "NA"}, {"token": "three", "start_char": 365, "end_char": 370, "token_label": "NA"}, {"token": "months", "start_char": 371, "end_char": 377, "token_label": "NA"}, {"token": "tried", "start_char": 378, "end_char": 383, "token_label": "NA"}, {"token": "to", "start_char": 384, "end_char": 386, "token_label": "NA"}, {"token": "escape", "start_char": 387, "end_char": 393, "token_label": "NA"}, {"token": "and", "start_char": 394, "end_char": 397, "token_label": "NA"}, {"token": "was", "start_char": 398, "end_char": 401, "token_label": "NA"}, {"token": "captured", "start_char": 402, "end_char": 410, "token_label": "NA"}, {"token": "by", "start_char": 411, "end_char": 413, "token_label": "NA"}, {"token": "Kurdish", "start_char": 414, "end_char": 421, "token_label": "NA"}, {"token": "forces", "start_char": 422, "end_char": 428, "token_label": "NA"}, {"token": ",", "start_char": 428, "end_char": 429, "token_label": "NA"}, {"token": "The", "start_char": 430, "end_char": 433, "token_label": "NA"}, {"token": "Washington", "start_char": 434, "end_char": 444, "token_label": "NA"}, {"token": "Post", "start_char": 445, "end_char": 449, "token_label": "NA"}, {"token": "reports", "start_char": 450, "end_char": 457, "token_label": "NA"}, {"token": ".", "start_char": 457, "end_char": 458, "token_label": "NA"}], "news_discourse_role": 3, "news_discourse_role_prob_0": 0.0016065126983448863, "news_discourse_role_prob_1": 0.013527977280318737, "news_discourse_role_prob_2": 0.0013967070262879133, "news_discourse_role_prob_3": 0.5737718939781189, "news_discourse_role_prob_4": 0.19069598615169525, "news_discourse_role_prob_5": 0.2170296460390091, "news_discourse_role_prob_6": 0.001013656030409038, "news_discourse_role_prob_7": 0.0008184362086467445, "news_discourse_role_prob_8": 0.00013912406575400382, "previous_discourse_relation": 3, "previous_discourse_relation_prob_comp": 0.07425662875175476, "previous_discourse_relation_prob_cont": 0.0034890922252088785, "previous_discourse_relation_prob_temp": 0.0013959970092400908, "previous_discourse_relation_prob_expan": 0.9208582639694214, "latter_discourse_relation": 3, "latter_discourse_relation_prob_comp": 0.029709743335843086, "latter_discourse_relation_prob_cont": 0.07230747491121292, "latter_discourse_relation_prob_temp": 0.0025182836689054966, "latter_discourse_relation_prob_expan": 0.8954645395278931}, {"sentence_id": 3, "sentence_start": 459, "sentence_end": 511, "sentence_text": "Khweis is an interesting case for numerous reasons.", "sentence_label": "NA", "tokens_list": ["Khweis", "is", "an", "interesting", "case", "for", "numerous", "reasons", "."], "tokens_dicts_list": [{"token": "Khweis", "start_char": 459, "end_char": 465, "token_label": "NA"}, {"token": "is", "start_char": 466, "end_char": 468, "token_label": "NA"}, {"token": "an", "start_char": 469, "end_char": 471, "token_label": "NA"}, {"token": "interesting", "start_char": 472, "end_char": 483, "token_label": "NA"}, {"token": "case", "start_char": 484, "end_char": 488, "token_label": "NA"}, {"token": "for", "start_char": 489, "end_char": 492, "token_label": "NA"}, {"token": "numerous", "start_char": 493, "end_char": 501, "token_label": "NA"}, {"token": "reasons", "start_char": 502, "end_char": 509, "token_label": "NA"}, {"token": ".", "start_char": 509, "end_char": 510, "token_label": "NA"}], "news_discourse_role": 7, "news_discourse_role_prob_0": 0.0001276526163564995, "news_discourse_role_prob_1": 0.0017703966004773974, "news_discourse_role_prob_2": 0.0007188582676462829, "news_discourse_role_prob_3": 0.0718146413564682, "news_discourse_role_prob_4": 0.054391276091337204, "news_discourse_role_prob_5": 0.02669755555689335, "news_discourse_role_prob_6": 0.003425315022468567, "news_discourse_role_prob_7": 0.8400598764419556, "news_discourse_role_prob_8": 0.0009944577468559146, "previous_discourse_relation": 3, "previous_discourse_relation_prob_comp": 0.029709743335843086, "previous_discourse_relation_prob_cont": 0.07230747491121292, "previous_discourse_relation_prob_temp": 0.0025182836689054966, "previous_discourse_relation_prob_expan": 0.8954645395278931, "latter_discourse_relation": 3, "latter_discourse_relation_prob_comp": 0.00023928646987769753, "latter_discourse_relation_prob_cont": 0.0025171292945742607, "latter_discourse_relation_prob_temp": 2.203858457505703e-05, "latter_discourse_relation_prob_expan": 0.9972215890884399}, {"sentence_id": 4, "sentence_start": 511, "sentence_end": 590, "sentence_text": "First, there was no particular event or friend who ignited his radicalization.", "sentence_label": "NA", "tokens_list": ["First", ",", "there", "was", "no", "particular", "event", "or", "friend", "who", "ignited", "his", "radicalization", "."], "tokens_dicts_list": [{"token": "First", "start_char": 511, "end_char": 516, "token_label": "NA"}, {"token": ",", "start_char": 516, "end_char": 517, "token_label": "NA"}, {"token": "there", "start_char": 518, "end_char": 523, "token_label": "NA"}, {"token": "was", "start_char": 524, "end_char": 527, "token_label": "NA"}, {"token": "no", "start_char": 528, "end_char": 530, "token_label": "NA"}, {"token": "particular", "start_char": 531, "end_char": 541, "token_label": "NA"}, {"token": "event", "start_char": 542, "end_char": 547, "token_label": "NA"}, {"token": "or", "start_char": 548, "end_char": 550, "token_label": "NA"}, {"token": "friend", "start_char": 551, "end_char": 557, "token_label": "NA"}, {"token": "who", "start_char": 558, "end_char": 561, "token_label": "NA"}, {"token": "ignited", "start_char": 562, "end_char": 569, "token_label": "NA"}, {"token": "his", "start_char": 570, "end_char": 573, "token_label": "NA"}, {"token": "radicalization", "start_char": 574, "end_char": 588, "token_label": "NA"}, {"token": ".", "start_char": 588, "end_char": 589, "token_label": "NA"}], "news_discourse_role": 7, "news_discourse_role_prob_0": 0.00011951760825468227, "news_discourse_role_prob_1": 0.0028138188645243645, "news_discourse_role_prob_2": 0.0008345362148247659, "news_discourse_role_prob_3": 0.12439928203821182, "news_discourse_role_prob_4": 0.1677534133195877, "news_discourse_role_prob_5": 0.3234986960887909, "news_discourse_role_prob_6": 0.002944665029644966, "news_discourse_role_prob_7": 0.3757498264312744, "news_discourse_role_prob_8": 0.0018863154109567404, "previous_discourse_relation": 3, "previous_discourse_relation_prob_comp": 0.00023928646987769753, "previous_discourse_relation_prob_cont": 0.0025171292945742607, "previous_discourse_relation_prob_temp": 2.203858457505703e-05, "previous_discourse_relation_prob_expan": 0.9972215890884399, "latter_discourse_relation": 3, "latter_discourse_relation_prob_comp": 0.001722058979794383, "latter_discourse_relation_prob_cont": 0.0005446855211630464, "latter_discourse_relation_prob_temp": 0.00019047797832172364, "latter_discourse_relation_prob_expan": 0.9975428581237793}, {"sentence_id": 5, "sentence_start": 590, "sentence_end": 643, "sentence_text": "Second, he successfully made it to Syria via Turkey.", "sentence_label": "NA", "tokens_list": ["Second", ",", "he", "successfully", "made", "it", "to", "Syria", "via", "Turkey", "."], "tokens_dicts_list": [{"token": "Second", "start_char": 590, "end_char": 596, "token_label": "NA"}, {"token": ",", "start_char": 596, "end_char": 597, "token_label": "NA"}, {"token": "he", "start_char": 598, "end_char": 600, "token_label": "NA"}, {"token": "successfully", "start_char": 601, "end_char": 613, "token_label": "NA"}, {"token": "made", "start_char": 614, "end_char": 618, "token_label": "NA"}, {"token": "it", "start_char": 619, "end_char": 621, "token_label": "NA"}, {"token": "to", "start_char": 622, "end_char": 624, "token_label": "NA"}, {"token": "Syria", "start_char": 625, "end_char": 630, "token_label": "NA"}, {"token": "via", "start_char": 631, "end_char": 634, "token_label": "NA"}, {"token": "Turkey", "start_char": 635, "end_char": 641, "token_label": "NA"}, {"token": ".", "start_char": 641, "end_char": 642, "token_label": "NA"}], "news_discourse_role": 4, "news_discourse_role_prob_0": 0.0002574316458776593, "news_discourse_role_prob_1": 0.004791936371475458, "news_discourse_role_prob_2": 0.0023036946076899767, "news_discourse_role_prob_3": 0.17007963359355927, "news_discourse_role_prob_4": 0.5584770441055298, "news_discourse_role_prob_5": 0.25100964307785034, "news_discourse_role_prob_6": 0.0007141129462979734, "news_discourse_role_prob_7": 0.011756150051951408, "news_discourse_role_prob_8": 0.0006103874766267836, "previous_discourse_relation": 3, "previous_discourse_relation_prob_comp": 0.001722058979794383, "previous_discourse_relation_prob_cont": 0.0005446855211630464, "previous_discourse_relation_prob_temp": 0.00019047797832172364, "previous_discourse_relation_prob_expan": 0.9975428581237793, "latter_discourse_relation": 3, "latter_discourse_relation_prob_comp": 0.00016427756054326892, "latter_discourse_relation_prob_cont": 0.0002777409099508077, "latter_discourse_relation_prob_temp": 5.4806750995339826e-05, "latter_discourse_relation_prob_expan": 0.9995031356811523}, {"sentence_id": 6, "sentence_start": 643, "sentence_end": 699, "sentence_text": "And third, he came from a secular home that was stable.", "sentence_label": "NA", "tokens_list": ["And", "third", ",", "he", "came", "from", "a", "secular", "home", "that", "was", "stable", "."], "tokens_dicts_list": [{"token": "And", "start_char": 643, "end_char": 646, "token_label": "NA"}, {"token": "third", "start_char": 647, "end_char": 652, "token_label": "NA"}, {"token": ",", "start_char": 652, "end_char": 653, "token_label": "NA"}, {"token": "he", "start_char": 654, "end_char": 656, "token_label": "NA"}, {"token": "came", "start_char": 657, "end_char": 661, "token_label": "NA"}, {"token": "from", "start_char": 662, "end_char": 666, "token_label": "NA"}, {"token": "a", "start_char": 667, "end_char": 668, "token_label": "NA"}, {"token": "secular", "start_char": 669, "end_char": 676, "token_label": "NA"}, {"token": "home", "start_char": 677, "end_char": 681, "token_label": "NA"}, {"token": "that", "start_char": 682, "end_char": 686, "token_label": "NA"}, {"token": "was", "start_char": 687, "end_char": 690, "token_label": "NA"}, {"token": "stable", "start_char": 691, "end_char": 697, "token_label": "NA"}, {"token": ".", "start_char": 697, "end_char": 698, "token_label": "NA"}], "news_discourse_role": 4, "news_discourse_role_prob_0": 0.0002136957336915657, "news_discourse_role_prob_1": 0.0038782653864473104, "news_discourse_role_prob_2": 0.002553666941821575, "news_discourse_role_prob_3": 0.03854402154684067, "news_discourse_role_prob_4": 0.6133347153663635, "news_discourse_role_prob_5": 0.24014213681221008, "news_discourse_role_prob_6": 0.0040655601769685745, "news_discourse_role_prob_7": 0.09559551626443863, "news_discourse_role_prob_8": 0.0016724626766517758, "previous_discourse_relation": 3, "previous_discourse_relation_prob_comp": 0.00016427756054326892, "previous_discourse_relation_prob_cont": 0.0002777409099508077, "previous_discourse_relation_prob_temp": 5.4806750995339826e-05, "previous_discourse_relation_prob_expan": 0.9995031356811523, "latter_discourse_relation": 0, "latter_discourse_relation_prob_comp": 0.7086295485496521, "latter_discourse_relation_prob_cont": 0.046966902911663055, "latter_discourse_relation_prob_temp": 0.003143142443150282, "latter_discourse_relation_prob_expan": 0.2412603795528412}, {"sentence_id": 7, "sentence_start": 699, "sentence_end": 755, "sentence_text": "His life before joining the caliphate was unremarkable.", "sentence_label": "NA", "tokens_list": ["His", "life", "before", "joining", "the", "caliphate", "was", "unremarkable", "."], "tokens_dicts_list": [{"token": "His", "start_char": 699, "end_char": 702, "token_label": "NA"}, {"token": "life", "start_char": 703, "end_char": 707, "token_label": "NA"}, {"token": "before", "start_char": 708, "end_char": 714, "token_label": "NA"}, {"token": "joining", "start_char": 715, "end_char": 722, "token_label": "NA"}, {"token": "the", "start_char": 723, "end_char": 726, "token_label": "NA"}, {"token": "caliphate", "start_char": 727, "end_char": 736, "token_label": "NA"}, {"token": "was", "start_char": 737, "end_char": 740, "token_label": "NA"}, {"token": "unremarkable", "start_char": 741, "end_char": 753, "token_label": "NA"}, {"token": ".", "start_char": 753, "end_char": 754, "token_label": "NA"}], "news_discourse_role": 7, "news_discourse_role_prob_0": 2.9136841476429254e-05, "news_discourse_role_prob_1": 0.00048757001059129834, "news_discourse_role_prob_2": 0.0007204536814242601, "news_discourse_role_prob_3": 0.006681220140308142, "news_discourse_role_prob_4": 0.0499035008251667, "news_discourse_role_prob_5": 0.07850916683673859, "news_discourse_role_prob_6": 0.007813499309122562, "news_discourse_role_prob_7": 0.8548308610916138, "news_discourse_role_prob_8": 0.0010246065212413669, "previous_discourse_relation": 0, "previous_discourse_relation_prob_comp": 0.7086295485496521, "previous_discourse_relation_prob_cont": 0.046966902911663055, "previous_discourse_relation_prob_temp": 0.003143142443150282, "previous_discourse_relation_prob_expan": 0.2412603795528412, "latter_discourse_relation": 3, "latter_discourse_relation_prob_comp": 0.0021647349931299686, "latter_discourse_relation_prob_cont": 0.017919763922691345, "latter_discourse_relation_prob_temp": 0.0018950400408357382, "latter_discourse_relation_prob_expan": 0.9780204892158508}, {"sentence_id": 8, "sentence_start": 755, "sentence_end": 855, "sentence_text": "He obtained an associate\u2019s degree in criminal justice and worked as a bus driver in Alexandria, Va.", "sentence_label": "NA", "tokens_list": ["He", "obtained", "an", "associate\u2019s", "degree", "in", "criminal", "justice", "and", "worked", "as", "a", "bus", "driver", "in", "Alexandria", ",", "Va", "."], "tokens_dicts_list": [{"token": "He", "start_char": 755, "end_char": 757, "token_label": "NA"}, {"token": "obtained", "start_char": 758, "end_char": 766, "token_label": "NA"}, {"token": "an", "start_char": 767, "end_char": 769, "token_label": "NA"}, {"token": "associate\u2019s", "start_char": 770, "end_char": 781, "token_label": "NA"}, {"token": "degree", "start_char": 782, "end_char": 788, "token_label": "NA"}, {"token": "in", "start_char": 789, "end_char": 791, "token_label": "NA"}, {"token": "criminal", "start_char": 792, "end_char": 800, "token_label": "NA"}, {"token": "justice", "start_char": 801, "end_char": 808, "token_label": "NA"}, {"token": "and", "start_char": 809, "end_char": 812, "token_label": "NA"}, {"token": "worked", "start_char": 813, "end_char": 819, "token_label": "NA"}, {"token": "as", "start_char": 820, "end_char": 822, "token_label": "NA"}, {"token": "a", "start_char": 823, "end_char": 824, "token_label": "NA"}, {"token": "bus", "start_char": 825, "end_char": 828, "token_label": "NA"}, {"token": "driver", "start_char": 829, "end_char": 835, "token_label": "NA"}, {"token": "in", "start_char": 836, "end_char": 838, "token_label": "NA"}, {"token": "Alexandria", "start_char": 839, "end_char": 849, "token_label": "NA"}, {"token": ",", "start_char": 849, "end_char": 850, "token_label": "NA"}, {"token": "Va", "start_char": 851, "end_char": 853, "token_label": "NA"}, {"token": ".", "start_char": 853, "end_char": 854, "token_label": "NA"}], "news_discourse_role": 4, "news_discourse_role_prob_0": 3.2311978429788724e-05, "news_discourse_role_prob_1": 8.70135918376036e-05, "news_discourse_role_prob_2": 0.0011162590235471725, "news_discourse_role_prob_3": 0.0010879059555009007, "news_discourse_role_prob_4": 0.9592633247375488, "news_discourse_role_prob_5": 0.035895850509405136, "news_discourse_role_prob_6": 0.0010237268870696425, "news_discourse_role_prob_7": 0.0014390561264008284, "news_discourse_role_prob_8": 5.456050712382421e-05, "previous_discourse_relation": 3, "previous_discourse_relation_prob_comp": 0.0021647349931299686, "previous_discourse_relation_prob_cont": 0.017919763922691345, "previous_discourse_relation_prob_temp": 0.0018950400408357382, "previous_discourse_relation_prob_expan": 0.9780204892158508, "latter_discourse_relation": 3, "latter_discourse_relation_prob_comp": 0.00029558950336650014, "latter_discourse_relation_prob_cont": 0.00018049287609755993, "latter_discourse_relation_prob_temp": 4.216090383124538e-05, "latter_discourse_relation_prob_expan": 0.999481737613678}, {"sentence_id": 9, "sentence_start": 855, "sentence_end": 905, "sentence_text": "He also abused marijuana over the past few years.", "sentence_label": "NA", "tokens_list": ["He", "also", "abused", "marijuana", "over", "the", "past", "few", "years", "."], "tokens_dicts_list": [{"token": "He", "start_char": 855, "end_char": 857, "token_label": "NA"}, {"token": "also", "start_char": 858, "end_char": 862, "token_label": "NA"}, {"token": "abused", "start_char": 863, "end_char": 869, "token_label": "NA"}, {"token": "marijuana", "start_char": 870, "end_char": 879, "token_label": "NA"}, {"token": "over", "start_char": 880, "end_char": 884, "token_label": "NA"}, {"token": "the", "start_char": 885, "end_char": 888, "token_label": "NA"}, {"token": "past", "start_char": 889, "end_char": 893, "token_label": "NA"}, {"token": "few", "start_char": 894, "end_char": 897, "token_label": "NA"}, {"token": "years", "start_char": 898, "end_char": 903, "token_label": "NA"}, {"token": ".", "start_char": 903, "end_char": 904, "token_label": "NA"}], "news_discourse_role": 4, "news_discourse_role_prob_0": 9.208524716086686e-05, "news_discourse_role_prob_1": 0.00033565223566256464, "news_discourse_role_prob_2": 0.0010681654093787074, "news_discourse_role_prob_3": 0.00993013009428978, "news_discourse_role_prob_4": 0.6896789073944092, "news_discourse_role_prob_5": 0.22837600111961365, "news_discourse_role_prob_6": 0.015970449894666672, "news_discourse_role_prob_7": 0.05433196574449539, "news_discourse_role_prob_8": 0.00021666109387297183, "previous_discourse_relation": 3, "previous_discourse_relation_prob_comp": 0.00029558950336650014, "previous_discourse_relation_prob_cont": 0.00018049287609755993, "previous_discourse_relation_prob_temp": 4.216090383124538e-05, "previous_discourse_relation_prob_expan": 0.999481737613678, "latter_discourse_relation": 3, "latter_discourse_relation_prob_comp": 0.00866277702152729, "latter_discourse_relation_prob_cont": 0.0033026752062141895, "latter_discourse_relation_prob_temp": 0.004267647862434387, "latter_discourse_relation_prob_expan": 0.9837669134140015}, {"sentence_id": 10, "sentence_start": 905, "sentence_end": 1000, "sentence_text": "Khweis\u2019 defense attorney said Friday that even he has no idea what caused Khweis to join ISIS.", "sentence_label": "NA", "tokens_list": ["Khweis\u2019", "defense", "attorney", "said", "Friday", "that", "even", "he", "has", "no", "idea", "what", "caused", "Khweis", "to", "join", "ISIS", "."], "tokens_dicts_list": [{"token": "Khweis\u2019", "start_char": 905, "end_char": 912, "token_label": "NA"}, {"token": "defense", "start_char": 913, "end_char": 920, "token_label": "NA"}, {"token": "attorney", "start_char": 921, "end_char": 929, "token_label": "NA"}, {"token": "said", "start_char": 930, "end_char": 934, "token_label": "NA"}, {"token": "Friday", "start_char": 935, "end_char": 941, "token_label": "NA"}, {"token": "that", "start_char": 942, "end_char": 946, "token_label": "NA"}, {"token": "even", "start_char": 947, "end_char": 951, "token_label": "NA"}, {"token": "he", "start_char": 952, "end_char": 954, "token_label": "NA"}, {"token": "has", "start_char": 955, "end_char": 958, "token_label": "NA"}, {"token": "no", "start_char": 959, "end_char": 961, "token_label": "NA"}, {"token": "idea", "start_char": 962, "end_char": 966, "token_label": "NA"}, {"token": "what", "start_char": 967, "end_char": 971, "token_label": "NA"}, {"token": "caused", "start_char": 972, "end_char": 978, "token_label": "NA"}, {"token": "Khweis", "start_char": 979, "end_char": 985, "token_label": "NA"}, {"token": "to", "start_char": 986, "end_char": 988, "token_label": "NA"}, {"token": "join", "start_char": 989, "end_char": 993, "token_label": "NA"}, {"token": "ISIS", "start_char": 994, "end_char": 998, "token_label": "NA"}, {"token": ".", "start_char": 998, "end_char": 999, "token_label": "NA"}], "news_discourse_role": 7, "news_discourse_role_prob_0": 0.00010465446393936872, "news_discourse_role_prob_1": 0.0028568750713020563, "news_discourse_role_prob_2": 0.0011370395077392459, "news_discourse_role_prob_3": 0.007921001873910427, "news_discourse_role_prob_4": 0.00622563948854804, "news_discourse_role_prob_5": 0.0024008811451494694, "news_discourse_role_prob_6": 0.016081390902400017, "news_discourse_role_prob_7": 0.9538372755050659, "news_discourse_role_prob_8": 0.009435201995074749, "previous_discourse_relation": 3, "previous_discourse_relation_prob_comp": 0.00866277702152729, "previous_discourse_relation_prob_cont": 0.0033026752062141895, "previous_discourse_relation_prob_temp": 0.004267647862434387, "previous_discourse_relation_prob_expan": 0.9837669134140015, "latter_discourse_relation": 3, "latter_discourse_relation_prob_comp": 0.0007238652906380594, "latter_discourse_relation_prob_cont": 0.003563482314348221, "latter_discourse_relation_prob_temp": 0.0004524069663602859, "latter_discourse_relation_prob_expan": 0.9952602982521057}, {"sentence_id": 11, "sentence_start": 1000, "sentence_end": 1076, "sentence_text": "\u201cIt\u2019s difficult to understand,\u201d defense attorney John Zwerling said Friday.", "sentence_label": "NA", "tokens_list": ["\u201cIt\u2019s", "difficult", "to", "understand", ",", "\u201d", "defense", "attorney", "John", "Zwerling", "said", "Friday", "."], "tokens_dicts_list": [{"token": "\u201cIt\u2019s", "start_char": 1000, "end_char": 1005, "token_label": "NA"}, {"token": "difficult", "start_char": 1006, "end_char": 1015, "token_label": "NA"}, {"token": "to", "start_char": 1016, "end_char": 1018, "token_label": "NA"}, {"token": "understand", "start_char": 1019, "end_char": 1029, "token_label": "NA"}, {"token": ",", "start_char": 1029, "end_char": 1030, "token_label": "NA"}, {"token": "\u201d", "start_char": 1030, "end_char": 1031, "token_label": "NA"}, {"token": "defense", "start_char": 1032, "end_char": 1039, "token_label": "NA"}, {"token": "attorney", "start_char": 1040, "end_char": 1048, "token_label": "NA"}, {"token": "John", "start_char": 1049, "end_char": 1053, "token_label": "NA"}, {"token": "Zwerling", "start_char": 1054, "end_char": 1062, "token_label": "NA"}, {"token": "said", "start_char": 1063, "end_char": 1067, "token_label": "NA"}, {"token": "Friday", "start_char": 1068, "end_char": 1074, "token_label": "NA"}, {"token": ".", "start_char": 1074, "end_char": 1075, "token_label": "NA"}], "news_discourse_role": 7, "news_discourse_role_prob_0": 0.00011604716564761475, "news_discourse_role_prob_1": 0.00314489658921957, "news_discourse_role_prob_2": 0.0003940049500670284, "news_discourse_role_prob_3": 0.0021404260769486427, "news_discourse_role_prob_4": 0.0006908467621542513, "news_discourse_role_prob_5": 0.0027485464233905077, "news_discourse_role_prob_6": 0.02567114122211933, "news_discourse_role_prob_7": 0.9615604281425476, "news_discourse_role_prob_8": 0.0035337076988071203, "previous_discourse_relation": 3, "previous_discourse_relation_prob_comp": 0.0007238652906380594, "previous_discourse_relation_prob_cont": 0.003563482314348221, "previous_discourse_relation_prob_temp": 0.0004524069663602859, "previous_discourse_relation_prob_expan": 0.9952602982521057, "latter_discourse_relation": 3, "latter_discourse_relation_prob_comp": 6.898434367030859e-05, "latter_discourse_relation_prob_cont": 0.0007516337791457772, "latter_discourse_relation_prob_temp": 4.035981328343041e-05, "latter_discourse_relation_prob_expan": 0.9991389513015747}, {"sentence_id": 12, "sentence_start": 1076, "sentence_end": 1135, "sentence_text": "\u201cWe don\u2019t really know what caused him to travel to Syria.\u201d", "sentence_label": "NA", "tokens_list": ["\u201cWe", "don\u2019t", "really", "know", "what", "caused", "him", "to", "travel", "to", "Syria.\u201d"], "tokens_dicts_list": [{"token": "\u201cWe", "start_char": 1076, "end_char": 1079, "token_label": "NA"}, {"token": "don\u2019t", "start_char": 1080, "end_char": 1085, "token_label": "NA"}, {"token": "really", "start_char": 1086, "end_char": 1092, "token_label": "NA"}, {"token": "know", "start_char": 1093, "end_char": 1097, "token_label": "NA"}, {"token": "what", "start_char": 1098, "end_char": 1102, "token_label": "NA"}, {"token": "caused", "start_char": 1103, "end_char": 1109, "token_label": "NA"}, {"token": "him", "start_char": 1110, "end_char": 1113, "token_label": "NA"}, {"token": "to", "start_char": 1114, "end_char": 1116, "token_label": "NA"}, {"token": "travel", "start_char": 1117, "end_char": 1123, "token_label": "NA"}, {"token": "to", "start_char": 1124, "end_char": 1126, "token_label": "NA"}, {"token": "Syria.\u201d", "start_char": 1127, "end_char": 1134, "token_label": "NA"}], "news_discourse_role": 7, "news_discourse_role_prob_0": 0.0001809358800528571, "news_discourse_role_prob_1": 0.005666813813149929, "news_discourse_role_prob_2": 0.000830418081022799, "news_discourse_role_prob_3": 0.006882323417812586, "news_discourse_role_prob_4": 0.0025559619534760714, "news_discourse_role_prob_5": 0.005955714266747236, "news_discourse_role_prob_6": 0.021473364904522896, "news_discourse_role_prob_7": 0.9422203898429871, "news_discourse_role_prob_8": 0.014234112575650215, "previous_discourse_relation": 3, "previous_discourse_relation_prob_comp": 6.898434367030859e-05, "previous_discourse_relation_prob_cont": 0.0007516337791457772, "previous_discourse_relation_prob_temp": 4.035981328343041e-05, "previous_discourse_relation_prob_expan": 0.9991389513015747, "latter_discourse_relation": 3, "latter_discourse_relation_prob_comp": 0.05100694298744202, "latter_discourse_relation_prob_cont": 0.013658277690410614, "latter_discourse_relation_prob_temp": 0.0024160791654139757, "latter_discourse_relation_prob_expan": 0.9329186677932739}, {"sentence_id": 13, "sentence_start": 1135, "sentence_end": 1277, "sentence_text": "From the very start of his trial, Khweis said he regretted his actions and said his decision to join ISIS in December 2015 was a drunken one.", "sentence_label": "Loaded_Language", "tokens_list": ["From", "the", "very", "start", "of", "his", "trial", ",", "Khweis", "said", "he", "regretted", "his", "actions", "and", "said", "his", "decision", "to", "join", "ISIS", "in", "December", "2015", "was", "a", "drunken", "one", "."], "tokens_dicts_list": [{"token": "From", "start_char": 1135, "end_char": 1139, "token_label": "NA"}, {"token": "the", "start_char": 1140, "end_char": 1143, "token_label": "NA"}, {"token": "very", "start_char": 1144, "end_char": 1148, "token_label": "NA"}, {"token": "start", "start_char": 1149, "end_char": 1154, "token_label": "NA"}, {"token": "of", "start_char": 1155, "end_char": 1157, "token_label": "NA"}, {"token": "his", "start_char": 1158, "end_char": 1161, "token_label": "NA"}, {"token": "trial", "start_char": 1162, "end_char": 1167, "token_label": "NA"}, {"token": ",", "start_char": 1167, "end_char": 1168, "token_label": "NA"}, {"token": "Khweis", "start_char": 1169, "end_char": 1175, "token_label": "NA"}, {"token": "said", "start_char": 1176, "end_char": 1180, "token_label": "NA"}, {"token": "he", "start_char": 1181, "end_char": 1183, "token_label": "NA"}, {"token": "regretted", "start_char": 1184, "end_char": 1193, "token_label": "NA"}, {"token": "his", "start_char": 1194, "end_char": 1197, "token_label": "NA"}, {"token": "actions", "start_char": 1198, "end_char": 1205, "token_label": "NA"}, {"token": "and", "start_char": 1206, "end_char": 1209, "token_label": "NA"}, {"token": "said", "start_char": 1210, "end_char": 1214, "token_label": "NA"}, {"token": "his", "start_char": 1215, "end_char": 1218, "token_label": "NA"}, {"token": "decision", "start_char": 1219, "end_char": 1227, "token_label": "NA"}, {"token": "to", "start_char": 1228, "end_char": 1230, "token_label": "NA"}, {"token": "join", "start_char": 1231, "end_char": 1235, "token_label": "NA"}, {"token": "ISIS", "start_char": 1236, "end_char": 1240, "token_label": "NA"}, {"token": "in", "start_char": 1241, "end_char": 1243, "token_label": "NA"}, {"token": "December", "start_char": 1244, "end_char": 1252, "token_label": "NA"}, {"token": "2015", "start_char": 1253, "end_char": 1257, "token_label": "NA"}, {"token": "was", "start_char": 1258, "end_char": 1261, "token_label": "NA"}, {"token": "a", "start_char": 1262, "end_char": 1263, "token_label": "NA"}, {"token": "drunken", "start_char": 1264, "end_char": 1271, "token_label": "Loaded_Language"}, {"token": "one", "start_char": 1272, "end_char": 1275, "token_label": "Loaded_Language"}, {"token": ".", "start_char": 1275, "end_char": 1276, "token_label": "NA"}], "news_discourse_role": 7, "news_discourse_role_prob_0": 4.35449110227637e-05, "news_discourse_role_prob_1": 0.002872621640563011, "news_discourse_role_prob_2": 0.0008363797096535563, "news_discourse_role_prob_3": 0.01757509633898735, "news_discourse_role_prob_4": 0.016015296801924706, "news_discourse_role_prob_5": 0.2388768196105957, "news_discourse_role_prob_6": 0.014691809192299843, "news_discourse_role_prob_7": 0.7057651281356812, "news_discourse_role_prob_8": 0.0033232849091291428, "previous_discourse_relation": 3, "previous_discourse_relation_prob_comp": 0.05100694298744202, "previous_discourse_relation_prob_cont": 0.013658277690410614, "previous_discourse_relation_prob_temp": 0.0024160791654139757, "previous_discourse_relation_prob_expan": 0.9329186677932739, "latter_discourse_relation": 3, "latter_discourse_relation_prob_comp": 0.0017220298759639263, "latter_discourse_relation_prob_cont": 0.003625535173341632, "latter_discourse_relation_prob_temp": 0.0026860220823436975, "latter_discourse_relation_prob_expan": 0.9919663667678833}, {"sentence_id": 14, "sentence_start": 1277, "sentence_end": 1376, "sentence_text": "\u201cI hated myself for making the worst decision I ever made,\u201d Khweis wrote to the judge in a letter.", "sentence_label": "NA", "tokens_list": ["\u201cI", "hated", "myself", "for", "making", "the", "worst", "decision", "I", "ever", "made", ",", "\u201d", "Khweis", "wrote", "to", "the", "judge", "in", "a", "letter", "."], "tokens_dicts_list": [{"token": "\u201cI", "start_char": 1277, "end_char": 1279, "token_label": "NA"}, {"token": "hated", "start_char": 1280, "end_char": 1285, "token_label": "NA"}, {"token": "myself", "start_char": 1286, "end_char": 1292, "token_label": "NA"}, {"token": "for", "start_char": 1293, "end_char": 1296, "token_label": "NA"}, {"token": "making", "start_char": 1297, "end_char": 1303, "token_label": "NA"}, {"token": "the", "start_char": 1304, "end_char": 1307, "token_label": "NA"}, {"token": "worst", "start_char": 1308, "end_char": 1313, "token_label": "NA"}, {"token": "decision", "start_char": 1314, "end_char": 1322, "token_label": "NA"}, {"token": "I", "start_char": 1323, "end_char": 1324, "token_label": "NA"}, {"token": "ever", "start_char": 1325, "end_char": 1329, "token_label": "NA"}, {"token": "made", "start_char": 1330, "end_char": 1334, "token_label": "NA"}, {"token": ",", "start_char": 1334, "end_char": 1335, "token_label": "NA"}, {"token": "\u201d", "start_char": 1335, "end_char": 1336, "token_label": "NA"}, {"token": "Khweis", "start_char": 1337, "end_char": 1343, "token_label": "NA"}, {"token": "wrote", "start_char": 1344, "end_char": 1349, "token_label": "NA"}, {"token": "to", "start_char": 1350, "end_char": 1352, "token_label": "NA"}, {"token": "the", "start_char": 1353, "end_char": 1356, "token_label": "NA"}, {"token": "judge", "start_char": 1357, "end_char": 1362, "token_label": "NA"}, {"token": "in", "start_char": 1363, "end_char": 1365, "token_label": "NA"}, {"token": "a", "start_char": 1366, "end_char": 1367, "token_label": "NA"}, {"token": "letter", "start_char": 1368, "end_char": 1374, "token_label": "NA"}, {"token": ".", "start_char": 1374, "end_char": 1375, "token_label": "NA"}], "news_discourse_role": 7, "news_discourse_role_prob_0": 0.00033543785684742033, "news_discourse_role_prob_1": 0.010651526041328907, "news_discourse_role_prob_2": 0.001445598085410893, "news_discourse_role_prob_3": 0.01061092596501112, "news_discourse_role_prob_4": 0.003912612795829773, "news_discourse_role_prob_5": 0.1267695128917694, "news_discourse_role_prob_6": 0.041561610996723175, "news_discourse_role_prob_7": 0.7998380064964294, "news_discourse_role_prob_8": 0.004874758888036013, "previous_discourse_relation": 3, "previous_discourse_relation_prob_comp": 0.0017220298759639263, "previous_discourse_relation_prob_cont": 0.003625535173341632, "previous_discourse_relation_prob_temp": 0.0026860220823436975, "previous_discourse_relation_prob_expan": 0.9919663667678833, "latter_discourse_relation": 3, "latter_discourse_relation_prob_comp": 0.0004914881428703666, "latter_discourse_relation_prob_cont": 0.0020127559546381235, "latter_discourse_relation_prob_temp": 0.00033300911309197545, "latter_discourse_relation_prob_expan": 0.9971627593040466}, {"sentence_id": 15, "sentence_start": 1376, "sentence_end": 1417, "sentence_text": "\u201cI ruined my life and my family\u2019s life.\u201d", "sentence_label": "Exaggeration,Minimisation", "tokens_list": ["\u201cI", "ruined", "my", "life", "and", "my", "family\u2019s", "life.\u201d"], "tokens_dicts_list": [{"token": "\u201cI", "start_char": 1376, "end_char": 1378, "token_label": "Exaggeration,Minimisation"}, {"token": "ruined", "start_char": 1379, "end_char": 1385, "token_label": "Exaggeration,Minimisation"}, {"token": "my", "start_char": 1386, "end_char": 1388, "token_label": "Exaggeration,Minimisation"}, {"token": "life", "start_char": 1389, "end_char": 1393, "token_label": "Exaggeration,Minimisation"}, {"token": "and", "start_char": 1394, "end_char": 1397, "token_label": "Exaggeration,Minimisation"}, {"token": "my", "start_char": 1398, "end_char": 1400, "token_label": "Exaggeration,Minimisation"}, {"token": "family\u2019s", "start_char": 1401, "end_char": 1409, "token_label": "Exaggeration,Minimisation"}, {"token": "life.\u201d", "start_char": 1410, "end_char": 1416, "token_label": "Exaggeration,Minimisation"}], "news_discourse_role": 7, "news_discourse_role_prob_0": 0.0009904729668051004, "news_discourse_role_prob_1": 0.010635364800691605, "news_discourse_role_prob_2": 0.0022940607741475105, "news_discourse_role_prob_3": 0.007983292452991009, "news_discourse_role_prob_4": 0.002760566771030426, "news_discourse_role_prob_5": 0.06708706170320511, "news_discourse_role_prob_6": 0.03876708820462227, "news_discourse_role_prob_7": 0.8656837344169617, "news_discourse_role_prob_8": 0.0037984251976013184, "previous_discourse_relation": 3, "previous_discourse_relation_prob_comp": 0.0004914881428703666, "previous_discourse_relation_prob_cont": 0.0020127559546381235, "previous_discourse_relation_prob_temp": 0.00033300911309197545, "previous_discourse_relation_prob_expan": 0.9971627593040466, "latter_discourse_relation": 3, "latter_discourse_relation_prob_comp": 0.0050197988748550415, "latter_discourse_relation_prob_cont": 0.03347395732998848, "latter_discourse_relation_prob_temp": 0.004044524393975735, "latter_discourse_relation_prob_expan": 0.9574617743492126}, {"sentence_id": 16, "sentence_start": 1417, "sentence_end": 1538, "sentence_text": "Prosecutors, who pushed for 35 years in prison, accused Khweis of lying repeatedly over the last 15 months of the trial.", "sentence_label": "NA", "tokens_list": ["Prosecutors", ",", "who", "pushed", "for", "35", "years", "in", "prison", ",", "accused", "Khweis", "of", "lying", "repeatedly", "over", "the", "last", "15", "months", "of", "the", "trial", "."], "tokens_dicts_list": [{"token": "Prosecutors", "start_char": 1417, "end_char": 1428, "token_label": "NA"}, {"token": ",", "start_char": 1428, "end_char": 1429, "token_label": "NA"}, {"token": "who", "start_char": 1430, "end_char": 1433, "token_label": "NA"}, {"token": "pushed", "start_char": 1434, "end_char": 1440, "token_label": "NA"}, {"token": "for", "start_char": 1441, "end_char": 1444, "token_label": "NA"}, {"token": "35", "start_char": 1445, "end_char": 1447, "token_label": "NA"}, {"token": "years", "start_char": 1448, "end_char": 1453, "token_label": "NA"}, {"token": "in", "start_char": 1454, "end_char": 1456, "token_label": "NA"}, {"token": "prison", "start_char": 1457, "end_char": 1463, "token_label": "NA"}, {"token": ",", "start_char": 1463, "end_char": 1464, "token_label": "NA"}, {"token": "accused", "start_char": 1465, "end_char": 1472, "token_label": "NA"}, {"token": "Khweis", "start_char": 1473, "end_char": 1479, "token_label": "NA"}, {"token": "of", "start_char": 1480, "end_char": 1482, "token_label": "NA"}, {"token": "lying", "start_char": 1483, "end_char": 1488, "token_label": "NA"}, {"token": "repeatedly", "start_char": 1489, "end_char": 1499, "token_label": "NA"}, {"token": "over", "start_char": 1500, "end_char": 1504, "token_label": "NA"}, {"token": "the", "start_char": 1505, "end_char": 1508, "token_label": "NA"}, {"token": "last", "start_char": 1509, "end_char": 1513, "token_label": "NA"}, {"token": "15", "start_char": 1514, "end_char": 1516, "token_label": "NA"}, {"token": "months", "start_char": 1517, "end_char": 1523, "token_label": "NA"}, {"token": "of", "start_char": 1524, "end_char": 1526, "token_label": "NA"}, {"token": "the", "start_char": 1527, "end_char": 1530, "token_label": "NA"}, {"token": "trial", "start_char": 1531, "end_char": 1536, "token_label": "NA"}, {"token": ".", "start_char": 1536, "end_char": 1537, "token_label": "NA"}], "news_discourse_role": 4, "news_discourse_role_prob_0": 6.52173112030141e-05, "news_discourse_role_prob_1": 0.002016839338466525, "news_discourse_role_prob_2": 0.007197310216724873, "news_discourse_role_prob_3": 0.008317213505506516, "news_discourse_role_prob_4": 0.9477885365486145, "news_discourse_role_prob_5": 0.0011281551560387015, "news_discourse_role_prob_6": 0.0004117417265661061, "news_discourse_role_prob_7": 0.030252620577812195, "news_discourse_role_prob_8": 0.0028223711997270584, "previous_discourse_relation": 3, "previous_discourse_relation_prob_comp": 0.0050197988748550415, "previous_discourse_relation_prob_cont": 0.03347395732998848, "previous_discourse_relation_prob_temp": 0.004044524393975735, "previous_discourse_relation_prob_expan": 0.9574617743492126, "latter_discourse_relation": 3, "latter_discourse_relation_prob_comp": 8.684162457939237e-05, "latter_discourse_relation_prob_cont": 0.0010662059066817164, "latter_discourse_relation_prob_temp": 0.00017959372780751437, "latter_discourse_relation_prob_expan": 0.9986673593521118}, {"sentence_id": 17, "sentence_start": 1538, "sentence_end": 1645, "sentence_text": "When Khweis was first captured in Iraq in March 2016, he told the FBI that he was following a young woman.", "sentence_label": "NA", "tokens_list": ["When", "Khweis", "was", "first", "captured", "in", "Iraq", "in", "March", "2016", ",", "he", "told", "the", "FBI", "that", "he", "was", "following", "a", "young", "woman", "."], "tokens_dicts_list": [{"token": "When", "start_char": 1538, "end_char": 1542, "token_label": "NA"}, {"token": "Khweis", "start_char": 1543, "end_char": 1549, "token_label": "NA"}, {"token": "was", "start_char": 1550, "end_char": 1553, "token_label": "NA"}, {"token": "first", "start_char": 1554, "end_char": 1559, "token_label": "NA"}, {"token": "captured", "start_char": 1560, "end_char": 1568, "token_label": "NA"}, {"token": "in", "start_char": 1569, "end_char": 1571, "token_label": "NA"}, {"token": "Iraq", "start_char": 1572, "end_char": 1576, "token_label": "NA"}, {"token": "in", "start_char": 1577, "end_char": 1579, "token_label": "NA"}, {"token": "March", "start_char": 1580, "end_char": 1585, "token_label": "NA"}, {"token": "2016", "start_char": 1586, "end_char": 1590, "token_label": "NA"}, {"token": ",", "start_char": 1590, "end_char": 1591, "token_label": "NA"}, {"token": "he", "start_char": 1592, "end_char": 1594, "token_label": "NA"}, {"token": "told", "start_char": 1595, "end_char": 1599, "token_label": "NA"}, {"token": "the", "start_char": 1600, "end_char": 1603, "token_label": "NA"}, {"token": "FBI", "start_char": 1604, "end_char": 1607, "token_label": "NA"}, {"token": "that", "start_char": 1608, "end_char": 1612, "token_label": "NA"}, {"token": "he", "start_char": 1613, "end_char": 1615, "token_label": "NA"}, {"token": "was", "start_char": 1616, "end_char": 1619, "token_label": "NA"}, {"token": "following", "start_char": 1620, "end_char": 1629, "token_label": "NA"}, {"token": "a", "start_char": 1630, "end_char": 1631, "token_label": "NA"}, {"token": "young", "start_char": 1632, "end_char": 1637, "token_label": "NA"}, {"token": "woman", "start_char": 1638, "end_char": 1643, "token_label": "NA"}, {"token": ".", "start_char": 1643, "end_char": 1644, "token_label": "NA"}], "news_discourse_role": 5, "news_discourse_role_prob_0": 1.0010938922278e-06, "news_discourse_role_prob_1": 4.117437583772698e-06, "news_discourse_role_prob_2": 5.451749530038796e-06, "news_discourse_role_prob_3": 0.0006650096038356423, "news_discourse_role_prob_4": 0.0003602295182645321, "news_discourse_role_prob_5": 0.9982977509498596, "news_discourse_role_prob_6": 0.00016987898561637849, "news_discourse_role_prob_7": 0.0004753864777740091, "news_discourse_role_prob_8": 2.1101102902321145e-05, "previous_discourse_relation": 3, "previous_discourse_relation_prob_comp": 8.684162457939237e-05, "previous_discourse_relation_prob_cont": 0.0010662059066817164, "previous_discourse_relation_prob_temp": 0.00017959372780751437, "previous_discourse_relation_prob_expan": 0.9986673593521118, "latter_discourse_relation": 0, "latter_discourse_relation_prob_comp": 0.9974538683891296, "latter_discourse_relation_prob_cont": 4.310746589908376e-05, "latter_discourse_relation_prob_temp": 0.0014953705249354243, "latter_discourse_relation_prob_expan": 0.0010076087201014161}, {"sentence_id": 18, "sentence_start": 1645, "sentence_end": 1685, "sentence_text": "However, that young woman didn\u2019t exist.", "sentence_label": "NA", "tokens_list": ["However", ",", "that", "young", "woman", "didn\u2019t", "exist", "."], "tokens_dicts_list": [{"token": "However", "start_char": 1645, "end_char": 1652, "token_label": "NA"}, {"token": ",", "start_char": 1652, "end_char": 1653, "token_label": "NA"}, {"token": "that", "start_char": 1654, "end_char": 1658, "token_label": "NA"}, {"token": "young", "start_char": 1659, "end_char": 1664, "token_label": "NA"}, {"token": "woman", "start_char": 1665, "end_char": 1670, "token_label": "NA"}, {"token": "didn\u2019t", "start_char": 1671, "end_char": 1677, "token_label": "NA"}, {"token": "exist", "start_char": 1678, "end_char": 1683, "token_label": "NA"}, {"token": ".", "start_char": 1683, "end_char": 1684, "token_label": "NA"}], "news_discourse_role": 5, "news_discourse_role_prob_0": 1.3751143342233263e-05, "news_discourse_role_prob_1": 0.00011753146827686578, "news_discourse_role_prob_2": 8.184924809029326e-05, "news_discourse_role_prob_3": 0.014459335245192051, "news_discourse_role_prob_4": 0.015883713960647583, "news_discourse_role_prob_5": 0.9646150469779968, "news_discourse_role_prob_6": 0.0005496297380886972, "news_discourse_role_prob_7": 0.004212925676256418, "news_discourse_role_prob_8": 6.62669917801395e-05, "previous_discourse_relation": 0, "previous_discourse_relation_prob_comp": 0.9974538683891296, "previous_discourse_relation_prob_cont": 4.310746589908376e-05, "previous_discourse_relation_prob_temp": 0.0014953705249354243, "previous_discourse_relation_prob_expan": 0.0010076087201014161, "latter_discourse_relation": 3, "latter_discourse_relation_prob_comp": 0.011328783817589283, "latter_discourse_relation_prob_cont": 0.05623994767665863, "latter_discourse_relation_prob_temp": 0.0020019025541841984, "latter_discourse_relation_prob_expan": 0.9304293990135193}, {"sentence_id": 19, "sentence_start": 1685, "sentence_end": 1771, "sentence_text": "\u201cThis defendant executed his plan to perfection,\u201d prosecutor Dennis Fitzpatrick said.", "sentence_label": "Exaggeration,Minimisation", "tokens_list": ["\u201cThis", "defendant", "executed", "his", "plan", "to", "perfection", ",", "\u201d", "prosecutor", "Dennis", "Fitzpatrick", "said", "."], "tokens_dicts_list": [{"token": "\u201cThis", "start_char": 1685, "end_char": 1690, "token_label": "NA"}, {"token": "defendant", "start_char": 1691, "end_char": 1700, "token_label": "NA"}, {"token": "executed", "start_char": 1701, "end_char": 1709, "token_label": "Exaggeration,Minimisation"}, {"token": "his", "start_char": 1710, "end_char": 1713, "token_label": "Exaggeration,Minimisation"}, {"token": "plan", "start_char": 1714, "end_char": 1718, "token_label": "Exaggeration,Minimisation"}, {"token": "to", "start_char": 1719, "end_char": 1721, "token_label": "Exaggeration,Minimisation"}, {"token": "perfection", "start_char": 1722, "end_char": 1732, "token_label": "Exaggeration,Minimisation"}, {"token": ",", "start_char": 1732, "end_char": 1733, "token_label": "NA"}, {"token": "\u201d", "start_char": 1733, "end_char": 1734, "token_label": "NA"}, {"token": "prosecutor", "start_char": 1735, "end_char": 1745, "token_label": "NA"}, {"token": "Dennis", "start_char": 1746, "end_char": 1752, "token_label": "NA"}, {"token": "Fitzpatrick", "start_char": 1753, "end_char": 1764, "token_label": "NA"}, {"token": "said", "start_char": 1765, "end_char": 1769, "token_label": "NA"}, {"token": ".", "start_char": 1769, "end_char": 1770, "token_label": "NA"}], "news_discourse_role": 7, "news_discourse_role_prob_0": 7.743018795736134e-05, "news_discourse_role_prob_1": 0.0007312736706808209, "news_discourse_role_prob_2": 0.0002722158096730709, "news_discourse_role_prob_3": 0.008559289388358593, "news_discourse_role_prob_4": 0.005112998187541962, "news_discourse_role_prob_5": 0.013569272123277187, "news_discourse_role_prob_6": 0.004245807882398367, "news_discourse_role_prob_7": 0.9655837416648865, "news_discourse_role_prob_8": 0.001848002546466887, "previous_discourse_relation": 3, "previous_discourse_relation_prob_comp": 0.011328783817589283, "previous_discourse_relation_prob_cont": 0.05623994767665863, "previous_discourse_relation_prob_temp": 0.0020019025541841984, "previous_discourse_relation_prob_expan": 0.9304293990135193, "latter_discourse_relation": 3, "latter_discourse_relation_prob_comp": 8.304066432174295e-05, "latter_discourse_relation_prob_cont": 0.0009982781484723091, "latter_discourse_relation_prob_temp": 0.00012242794036865234, "latter_discourse_relation_prob_expan": 0.9987962245941162}, {"sentence_id": 20, "sentence_start": 1771, "sentence_end": 1803, "sentence_text": "\u201cHe got into the Islamic State.", "sentence_label": "NA", "tokens_list": ["\u201cHe", "got", "into", "the", "Islamic", "State", "."], "tokens_dicts_list": [{"token": "\u201cHe", "start_char": 1771, "end_char": 1774, "token_label": "NA"}, {"token": "got", "start_char": 1775, "end_char": 1778, "token_label": "NA"}, {"token": "into", "start_char": 1779, "end_char": 1783, "token_label": "NA"}, {"token": "the", "start_char": 1784, "end_char": 1787, "token_label": "NA"}, {"token": "Islamic", "start_char": 1788, "end_char": 1795, "token_label": "NA"}, {"token": "State", "start_char": 1796, "end_char": 1801, "token_label": "NA"}, {"token": ".", "start_char": 1801, "end_char": 1802, "token_label": "NA"}], "news_discourse_role": 5, "news_discourse_role_prob_0": 4.8744310333859175e-05, "news_discourse_role_prob_1": 0.00012524097110144794, "news_discourse_role_prob_2": 5.312562643666752e-05, "news_discourse_role_prob_3": 0.005164661444723606, "news_discourse_role_prob_4": 0.0024792703334242105, "news_discourse_role_prob_5": 0.9829508662223816, "news_discourse_role_prob_6": 0.002361405873671174, "news_discourse_role_prob_7": 0.006519563030451536, "news_discourse_role_prob_8": 0.0002971664653159678, "previous_discourse_relation": 3, "previous_discourse_relation_prob_comp": 8.304066432174295e-05, "previous_discourse_relation_prob_cont": 0.0009982781484723091, "previous_discourse_relation_prob_temp": 0.00012242794036865234, "previous_discourse_relation_prob_expan": 0.9987962245941162, "latter_discourse_relation": 3, "latter_discourse_relation_prob_comp": 0.002072639064863324, "latter_discourse_relation_prob_cont": 0.031267955899238586, "latter_discourse_relation_prob_temp": 0.0006137996097095311, "latter_discourse_relation_prob_expan": 0.9660454988479614}, {"sentence_id": 21, "sentence_start": 1803, "sentence_end": 1830, "sentence_text": "He was in their machinery.", "sentence_label": "NA", "tokens_list": ["He", "was", "in", "their", "machinery", "."], "tokens_dicts_list": [{"token": "He", "start_char": 1803, "end_char": 1805, "token_label": "NA"}, {"token": "was", "start_char": 1806, "end_char": 1809, "token_label": "NA"}, {"token": "in", "start_char": 1810, "end_char": 1812, "token_label": "NA"}, {"token": "their", "start_char": 1813, "end_char": 1818, "token_label": "NA"}, {"token": "machinery", "start_char": 1819, "end_char": 1828, "token_label": "NA"}, {"token": ".", "start_char": 1828, "end_char": 1829, "token_label": "NA"}], "news_discourse_role": 5, "news_discourse_role_prob_0": 0.0006386107997968793, "news_discourse_role_prob_1": 0.0011962584685534239, "news_discourse_role_prob_2": 0.0005725578521378338, "news_discourse_role_prob_3": 0.026792125776410103, "news_discourse_role_prob_4": 0.015485244803130627, "news_discourse_role_prob_5": 0.8377494215965271, "news_discourse_role_prob_6": 0.019304271787405014, "news_discourse_role_prob_7": 0.09594739973545074, "news_discourse_role_prob_8": 0.0023141338024288416, "previous_discourse_relation": 3, "previous_discourse_relation_prob_comp": 0.002072639064863324, "previous_discourse_relation_prob_cont": 0.031267955899238586, "previous_discourse_relation_prob_temp": 0.0006137996097095311, "previous_discourse_relation_prob_expan": 0.9660454988479614, "latter_discourse_relation": 3, "latter_discourse_relation_prob_comp": 0.001981411362066865, "latter_discourse_relation_prob_cont": 0.007351494859904051, "latter_discourse_relation_prob_temp": 0.0012025584001094103, "latter_discourse_relation_prob_expan": 0.9894646406173706}, {"sentence_id": 22, "sentence_start": 1830, "sentence_end": 1894, "sentence_text": "He was providing himself and his services to the organization.\u201d", "sentence_label": "Repetition", "tokens_list": ["He", "was", "providing", "himself", "and", "his", "services", "to", "the", "organization.\u201d"], "tokens_dicts_list": [{"token": "He", "start_char": 1830, "end_char": 1832, "token_label": "Repetition"}, {"token": "was", "start_char": 1833, "end_char": 1836, "token_label": "Repetition"}, {"token": "providing", "start_char": 1837, "end_char": 1846, "token_label": "Repetition"}, {"token": "himself", "start_char": 1847, "end_char": 1854, "token_label": "Repetition"}, {"token": "and", "start_char": 1855, "end_char": 1858, "token_label": "Repetition"}, {"token": "his", "start_char": 1859, "end_char": 1862, "token_label": "Repetition"}, {"token": "services", "start_char": 1863, "end_char": 1871, "token_label": "Repetition"}, {"token": "to", "start_char": 1872, "end_char": 1874, "token_label": "Repetition"}, {"token": "the", "start_char": 1875, "end_char": 1878, "token_label": "Repetition"}, {"token": "organization.\u201d", "start_char": 1879, "end_char": 1893, "token_label": "Repetition"}], "news_discourse_role": 5, "news_discourse_role_prob_0": 0.0034167610574513674, "news_discourse_role_prob_1": 0.0012952313991263509, "news_discourse_role_prob_2": 0.001506794593296945, "news_discourse_role_prob_3": 0.02860715426504612, "news_discourse_role_prob_4": 0.041038334369659424, "news_discourse_role_prob_5": 0.6811599135398865, "news_discourse_role_prob_6": 0.05705615505576134, "news_discourse_role_prob_7": 0.18046703934669495, "news_discourse_role_prob_8": 0.00545266829431057, "previous_discourse_relation": 3, "previous_discourse_relation_prob_comp": 0.001981411362066865, "previous_discourse_relation_prob_cont": 0.007351494859904051, "previous_discourse_relation_prob_temp": 0.0012025584001094103, "previous_discourse_relation_prob_expan": 0.9894646406173706, "latter_discourse_relation": 3, "latter_discourse_relation_prob_comp": 0.003177649574354291, "latter_discourse_relation_prob_cont": 0.006559289526194334, "latter_discourse_relation_prob_temp": 0.0021503688767552376, "latter_discourse_relation_prob_expan": 0.98811274766922}, {"sentence_id": 23, "sentence_start": 1894, "sentence_end": 1963, "sentence_text": "Article posted with permission from The Daily Caller News Foundation", "sentence_label": "NA", "tokens_list": ["Article", "posted", "with", "permission", "from", "The", "Daily", "Caller", "News", "Foundation"], "tokens_dicts_list": [{"token": "Article", "start_char": 1894, "end_char": 1901, "token_label": "NA"}, {"token": "posted", "start_char": 1902, "end_char": 1908, "token_label": "NA"}, {"token": "with", "start_char": 1909, "end_char": 1913, "token_label": "NA"}, {"token": "permission", "start_char": 1914, "end_char": 1924, "token_label": "NA"}, {"token": "from", "start_char": 1925, "end_char": 1929, "token_label": "NA"}, {"token": "The", "start_char": 1930, "end_char": 1933, "token_label": "NA"}, {"token": "Daily", "start_char": 1934, "end_char": 1939, "token_label": "NA"}, {"token": "Caller", "start_char": 1940, "end_char": 1946, "token_label": "NA"}, {"token": "News", "start_char": 1947, "end_char": 1951, "token_label": "NA"}, {"token": "Foundation", "start_char": 1952, "end_char": 1962, "token_label": "NA"}], "news_discourse_role": 0, "news_discourse_role_prob_0": 0.9784286618232727, "news_discourse_role_prob_1": 1.2106679605494719e-05, "news_discourse_role_prob_2": 0.0010944053065031767, "news_discourse_role_prob_3": 7.798258593538776e-05, "news_discourse_role_prob_4": 0.016365058720111847, "news_discourse_role_prob_5": 0.0035892229061573744, "news_discourse_role_prob_6": 0.0002691442205104977, "news_discourse_role_prob_7": 0.00014065380673855543, "news_discourse_role_prob_8": 2.2689549950882792e-05, "previous_discourse_relation": 3, "previous_discourse_relation_prob_comp": 0.003177649574354291, "previous_discourse_relation_prob_cont": 0.006559289526194334, "previous_discourse_relation_prob_temp": 0.0021503688767552376, "previous_discourse_relation_prob_expan": 0.98811274766922, "latter_discourse_relation": -1}]}