{"file_name": "./Propaganda/json_annotations/train/article758469195.json", "num_sentences": 20, "sentences": [{"sentence_id": 0, "sentence_start": 0, "sentence_end": 60, "sentence_text": "American in China injured in 'sonic attack' similar to Cuba", "sentence_label": "NA", "tokens_list": ["American", "in", "China", "injured", "in", "'sonic", "attack", "'", "similar", "to", "Cuba"], "tokens_dicts_list": [{"token": "American", "start_char": 0, "end_char": 8, "token_label": "NA"}, {"token": "in", "start_char": 9, "end_char": 11, "token_label": "NA"}, {"token": "China", "start_char": 12, "end_char": 17, "token_label": "NA"}, {"token": "injured", "start_char": 18, "end_char": 25, "token_label": "NA"}, {"token": "in", "start_char": 26, "end_char": 28, "token_label": "NA"}, {"token": "'sonic", "start_char": 29, "end_char": 35, "token_label": "NA"}, {"token": "attack", "start_char": 36, "end_char": 42, "token_label": "NA"}, {"token": "'", "start_char": 42, "end_char": 43, "token_label": "NA"}, {"token": "similar", "start_char": 44, "end_char": 51, "token_label": "NA"}, {"token": "to", "start_char": 52, "end_char": 54, "token_label": "NA"}, {"token": "Cuba", "start_char": 55, "end_char": 59, "token_label": "NA"}], "news_discourse_role": 0, "news_discourse_role_prob_0": 0.9923405647277832, "news_discourse_role_prob_1": 0.006258851382881403, "news_discourse_role_prob_2": 0.0007163993432186544, "news_discourse_role_prob_3": 0.00026730610989034176, "news_discourse_role_prob_4": 0.00035579566610977054, "news_discourse_role_prob_5": 1.9143619283568114e-05, "news_discourse_role_prob_6": 2.903275890275836e-05, "news_discourse_role_prob_7": 9.314571798313409e-06, "news_discourse_role_prob_8": 3.5318141726747854e-06, "latter_discourse_relation": 3, "latter_discourse_relation_prob_comp": 0.0006904673646204174, "latter_discourse_relation_prob_cont": 0.0022232469636946917, "latter_discourse_relation_prob_temp": 0.001338102505542338, "latter_discourse_relation_prob_expan": 0.9957481026649475, "previous_discourse_relation": -1}, {"sentence_id": 1, "sentence_start": 61, "sentence_end": 210, "sentence_text": "\u00a9 Provided by Al Jazeera Secretary of State Mike Pompeo said the US was moving medical teams to China over the 'sonic attack' [Leah Millis/ Reuters]", "sentence_label": "NA", "tokens_list": ["\u00a9", "Provided", "by", "Al", "Jazeera", "Secretary", "of", "State", "Mike", "Pompeo", "said", "the", "US", "was", "moving", "medical", "teams", "to", "China", "over", "the", "'sonic", "attack", "'", "[", "Leah", "Millis/", "Reuters", "]"], "tokens_dicts_list": [{"token": "\u00a9", "start_char": 61, "end_char": 62, "token_label": "NA"}, {"token": "Provided", "start_char": 63, "end_char": 71, "token_label": "NA"}, {"token": "by", "start_char": 72, "end_char": 74, "token_label": "NA"}, {"token": "Al", "start_char": 75, "end_char": 77, "token_label": "NA"}, {"token": "Jazeera", "start_char": 78, "end_char": 85, "token_label": "NA"}, {"token": "Secretary", "start_char": 86, "end_char": 95, "token_label": "NA"}, {"token": "of", "start_char": 96, "end_char": 98, "token_label": "NA"}, {"token": "State", "start_char": 99, "end_char": 104, "token_label": "NA"}, {"token": "Mike", "start_char": 105, "end_char": 109, "token_label": "NA"}, {"token": "Pompeo", "start_char": 110, "end_char": 116, "token_label": "NA"}, {"token": "said", "start_char": 117, "end_char": 121, "token_label": "NA"}, {"token": "the", "start_char": 122, "end_char": 125, "token_label": "NA"}, {"token": "US", "start_char": 126, "end_char": 128, "token_label": "NA"}, {"token": "was", "start_char": 129, "end_char": 132, "token_label": "NA"}, {"token": "moving", "start_char": 133, "end_char": 139, "token_label": "NA"}, {"token": "medical", "start_char": 140, "end_char": 147, "token_label": "NA"}, {"token": "teams", "start_char": 148, "end_char": 153, "token_label": "NA"}, {"token": "to", "start_char": 154, "end_char": 156, "token_label": "NA"}, {"token": "China", "start_char": 157, "end_char": 162, "token_label": "NA"}, {"token": "over", "start_char": 163, "end_char": 167, "token_label": "NA"}, {"token": "the", "start_char": 168, "end_char": 171, "token_label": "NA"}, {"token": "'sonic", "start_char": 172, "end_char": 178, "token_label": "NA"}, {"token": "attack", "start_char": 179, "end_char": 185, "token_label": "NA"}, {"token": "'", "start_char": 185, "end_char": 186, "token_label": "NA"}, {"token": "[", "start_char": 187, "end_char": 188, "token_label": "NA"}, {"token": "Leah", "start_char": 188, "end_char": 192, "token_label": "NA"}, {"token": "Millis/", "start_char": 193, "end_char": 200, "token_label": "NA"}, {"token": "Reuters", "start_char": 201, "end_char": 208, "token_label": "NA"}, {"token": "]", "start_char": 208, "end_char": 209, "token_label": "NA"}], "news_discourse_role": 0, "news_discourse_role_prob_0": 0.9996367692947388, "news_discourse_role_prob_1": 1.3342732017918024e-05, "news_discourse_role_prob_2": 5.1124075980624184e-05, "news_discourse_role_prob_3": 4.530510068434523e-06, "news_discourse_role_prob_4": 0.00029038076172582805, "news_discourse_role_prob_5": 1.8008257711699116e-06, "news_discourse_role_prob_6": 5.884451184101636e-07, "news_discourse_role_prob_7": 7.293535304597754e-07, "news_discourse_role_prob_8": 7.322193482650619e-07, "previous_discourse_relation": 3, "previous_discourse_relation_prob_comp": 0.0006904673646204174, "previous_discourse_relation_prob_cont": 0.0022232469636946917, "previous_discourse_relation_prob_temp": 0.001338102505542338, "previous_discourse_relation_prob_expan": 0.9957481026649475, "latter_discourse_relation": 3, "latter_discourse_relation_prob_comp": 0.002285244408994913, "latter_discourse_relation_prob_cont": 0.0004705843748524785, "latter_discourse_relation_prob_temp": 0.0007001396734267473, "latter_discourse_relation_prob_expan": 0.9965440630912781}, {"sentence_id": 2, "sentence_start": 210, "sentence_end": 397, "sentence_text": "US Secretary of State Mike Pompeo said a brain injury sustained by an American official in a \"sonic attack\" in China was similar to those that affected US and Canadian diplomats in Cuba.", "sentence_label": "NA", "tokens_list": ["US", "Secretary", "of", "State", "Mike", "Pompeo", "said", "a", "brain", "injury", "sustained", "by", "an", "American", "official", "in", "a", "\"", "sonic", "attack", "\"", "in", "China", "was", "similar", "to", "those", "that", "affected", "US", "and", "Canadian", "diplomats", "in", "Cuba", "."], "tokens_dicts_list": [{"token": "US", "start_char": 210, "end_char": 212, "token_label": "NA"}, {"token": "Secretary", "start_char": 213, "end_char": 222, "token_label": "NA"}, {"token": "of", "start_char": 223, "end_char": 225, "token_label": "NA"}, {"token": "State", "start_char": 226, "end_char": 231, "token_label": "NA"}, {"token": "Mike", "start_char": 232, "end_char": 236, "token_label": "NA"}, {"token": "Pompeo", "start_char": 237, "end_char": 243, "token_label": "NA"}, {"token": "said", "start_char": 244, "end_char": 248, "token_label": "NA"}, {"token": "a", "start_char": 249, "end_char": 250, "token_label": "NA"}, {"token": "brain", "start_char": 251, "end_char": 256, "token_label": "NA"}, {"token": "injury", "start_char": 257, "end_char": 263, "token_label": "NA"}, {"token": "sustained", "start_char": 264, "end_char": 273, "token_label": "NA"}, {"token": "by", "start_char": 274, "end_char": 276, "token_label": "NA"}, {"token": "an", "start_char": 277, "end_char": 279, "token_label": "NA"}, {"token": "American", "start_char": 280, "end_char": 288, "token_label": "NA"}, {"token": "official", "start_char": 289, "end_char": 297, "token_label": "NA"}, {"token": "in", "start_char": 298, "end_char": 300, "token_label": "NA"}, {"token": "a", "start_char": 301, "end_char": 302, "token_label": "NA"}, {"token": "\"", "start_char": 303, "end_char": 304, "token_label": "NA"}, {"token": "sonic", "start_char": 304, "end_char": 309, "token_label": "NA"}, {"token": "attack", "start_char": 310, "end_char": 316, "token_label": "NA"}, {"token": "\"", "start_char": 316, "end_char": 317, "token_label": "NA"}, {"token": "in", "start_char": 318, "end_char": 320, "token_label": "NA"}, {"token": "China", "start_char": 321, "end_char": 326, "token_label": "NA"}, {"token": "was", "start_char": 327, "end_char": 330, "token_label": "NA"}, {"token": "similar", "start_char": 331, "end_char": 338, "token_label": "NA"}, {"token": "to", "start_char": 339, "end_char": 341, "token_label": "NA"}, {"token": "those", "start_char": 342, "end_char": 347, "token_label": "NA"}, {"token": "that", "start_char": 348, "end_char": 352, "token_label": "NA"}, {"token": "affected", "start_char": 353, "end_char": 361, "token_label": "NA"}, {"token": "US", "start_char": 362, "end_char": 364, "token_label": "NA"}, {"token": "and", "start_char": 365, "end_char": 368, "token_label": "NA"}, {"token": "Canadian", "start_char": 369, "end_char": 377, "token_label": "NA"}, {"token": "diplomats", "start_char": 378, "end_char": 387, "token_label": "NA"}, {"token": "in", "start_char": 388, "end_char": 390, "token_label": "NA"}, {"token": "Cuba", "start_char": 391, "end_char": 395, "token_label": "NA"}, {"token": ".", "start_char": 395, "end_char": 396, "token_label": "NA"}], "news_discourse_role": 1, "news_discourse_role_prob_0": 0.13244818150997162, "news_discourse_role_prob_1": 0.8131603598594666, "news_discourse_role_prob_2": 0.007435276173055172, "news_discourse_role_prob_3": 0.02072623185813427, "news_discourse_role_prob_4": 0.012309459038078785, "news_discourse_role_prob_5": 0.0005844068946316838, "news_discourse_role_prob_6": 0.0005599390715360641, "news_discourse_role_prob_7": 0.01199780497699976, "news_discourse_role_prob_8": 0.0007783037726767361, "previous_discourse_relation": 3, "previous_discourse_relation_prob_comp": 0.002285244408994913, "previous_discourse_relation_prob_cont": 0.0004705843748524785, "previous_discourse_relation_prob_temp": 0.0007001396734267473, "previous_discourse_relation_prob_expan": 0.9965440630912781, "latter_discourse_relation": 3, "latter_discourse_relation_prob_comp": 0.0017404917161911726, "latter_discourse_relation_prob_cont": 0.002701563062146306, "latter_discourse_relation_prob_temp": 0.003096378408372402, "latter_discourse_relation_prob_expan": 0.992461621761322}, {"sentence_id": 3, "sentence_start": 397, "sentence_end": 567, "sentence_text": "Pompeo's remarks on Wednesday came hours after the US embassy in China issued a health warning to Americans living there over an \"unusual\" auditory or sensory phenomena.", "sentence_label": "NA", "tokens_list": ["Pompeo", "'s", "remarks", "on", "Wednesday", "came", "hours", "after", "the", "US", "embassy", "in", "China", "issued", "a", "health", "warning", "to", "Americans", "living", "there", "over", "an", "\"", "unusual", "\"", "auditory", "or", "sensory", "phenomena", "."], "tokens_dicts_list": [{"token": "Pompeo", "start_char": 397, "end_char": 403, "token_label": "NA"}, {"token": "'s", "start_char": 403, "end_char": 405, "token_label": "NA"}, {"token": "remarks", "start_char": 406, "end_char": 413, "token_label": "NA"}, {"token": "on", "start_char": 414, "end_char": 416, "token_label": "NA"}, {"token": "Wednesday", "start_char": 417, "end_char": 426, "token_label": "NA"}, {"token": "came", "start_char": 427, "end_char": 431, "token_label": "NA"}, {"token": "hours", "start_char": 432, "end_char": 437, "token_label": "NA"}, {"token": "after", "start_char": 438, "end_char": 443, "token_label": "NA"}, {"token": "the", "start_char": 444, "end_char": 447, "token_label": "NA"}, {"token": "US", "start_char": 448, "end_char": 450, "token_label": "NA"}, {"token": "embassy", "start_char": 451, "end_char": 458, "token_label": "NA"}, {"token": "in", "start_char": 459, "end_char": 461, "token_label": "NA"}, {"token": "China", "start_char": 462, "end_char": 467, "token_label": "NA"}, {"token": "issued", "start_char": 468, "end_char": 474, "token_label": "NA"}, {"token": "a", "start_char": 475, "end_char": 476, "token_label": "NA"}, {"token": "health", "start_char": 477, "end_char": 483, "token_label": "NA"}, {"token": "warning", "start_char": 484, "end_char": 491, "token_label": "NA"}, {"token": "to", "start_char": 492, "end_char": 494, "token_label": "NA"}, {"token": "Americans", "start_char": 495, "end_char": 504, "token_label": "NA"}, {"token": "living", "start_char": 505, "end_char": 511, "token_label": "NA"}, {"token": "there", "start_char": 512, "end_char": 517, "token_label": "NA"}, {"token": "over", "start_char": 518, "end_char": 522, "token_label": "NA"}, {"token": "an", "start_char": 523, "end_char": 525, "token_label": "NA"}, {"token": "\"", "start_char": 526, "end_char": 527, "token_label": "NA"}, {"token": "unusual", "start_char": 527, "end_char": 534, "token_label": "NA"}, {"token": "\"", "start_char": 534, "end_char": 535, "token_label": "NA"}, {"token": "auditory", "start_char": 536, "end_char": 544, "token_label": "NA"}, {"token": "or", "start_char": 545, "end_char": 547, "token_label": "NA"}, {"token": "sensory", "start_char": 548, "end_char": 555, "token_label": "NA"}, {"token": "phenomena", "start_char": 556, "end_char": 565, "token_label": "NA"}, {"token": ".", "start_char": 565, "end_char": 566, "token_label": "NA"}], "news_discourse_role": 4, "news_discourse_role_prob_0": 0.0006970310350880027, "news_discourse_role_prob_1": 0.07364983856678009, "news_discourse_role_prob_2": 0.017564479261636734, "news_discourse_role_prob_3": 0.26657038927078247, "news_discourse_role_prob_4": 0.6226996183395386, "news_discourse_role_prob_5": 0.0013463932555168867, "news_discourse_role_prob_6": 7.012384594418108e-05, "news_discourse_role_prob_7": 0.01702805608510971, "news_discourse_role_prob_8": 0.00037407001946121454, "previous_discourse_relation": 3, "previous_discourse_relation_prob_comp": 0.0017404917161911726, "previous_discourse_relation_prob_cont": 0.002701563062146306, "previous_discourse_relation_prob_temp": 0.003096378408372402, "previous_discourse_relation_prob_expan": 0.992461621761322, "latter_discourse_relation": 3, "latter_discourse_relation_prob_comp": 2.3298895030166022e-05, "latter_discourse_relation_prob_cont": 0.0013678786344826221, "latter_discourse_relation_prob_temp": 0.00011342349898768589, "latter_discourse_relation_prob_expan": 0.99849534034729}, {"sentence_id": 4, "sentence_start": 567, "sentence_end": 769, "sentence_text": "The embassy said a US government employee in the southern city of Guangzhou reported experiencing a \"subtle and vague, but abnormal, sensations of sound and pressure\", which led to a mild brain injury.", "sentence_label": "NA", "tokens_list": ["The", "embassy", "said", "a", "US", "government", "employee", "in", "the", "southern", "city", "of", "Guangzhou", "reported", "experiencing", "a", "\"", "subtle", "and", "vague", ",", "but", "abnormal", ",", "sensations", "of", "sound", "and", "pressure", "\"", ",", "which", "led", "to", "a", "mild", "brain", "injury", "."], "tokens_dicts_list": [{"token": "The", "start_char": 567, "end_char": 570, "token_label": "NA"}, {"token": "embassy", "start_char": 571, "end_char": 578, "token_label": "NA"}, {"token": "said", "start_char": 579, "end_char": 583, "token_label": "NA"}, {"token": "a", "start_char": 584, "end_char": 585, "token_label": "NA"}, {"token": "US", "start_char": 586, "end_char": 588, "token_label": "NA"}, {"token": "government", "start_char": 589, "end_char": 599, "token_label": "NA"}, {"token": "employee", "start_char": 600, "end_char": 608, "token_label": "NA"}, {"token": "in", "start_char": 609, "end_char": 611, "token_label": "NA"}, {"token": "the", "start_char": 612, "end_char": 615, "token_label": "NA"}, {"token": "southern", "start_char": 616, "end_char": 624, "token_label": "NA"}, {"token": "city", "start_char": 625, "end_char": 629, "token_label": "NA"}, {"token": "of", "start_char": 630, "end_char": 632, "token_label": "NA"}, {"token": "Guangzhou", "start_char": 633, "end_char": 642, "token_label": "NA"}, {"token": "reported", "start_char": 643, "end_char": 651, "token_label": "NA"}, {"token": "experiencing", "start_char": 652, "end_char": 664, "token_label": "NA"}, {"token": "a", "start_char": 665, "end_char": 666, "token_label": "NA"}, {"token": "\"", "start_char": 667, "end_char": 668, "token_label": "NA"}, {"token": "subtle", "start_char": 668, "end_char": 674, "token_label": "NA"}, {"token": "and", "start_char": 675, "end_char": 678, "token_label": "NA"}, {"token": "vague", "start_char": 679, "end_char": 684, "token_label": "NA"}, {"token": ",", "start_char": 684, "end_char": 685, "token_label": "NA"}, {"token": "but", "start_char": 686, "end_char": 689, "token_label": "NA"}, {"token": "abnormal", "start_char": 690, "end_char": 698, "token_label": "NA"}, {"token": ",", "start_char": 698, "end_char": 699, "token_label": "NA"}, {"token": "sensations", "start_char": 700, "end_char": 710, "token_label": "NA"}, {"token": "of", "start_char": 711, "end_char": 713, "token_label": "NA"}, {"token": "sound", "start_char": 714, "end_char": 719, "token_label": "NA"}, {"token": "and", "start_char": 720, "end_char": 723, "token_label": "NA"}, {"token": "pressure", "start_char": 724, "end_char": 732, "token_label": "NA"}, {"token": "\"", "start_char": 732, "end_char": 733, "token_label": "NA"}, {"token": ",", "start_char": 733, "end_char": 734, "token_label": "NA"}, {"token": "which", "start_char": 735, "end_char": 740, "token_label": "NA"}, {"token": "led", "start_char": 741, "end_char": 744, "token_label": "NA"}, {"token": "to", "start_char": 745, "end_char": 747, "token_label": "NA"}, {"token": "a", "start_char": 748, "end_char": 749, "token_label": "NA"}, {"token": "mild", "start_char": 750, "end_char": 754, "token_label": "NA"}, {"token": "brain", "start_char": 755, "end_char": 760, "token_label": "NA"}, {"token": "injury", "start_char": 761, "end_char": 767, "token_label": "NA"}, {"token": ".", "start_char": 767, "end_char": 768, "token_label": "NA"}], "news_discourse_role": 3, "news_discourse_role_prob_0": 4.850804543821141e-05, "news_discourse_role_prob_1": 0.04761767387390137, "news_discourse_role_prob_2": 0.0004517527122516185, "news_discourse_role_prob_3": 0.933725118637085, "news_discourse_role_prob_4": 0.017428012564778328, "news_discourse_role_prob_5": 0.0006068851216696203, "news_discourse_role_prob_6": 1.7811584257287905e-05, "news_discourse_role_prob_7": 9.040070290211588e-05, "news_discourse_role_prob_8": 1.3756586668023374e-05, "previous_discourse_relation": 3, "previous_discourse_relation_prob_comp": 2.3298895030166022e-05, "previous_discourse_relation_prob_cont": 0.0013678786344826221, "previous_discourse_relation_prob_temp": 0.00011342349898768589, "previous_discourse_relation_prob_expan": 0.99849534034729, "latter_discourse_relation": 3, "latter_discourse_relation_prob_comp": 0.06544683873653412, "latter_discourse_relation_prob_cont": 0.005674080457538366, "latter_discourse_relation_prob_temp": 0.01616305485367775, "latter_discourse_relation_prob_expan": 0.9127160310745239}, {"sentence_id": 5, "sentence_start": 769, "sentence_end": 893, "sentence_text": "Pompeo told the House Foreign Affairs Committee the \"sonic attack\" in China was similar to the incidents in Cuba last year.", "sentence_label": "NA", "tokens_list": ["Pompeo", "told", "the", "House", "Foreign", "Affairs", "Committee", "the", "\"", "sonic", "attack", "\"", "in", "China", "was", "similar", "to", "the", "incidents", "in", "Cuba", "last", "year", "."], "tokens_dicts_list": [{"token": "Pompeo", "start_char": 769, "end_char": 775, "token_label": "NA"}, {"token": "told", "start_char": 776, "end_char": 780, "token_label": "NA"}, {"token": "the", "start_char": 781, "end_char": 784, "token_label": "NA"}, {"token": "House", "start_char": 785, "end_char": 790, "token_label": "NA"}, {"token": "Foreign", "start_char": 791, "end_char": 798, "token_label": "NA"}, {"token": "Affairs", "start_char": 799, "end_char": 806, "token_label": "NA"}, {"token": "Committee", "start_char": 807, "end_char": 816, "token_label": "NA"}, {"token": "the", "start_char": 817, "end_char": 820, "token_label": "NA"}, {"token": "\"", "start_char": 821, "end_char": 822, "token_label": "NA"}, {"token": "sonic", "start_char": 822, "end_char": 827, "token_label": "NA"}, {"token": "attack", "start_char": 828, "end_char": 834, "token_label": "NA"}, {"token": "\"", "start_char": 834, "end_char": 835, "token_label": "NA"}, {"token": "in", "start_char": 836, "end_char": 838, "token_label": "NA"}, {"token": "China", "start_char": 839, "end_char": 844, "token_label": "NA"}, {"token": "was", "start_char": 845, "end_char": 848, "token_label": "NA"}, {"token": "similar", "start_char": 849, "end_char": 856, "token_label": "NA"}, {"token": "to", "start_char": 857, "end_char": 859, "token_label": "NA"}, {"token": "the", "start_char": 860, "end_char": 863, "token_label": "NA"}, {"token": "incidents", "start_char": 864, "end_char": 873, "token_label": "NA"}, {"token": "in", "start_char": 874, "end_char": 876, "token_label": "NA"}, {"token": "Cuba", "start_char": 877, "end_char": 881, "token_label": "NA"}, {"token": "last", "start_char": 882, "end_char": 886, "token_label": "NA"}, {"token": "year", "start_char": 887, "end_char": 891, "token_label": "NA"}, {"token": ".", "start_char": 891, "end_char": 892, "token_label": "NA"}], "news_discourse_role": 7, "news_discourse_role_prob_0": 0.00034875518758781254, "news_discourse_role_prob_1": 0.08056997507810593, "news_discourse_role_prob_2": 0.0029831777792423964, "news_discourse_role_prob_3": 0.23323442041873932, "news_discourse_role_prob_4": 0.06363684684038162, "news_discourse_role_prob_5": 0.003620566101744771, "news_discourse_role_prob_6": 0.0014043559785932302, "news_discourse_role_prob_7": 0.587207019329071, "news_discourse_role_prob_8": 0.02699488401412964, "previous_discourse_relation": 3, "previous_discourse_relation_prob_comp": 0.06544683873653412, "previous_discourse_relation_prob_cont": 0.005674080457538366, "previous_discourse_relation_prob_temp": 0.01616305485367775, "previous_discourse_relation_prob_expan": 0.9127160310745239, "latter_discourse_relation": 3, "latter_discourse_relation_prob_comp": 0.00017615221440792084, "latter_discourse_relation_prob_cont": 0.001609404687769711, "latter_discourse_relation_prob_temp": 0.00013697973918169737, "latter_discourse_relation_prob_expan": 0.998077392578125}, {"sentence_id": 6, "sentence_start": 893, "sentence_end": 1050, "sentence_text": "\"The medical indications are very similar and entirely consistent with the medical indications that have taken place to Americans working in Cuba,\" he said.", "sentence_label": "NA", "tokens_list": ["\"", "The", "medical", "indications", "are", "very", "similar", "and", "entirely", "consistent", "with", "the", "medical", "indications", "that", "have", "taken", "place", "to", "Americans", "working", "in", "Cuba", ",", "\"", "he", "said", "."], "tokens_dicts_list": [{"token": "\"", "start_char": 893, "end_char": 894, "token_label": "NA"}, {"token": "The", "start_char": 894, "end_char": 897, "token_label": "NA"}, {"token": "medical", "start_char": 898, "end_char": 905, "token_label": "NA"}, {"token": "indications", "start_char": 906, "end_char": 917, "token_label": "NA"}, {"token": "are", "start_char": 918, "end_char": 921, "token_label": "NA"}, {"token": "very", "start_char": 922, "end_char": 926, "token_label": "NA"}, {"token": "similar", "start_char": 927, "end_char": 934, "token_label": "NA"}, {"token": "and", "start_char": 935, "end_char": 938, "token_label": "NA"}, {"token": "entirely", "start_char": 939, "end_char": 947, "token_label": "NA"}, {"token": "consistent", "start_char": 948, "end_char": 958, "token_label": "NA"}, {"token": "with", "start_char": 959, "end_char": 963, "token_label": "NA"}, {"token": "the", "start_char": 964, "end_char": 967, "token_label": "NA"}, {"token": "medical", "start_char": 968, "end_char": 975, "token_label": "NA"}, {"token": "indications", "start_char": 976, "end_char": 987, "token_label": "NA"}, {"token": "that", "start_char": 988, "end_char": 992, "token_label": "NA"}, {"token": "have", "start_char": 993, "end_char": 997, "token_label": "NA"}, {"token": "taken", "start_char": 998, "end_char": 1003, "token_label": "NA"}, {"token": "place", "start_char": 1004, "end_char": 1009, "token_label": "NA"}, {"token": "to", "start_char": 1010, "end_char": 1012, "token_label": "NA"}, {"token": "Americans", "start_char": 1013, "end_char": 1022, "token_label": "NA"}, {"token": "working", "start_char": 1023, "end_char": 1030, "token_label": "NA"}, {"token": "in", "start_char": 1031, "end_char": 1033, "token_label": "NA"}, {"token": "Cuba", "start_char": 1034, "end_char": 1038, "token_label": "NA"}, {"token": ",", "start_char": 1038, "end_char": 1039, "token_label": "NA"}, {"token": "\"", "start_char": 1039, "end_char": 1040, "token_label": "NA"}, {"token": "he", "start_char": 1041, "end_char": 1043, "token_label": "NA"}, {"token": "said", "start_char": 1044, "end_char": 1048, "token_label": "NA"}, {"token": ".", "start_char": 1048, "end_char": 1049, "token_label": "NA"}], "news_discourse_role": 7, "news_discourse_role_prob_0": 0.00011093946523033082, "news_discourse_role_prob_1": 0.016019374132156372, "news_discourse_role_prob_2": 0.0006474300753325224, "news_discourse_role_prob_3": 0.00557609973475337, "news_discourse_role_prob_4": 0.004024688154459, "news_discourse_role_prob_5": 0.0007117277709767222, "news_discourse_role_prob_6": 0.000669495144393295, "news_discourse_role_prob_7": 0.9657819271087646, "news_discourse_role_prob_8": 0.006458384450525045, "previous_discourse_relation": 3, "previous_discourse_relation_prob_comp": 0.00017615221440792084, "previous_discourse_relation_prob_cont": 0.001609404687769711, "previous_discourse_relation_prob_temp": 0.00013697973918169737, "previous_discourse_relation_prob_expan": 0.998077392578125, "latter_discourse_relation": 3, "latter_discourse_relation_prob_comp": 0.00048220044118352234, "latter_discourse_relation_prob_cont": 0.023531261831521988, "latter_discourse_relation_prob_temp": 0.0006128752138465643, "latter_discourse_relation_prob_expan": 0.9753736853599548}, {"sentence_id": 7, "sentence_start": 1050, "sentence_end": 1124, "sentence_text": "The US was moving medical teams to the area to work on the case, he said.", "sentence_label": "NA", "tokens_list": ["The", "US", "was", "moving", "medical", "teams", "to", "the", "area", "to", "work", "on", "the", "case", ",", "he", "said", "."], "tokens_dicts_list": [{"token": "The", "start_char": 1050, "end_char": 1053, "token_label": "NA"}, {"token": "US", "start_char": 1054, "end_char": 1056, "token_label": "NA"}, {"token": "was", "start_char": 1057, "end_char": 1060, "token_label": "NA"}, {"token": "moving", "start_char": 1061, "end_char": 1067, "token_label": "NA"}, {"token": "medical", "start_char": 1068, "end_char": 1075, "token_label": "NA"}, {"token": "teams", "start_char": 1076, "end_char": 1081, "token_label": "NA"}, {"token": "to", "start_char": 1082, "end_char": 1084, "token_label": "NA"}, {"token": "the", "start_char": 1085, "end_char": 1088, "token_label": "NA"}, {"token": "area", "start_char": 1089, "end_char": 1093, "token_label": "NA"}, {"token": "to", "start_char": 1094, "end_char": 1096, "token_label": "NA"}, {"token": "work", "start_char": 1097, "end_char": 1101, "token_label": "NA"}, {"token": "on", "start_char": 1102, "end_char": 1104, "token_label": "NA"}, {"token": "the", "start_char": 1105, "end_char": 1108, "token_label": "NA"}, {"token": "case", "start_char": 1109, "end_char": 1113, "token_label": "NA"}, {"token": ",", "start_char": 1113, "end_char": 1114, "token_label": "NA"}, {"token": "he", "start_char": 1115, "end_char": 1117, "token_label": "NA"}, {"token": "said", "start_char": 1118, "end_char": 1122, "token_label": "NA"}, {"token": ".", "start_char": 1122, "end_char": 1123, "token_label": "NA"}], "news_discourse_role": 1, "news_discourse_role_prob_0": 0.001040124800056219, "news_discourse_role_prob_1": 0.572568416595459, "news_discourse_role_prob_2": 0.039529528468847275, "news_discourse_role_prob_3": 0.004137301351875067, "news_discourse_role_prob_4": 0.3781583607196808, "news_discourse_role_prob_5": 0.00016063622024375945, "news_discourse_role_prob_6": 9.359994146507233e-05, "news_discourse_role_prob_7": 0.001018016249872744, "news_discourse_role_prob_8": 0.0032940125092864037, "previous_discourse_relation": 3, "previous_discourse_relation_prob_comp": 0.00048220044118352234, "previous_discourse_relation_prob_cont": 0.023531261831521988, "previous_discourse_relation_prob_temp": 0.0006128752138465643, "previous_discourse_relation_prob_expan": 0.9753736853599548, "latter_discourse_relation": 3, "latter_discourse_relation_prob_comp": 0.0007038296316750348, "latter_discourse_relation_prob_cont": 0.0015699319774284959, "latter_discourse_relation_prob_temp": 0.0007735812105238438, "latter_discourse_relation_prob_expan": 0.9969526529312134}, {"sentence_id": 8, "sentence_start": 1124, "sentence_end": 1225, "sentence_text": "\"We are working to figure out what took place both in Havana and now in China as well,\" Pompeo said.", "sentence_label": "NA", "tokens_list": ["\"", "We", "are", "working", "to", "figure", "out", "what", "took", "place", "both", "in", "Havana", "and", "now", "in", "China", "as", "well", ",", "\"", "Pompeo", "said", "."], "tokens_dicts_list": [{"token": "\"", "start_char": 1124, "end_char": 1125, "token_label": "NA"}, {"token": "We", "start_char": 1125, "end_char": 1127, "token_label": "NA"}, {"token": "are", "start_char": 1128, "end_char": 1131, "token_label": "NA"}, {"token": "working", "start_char": 1132, "end_char": 1139, "token_label": "NA"}, {"token": "to", "start_char": 1140, "end_char": 1142, "token_label": "NA"}, {"token": "figure", "start_char": 1143, "end_char": 1149, "token_label": "NA"}, {"token": "out", "start_char": 1150, "end_char": 1153, "token_label": "NA"}, {"token": "what", "start_char": 1154, "end_char": 1158, "token_label": "NA"}, {"token": "took", "start_char": 1159, "end_char": 1163, "token_label": "NA"}, {"token": "place", "start_char": 1164, "end_char": 1169, "token_label": "NA"}, {"token": "both", "start_char": 1170, "end_char": 1174, "token_label": "NA"}, {"token": "in", "start_char": 1175, "end_char": 1177, "token_label": "NA"}, {"token": "Havana", "start_char": 1178, "end_char": 1184, "token_label": "NA"}, {"token": "and", "start_char": 1185, "end_char": 1188, "token_label": "NA"}, {"token": "now", "start_char": 1189, "end_char": 1192, "token_label": "NA"}, {"token": "in", "start_char": 1193, "end_char": 1195, "token_label": "NA"}, {"token": "China", "start_char": 1196, "end_char": 1201, "token_label": "NA"}, {"token": "as", "start_char": 1202, "end_char": 1204, "token_label": "NA"}, {"token": "well", "start_char": 1205, "end_char": 1209, "token_label": "NA"}, {"token": ",", "start_char": 1209, "end_char": 1210, "token_label": "NA"}, {"token": "\"", "start_char": 1210, "end_char": 1211, "token_label": "NA"}, {"token": "Pompeo", "start_char": 1212, "end_char": 1218, "token_label": "NA"}, {"token": "said", "start_char": 1219, "end_char": 1223, "token_label": "NA"}, {"token": ".", "start_char": 1223, "end_char": 1224, "token_label": "NA"}], "news_discourse_role": 4, "news_discourse_role_prob_0": 0.0005588800995610654, "news_discourse_role_prob_1": 0.05582958087325096, "news_discourse_role_prob_2": 0.019815919920802116, "news_discourse_role_prob_3": 0.003420292166993022, "news_discourse_role_prob_4": 0.3252539038658142, "news_discourse_role_prob_5": 0.0010711975628510118, "news_discourse_role_prob_6": 0.006282184273004532, "news_discourse_role_prob_7": 0.32488763332366943, "news_discourse_role_prob_8": 0.26288041472435, "previous_discourse_relation": 3, "previous_discourse_relation_prob_comp": 0.0007038296316750348, "previous_discourse_relation_prob_cont": 0.0015699319774284959, "previous_discourse_relation_prob_temp": 0.0007735812105238438, "previous_discourse_relation_prob_expan": 0.9969526529312134, "latter_discourse_relation": 3, "latter_discourse_relation_prob_comp": 0.3253059387207031, "latter_discourse_relation_prob_cont": 0.007452957797795534, "latter_discourse_relation_prob_temp": 0.05623145028948784, "latter_discourse_relation_prob_expan": 0.6110096573829651}, {"sentence_id": 9, "sentence_start": 1225, "sentence_end": 1279, "sentence_text": "China's foreign ministry did not comment immediately.", "sentence_label": "NA", "tokens_list": ["China", "'s", "foreign", "ministry", "did", "not", "comment", "immediately", "."], "tokens_dicts_list": [{"token": "China", "start_char": 1225, "end_char": 1230, "token_label": "NA"}, {"token": "'s", "start_char": 1230, "end_char": 1232, "token_label": "NA"}, {"token": "foreign", "start_char": 1233, "end_char": 1240, "token_label": "NA"}, {"token": "ministry", "start_char": 1241, "end_char": 1249, "token_label": "NA"}, {"token": "did", "start_char": 1250, "end_char": 1253, "token_label": "NA"}, {"token": "not", "start_char": 1254, "end_char": 1257, "token_label": "NA"}, {"token": "comment", "start_char": 1258, "end_char": 1265, "token_label": "NA"}, {"token": "immediately", "start_char": 1266, "end_char": 1277, "token_label": "NA"}, {"token": ".", "start_char": 1277, "end_char": 1278, "token_label": "NA"}], "news_discourse_role": 4, "news_discourse_role_prob_0": 9.159851401818742e-07, "news_discourse_role_prob_1": 7.432241545757279e-05, "news_discourse_role_prob_2": 0.00041882178629748523, "news_discourse_role_prob_3": 0.00011856260243803263, "news_discourse_role_prob_4": 0.9992289543151855, "news_discourse_role_prob_5": 9.417391265742481e-05, "news_discourse_role_prob_6": 6.943225798750063e-07, "news_discourse_role_prob_7": 5.4443102271761745e-05, "news_discourse_role_prob_8": 9.056913768290542e-06, "previous_discourse_relation": 3, "previous_discourse_relation_prob_comp": 0.3253059387207031, "previous_discourse_relation_prob_cont": 0.007452957797795534, "previous_discourse_relation_prob_temp": 0.05623145028948784, "previous_discourse_relation_prob_expan": 0.6110096573829651, "latter_discourse_relation": 0, "latter_discourse_relation_prob_comp": 0.9194382429122925, "latter_discourse_relation_prob_cont": 0.0002665079082362354, "latter_discourse_relation_prob_temp": 0.0029464196413755417, "latter_discourse_relation_prob_expan": 0.07734881341457367}, {"sentence_id": 10, "sentence_start": 1279, "sentence_end": 1445, "sentence_text": "Heather Nauert, the state department spokeswoman, said the US embassy learned on Friday that the Guangzhou employee showed concussion symptoms after medical testing.", "sentence_label": "NA", "tokens_list": ["Heather", "Nauert", ",", "the", "state", "department", "spokeswoman", ",", "said", "the", "US", "embassy", "learned", "on", "Friday", "that", "the", "Guangzhou", "employee", "showed", "concussion", "symptoms", "after", "medical", "testing", "."], "tokens_dicts_list": [{"token": "Heather", "start_char": 1279, "end_char": 1286, "token_label": "NA"}, {"token": "Nauert", "start_char": 1287, "end_char": 1293, "token_label": "NA"}, {"token": ",", "start_char": 1293, "end_char": 1294, "token_label": "NA"}, {"token": "the", "start_char": 1295, "end_char": 1298, "token_label": "NA"}, {"token": "state", "start_char": 1299, "end_char": 1304, "token_label": "NA"}, {"token": "department", "start_char": 1305, "end_char": 1315, "token_label": "NA"}, {"token": "spokeswoman", "start_char": 1316, "end_char": 1327, "token_label": "NA"}, {"token": ",", "start_char": 1327, "end_char": 1328, "token_label": "NA"}, {"token": "said", "start_char": 1329, "end_char": 1333, "token_label": "NA"}, {"token": "the", "start_char": 1334, "end_char": 1337, "token_label": "NA"}, {"token": "US", "start_char": 1338, "end_char": 1340, "token_label": "NA"}, {"token": "embassy", "start_char": 1341, "end_char": 1348, "token_label": "NA"}, {"token": "learned", "start_char": 1349, "end_char": 1356, "token_label": "NA"}, {"token": "on", "start_char": 1357, "end_char": 1359, "token_label": "NA"}, {"token": "Friday", "start_char": 1360, "end_char": 1366, "token_label": "NA"}, {"token": "that", "start_char": 1367, "end_char": 1371, "token_label": "NA"}, {"token": "the", "start_char": 1372, "end_char": 1375, "token_label": "NA"}, {"token": "Guangzhou", "start_char": 1376, "end_char": 1385, "token_label": "NA"}, {"token": "employee", "start_char": 1386, "end_char": 1394, "token_label": "NA"}, {"token": "showed", "start_char": 1395, "end_char": 1401, "token_label": "NA"}, {"token": "concussion", "start_char": 1402, "end_char": 1412, "token_label": "NA"}, {"token": "symptoms", "start_char": 1413, "end_char": 1421, "token_label": "NA"}, {"token": "after", "start_char": 1422, "end_char": 1427, "token_label": "NA"}, {"token": "medical", "start_char": 1428, "end_char": 1435, "token_label": "NA"}, {"token": "testing", "start_char": 1436, "end_char": 1443, "token_label": "NA"}, {"token": ".", "start_char": 1443, "end_char": 1444, "token_label": "NA"}], "news_discourse_role": 4, "news_discourse_role_prob_0": 5.832527676830068e-06, "news_discourse_role_prob_1": 0.009873953647911549, "news_discourse_role_prob_2": 0.012023541145026684, "news_discourse_role_prob_3": 0.253479540348053, "news_discourse_role_prob_4": 0.7222932577133179, "news_discourse_role_prob_5": 0.0009377637761645019, "news_discourse_role_prob_6": 3.167839895468205e-05, "news_discourse_role_prob_7": 0.00129149598069489, "news_discourse_role_prob_8": 6.290365854511037e-05, "previous_discourse_relation": 0, "previous_discourse_relation_prob_comp": 0.9194382429122925, "previous_discourse_relation_prob_cont": 0.0002665079082362354, "previous_discourse_relation_prob_temp": 0.0029464196413755417, "previous_discourse_relation_prob_expan": 0.07734881341457367, "latter_discourse_relation": 3, "latter_discourse_relation_prob_comp": 0.003500809194520116, "latter_discourse_relation_prob_cont": 0.001816808246076107, "latter_discourse_relation_prob_temp": 0.0006444200989790261, "latter_discourse_relation_prob_expan": 0.9940379858016968}, {"sentence_id": 11, "sentence_start": 1445, "sentence_end": 1555, "sentence_text": "That is the same clinical finding doctors treating the Cuba patients at the University of Philadelphia found.", "sentence_label": "NA", "tokens_list": ["That", "is", "the", "same", "clinical", "finding", "doctors", "treating", "the", "Cuba", "patients", "at", "the", "University", "of", "Philadelphia", "found", "."], "tokens_dicts_list": [{"token": "That", "start_char": 1445, "end_char": 1449, "token_label": "NA"}, {"token": "is", "start_char": 1450, "end_char": 1452, "token_label": "NA"}, {"token": "the", "start_char": 1453, "end_char": 1456, "token_label": "NA"}, {"token": "same", "start_char": 1457, "end_char": 1461, "token_label": "NA"}, {"token": "clinical", "start_char": 1462, "end_char": 1470, "token_label": "NA"}, {"token": "finding", "start_char": 1471, "end_char": 1478, "token_label": "NA"}, {"token": "doctors", "start_char": 1479, "end_char": 1486, "token_label": "NA"}, {"token": "treating", "start_char": 1487, "end_char": 1495, "token_label": "NA"}, {"token": "the", "start_char": 1496, "end_char": 1499, "token_label": "NA"}, {"token": "Cuba", "start_char": 1500, "end_char": 1504, "token_label": "NA"}, {"token": "patients", "start_char": 1505, "end_char": 1513, "token_label": "NA"}, {"token": "at", "start_char": 1514, "end_char": 1516, "token_label": "NA"}, {"token": "the", "start_char": 1517, "end_char": 1520, "token_label": "NA"}, {"token": "University", "start_char": 1521, "end_char": 1531, "token_label": "NA"}, {"token": "of", "start_char": 1532, "end_char": 1534, "token_label": "NA"}, {"token": "Philadelphia", "start_char": 1535, "end_char": 1547, "token_label": "NA"}, {"token": "found", "start_char": 1548, "end_char": 1553, "token_label": "NA"}, {"token": ".", "start_char": 1553, "end_char": 1554, "token_label": "NA"}], "news_discourse_role": 4, "news_discourse_role_prob_0": 1.4288602869783062e-05, "news_discourse_role_prob_1": 0.0005501830601133406, "news_discourse_role_prob_2": 0.0003129895485471934, "news_discourse_role_prob_3": 0.06839028745889664, "news_discourse_role_prob_4": 0.9038577675819397, "news_discourse_role_prob_5": 0.025710895657539368, "news_discourse_role_prob_6": 1.4234825357561931e-05, "news_discourse_role_prob_7": 0.0011126273311674595, "news_discourse_role_prob_8": 3.676866617752239e-05, "previous_discourse_relation": 3, "previous_discourse_relation_prob_comp": 0.003500809194520116, "previous_discourse_relation_prob_cont": 0.001816808246076107, "previous_discourse_relation_prob_temp": 0.0006444200989790261, "previous_discourse_relation_prob_expan": 0.9940379858016968, "latter_discourse_relation": 3, "latter_discourse_relation_prob_comp": 0.0008867825963534415, "latter_discourse_relation_prob_cont": 0.03013058751821518, "latter_discourse_relation_prob_temp": 0.004065298475325108, "latter_discourse_relation_prob_expan": 0.9649174213409424}, {"sentence_id": 12, "sentence_start": 1555, "sentence_end": 1693, "sentence_text": "The Guangzhou worker started experiencing \"a variety of symptoms\" starting in late 2017 that lasted through April this year, Nauert said.", "sentence_label": "NA", "tokens_list": ["The", "Guangzhou", "worker", "started", "experiencing", "\"", "a", "variety", "of", "symptoms", "\"", "starting", "in", "late", "2017", "that", "lasted", "through", "April", "this", "year", ",", "Nauert", "said", "."], "tokens_dicts_list": [{"token": "The", "start_char": 1555, "end_char": 1558, "token_label": "NA"}, {"token": "Guangzhou", "start_char": 1559, "end_char": 1568, "token_label": "NA"}, {"token": "worker", "start_char": 1569, "end_char": 1575, "token_label": "NA"}, {"token": "started", "start_char": 1576, "end_char": 1583, "token_label": "NA"}, {"token": "experiencing", "start_char": 1584, "end_char": 1596, "token_label": "NA"}, {"token": "\"", "start_char": 1597, "end_char": 1598, "token_label": "NA"}, {"token": "a", "start_char": 1598, "end_char": 1599, "token_label": "NA"}, {"token": "variety", "start_char": 1600, "end_char": 1607, "token_label": "NA"}, {"token": "of", "start_char": 1608, "end_char": 1610, "token_label": "NA"}, {"token": "symptoms", "start_char": 1611, "end_char": 1619, "token_label": "NA"}, {"token": "\"", "start_char": 1619, "end_char": 1620, "token_label": "NA"}, {"token": "starting", "start_char": 1621, "end_char": 1629, "token_label": "NA"}, {"token": "in", "start_char": 1630, "end_char": 1632, "token_label": "NA"}, {"token": "late", "start_char": 1633, "end_char": 1637, "token_label": "NA"}, {"token": "2017", "start_char": 1638, "end_char": 1642, "token_label": "NA"}, {"token": "that", "start_char": 1643, "end_char": 1647, "token_label": "NA"}, {"token": "lasted", "start_char": 1648, "end_char": 1654, "token_label": "NA"}, {"token": "through", "start_char": 1655, "end_char": 1662, "token_label": "NA"}, {"token": "April", "start_char": 1663, "end_char": 1668, "token_label": "NA"}, {"token": "this", "start_char": 1669, "end_char": 1673, "token_label": "NA"}, {"token": "year", "start_char": 1674, "end_char": 1678, "token_label": "NA"}, {"token": ",", "start_char": 1678, "end_char": 1679, "token_label": "NA"}, {"token": "Nauert", "start_char": 1680, "end_char": 1686, "token_label": "NA"}, {"token": "said", "start_char": 1687, "end_char": 1691, "token_label": "NA"}, {"token": ".", "start_char": 1691, "end_char": 1692, "token_label": "NA"}], "news_discourse_role": 5, "news_discourse_role_prob_0": 2.5664176064310595e-06, "news_discourse_role_prob_1": 1.0902745998464525e-05, "news_discourse_role_prob_2": 8.182117198884953e-06, "news_discourse_role_prob_3": 0.00982003565877676, "news_discourse_role_prob_4": 0.006289400160312653, "news_discourse_role_prob_5": 0.9835969805717468, "news_discourse_role_prob_6": 3.552668931661174e-05, "news_discourse_role_prob_7": 0.00023069394228514284, "news_discourse_role_prob_8": 5.596554728981573e-06, "previous_discourse_relation": 3, "previous_discourse_relation_prob_comp": 0.0008867825963534415, "previous_discourse_relation_prob_cont": 0.03013058751821518, "previous_discourse_relation_prob_temp": 0.004065298475325108, "previous_discourse_relation_prob_expan": 0.9649174213409424, "latter_discourse_relation": 1, "latter_discourse_relation_prob_comp": 0.004329634364694357, "latter_discourse_relation_prob_cont": 0.47864529490470886, "latter_discourse_relation_prob_temp": 0.38308796286582947, "latter_discourse_relation_prob_expan": 0.13393715023994446}, {"sentence_id": 13, "sentence_start": 1693, "sentence_end": 1758, "sentence_text": "The worker was sent to the US for further evaluation, she added.", "sentence_label": "NA", "tokens_list": ["The", "worker", "was", "sent", "to", "the", "US", "for", "further", "evaluation", ",", "she", "added", "."], "tokens_dicts_list": [{"token": "The", "start_char": 1693, "end_char": 1696, "token_label": "NA"}, {"token": "worker", "start_char": 1697, "end_char": 1703, "token_label": "NA"}, {"token": "was", "start_char": 1704, "end_char": 1707, "token_label": "NA"}, {"token": "sent", "start_char": 1708, "end_char": 1712, "token_label": "NA"}, {"token": "to", "start_char": 1713, "end_char": 1715, "token_label": "NA"}, {"token": "the", "start_char": 1716, "end_char": 1719, "token_label": "NA"}, {"token": "US", "start_char": 1720, "end_char": 1722, "token_label": "NA"}, {"token": "for", "start_char": 1723, "end_char": 1726, "token_label": "NA"}, {"token": "further", "start_char": 1727, "end_char": 1734, "token_label": "NA"}, {"token": "evaluation", "start_char": 1735, "end_char": 1745, "token_label": "NA"}, {"token": ",", "start_char": 1745, "end_char": 1746, "token_label": "NA"}, {"token": "she", "start_char": 1747, "end_char": 1750, "token_label": "NA"}, {"token": "added", "start_char": 1751, "end_char": 1756, "token_label": "NA"}, {"token": ".", "start_char": 1756, "end_char": 1757, "token_label": "NA"}], "news_discourse_role": 5, "news_discourse_role_prob_0": 1.1102766620751936e-05, "news_discourse_role_prob_1": 9.700869850348681e-05, "news_discourse_role_prob_2": 0.00028947199461981654, "news_discourse_role_prob_3": 0.02477201074361801, "news_discourse_role_prob_4": 0.11401674896478653, "news_discourse_role_prob_5": 0.8603433966636658, "news_discourse_role_prob_6": 0.0001213857249240391, "news_discourse_role_prob_7": 0.00031532597495242953, "news_discourse_role_prob_8": 3.353419742779806e-05, "previous_discourse_relation": 1, "previous_discourse_relation_prob_comp": 0.004329634364694357, "previous_discourse_relation_prob_cont": 0.47864529490470886, "previous_discourse_relation_prob_temp": 0.38308796286582947, "previous_discourse_relation_prob_expan": 0.13393715023994446, "latter_discourse_relation": 3, "latter_discourse_relation_prob_comp": 0.06381572037935257, "latter_discourse_relation_prob_cont": 0.09118389338254929, "latter_discourse_relation_prob_temp": 0.0651044026017189, "latter_discourse_relation_prob_expan": 0.7798959612846375}, {"sentence_id": 14, "sentence_start": 1758, "sentence_end": 1933, "sentence_text": "In Cuba last year, 24 diplomats and their family members were left with mysterious injuries resembling brain trauma, which were suspected of being caused by a \"sonic attack\".", "sentence_label": "NA", "tokens_list": ["In", "Cuba", "last", "year", ",", "24", "diplomats", "and", "their", "family", "members", "were", "left", "with", "mysterious", "injuries", "resembling", "brain", "trauma", ",", "which", "were", "suspected", "of", "being", "caused", "by", "a", "\"", "sonic", "attack", "\"", "."], "tokens_dicts_list": [{"token": "In", "start_char": 1758, "end_char": 1760, "token_label": "NA"}, {"token": "Cuba", "start_char": 1761, "end_char": 1765, "token_label": "NA"}, {"token": "last", "start_char": 1766, "end_char": 1770, "token_label": "NA"}, {"token": "year", "start_char": 1771, "end_char": 1775, "token_label": "NA"}, {"token": ",", "start_char": 1775, "end_char": 1776, "token_label": "NA"}, {"token": "24", "start_char": 1777, "end_char": 1779, "token_label": "NA"}, {"token": "diplomats", "start_char": 1780, "end_char": 1789, "token_label": "NA"}, {"token": "and", "start_char": 1790, "end_char": 1793, "token_label": "NA"}, {"token": "their", "start_char": 1794, "end_char": 1799, "token_label": "NA"}, {"token": "family", "start_char": 1800, "end_char": 1806, "token_label": "NA"}, {"token": "members", "start_char": 1807, "end_char": 1814, "token_label": "NA"}, {"token": "were", "start_char": 1815, "end_char": 1819, "token_label": "NA"}, {"token": "left", "start_char": 1820, "end_char": 1824, "token_label": "NA"}, {"token": "with", "start_char": 1825, "end_char": 1829, "token_label": "NA"}, {"token": "mysterious", "start_char": 1830, "end_char": 1840, "token_label": "NA"}, {"token": "injuries", "start_char": 1841, "end_char": 1849, "token_label": "NA"}, {"token": "resembling", "start_char": 1850, "end_char": 1860, "token_label": "NA"}, {"token": "brain", "start_char": 1861, "end_char": 1866, "token_label": "NA"}, {"token": "trauma", "start_char": 1867, "end_char": 1873, "token_label": "NA"}, {"token": ",", "start_char": 1873, "end_char": 1874, "token_label": "NA"}, {"token": "which", "start_char": 1875, "end_char": 1880, "token_label": "NA"}, {"token": "were", "start_char": 1881, "end_char": 1885, "token_label": "NA"}, {"token": "suspected", "start_char": 1886, "end_char": 1895, "token_label": "NA"}, {"token": "of", "start_char": 1896, "end_char": 1898, "token_label": "NA"}, {"token": "being", "start_char": 1899, "end_char": 1904, "token_label": "NA"}, {"token": "caused", "start_char": 1905, "end_char": 1911, "token_label": "NA"}, {"token": "by", "start_char": 1912, "end_char": 1914, "token_label": "NA"}, {"token": "a", "start_char": 1915, "end_char": 1916, "token_label": "NA"}, {"token": "\"", "start_char": 1917, "end_char": 1918, "token_label": "NA"}, {"token": "sonic", "start_char": 1918, "end_char": 1923, "token_label": "NA"}, {"token": "attack", "start_char": 1924, "end_char": 1930, "token_label": "NA"}, {"token": "\"", "start_char": 1930, "end_char": 1931, "token_label": "NA"}, {"token": ".", "start_char": 1931, "end_char": 1932, "token_label": "NA"}], "news_discourse_role": 5, "news_discourse_role_prob_0": 1.26924533105921e-07, "news_discourse_role_prob_1": 2.1624177293233515e-07, "news_discourse_role_prob_2": 6.527769187414378e-07, "news_discourse_role_prob_3": 3.9564238250022754e-05, "news_discourse_role_prob_4": 0.00020761061750818044, "news_discourse_role_prob_5": 0.9997499585151672, "news_discourse_role_prob_6": 6.065205866434553e-07, "news_discourse_role_prob_7": 9.210618827637518e-07, "news_discourse_role_prob_8": 3.033376572147972e-07, "previous_discourse_relation": 3, "previous_discourse_relation_prob_comp": 0.06381572037935257, "previous_discourse_relation_prob_cont": 0.09118389338254929, "previous_discourse_relation_prob_temp": 0.0651044026017189, "previous_discourse_relation_prob_expan": 0.7798959612846375, "latter_discourse_relation": 3, "latter_discourse_relation_prob_comp": 0.0018891191575676203, "latter_discourse_relation_prob_cont": 0.00024685810785740614, "latter_discourse_relation_prob_temp": 0.00020625923934858292, "latter_discourse_relation_prob_expan": 0.9976576566696167}, {"sentence_id": 15, "sentence_start": 1933, "sentence_end": 2009, "sentence_text": "Ten Canadian diplomats and their relatives also suffered similar illnesses.", "sentence_label": "NA", "tokens_list": ["Ten", "Canadian", "diplomats", "and", "their", "relatives", "also", "suffered", "similar", "illnesses", "."], "tokens_dicts_list": [{"token": "Ten", "start_char": 1933, "end_char": 1936, "token_label": "NA"}, {"token": "Canadian", "start_char": 1937, "end_char": 1945, "token_label": "NA"}, {"token": "diplomats", "start_char": 1946, "end_char": 1955, "token_label": "NA"}, {"token": "and", "start_char": 1956, "end_char": 1959, "token_label": "NA"}, {"token": "their", "start_char": 1960, "end_char": 1965, "token_label": "NA"}, {"token": "relatives", "start_char": 1966, "end_char": 1975, "token_label": "NA"}, {"token": "also", "start_char": 1976, "end_char": 1980, "token_label": "NA"}, {"token": "suffered", "start_char": 1981, "end_char": 1989, "token_label": "NA"}, {"token": "similar", "start_char": 1990, "end_char": 1997, "token_label": "NA"}, {"token": "illnesses", "start_char": 1998, "end_char": 2007, "token_label": "NA"}, {"token": ".", "start_char": 2007, "end_char": 2008, "token_label": "NA"}], "news_discourse_role": 5, "news_discourse_role_prob_0": 4.077751327713486e-07, "news_discourse_role_prob_1": 1.2499189097070484e-06, "news_discourse_role_prob_2": 5.1174492909922265e-06, "news_discourse_role_prob_3": 9.032344678416848e-05, "news_discourse_role_prob_4": 0.0008584929746575654, "news_discourse_role_prob_5": 0.999032735824585, "news_discourse_role_prob_6": 1.7962361198442522e-06, "news_discourse_role_prob_7": 7.992416612978559e-06, "news_discourse_role_prob_8": 1.8525036011851626e-06, "previous_discourse_relation": 3, "previous_discourse_relation_prob_comp": 0.0018891191575676203, "previous_discourse_relation_prob_cont": 0.00024685810785740614, "previous_discourse_relation_prob_temp": 0.00020625923934858292, "previous_discourse_relation_prob_expan": 0.9976576566696167, "latter_discourse_relation": 1, "latter_discourse_relation_prob_comp": 0.008200800977647305, "latter_discourse_relation_prob_cont": 0.6324467062950134, "latter_discourse_relation_prob_temp": 0.04220130667090416, "latter_discourse_relation_prob_expan": 0.3171512186527252}, {"sentence_id": 16, "sentence_start": 2009, "sentence_end": 2200, "sentence_text": "The still-unexplained incidents sparked a rift in US-Cuban relations, while investigators have chased theories including a sonic attack, an electromagnetic weapon, or a flawed spying device.", "sentence_label": "NA", "tokens_list": ["The", "still-unexplained", "incidents", "sparked", "a", "rift", "in", "US-Cuban", "relations", ",", "while", "investigators", "have", "chased", "theories", "including", "a", "sonic", "attack", ",", "an", "electromagnetic", "weapon", ",", "or", "a", "flawed", "spying", "device", "."], "tokens_dicts_list": [{"token": "The", "start_char": 2009, "end_char": 2012, "token_label": "NA"}, {"token": "still-unexplained", "start_char": 2013, "end_char": 2030, "token_label": "NA"}, {"token": "incidents", "start_char": 2031, "end_char": 2040, "token_label": "NA"}, {"token": "sparked", "start_char": 2041, "end_char": 2048, "token_label": "NA"}, {"token": "a", "start_char": 2049, "end_char": 2050, "token_label": "NA"}, {"token": "rift", "start_char": 2051, "end_char": 2055, "token_label": "NA"}, {"token": "in", "start_char": 2056, "end_char": 2058, "token_label": "NA"}, {"token": "US-Cuban", "start_char": 2059, "end_char": 2067, "token_label": "NA"}, {"token": "relations", "start_char": 2068, "end_char": 2077, "token_label": "NA"}, {"token": ",", "start_char": 2077, "end_char": 2078, "token_label": "NA"}, {"token": "while", "start_char": 2079, "end_char": 2084, "token_label": "NA"}, {"token": "investigators", "start_char": 2085, "end_char": 2098, "token_label": "NA"}, {"token": "have", "start_char": 2099, "end_char": 2103, "token_label": "NA"}, {"token": "chased", "start_char": 2104, "end_char": 2110, "token_label": "NA"}, {"token": "theories", "start_char": 2111, "end_char": 2119, "token_label": "NA"}, {"token": "including", "start_char": 2120, "end_char": 2129, "token_label": "NA"}, {"token": "a", "start_char": 2130, "end_char": 2131, "token_label": "NA"}, {"token": "sonic", "start_char": 2132, "end_char": 2137, "token_label": "NA"}, {"token": "attack", "start_char": 2138, "end_char": 2144, "token_label": "NA"}, {"token": ",", "start_char": 2144, "end_char": 2145, "token_label": "NA"}, {"token": "an", "start_char": 2146, "end_char": 2148, "token_label": "NA"}, {"token": "electromagnetic", "start_char": 2149, "end_char": 2164, "token_label": "NA"}, {"token": "weapon", "start_char": 2165, "end_char": 2171, "token_label": "NA"}, {"token": ",", "start_char": 2171, "end_char": 2172, "token_label": "NA"}, {"token": "or", "start_char": 2173, "end_char": 2175, "token_label": "NA"}, {"token": "a", "start_char": 2176, "end_char": 2177, "token_label": "NA"}, {"token": "flawed", "start_char": 2178, "end_char": 2184, "token_label": "NA"}, {"token": "spying", "start_char": 2185, "end_char": 2191, "token_label": "NA"}, {"token": "device", "start_char": 2192, "end_char": 2198, "token_label": "NA"}, {"token": ".", "start_char": 2198, "end_char": 2199, "token_label": "NA"}], "news_discourse_role": 7, "news_discourse_role_prob_0": 5.191422314965166e-05, "news_discourse_role_prob_1": 0.0003492941032163799, "news_discourse_role_prob_2": 0.0021089143119752407, "news_discourse_role_prob_3": 0.03886442631483078, "news_discourse_role_prob_4": 0.313755601644516, "news_discourse_role_prob_5": 0.04878129065036774, "news_discourse_role_prob_6": 0.0008193998364731669, "news_discourse_role_prob_7": 0.5922089219093323, "news_discourse_role_prob_8": 0.0030601948965340853, "previous_discourse_relation": 1, "previous_discourse_relation_prob_comp": 0.008200800977647305, "previous_discourse_relation_prob_cont": 0.6324467062950134, "previous_discourse_relation_prob_temp": 0.04220130667090416, "previous_discourse_relation_prob_expan": 0.3171512186527252, "latter_discourse_relation": 3, "latter_discourse_relation_prob_comp": 0.0008687146473675966, "latter_discourse_relation_prob_cont": 0.007869471795856953, "latter_discourse_relation_prob_temp": 0.0003002795856446028, "latter_discourse_relation_prob_expan": 0.990961492061615}, {"sentence_id": 17, "sentence_start": 2200, "sentence_end": 2321, "sentence_text": "Symptoms, sounds and sensations reportedly varied dramatically from person to person, according to The Associated Press.", "sentence_label": "NA", "tokens_list": ["Symptoms", ",", "sounds", "and", "sensations", "reportedly", "varied", "dramatically", "from", "person", "to", "person", ",", "according", "to", "The", "Associated", "Press", "."], "tokens_dicts_list": [{"token": "Symptoms", "start_char": 2200, "end_char": 2208, "token_label": "NA"}, {"token": ",", "start_char": 2208, "end_char": 2209, "token_label": "NA"}, {"token": "sounds", "start_char": 2210, "end_char": 2216, "token_label": "NA"}, {"token": "and", "start_char": 2217, "end_char": 2220, "token_label": "NA"}, {"token": "sensations", "start_char": 2221, "end_char": 2231, "token_label": "NA"}, {"token": "reportedly", "start_char": 2232, "end_char": 2242, "token_label": "NA"}, {"token": "varied", "start_char": 2243, "end_char": 2249, "token_label": "NA"}, {"token": "dramatically", "start_char": 2250, "end_char": 2262, "token_label": "NA"}, {"token": "from", "start_char": 2263, "end_char": 2267, "token_label": "NA"}, {"token": "person", "start_char": 2268, "end_char": 2274, "token_label": "NA"}, {"token": "to", "start_char": 2275, "end_char": 2277, "token_label": "NA"}, {"token": "person", "start_char": 2278, "end_char": 2284, "token_label": "NA"}, {"token": ",", "start_char": 2284, "end_char": 2285, "token_label": "NA"}, {"token": "according", "start_char": 2286, "end_char": 2295, "token_label": "NA"}, {"token": "to", "start_char": 2296, "end_char": 2298, "token_label": "NA"}, {"token": "The", "start_char": 2299, "end_char": 2302, "token_label": "NA"}, {"token": "Associated", "start_char": 2303, "end_char": 2313, "token_label": "NA"}, {"token": "Press", "start_char": 2314, "end_char": 2319, "token_label": "NA"}, {"token": ".", "start_char": 2319, "end_char": 2320, "token_label": "NA"}], "news_discourse_role": 4, "news_discourse_role_prob_0": 1.3500858585757669e-05, "news_discourse_role_prob_1": 0.0005186552298255265, "news_discourse_role_prob_2": 0.0007788113434799016, "news_discourse_role_prob_3": 0.04883963614702225, "news_discourse_role_prob_4": 0.852764904499054, "news_discourse_role_prob_5": 0.03470958396792412, "news_discourse_role_prob_6": 0.000703033001627773, "news_discourse_role_prob_7": 0.0612429715692997, "news_discourse_role_prob_8": 0.000428925734013319, "previous_discourse_relation": 3, "previous_discourse_relation_prob_comp": 0.0008687146473675966, "previous_discourse_relation_prob_cont": 0.007869471795856953, "previous_discourse_relation_prob_temp": 0.0003002795856446028, "previous_discourse_relation_prob_expan": 0.990961492061615, "latter_discourse_relation": 3, "latter_discourse_relation_prob_comp": 0.0006387733155861497, "latter_discourse_relation_prob_cont": 0.005462045315653086, "latter_discourse_relation_prob_temp": 0.00014722291962243617, "latter_discourse_relation_prob_expan": 0.9937519431114197}, {"sentence_id": 18, "sentence_start": 2321, "sentence_end": 2427, "sentence_text": "Some have permanent hearing loss or concussions, while others suffered nausea, headaches and ear-ringing.", "sentence_label": "NA", "tokens_list": ["Some", "have", "permanent", "hearing", "loss", "or", "concussions", ",", "while", "others", "suffered", "nausea", ",", "headaches", "and", "ear-ringing", "."], "tokens_dicts_list": [{"token": "Some", "start_char": 2321, "end_char": 2325, "token_label": "NA"}, {"token": "have", "start_char": 2326, "end_char": 2330, "token_label": "NA"}, {"token": "permanent", "start_char": 2331, "end_char": 2340, "token_label": "NA"}, {"token": "hearing", "start_char": 2341, "end_char": 2348, "token_label": "NA"}, {"token": "loss", "start_char": 2349, "end_char": 2353, "token_label": "NA"}, {"token": "or", "start_char": 2354, "end_char": 2356, "token_label": "NA"}, {"token": "concussions", "start_char": 2357, "end_char": 2368, "token_label": "NA"}, {"token": ",", "start_char": 2368, "end_char": 2369, "token_label": "NA"}, {"token": "while", "start_char": 2370, "end_char": 2375, "token_label": "NA"}, {"token": "others", "start_char": 2376, "end_char": 2382, "token_label": "NA"}, {"token": "suffered", "start_char": 2383, "end_char": 2391, "token_label": "NA"}, {"token": "nausea", "start_char": 2392, "end_char": 2398, "token_label": "NA"}, {"token": ",", "start_char": 2398, "end_char": 2399, "token_label": "NA"}, {"token": "headaches", "start_char": 2400, "end_char": 2409, "token_label": "NA"}, {"token": "and", "start_char": 2410, "end_char": 2413, "token_label": "NA"}, {"token": "ear-ringing", "start_char": 2414, "end_char": 2425, "token_label": "NA"}, {"token": ".", "start_char": 2425, "end_char": 2426, "token_label": "NA"}], "news_discourse_role": 4, "news_discourse_role_prob_0": 4.377789446152747e-05, "news_discourse_role_prob_1": 0.0017872318858280778, "news_discourse_role_prob_2": 0.01381802186369896, "news_discourse_role_prob_3": 0.016223454847931862, "news_discourse_role_prob_4": 0.9138326048851013, "news_discourse_role_prob_5": 0.016741415485739708, "news_discourse_role_prob_6": 0.0029872211162000895, "news_discourse_role_prob_7": 0.03136652335524559, "news_discourse_role_prob_8": 0.003199696308001876, "previous_discourse_relation": 3, "previous_discourse_relation_prob_comp": 0.0006387733155861497, "previous_discourse_relation_prob_cont": 0.005462045315653086, "previous_discourse_relation_prob_temp": 0.00014722291962243617, "previous_discourse_relation_prob_expan": 0.9937519431114197, "latter_discourse_relation": 3, "latter_discourse_relation_prob_comp": 0.0014942643465474248, "latter_discourse_relation_prob_cont": 0.0009106773650273681, "latter_discourse_relation_prob_temp": 0.00031752829090692103, "latter_discourse_relation_prob_expan": 0.997277557849884}, {"sentence_id": 19, "sentence_start": 2427, "sentence_end": 2483, "sentence_text": "Some struggle with concentration or common word recall.", "sentence_label": "NA", "tokens_list": ["Some", "struggle", "with", "concentration", "or", "common", "word", "recall", "."], "tokens_dicts_list": [{"token": "Some", "start_char": 2427, "end_char": 2431, "token_label": "NA"}, {"token": "struggle", "start_char": 2432, "end_char": 2440, "token_label": "NA"}, {"token": "with", "start_char": 2441, "end_char": 2445, "token_label": "NA"}, {"token": "concentration", "start_char": 2446, "end_char": 2459, "token_label": "NA"}, {"token": "or", "start_char": 2460, "end_char": 2462, "token_label": "NA"}, {"token": "common", "start_char": 2463, "end_char": 2469, "token_label": "NA"}, {"token": "word", "start_char": 2470, "end_char": 2474, "token_label": "NA"}, {"token": "recall", "start_char": 2475, "end_char": 2481, "token_label": "NA"}, {"token": ".", "start_char": 2481, "end_char": 2482, "token_label": "NA"}], "news_discourse_role": 4, "news_discourse_role_prob_0": 5.3801653848495334e-05, "news_discourse_role_prob_1": 0.0013293559895828366, "news_discourse_role_prob_2": 0.0075365095399320126, "news_discourse_role_prob_3": 0.012108744122087955, "news_discourse_role_prob_4": 0.8920343518257141, "news_discourse_role_prob_5": 0.01286686584353447, "news_discourse_role_prob_6": 0.0037423649337142706, "news_discourse_role_prob_7": 0.06748442351818085, "news_discourse_role_prob_8": 0.0028436589054763317, "previous_discourse_relation": 3, "previous_discourse_relation_prob_comp": 0.0014942643465474248, "previous_discourse_relation_prob_cont": 0.0009106773650273681, "previous_discourse_relation_prob_temp": 0.00031752829090692103, "previous_discourse_relation_prob_expan": 0.997277557849884, "latter_discourse_relation": -1}]}