{"file_name": "./Propaganda/json_annotations/train/article730652769.json", "num_sentences": 8, "sentences": [{"sentence_id": 0, "sentence_start": 0, "sentence_end": 52, "sentence_text": "60 Illegal Aliens Apprehended In Texas Stash Houses", "sentence_label": "NA", "tokens_list": ["60", "Illegal", "Aliens", "Apprehended", "In", "Texas", "Stash", "Houses"], "tokens_dicts_list": [{"token": "60", "start_char": 0, "end_char": 2, "token_label": "NA"}, {"token": "Illegal", "start_char": 3, "end_char": 10, "token_label": "NA"}, {"token": "Aliens", "start_char": 11, "end_char": 17, "token_label": "NA"}, {"token": "Apprehended", "start_char": 18, "end_char": 29, "token_label": "NA"}, {"token": "In", "start_char": 30, "end_char": 32, "token_label": "NA"}, {"token": "Texas", "start_char": 33, "end_char": 38, "token_label": "NA"}, {"token": "Stash", "start_char": 39, "end_char": 44, "token_label": "NA"}, {"token": "Houses", "start_char": 45, "end_char": 51, "token_label": "NA"}], "news_discourse_role": 0, "news_discourse_role_prob_0": 0.990809440612793, "news_discourse_role_prob_1": 0.005280407145619392, "news_discourse_role_prob_2": 0.0013317388948053122, "news_discourse_role_prob_3": 0.00019704013539012522, "news_discourse_role_prob_4": 0.002200212562456727, "news_discourse_role_prob_5": 8.301872185256798e-06, "news_discourse_role_prob_6": 9.569709800416604e-05, "news_discourse_role_prob_7": 6.260575901251286e-05, "news_discourse_role_prob_8": 1.452818378311349e-05, "latter_discourse_relation": 3, "latter_discourse_relation_prob_comp": 0.004772835411131382, "latter_discourse_relation_prob_cont": 0.039358120411634445, "latter_discourse_relation_prob_temp": 0.012858008965849876, "latter_discourse_relation_prob_expan": 0.9430111050605774, "previous_discourse_relation": -1}, {"sentence_id": 1, "sentence_start": 53, "sentence_end": 199, "sentence_text": "RIO GRANDE CITY, Texas \u2013 In separate incidents, Border Patrol agents disrupt two stash houses resulting in the apprehension of 60 illegal aliens.", "sentence_label": "NA", "tokens_list": ["RIO", "GRANDE", "CITY", ",", "Texas", "\u2013", "In", "separate", "incidents", ",", "Border", "Patrol", "agents", "disrupt", "two", "stash", "houses", "resulting", "in", "the", "apprehension", "of", "60", "illegal", "aliens", "."], "tokens_dicts_list": [{"token": "RIO", "start_char": 53, "end_char": 56, "token_label": "NA"}, {"token": "GRANDE", "start_char": 57, "end_char": 63, "token_label": "NA"}, {"token": "CITY", "start_char": 64, "end_char": 68, "token_label": "NA"}, {"token": ",", "start_char": 68, "end_char": 69, "token_label": "NA"}, {"token": "Texas", "start_char": 70, "end_char": 75, "token_label": "NA"}, {"token": "\u2013", "start_char": 76, "end_char": 77, "token_label": "NA"}, {"token": "In", "start_char": 78, "end_char": 80, "token_label": "NA"}, {"token": "separate", "start_char": 81, "end_char": 89, "token_label": "NA"}, {"token": "incidents", "start_char": 90, "end_char": 99, "token_label": "NA"}, {"token": ",", "start_char": 99, "end_char": 100, "token_label": "NA"}, {"token": "Border", "start_char": 101, "end_char": 107, "token_label": "NA"}, {"token": "Patrol", "start_char": 108, "end_char": 114, "token_label": "NA"}, {"token": "agents", "start_char": 115, "end_char": 121, "token_label": "NA"}, {"token": "disrupt", "start_char": 122, "end_char": 129, "token_label": "NA"}, {"token": "two", "start_char": 130, "end_char": 133, "token_label": "NA"}, {"token": "stash", "start_char": 134, "end_char": 139, "token_label": "NA"}, {"token": "houses", "start_char": 140, "end_char": 146, "token_label": "NA"}, {"token": "resulting", "start_char": 147, "end_char": 156, "token_label": "NA"}, {"token": "in", "start_char": 157, "end_char": 159, "token_label": "NA"}, {"token": "the", "start_char": 160, "end_char": 163, "token_label": "NA"}, {"token": "apprehension", "start_char": 164, "end_char": 176, "token_label": "NA"}, {"token": "of", "start_char": 177, "end_char": 179, "token_label": "NA"}, {"token": "60", "start_char": 180, "end_char": 182, "token_label": "NA"}, {"token": "illegal", "start_char": 183, "end_char": 190, "token_label": "NA"}, {"token": "aliens", "start_char": 191, "end_char": 197, "token_label": "NA"}, {"token": ".", "start_char": 197, "end_char": 198, "token_label": "NA"}], "news_discourse_role": 1, "news_discourse_role_prob_0": 1.5946654457366094e-05, "news_discourse_role_prob_1": 0.9968019723892212, "news_discourse_role_prob_2": 0.0016571693122386932, "news_discourse_role_prob_3": 3.679071960505098e-05, "news_discourse_role_prob_4": 0.0014549513580277562, "news_discourse_role_prob_5": 4.1027243469216046e-07, "news_discourse_role_prob_6": 8.868627446645405e-06, "news_discourse_role_prob_7": 1.0926058166660368e-05, "news_discourse_role_prob_8": 1.2899150533485226e-05, "previous_discourse_relation": 3, "previous_discourse_relation_prob_comp": 0.004772835411131382, "previous_discourse_relation_prob_cont": 0.039358120411634445, "previous_discourse_relation_prob_temp": 0.012858008965849876, "previous_discourse_relation_prob_expan": 0.9430111050605774, "latter_discourse_relation": 3, "latter_discourse_relation_prob_comp": 0.000616495672147721, "latter_discourse_relation_prob_cont": 0.0010222101118415594, "latter_discourse_relation_prob_temp": 0.001479465514421463, "latter_discourse_relation_prob_expan": 0.9968818426132202}, {"sentence_id": 2, "sentence_start": 199, "sentence_end": 320, "sentence_text": "On Saturday, February 10, Rio Grande City Border Patrol agents responded to a residence to assist local law enforcement.", "sentence_label": "NA", "tokens_list": ["On", "Saturday", ",", "February", "10", ",", "Rio", "Grande", "City", "Border", "Patrol", "agents", "responded", "to", "a", "residence", "to", "assist", "local", "law", "enforcement", "."], "tokens_dicts_list": [{"token": "On", "start_char": 199, "end_char": 201, "token_label": "NA"}, {"token": "Saturday", "start_char": 202, "end_char": 210, "token_label": "NA"}, {"token": ",", "start_char": 210, "end_char": 211, "token_label": "NA"}, {"token": "February", "start_char": 212, "end_char": 220, "token_label": "NA"}, {"token": "10", "start_char": 221, "end_char": 223, "token_label": "NA"}, {"token": ",", "start_char": 223, "end_char": 224, "token_label": "NA"}, {"token": "Rio", "start_char": 225, "end_char": 228, "token_label": "NA"}, {"token": "Grande", "start_char": 229, "end_char": 235, "token_label": "NA"}, {"token": "City", "start_char": 236, "end_char": 240, "token_label": "NA"}, {"token": "Border", "start_char": 241, "end_char": 247, "token_label": "NA"}, {"token": "Patrol", "start_char": 248, "end_char": 254, "token_label": "NA"}, {"token": "agents", "start_char": 255, "end_char": 261, "token_label": "NA"}, {"token": "responded", "start_char": 262, "end_char": 271, "token_label": "NA"}, {"token": "to", "start_char": 272, "end_char": 274, "token_label": "NA"}, {"token": "a", "start_char": 275, "end_char": 276, "token_label": "NA"}, {"token": "residence", "start_char": 277, "end_char": 286, "token_label": "NA"}, {"token": "to", "start_char": 287, "end_char": 289, "token_label": "NA"}, {"token": "assist", "start_char": 290, "end_char": 296, "token_label": "NA"}, {"token": "local", "start_char": 297, "end_char": 302, "token_label": "NA"}, {"token": "law", "start_char": 303, "end_char": 306, "token_label": "NA"}, {"token": "enforcement", "start_char": 307, "end_char": 318, "token_label": "NA"}, {"token": ".", "start_char": 318, "end_char": 319, "token_label": "NA"}], "news_discourse_role": 4, "news_discourse_role_prob_0": 9.581718768458813e-05, "news_discourse_role_prob_1": 0.38346394896507263, "news_discourse_role_prob_2": 0.009655741974711418, "news_discourse_role_prob_3": 0.14014080166816711, "news_discourse_role_prob_4": 0.46367502212524414, "news_discourse_role_prob_5": 0.002098176861181855, "news_discourse_role_prob_6": 0.0002183193719247356, "news_discourse_role_prob_7": 0.0004905781825073063, "news_discourse_role_prob_8": 0.000161676638526842, "previous_discourse_relation": 3, "previous_discourse_relation_prob_comp": 0.000616495672147721, "previous_discourse_relation_prob_cont": 0.0010222101118415594, "previous_discourse_relation_prob_temp": 0.001479465514421463, "previous_discourse_relation_prob_expan": 0.9968818426132202, "latter_discourse_relation": 3, "latter_discourse_relation_prob_comp": 0.0010607715230435133, "latter_discourse_relation_prob_cont": 0.03822595253586769, "latter_discourse_relation_prob_temp": 0.032515645027160645, "latter_discourse_relation_prob_expan": 0.9281975626945496}, {"sentence_id": 3, "sentence_start": 320, "sentence_end": 406, "sentence_text": "A welfare check at the residence yielded 35 illegal aliens from Mexico and Guatemala.", "sentence_label": "NA", "tokens_list": ["A", "welfare", "check", "at", "the", "residence", "yielded", "35", "illegal", "aliens", "from", "Mexico", "and", "Guatemala", "."], "tokens_dicts_list": [{"token": "A", "start_char": 320, "end_char": 321, "token_label": "NA"}, {"token": "welfare", "start_char": 322, "end_char": 329, "token_label": "NA"}, {"token": "check", "start_char": 330, "end_char": 335, "token_label": "NA"}, {"token": "at", "start_char": 336, "end_char": 338, "token_label": "NA"}, {"token": "the", "start_char": 339, "end_char": 342, "token_label": "NA"}, {"token": "residence", "start_char": 343, "end_char": 352, "token_label": "NA"}, {"token": "yielded", "start_char": 353, "end_char": 360, "token_label": "NA"}, {"token": "35", "start_char": 361, "end_char": 363, "token_label": "NA"}, {"token": "illegal", "start_char": 364, "end_char": 371, "token_label": "NA"}, {"token": "aliens", "start_char": 372, "end_char": 378, "token_label": "NA"}, {"token": "from", "start_char": 379, "end_char": 383, "token_label": "NA"}, {"token": "Mexico", "start_char": 384, "end_char": 390, "token_label": "NA"}, {"token": "and", "start_char": 391, "end_char": 394, "token_label": "NA"}, {"token": "Guatemala", "start_char": 395, "end_char": 404, "token_label": "NA"}, {"token": ".", "start_char": 404, "end_char": 405, "token_label": "NA"}], "news_discourse_role": 4, "news_discourse_role_prob_0": 1.4773605471418705e-05, "news_discourse_role_prob_1": 0.048018790781497955, "news_discourse_role_prob_2": 0.0050426083616912365, "news_discourse_role_prob_3": 0.05168653279542923, "news_discourse_role_prob_4": 0.893121600151062, "news_discourse_role_prob_5": 0.0017177860718220472, "news_discourse_role_prob_6": 0.0002928332251030952, "news_discourse_role_prob_7": 7.190887845354155e-05, "news_discourse_role_prob_8": 3.31873343384359e-05, "previous_discourse_relation": 3, "previous_discourse_relation_prob_comp": 0.0010607715230435133, "previous_discourse_relation_prob_cont": 0.03822595253586769, "previous_discourse_relation_prob_temp": 0.032515645027160645, "previous_discourse_relation_prob_expan": 0.9281975626945496, "latter_discourse_relation": 3, "latter_discourse_relation_prob_comp": 0.018817758187651634, "latter_discourse_relation_prob_cont": 0.05419929325580597, "latter_discourse_relation_prob_temp": 0.020858680829405785, "latter_discourse_relation_prob_expan": 0.9061242341995239}, {"sentence_id": 4, "sentence_start": 406, "sentence_end": 545, "sentence_text": "On Sunday, February 11, the Rio Grande City Station received a call from a concerned citizen regarding suspicious activity at a residence.", "sentence_label": "NA", "tokens_list": ["On", "Sunday", ",", "February", "11", ",", "the", "Rio", "Grande", "City", "Station", "received", "a", "call", "from", "a", "concerned", "citizen", "regarding", "suspicious", "activity", "at", "a", "residence", "."], "tokens_dicts_list": [{"token": "On", "start_char": 406, "end_char": 408, "token_label": "NA"}, {"token": "Sunday", "start_char": 409, "end_char": 415, "token_label": "NA"}, {"token": ",", "start_char": 415, "end_char": 416, "token_label": "NA"}, {"token": "February", "start_char": 417, "end_char": 425, "token_label": "NA"}, {"token": "11", "start_char": 426, "end_char": 428, "token_label": "NA"}, {"token": ",", "start_char": 428, "end_char": 429, "token_label": "NA"}, {"token": "the", "start_char": 430, "end_char": 433, "token_label": "NA"}, {"token": "Rio", "start_char": 434, "end_char": 437, "token_label": "NA"}, {"token": "Grande", "start_char": 438, "end_char": 444, "token_label": "NA"}, {"token": "City", "start_char": 445, "end_char": 449, "token_label": "NA"}, {"token": "Station", "start_char": 450, "end_char": 457, "token_label": "NA"}, {"token": "received", "start_char": 458, "end_char": 466, "token_label": "NA"}, {"token": "a", "start_char": 467, "end_char": 468, "token_label": "NA"}, {"token": "call", "start_char": 469, "end_char": 473, "token_label": "NA"}, {"token": "from", "start_char": 474, "end_char": 478, "token_label": "NA"}, {"token": "a", "start_char": 479, "end_char": 480, "token_label": "NA"}, {"token": "concerned", "start_char": 481, "end_char": 490, "token_label": "NA"}, {"token": "citizen", "start_char": 491, "end_char": 498, "token_label": "NA"}, {"token": "regarding", "start_char": 499, "end_char": 508, "token_label": "NA"}, {"token": "suspicious", "start_char": 509, "end_char": 519, "token_label": "NA"}, {"token": "activity", "start_char": 520, "end_char": 528, "token_label": "NA"}, {"token": "at", "start_char": 529, "end_char": 531, "token_label": "NA"}, {"token": "a", "start_char": 532, "end_char": 533, "token_label": "NA"}, {"token": "residence", "start_char": 534, "end_char": 543, "token_label": "NA"}, {"token": ".", "start_char": 543, "end_char": 544, "token_label": "NA"}], "news_discourse_role": 4, "news_discourse_role_prob_0": 7.886413368396461e-05, "news_discourse_role_prob_1": 0.19730247557163239, "news_discourse_role_prob_2": 0.017311519011855125, "news_discourse_role_prob_3": 0.3883376121520996, "news_discourse_role_prob_4": 0.38883668184280396, "news_discourse_role_prob_5": 0.006497112102806568, "news_discourse_role_prob_6": 0.0006548534729517996, "news_discourse_role_prob_7": 0.0008270579273812473, "news_discourse_role_prob_8": 0.00015382704441435635, "previous_discourse_relation": 3, "previous_discourse_relation_prob_comp": 0.018817758187651634, "previous_discourse_relation_prob_cont": 0.05419929325580597, "previous_discourse_relation_prob_temp": 0.020858680829405785, "previous_discourse_relation_prob_expan": 0.9061242341995239, "latter_discourse_relation": 2, "latter_discourse_relation_prob_comp": 0.004152311477810144, "latter_discourse_relation_prob_cont": 0.266934871673584, "latter_discourse_relation_prob_temp": 0.48365500569343567, "latter_discourse_relation_prob_expan": 0.24525777995586395}, {"sentence_id": 5, "sentence_start": 545, "sentence_end": 657, "sentence_text": "Agents and local law enforcement responded and discovered 25 illegal aliens from Mexico, Guatemala, and Brazil.", "sentence_label": "NA", "tokens_list": ["Agents", "and", "local", "law", "enforcement", "responded", "and", "discovered", "25", "illegal", "aliens", "from", "Mexico", ",", "Guatemala", ",", "and", "Brazil", "."], "tokens_dicts_list": [{"token": "Agents", "start_char": 545, "end_char": 551, "token_label": "NA"}, {"token": "and", "start_char": 552, "end_char": 555, "token_label": "NA"}, {"token": "local", "start_char": 556, "end_char": 561, "token_label": "NA"}, {"token": "law", "start_char": 562, "end_char": 565, "token_label": "NA"}, {"token": "enforcement", "start_char": 566, "end_char": 577, "token_label": "NA"}, {"token": "responded", "start_char": 578, "end_char": 587, "token_label": "NA"}, {"token": "and", "start_char": 588, "end_char": 591, "token_label": "NA"}, {"token": "discovered", "start_char": 592, "end_char": 602, "token_label": "NA"}, {"token": "25", "start_char": 603, "end_char": 605, "token_label": "NA"}, {"token": "illegal", "start_char": 606, "end_char": 613, "token_label": "NA"}, {"token": "aliens", "start_char": 614, "end_char": 620, "token_label": "NA"}, {"token": "from", "start_char": 621, "end_char": 625, "token_label": "NA"}, {"token": "Mexico", "start_char": 626, "end_char": 632, "token_label": "NA"}, {"token": ",", "start_char": 632, "end_char": 633, "token_label": "NA"}, {"token": "Guatemala", "start_char": 634, "end_char": 643, "token_label": "NA"}, {"token": ",", "start_char": 643, "end_char": 644, "token_label": "NA"}, {"token": "and", "start_char": 645, "end_char": 648, "token_label": "NA"}, {"token": "Brazil", "start_char": 649, "end_char": 655, "token_label": "NA"}, {"token": ".", "start_char": 655, "end_char": 656, "token_label": "NA"}], "news_discourse_role": 1, "news_discourse_role_prob_0": 4.619627361535095e-05, "news_discourse_role_prob_1": 0.8427956700325012, "news_discourse_role_prob_2": 0.019385255873203278, "news_discourse_role_prob_3": 0.023462733253836632, "news_discourse_role_prob_4": 0.11375866830348969, "news_discourse_role_prob_5": 0.00013741258590016514, "news_discourse_role_prob_6": 0.00013569038128480315, "news_discourse_role_prob_7": 0.00010848543752217665, "news_discourse_role_prob_8": 0.00016979390056803823, "previous_discourse_relation": 2, "previous_discourse_relation_prob_comp": 0.004152311477810144, "previous_discourse_relation_prob_cont": 0.266934871673584, "previous_discourse_relation_prob_temp": 0.48365500569343567, "previous_discourse_relation_prob_expan": 0.24525777995586395, "latter_discourse_relation": 3, "latter_discourse_relation_prob_comp": 0.002724302466958761, "latter_discourse_relation_prob_cont": 0.0009154584258794785, "latter_discourse_relation_prob_temp": 0.0018340414389967918, "latter_discourse_relation_prob_expan": 0.9945260882377625}, {"sentence_id": 6, "sentence_start": 657, "sentence_end": 781, "sentence_text": "Homeland Security Investigations (HSI) McAllen Office arrested one individual in connection to Sunday\u2019s enforcement action.", "sentence_label": "NA", "tokens_list": ["Homeland", "Security", "Investigations", "(", "HSI", ")", "McAllen", "Office", "arrested", "one", "individual", "in", "connection", "to", "Sunday\u2019s", "enforcement", "action", "."], "tokens_dicts_list": [{"token": "Homeland", "start_char": 657, "end_char": 665, "token_label": "NA"}, {"token": "Security", "start_char": 666, "end_char": 674, "token_label": "NA"}, {"token": "Investigations", "start_char": 675, "end_char": 689, "token_label": "NA"}, {"token": "(", "start_char": 690, "end_char": 691, "token_label": "NA"}, {"token": "HSI", "start_char": 691, "end_char": 694, "token_label": "NA"}, {"token": ")", "start_char": 694, "end_char": 695, "token_label": "NA"}, {"token": "McAllen", "start_char": 696, "end_char": 703, "token_label": "NA"}, {"token": "Office", "start_char": 704, "end_char": 710, "token_label": "NA"}, {"token": "arrested", "start_char": 711, "end_char": 719, "token_label": "NA"}, {"token": "one", "start_char": 720, "end_char": 723, "token_label": "NA"}, {"token": "individual", "start_char": 724, "end_char": 734, "token_label": "NA"}, {"token": "in", "start_char": 735, "end_char": 737, "token_label": "NA"}, {"token": "connection", "start_char": 738, "end_char": 748, "token_label": "NA"}, {"token": "to", "start_char": 749, "end_char": 751, "token_label": "NA"}, {"token": "Sunday\u2019s", "start_char": 752, "end_char": 760, "token_label": "NA"}, {"token": "enforcement", "start_char": 761, "end_char": 772, "token_label": "NA"}, {"token": "action", "start_char": 773, "end_char": 779, "token_label": "NA"}, {"token": ".", "start_char": 779, "end_char": 780, "token_label": "NA"}], "news_discourse_role": 4, "news_discourse_role_prob_0": 0.00014928619202692062, "news_discourse_role_prob_1": 0.061598584055900574, "news_discourse_role_prob_2": 0.22213415801525116, "news_discourse_role_prob_3": 0.000626186840236187, "news_discourse_role_prob_4": 0.714704155921936, "news_discourse_role_prob_5": 4.3456489947857335e-05, "news_discourse_role_prob_6": 0.00010542111704126, "news_discourse_role_prob_7": 0.00035986743750981987, "news_discourse_role_prob_8": 0.0002788352721836418, "previous_discourse_relation": 3, "previous_discourse_relation_prob_comp": 0.002724302466958761, "previous_discourse_relation_prob_cont": 0.0009154584258794785, "previous_discourse_relation_prob_temp": 0.0018340414389967918, "previous_discourse_relation_prob_expan": 0.9945260882377625, "latter_discourse_relation": 0, "latter_discourse_relation_prob_comp": 0.8676888942718506, "latter_discourse_relation_prob_cont": 0.0019532942678779364, "latter_discourse_relation_prob_temp": 0.01863032765686512, "latter_discourse_relation_prob_expan": 0.11172744631767273}, {"sentence_id": 7, "sentence_start": 781, "sentence_end": 815, "sentence_text": "No further details were released.", "sentence_label": "NA", "tokens_list": ["No", "further", "details", "were", "released", "."], "tokens_dicts_list": [{"token": "No", "start_char": 781, "end_char": 783, "token_label": "NA"}, {"token": "further", "start_char": 784, "end_char": 791, "token_label": "NA"}, {"token": "details", "start_char": 792, "end_char": 799, "token_label": "NA"}, {"token": "were", "start_char": 800, "end_char": 804, "token_label": "NA"}, {"token": "released", "start_char": 805, "end_char": 813, "token_label": "NA"}, {"token": ".", "start_char": 813, "end_char": 814, "token_label": "NA"}], "news_discourse_role": 4, "news_discourse_role_prob_0": 4.111450834898278e-06, "news_discourse_role_prob_1": 0.00021270774595905095, "news_discourse_role_prob_2": 0.0031827783677726984, "news_discourse_role_prob_3": 7.583626575069502e-05, "news_discourse_role_prob_4": 0.996356725692749, "news_discourse_role_prob_5": 3.136150189675391e-05, "news_discourse_role_prob_6": 6.667932666459819e-06, "news_discourse_role_prob_7": 9.399808914167807e-05, "news_discourse_role_prob_8": 3.5829758417094126e-05, "previous_discourse_relation": 0, "previous_discourse_relation_prob_comp": 0.8676888942718506, "previous_discourse_relation_prob_cont": 0.0019532942678779364, "previous_discourse_relation_prob_temp": 0.01863032765686512, "previous_discourse_relation_prob_expan": 0.11172744631767273, "latter_discourse_relation": -1}]}