{"file_name": "./Propaganda/json_annotations/train/article111111137.json", "num_sentences": 32, "sentences": [{"sentence_id": 0, "sentence_start": 0, "sentence_end": 52, "sentence_text": "Florida shooting: Gun control law moves step closer", "sentence_label": "NA", "tokens_list": ["Florida", "shooting", ":", "Gun", "control", "law", "moves", "step", "closer"], "tokens_dicts_list": [{"token": "Florida", "start_char": 0, "end_char": 7, "token_label": "NA"}, {"token": "shooting", "start_char": 8, "end_char": 16, "token_label": "NA"}, {"token": ":", "start_char": 16, "end_char": 17, "token_label": "NA"}, {"token": "Gun", "start_char": 18, "end_char": 21, "token_label": "NA"}, {"token": "control", "start_char": 22, "end_char": 29, "token_label": "NA"}, {"token": "law", "start_char": 30, "end_char": 33, "token_label": "NA"}, {"token": "moves", "start_char": 34, "end_char": 39, "token_label": "NA"}, {"token": "step", "start_char": 40, "end_char": 44, "token_label": "NA"}, {"token": "closer", "start_char": 45, "end_char": 51, "token_label": "NA"}], "news_discourse_role": 0, "news_discourse_role_prob_0": 0.5991981625556946, "news_discourse_role_prob_1": 0.35811448097229004, "news_discourse_role_prob_2": 0.007001946680247784, "news_discourse_role_prob_3": 0.019557863473892212, "news_discourse_role_prob_4": 0.012696144171059132, "news_discourse_role_prob_5": 0.0006459784344770014, "news_discourse_role_prob_6": 0.0004520278889685869, "news_discourse_role_prob_7": 0.0015541341854259372, "news_discourse_role_prob_8": 0.0007792566902935505, "latter_discourse_relation": 3, "latter_discourse_relation_prob_comp": 0.0031358262058347464, "latter_discourse_relation_prob_cont": 0.16454336047172546, "latter_discourse_relation_prob_temp": 0.003399993060156703, "latter_discourse_relation_prob_expan": 0.8289207816123962, "previous_discourse_relation": -1}, {"sentence_id": 1, "sentence_start": 53, "sentence_end": 185, "sentence_text": "New gun control measures for Florida have passed another legal hurdle, weeks after one of the worst school shootings in US history.", "sentence_label": "Exaggeration,Minimisation", "tokens_list": ["New", "gun", "control", "measures", "for", "Florida", "have", "passed", "another", "legal", "hurdle", ",", "weeks", "after", "one", "of", "the", "worst", "school", "shootings", "in", "US", "history", "."], "tokens_dicts_list": [{"token": "New", "start_char": 53, "end_char": 56, "token_label": "NA"}, {"token": "gun", "start_char": 57, "end_char": 60, "token_label": "NA"}, {"token": "control", "start_char": 61, "end_char": 68, "token_label": "NA"}, {"token": "measures", "start_char": 69, "end_char": 77, "token_label": "NA"}, {"token": "for", "start_char": 78, "end_char": 81, "token_label": "NA"}, {"token": "Florida", "start_char": 82, "end_char": 89, "token_label": "NA"}, {"token": "have", "start_char": 90, "end_char": 94, "token_label": "NA"}, {"token": "passed", "start_char": 95, "end_char": 101, "token_label": "NA"}, {"token": "another", "start_char": 102, "end_char": 109, "token_label": "NA"}, {"token": "legal", "start_char": 110, "end_char": 115, "token_label": "NA"}, {"token": "hurdle", "start_char": 116, "end_char": 122, "token_label": "NA"}, {"token": ",", "start_char": 122, "end_char": 123, "token_label": "NA"}, {"token": "weeks", "start_char": 124, "end_char": 129, "token_label": "NA"}, {"token": "after", "start_char": 130, "end_char": 135, "token_label": "NA"}, {"token": "one", "start_char": 136, "end_char": 139, "token_label": "NA"}, {"token": "of", "start_char": 140, "end_char": 142, "token_label": "NA"}, {"token": "the", "start_char": 143, "end_char": 146, "token_label": "Exaggeration,Minimisation"}, {"token": "worst", "start_char": 147, "end_char": 152, "token_label": "Exaggeration,Minimisation"}, {"token": "school", "start_char": 153, "end_char": 159, "token_label": "Exaggeration,Minimisation"}, {"token": "shootings", "start_char": 160, "end_char": 169, "token_label": "Exaggeration,Minimisation"}, {"token": "in", "start_char": 170, "end_char": 172, "token_label": "Exaggeration,Minimisation"}, {"token": "US", "start_char": 173, "end_char": 175, "token_label": "Exaggeration,Minimisation"}, {"token": "history", "start_char": 176, "end_char": 183, "token_label": "Exaggeration,Minimisation"}, {"token": ".", "start_char": 183, "end_char": 184, "token_label": "NA"}], "news_discourse_role": 1, "news_discourse_role_prob_0": 0.0007011998095549643, "news_discourse_role_prob_1": 0.9316951036453247, "news_discourse_role_prob_2": 0.003351983381435275, "news_discourse_role_prob_3": 0.02451442927122116, "news_discourse_role_prob_4": 0.03918379172682762, "news_discourse_role_prob_5": 2.5375233235536143e-05, "news_discourse_role_prob_6": 5.2733121265191585e-05, "news_discourse_role_prob_7": 0.00018828063912224025, "news_discourse_role_prob_8": 0.0002872204640880227, "previous_discourse_relation": 3, "previous_discourse_relation_prob_comp": 0.0031358262058347464, "previous_discourse_relation_prob_cont": 0.16454336047172546, "previous_discourse_relation_prob_temp": 0.003399993060156703, "previous_discourse_relation_prob_expan": 0.8289207816123962, "latter_discourse_relation": 3, "latter_discourse_relation_prob_comp": 7.406985969282687e-05, "latter_discourse_relation_prob_cont": 0.002776102628558874, "latter_discourse_relation_prob_temp": 0.00022169998555909842, "latter_discourse_relation_prob_expan": 0.9969281554222107}, {"sentence_id": 2, "sentence_start": 186, "sentence_end": 338, "sentence_text": "The state's House of Representatives passed a bill raising the age to buy a gun from 18 to 21 and imposing a three-day waiting period on all gun sales.", "sentence_label": "NA", "tokens_list": ["The", "state", "'s", "House", "of", "Representatives", "passed", "a", "bill", "raising", "the", "age", "to", "buy", "a", "gun", "from", "18", "to", "21", "and", "imposing", "a", "three-day", "waiting", "period", "on", "all", "gun", "sales", "."], "tokens_dicts_list": [{"token": "The", "start_char": 186, "end_char": 189, "token_label": "NA"}, {"token": "state", "start_char": 190, "end_char": 195, "token_label": "NA"}, {"token": "'s", "start_char": 195, "end_char": 197, "token_label": "NA"}, {"token": "House", "start_char": 198, "end_char": 203, "token_label": "NA"}, {"token": "of", "start_char": 204, "end_char": 206, "token_label": "NA"}, {"token": "Representatives", "start_char": 207, "end_char": 222, "token_label": "NA"}, {"token": "passed", "start_char": 223, "end_char": 229, "token_label": "NA"}, {"token": "a", "start_char": 230, "end_char": 231, "token_label": "NA"}, {"token": "bill", "start_char": 232, "end_char": 236, "token_label": "NA"}, {"token": "raising", "start_char": 237, "end_char": 244, "token_label": "NA"}, {"token": "the", "start_char": 245, "end_char": 248, "token_label": "NA"}, {"token": "age", "start_char": 249, "end_char": 252, "token_label": "NA"}, {"token": "to", "start_char": 253, "end_char": 255, "token_label": "NA"}, {"token": "buy", "start_char": 256, "end_char": 259, "token_label": "NA"}, {"token": "a", "start_char": 260, "end_char": 261, "token_label": "NA"}, {"token": "gun", "start_char": 262, "end_char": 265, "token_label": "NA"}, {"token": "from", "start_char": 266, "end_char": 270, "token_label": "NA"}, {"token": "18", "start_char": 271, "end_char": 273, "token_label": "NA"}, {"token": "to", "start_char": 274, "end_char": 276, "token_label": "NA"}, {"token": "21", "start_char": 277, "end_char": 279, "token_label": "NA"}, {"token": "and", "start_char": 280, "end_char": 283, "token_label": "NA"}, {"token": "imposing", "start_char": 284, "end_char": 292, "token_label": "NA"}, {"token": "a", "start_char": 293, "end_char": 294, "token_label": "NA"}, {"token": "three-day", "start_char": 295, "end_char": 304, "token_label": "NA"}, {"token": "waiting", "start_char": 305, "end_char": 312, "token_label": "NA"}, {"token": "period", "start_char": 313, "end_char": 319, "token_label": "NA"}, {"token": "on", "start_char": 320, "end_char": 322, "token_label": "NA"}, {"token": "all", "start_char": 323, "end_char": 326, "token_label": "NA"}, {"token": "gun", "start_char": 327, "end_char": 330, "token_label": "NA"}, {"token": "sales", "start_char": 331, "end_char": 336, "token_label": "NA"}, {"token": ".", "start_char": 336, "end_char": 337, "token_label": "NA"}], "news_discourse_role": 1, "news_discourse_role_prob_0": 0.0002172158710891381, "news_discourse_role_prob_1": 0.949124276638031, "news_discourse_role_prob_2": 0.009150316007435322, "news_discourse_role_prob_3": 0.034518808126449585, "news_discourse_role_prob_4": 0.006858428940176964, "news_discourse_role_prob_5": 1.5012656149338e-05, "news_discourse_role_prob_6": 2.645766653586179e-05, "news_discourse_role_prob_7": 3.330134859425016e-05, "news_discourse_role_prob_8": 5.60811095056124e-05, "previous_discourse_relation": 3, "previous_discourse_relation_prob_comp": 7.406985969282687e-05, "previous_discourse_relation_prob_cont": 0.002776102628558874, "previous_discourse_relation_prob_temp": 0.00022169998555909842, "previous_discourse_relation_prob_expan": 0.9969281554222107, "latter_discourse_relation": 3, "latter_discourse_relation_prob_comp": 0.005160663742572069, "latter_discourse_relation_prob_cont": 0.01413960475474596, "latter_discourse_relation_prob_temp": 0.012636755593121052, "latter_discourse_relation_prob_expan": 0.9680629372596741}, {"sentence_id": 3, "sentence_start": 339, "sentence_end": 411, "sentence_text": "The bill, already passed by the Senate, now goes to the state governor.", "sentence_label": "NA", "tokens_list": ["The", "bill", ",", "already", "passed", "by", "the", "Senate", ",", "now", "goes", "to", "the", "state", "governor", "."], "tokens_dicts_list": [{"token": "The", "start_char": 339, "end_char": 342, "token_label": "NA"}, {"token": "bill", "start_char": 343, "end_char": 347, "token_label": "NA"}, {"token": ",", "start_char": 347, "end_char": 348, "token_label": "NA"}, {"token": "already", "start_char": 349, "end_char": 356, "token_label": "NA"}, {"token": "passed", "start_char": 357, "end_char": 363, "token_label": "NA"}, {"token": "by", "start_char": 364, "end_char": 366, "token_label": "NA"}, {"token": "the", "start_char": 367, "end_char": 370, "token_label": "NA"}, {"token": "Senate", "start_char": 371, "end_char": 377, "token_label": "NA"}, {"token": ",", "start_char": 377, "end_char": 378, "token_label": "NA"}, {"token": "now", "start_char": 379, "end_char": 382, "token_label": "NA"}, {"token": "goes", "start_char": 383, "end_char": 387, "token_label": "NA"}, {"token": "to", "start_char": 388, "end_char": 390, "token_label": "NA"}, {"token": "the", "start_char": 391, "end_char": 394, "token_label": "NA"}, {"token": "state", "start_char": 395, "end_char": 400, "token_label": "NA"}, {"token": "governor", "start_char": 401, "end_char": 409, "token_label": "NA"}, {"token": ".", "start_char": 409, "end_char": 410, "token_label": "NA"}], "news_discourse_role": 4, "news_discourse_role_prob_0": 0.00044497920316644013, "news_discourse_role_prob_1": 0.012185897678136826, "news_discourse_role_prob_2": 0.028495309874415398, "news_discourse_role_prob_3": 0.0007691557984799147, "news_discourse_role_prob_4": 0.9564629793167114, "news_discourse_role_prob_5": 0.00012165287625975907, "news_discourse_role_prob_6": 2.1942303646937944e-05, "news_discourse_role_prob_7": 0.0001749210205161944, "news_discourse_role_prob_8": 0.0013230700278654695, "previous_discourse_relation": 3, "previous_discourse_relation_prob_comp": 0.005160663742572069, "previous_discourse_relation_prob_cont": 0.01413960475474596, "previous_discourse_relation_prob_temp": 0.012636755593121052, "previous_discourse_relation_prob_expan": 0.9680629372596741, "latter_discourse_relation": 3, "latter_discourse_relation_prob_comp": 0.005544694606214762, "latter_discourse_relation_prob_cont": 0.38208693265914917, "latter_discourse_relation_prob_temp": 0.003448665840551257, "latter_discourse_relation_prob_expan": 0.6089196801185608}, {"sentence_id": 4, "sentence_start": 412, "sentence_end": 519, "sentence_text": "Seventeen people were killed at Marjory Stoneman Douglas High School in Parkland, Florida, on 14 February.", "sentence_label": "NA", "tokens_list": ["Seventeen", "people", "were", "killed", "at", "Marjory", "Stoneman", "Douglas", "High", "School", "in", "Parkland", ",", "Florida", ",", "on", "14", "February", "."], "tokens_dicts_list": [{"token": "Seventeen", "start_char": 412, "end_char": 421, "token_label": "NA"}, {"token": "people", "start_char": 422, "end_char": 428, "token_label": "NA"}, {"token": "were", "start_char": 429, "end_char": 433, "token_label": "NA"}, {"token": "killed", "start_char": 434, "end_char": 440, "token_label": "NA"}, {"token": "at", "start_char": 441, "end_char": 443, "token_label": "NA"}, {"token": "Marjory", "start_char": 444, "end_char": 451, "token_label": "NA"}, {"token": "Stoneman", "start_char": 452, "end_char": 460, "token_label": "NA"}, {"token": "Douglas", "start_char": 461, "end_char": 468, "token_label": "NA"}, {"token": "High", "start_char": 469, "end_char": 473, "token_label": "NA"}, {"token": "School", "start_char": 474, "end_char": 480, "token_label": "NA"}, {"token": "in", "start_char": 481, "end_char": 483, "token_label": "NA"}, {"token": "Parkland", "start_char": 484, "end_char": 492, "token_label": "NA"}, {"token": ",", "start_char": 492, "end_char": 493, "token_label": "NA"}, {"token": "Florida", "start_char": 494, "end_char": 501, "token_label": "NA"}, {"token": ",", "start_char": 501, "end_char": 502, "token_label": "NA"}, {"token": "on", "start_char": 503, "end_char": 505, "token_label": "NA"}, {"token": "14", "start_char": 506, "end_char": 508, "token_label": "NA"}, {"token": "February", "start_char": 509, "end_char": 517, "token_label": "NA"}, {"token": ".", "start_char": 517, "end_char": 518, "token_label": "NA"}], "news_discourse_role": 3, "news_discourse_role_prob_0": 0.0002871865581255406, "news_discourse_role_prob_1": 0.001967872492969036, "news_discourse_role_prob_2": 0.00043125476804561913, "news_discourse_role_prob_3": 0.8247107267379761, "news_discourse_role_prob_4": 0.023330723866820335, "news_discourse_role_prob_5": 0.1490309238433838, "news_discourse_role_prob_6": 8.730865374673158e-05, "news_discourse_role_prob_7": 0.0001241776189999655, "news_discourse_role_prob_8": 2.9808170438627712e-05, "previous_discourse_relation": 3, "previous_discourse_relation_prob_comp": 0.005544694606214762, "previous_discourse_relation_prob_cont": 0.38208693265914917, "previous_discourse_relation_prob_temp": 0.003448665840551257, "previous_discourse_relation_prob_expan": 0.6089196801185608, "latter_discourse_relation": 3, "latter_discourse_relation_prob_comp": 0.0009089554660022259, "latter_discourse_relation_prob_cont": 0.0031232191249728203, "latter_discourse_relation_prob_temp": 0.0012316941283643246, "latter_discourse_relation_prob_expan": 0.9947361350059509}, {"sentence_id": 5, "sentence_start": 519, "sentence_end": 593, "sentence_text": "Expelled former student Nikolas Cruz, 19, has been charged in the attack.", "sentence_label": "NA", "tokens_list": ["Expelled", "former", "student", "Nikolas", "Cruz", ",", "19", ",", "has", "been", "charged", "in", "the", "attack", "."], "tokens_dicts_list": [{"token": "Expelled", "start_char": 519, "end_char": 527, "token_label": "NA"}, {"token": "former", "start_char": 528, "end_char": 534, "token_label": "NA"}, {"token": "student", "start_char": 535, "end_char": 542, "token_label": "NA"}, {"token": "Nikolas", "start_char": 543, "end_char": 550, "token_label": "NA"}, {"token": "Cruz", "start_char": 551, "end_char": 555, "token_label": "NA"}, {"token": ",", "start_char": 555, "end_char": 556, "token_label": "NA"}, {"token": "19", "start_char": 557, "end_char": 559, "token_label": "NA"}, {"token": ",", "start_char": 559, "end_char": 560, "token_label": "NA"}, {"token": "has", "start_char": 561, "end_char": 564, "token_label": "NA"}, {"token": "been", "start_char": 565, "end_char": 569, "token_label": "NA"}, {"token": "charged", "start_char": 570, "end_char": 577, "token_label": "NA"}, {"token": "in", "start_char": 578, "end_char": 580, "token_label": "NA"}, {"token": "the", "start_char": 581, "end_char": 584, "token_label": "NA"}, {"token": "attack", "start_char": 585, "end_char": 591, "token_label": "NA"}, {"token": ".", "start_char": 591, "end_char": 592, "token_label": "NA"}], "news_discourse_role": 4, "news_discourse_role_prob_0": 0.00022233971685636789, "news_discourse_role_prob_1": 0.004582584835588932, "news_discourse_role_prob_2": 0.006460721604526043, "news_discourse_role_prob_3": 0.053170230239629745, "news_discourse_role_prob_4": 0.9325367212295532, "news_discourse_role_prob_5": 0.00261762086302042, "news_discourse_role_prob_6": 0.00016389801749028265, "news_discourse_role_prob_7": 0.00016386549395974725, "news_discourse_role_prob_8": 8.193754911189899e-05, "previous_discourse_relation": 3, "previous_discourse_relation_prob_comp": 0.0009089554660022259, "previous_discourse_relation_prob_cont": 0.0031232191249728203, "previous_discourse_relation_prob_temp": 0.0012316941283643246, "previous_discourse_relation_prob_expan": 0.9947361350059509, "latter_discourse_relation": 3, "latter_discourse_relation_prob_comp": 0.002913396107032895, "latter_discourse_relation_prob_cont": 0.05860111862421036, "latter_discourse_relation_prob_temp": 0.010311516001820564, "latter_discourse_relation_prob_expan": 0.9281740784645081}, {"sentence_id": 6, "sentence_start": 593, "sentence_end": 765, "sentence_text": "He was formally indicted by a grand jury on Wednesday on 34 counts, including 17 counts of premeditated first-degree murder and 17 counts of attempted first-degree murder.", "sentence_label": "NA", "tokens_list": ["He", "was", "formally", "indicted", "by", "a", "grand", "jury", "on", "Wednesday", "on", "34", "counts", ",", "including", "17", "counts", "of", "premeditated", "first-degree", "murder", "and", "17", "counts", "of", "attempted", "first-degree", "murder", "."], "tokens_dicts_list": [{"token": "He", "start_char": 593, "end_char": 595, "token_label": "NA"}, {"token": "was", "start_char": 596, "end_char": 599, "token_label": "NA"}, {"token": "formally", "start_char": 600, "end_char": 608, "token_label": "NA"}, {"token": "indicted", "start_char": 609, "end_char": 617, "token_label": "NA"}, {"token": "by", "start_char": 618, "end_char": 620, "token_label": "NA"}, {"token": "a", "start_char": 621, "end_char": 622, "token_label": "NA"}, {"token": "grand", "start_char": 623, "end_char": 628, "token_label": "NA"}, {"token": "jury", "start_char": 629, "end_char": 633, "token_label": "NA"}, {"token": "on", "start_char": 634, "end_char": 636, "token_label": "NA"}, {"token": "Wednesday", "start_char": 637, "end_char": 646, "token_label": "NA"}, {"token": "on", "start_char": 647, "end_char": 649, "token_label": "NA"}, {"token": "34", "start_char": 650, "end_char": 652, "token_label": "NA"}, {"token": "counts", "start_char": 653, "end_char": 659, "token_label": "NA"}, {"token": ",", "start_char": 659, "end_char": 660, "token_label": "NA"}, {"token": "including", "start_char": 661, "end_char": 670, "token_label": "NA"}, {"token": "17", "start_char": 671, "end_char": 673, "token_label": "NA"}, {"token": "counts", "start_char": 674, "end_char": 680, "token_label": "NA"}, {"token": "of", "start_char": 681, "end_char": 683, "token_label": "NA"}, {"token": "premeditated", "start_char": 684, "end_char": 696, "token_label": "NA"}, {"token": "first-degree", "start_char": 697, "end_char": 709, "token_label": "NA"}, {"token": "murder", "start_char": 710, "end_char": 716, "token_label": "NA"}, {"token": "and", "start_char": 717, "end_char": 720, "token_label": "NA"}, {"token": "17", "start_char": 721, "end_char": 723, "token_label": "NA"}, {"token": "counts", "start_char": 724, "end_char": 730, "token_label": "NA"}, {"token": "of", "start_char": 731, "end_char": 733, "token_label": "NA"}, {"token": "attempted", "start_char": 734, "end_char": 743, "token_label": "NA"}, {"token": "first-degree", "start_char": 744, "end_char": 756, "token_label": "NA"}, {"token": "murder", "start_char": 757, "end_char": 763, "token_label": "NA"}, {"token": ".", "start_char": 763, "end_char": 764, "token_label": "NA"}], "news_discourse_role": 4, "news_discourse_role_prob_0": 0.00043740574619732797, "news_discourse_role_prob_1": 0.23719194531440735, "news_discourse_role_prob_2": 0.07074572145938873, "news_discourse_role_prob_3": 0.07502689957618713, "news_discourse_role_prob_4": 0.6151459217071533, "news_discourse_role_prob_5": 0.00033611085382290184, "news_discourse_role_prob_6": 0.0001879911869764328, "news_discourse_role_prob_7": 0.00031453603878617287, "news_discourse_role_prob_8": 0.0006135262083262205, "previous_discourse_relation": 3, "previous_discourse_relation_prob_comp": 0.002913396107032895, "previous_discourse_relation_prob_cont": 0.05860111862421036, "previous_discourse_relation_prob_temp": 0.010311516001820564, "previous_discourse_relation_prob_expan": 0.9281740784645081, "latter_discourse_relation": 3, "latter_discourse_relation_prob_comp": 0.0003876728005707264, "latter_discourse_relation_prob_cont": 0.0012674906756728888, "latter_discourse_relation_prob_temp": 0.0003658714995253831, "latter_discourse_relation_prob_expan": 0.9979789853096008}, {"sentence_id": 7, "sentence_start": 766, "sentence_end": 906, "sentence_text": "He is suspected of using a legally bought AR-15 semi-automatic rifle to carry out the 10-minute attack, gunning down teachers and students.", "sentence_label": "NA", "tokens_list": ["He", "is", "suspected", "of", "using", "a", "legally", "bought", "AR-15", "semi-automatic", "rifle", "to", "carry", "out", "the", "10-minute", "attack", ",", "gunning", "down", "teachers", "and", "students", "."], "tokens_dicts_list": [{"token": "He", "start_char": 766, "end_char": 768, "token_label": "NA"}, {"token": "is", "start_char": 769, "end_char": 771, "token_label": "NA"}, {"token": "suspected", "start_char": 772, "end_char": 781, "token_label": "NA"}, {"token": "of", "start_char": 782, "end_char": 784, "token_label": "NA"}, {"token": "using", "start_char": 785, "end_char": 790, "token_label": "NA"}, {"token": "a", "start_char": 791, "end_char": 792, "token_label": "NA"}, {"token": "legally", "start_char": 793, "end_char": 800, "token_label": "NA"}, {"token": "bought", "start_char": 801, "end_char": 807, "token_label": "NA"}, {"token": "AR-15", "start_char": 808, "end_char": 813, "token_label": "NA"}, {"token": "semi-automatic", "start_char": 814, "end_char": 828, "token_label": "NA"}, {"token": "rifle", "start_char": 829, "end_char": 834, "token_label": "NA"}, {"token": "to", "start_char": 835, "end_char": 837, "token_label": "NA"}, {"token": "carry", "start_char": 838, "end_char": 843, "token_label": "NA"}, {"token": "out", "start_char": 844, "end_char": 847, "token_label": "NA"}, {"token": "the", "start_char": 848, "end_char": 851, "token_label": "NA"}, {"token": "10-minute", "start_char": 852, "end_char": 861, "token_label": "NA"}, {"token": "attack", "start_char": 862, "end_char": 868, "token_label": "NA"}, {"token": ",", "start_char": 868, "end_char": 869, "token_label": "NA"}, {"token": "gunning", "start_char": 870, "end_char": 877, "token_label": "NA"}, {"token": "down", "start_char": 878, "end_char": 882, "token_label": "NA"}, {"token": "teachers", "start_char": 883, "end_char": 891, "token_label": "NA"}, {"token": "and", "start_char": 892, "end_char": 895, "token_label": "NA"}, {"token": "students", "start_char": 896, "end_char": 904, "token_label": "NA"}, {"token": ".", "start_char": 904, "end_char": 905, "token_label": "NA"}], "news_discourse_role": 4, "news_discourse_role_prob_0": 0.00017110163753386587, "news_discourse_role_prob_1": 0.001505196327343583, "news_discourse_role_prob_2": 0.0011585908941924572, "news_discourse_role_prob_3": 0.43829262256622314, "news_discourse_role_prob_4": 0.5379338264465332, "news_discourse_role_prob_5": 0.01431308127939701, "news_discourse_role_prob_6": 0.0007432900601997972, "news_discourse_role_prob_7": 0.005652828142046928, "news_discourse_role_prob_8": 0.00022947473917156458, "previous_discourse_relation": 3, "previous_discourse_relation_prob_comp": 0.0003876728005707264, "previous_discourse_relation_prob_cont": 0.0012674906756728888, "previous_discourse_relation_prob_temp": 0.0003658714995253831, "previous_discourse_relation_prob_expan": 0.9979789853096008, "latter_discourse_relation": 1, "latter_discourse_relation_prob_comp": 0.07917491346597672, "latter_discourse_relation_prob_cont": 0.5657770037651062, "latter_discourse_relation_prob_temp": 0.005376690067350864, "latter_discourse_relation_prob_expan": 0.3496714234352112}, {"sentence_id": 8, "sentence_start": 907, "sentence_end": 931, "sentence_text": "What is in the new law?", "sentence_label": "NA", "tokens_list": ["What", "is", "in", "the", "new", "law", "?"], "tokens_dicts_list": [{"token": "What", "start_char": 907, "end_char": 911, "token_label": "NA"}, {"token": "is", "start_char": 912, "end_char": 914, "token_label": "NA"}, {"token": "in", "start_char": 915, "end_char": 917, "token_label": "NA"}, {"token": "the", "start_char": 918, "end_char": 921, "token_label": "NA"}, {"token": "new", "start_char": 922, "end_char": 925, "token_label": "NA"}, {"token": "law", "start_char": 926, "end_char": 929, "token_label": "NA"}, {"token": "?", "start_char": 929, "end_char": 930, "token_label": "NA"}], "news_discourse_role": 4, "news_discourse_role_prob_0": 0.030855821445584297, "news_discourse_role_prob_1": 0.2052990198135376, "news_discourse_role_prob_2": 0.007028784602880478, "news_discourse_role_prob_3": 0.09833210706710815, "news_discourse_role_prob_4": 0.5374689698219299, "news_discourse_role_prob_5": 0.015031292103230953, "news_discourse_role_prob_6": 0.0013438300229609013, "news_discourse_role_prob_7": 0.08799085766077042, "news_discourse_role_prob_8": 0.01664924994111061, "previous_discourse_relation": 1, "previous_discourse_relation_prob_comp": 0.07917491346597672, "previous_discourse_relation_prob_cont": 0.5657770037651062, "previous_discourse_relation_prob_temp": 0.005376690067350864, "previous_discourse_relation_prob_expan": 0.3496714234352112, "latter_discourse_relation": 3, "latter_discourse_relation_prob_comp": 9.3728223873768e-05, "latter_discourse_relation_prob_cont": 0.00016765845066402107, "latter_discourse_relation_prob_temp": 8.547584002371877e-06, "latter_discourse_relation_prob_expan": 0.9997300505638123}, {"sentence_id": 9, "sentence_start": 931, "sentence_end": 1025, "sentence_text": "In addition to raising the age and bringing in the three-day waiting period, the legislation:", "sentence_label": "NA", "tokens_list": ["In", "addition", "to", "raising", "the", "age", "and", "bringing", "in", "the", "three-day", "waiting", "period", ",", "the", "legislation", ":"], "tokens_dicts_list": [{"token": "In", "start_char": 931, "end_char": 933, "token_label": "NA"}, {"token": "addition", "start_char": 934, "end_char": 942, "token_label": "NA"}, {"token": "to", "start_char": 943, "end_char": 945, "token_label": "NA"}, {"token": "raising", "start_char": 946, "end_char": 953, "token_label": "NA"}, {"token": "the", "start_char": 954, "end_char": 957, "token_label": "NA"}, {"token": "age", "start_char": 958, "end_char": 961, "token_label": "NA"}, {"token": "and", "start_char": 962, "end_char": 965, "token_label": "NA"}, {"token": "bringing", "start_char": 966, "end_char": 974, "token_label": "NA"}, {"token": "in", "start_char": 975, "end_char": 977, "token_label": "NA"}, {"token": "the", "start_char": 978, "end_char": 981, "token_label": "NA"}, {"token": "three-day", "start_char": 982, "end_char": 991, "token_label": "NA"}, {"token": "waiting", "start_char": 992, "end_char": 999, "token_label": "NA"}, {"token": "period", "start_char": 1000, "end_char": 1006, "token_label": "NA"}, {"token": ",", "start_char": 1006, "end_char": 1007, "token_label": "NA"}, {"token": "the", "start_char": 1008, "end_char": 1011, "token_label": "NA"}, {"token": "legislation", "start_char": 1012, "end_char": 1023, "token_label": "NA"}, {"token": ":", "start_char": 1023, "end_char": 1024, "token_label": "NA"}], "news_discourse_role": 4, "news_discourse_role_prob_0": 0.0004916447796858847, "news_discourse_role_prob_1": 0.27062129974365234, "news_discourse_role_prob_2": 0.01285093929618597, "news_discourse_role_prob_3": 0.0702742263674736, "news_discourse_role_prob_4": 0.6403411626815796, "news_discourse_role_prob_5": 0.0009801110718399286, "news_discourse_role_prob_6": 0.00011217241990379989, "news_discourse_role_prob_7": 0.0013330430956557393, "news_discourse_role_prob_8": 0.0029953850898891687, "previous_discourse_relation": 3, "previous_discourse_relation_prob_comp": 9.3728223873768e-05, "previous_discourse_relation_prob_cont": 0.00016765845066402107, "previous_discourse_relation_prob_temp": 8.547584002371877e-06, "previous_discourse_relation_prob_expan": 0.9997300505638123, "latter_discourse_relation": 3, "latter_discourse_relation_prob_comp": 9.493666584603488e-05, "latter_discourse_relation_prob_cont": 7.128963625291362e-05, "latter_discourse_relation_prob_temp": 5.515328302863054e-05, "latter_discourse_relation_prob_expan": 0.999778687953949}, {"sentence_id": 10, "sentence_start": 1026, "sentence_end": 1156, "sentence_text": "Introduces a voluntary armed \"guardian programme\" for schools, named after Aaron Feis, a coach who died in the Parkland shooting.", "sentence_label": "NA", "tokens_list": ["Introduces", "a", "voluntary", "armed", "\"", "guardian", "programme", "\"", "for", "schools", ",", "named", "after", "Aaron", "Feis", ",", "a", "coach", "who", "died", "in", "the", "Parkland", "shooting", "."], "tokens_dicts_list": [{"token": "Introduces", "start_char": 1026, "end_char": 1036, "token_label": "NA"}, {"token": "a", "start_char": 1037, "end_char": 1038, "token_label": "NA"}, {"token": "voluntary", "start_char": 1039, "end_char": 1048, "token_label": "NA"}, {"token": "armed", "start_char": 1049, "end_char": 1054, "token_label": "NA"}, {"token": "\"", "start_char": 1055, "end_char": 1056, "token_label": "NA"}, {"token": "guardian", "start_char": 1056, "end_char": 1064, "token_label": "NA"}, {"token": "programme", "start_char": 1065, "end_char": 1074, "token_label": "NA"}, {"token": "\"", "start_char": 1074, "end_char": 1075, "token_label": "NA"}, {"token": "for", "start_char": 1076, "end_char": 1079, "token_label": "NA"}, {"token": "schools", "start_char": 1080, "end_char": 1087, "token_label": "NA"}, {"token": ",", "start_char": 1087, "end_char": 1088, "token_label": "NA"}, {"token": "named", "start_char": 1089, "end_char": 1094, "token_label": "NA"}, {"token": "after", "start_char": 1095, "end_char": 1100, "token_label": "NA"}, {"token": "Aaron", "start_char": 1101, "end_char": 1106, "token_label": "NA"}, {"token": "Feis", "start_char": 1107, "end_char": 1111, "token_label": "NA"}, {"token": ",", "start_char": 1111, "end_char": 1112, "token_label": "NA"}, {"token": "a", "start_char": 1113, "end_char": 1114, "token_label": "NA"}, {"token": "coach", "start_char": 1115, "end_char": 1120, "token_label": "NA"}, {"token": "who", "start_char": 1121, "end_char": 1124, "token_label": "NA"}, {"token": "died", "start_char": 1125, "end_char": 1129, "token_label": "NA"}, {"token": "in", "start_char": 1130, "end_char": 1132, "token_label": "NA"}, {"token": "the", "start_char": 1133, "end_char": 1136, "token_label": "NA"}, {"token": "Parkland", "start_char": 1137, "end_char": 1145, "token_label": "NA"}, {"token": "shooting", "start_char": 1146, "end_char": 1154, "token_label": "NA"}, {"token": ".", "start_char": 1154, "end_char": 1155, "token_label": "NA"}], "news_discourse_role": 4, "news_discourse_role_prob_0": 0.0007916554459370673, "news_discourse_role_prob_1": 0.14091609418392181, "news_discourse_role_prob_2": 0.029136059805750847, "news_discourse_role_prob_3": 0.047223154455423355, "news_discourse_role_prob_4": 0.7748752236366272, "news_discourse_role_prob_5": 0.001512676477432251, "news_discourse_role_prob_6": 0.0001923154923133552, "news_discourse_role_prob_7": 0.0018295610789209604, "news_discourse_role_prob_8": 0.0035232400987297297, "previous_discourse_relation": 3, "previous_discourse_relation_prob_comp": 9.493666584603488e-05, "previous_discourse_relation_prob_cont": 7.128963625291362e-05, "previous_discourse_relation_prob_temp": 5.515328302863054e-05, "previous_discourse_relation_prob_expan": 0.999778687953949, "latter_discourse_relation": 3, "latter_discourse_relation_prob_comp": 0.0003806976892519742, "latter_discourse_relation_prob_cont": 0.0025170489680022, "latter_discourse_relation_prob_temp": 0.00038216967368498445, "latter_discourse_relation_prob_expan": 0.9967201352119446}, {"sentence_id": 11, "sentence_start": 1156, "sentence_end": 1256, "sentence_text": "It allows school personnel to be armed, subject to school district approval and specialist training", "sentence_label": "NA", "tokens_list": ["It", "allows", "school", "personnel", "to", "be", "armed", ",", "subject", "to", "school", "district", "approval", "and", "specialist", "training"], "tokens_dicts_list": [{"token": "It", "start_char": 1156, "end_char": 1158, "token_label": "NA"}, {"token": "allows", "start_char": 1159, "end_char": 1165, "token_label": "NA"}, {"token": "school", "start_char": 1166, "end_char": 1172, "token_label": "NA"}, {"token": "personnel", "start_char": 1173, "end_char": 1182, "token_label": "NA"}, {"token": "to", "start_char": 1183, "end_char": 1185, "token_label": "NA"}, {"token": "be", "start_char": 1186, "end_char": 1188, "token_label": "NA"}, {"token": "armed", "start_char": 1189, "end_char": 1194, "token_label": "NA"}, {"token": ",", "start_char": 1194, "end_char": 1195, "token_label": "NA"}, {"token": "subject", "start_char": 1196, "end_char": 1203, "token_label": "NA"}, {"token": "to", "start_char": 1204, "end_char": 1206, "token_label": "NA"}, {"token": "school", "start_char": 1207, "end_char": 1213, "token_label": "NA"}, {"token": "district", "start_char": 1214, "end_char": 1222, "token_label": "NA"}, {"token": "approval", "start_char": 1223, "end_char": 1231, "token_label": "NA"}, {"token": "and", "start_char": 1232, "end_char": 1235, "token_label": "NA"}, {"token": "specialist", "start_char": 1236, "end_char": 1246, "token_label": "NA"}, {"token": "training", "start_char": 1247, "end_char": 1255, "token_label": "NA"}], "news_discourse_role": 4, "news_discourse_role_prob_0": 0.000501785718370229, "news_discourse_role_prob_1": 0.19658249616622925, "news_discourse_role_prob_2": 0.02933226339519024, "news_discourse_role_prob_3": 0.007363479118794203, "news_discourse_role_prob_4": 0.7545648813247681, "news_discourse_role_prob_5": 0.0013140098890289664, "news_discourse_role_prob_6": 0.00013504503294825554, "news_discourse_role_prob_7": 0.0007284345338121057, "news_discourse_role_prob_8": 0.009477663785219193, "previous_discourse_relation": 3, "previous_discourse_relation_prob_comp": 0.0003806976892519742, "previous_discourse_relation_prob_cont": 0.0025170489680022, "previous_discourse_relation_prob_temp": 0.00038216967368498445, "previous_discourse_relation_prob_expan": 0.9967201352119446, "latter_discourse_relation": 3, "latter_discourse_relation_prob_comp": 0.04428635165095329, "latter_discourse_relation_prob_cont": 0.0009188096155412495, "latter_discourse_relation_prob_temp": 0.00039609099621884525, "latter_discourse_relation_prob_expan": 0.9543986916542053}, {"sentence_id": 12, "sentence_start": 1256, "sentence_end": 1353, "sentence_text": "Classroom teachers are excluded from carrying arms unless they have a security forces background", "sentence_label": "NA", "tokens_list": ["Classroom", "teachers", "are", "excluded", "from", "carrying", "arms", "unless", "they", "have", "a", "security", "forces", "background"], "tokens_dicts_list": [{"token": "Classroom", "start_char": 1256, "end_char": 1265, "token_label": "NA"}, {"token": "teachers", "start_char": 1266, "end_char": 1274, "token_label": "NA"}, {"token": "are", "start_char": 1275, "end_char": 1278, "token_label": "NA"}, {"token": "excluded", "start_char": 1279, "end_char": 1287, "token_label": "NA"}, {"token": "from", "start_char": 1288, "end_char": 1292, "token_label": "NA"}, {"token": "carrying", "start_char": 1293, "end_char": 1301, "token_label": "NA"}, {"token": "arms", "start_char": 1302, "end_char": 1306, "token_label": "NA"}, {"token": "unless", "start_char": 1307, "end_char": 1313, "token_label": "NA"}, {"token": "they", "start_char": 1314, "end_char": 1318, "token_label": "NA"}, {"token": "have", "start_char": 1319, "end_char": 1323, "token_label": "NA"}, {"token": "a", "start_char": 1324, "end_char": 1325, "token_label": "NA"}, {"token": "security", "start_char": 1326, "end_char": 1334, "token_label": "NA"}, {"token": "forces", "start_char": 1335, "end_char": 1341, "token_label": "NA"}, {"token": "background", "start_char": 1342, "end_char": 1352, "token_label": "NA"}], "news_discourse_role": 4, "news_discourse_role_prob_0": 0.0002950421767309308, "news_discourse_role_prob_1": 0.03811730071902275, "news_discourse_role_prob_2": 0.025652913376688957, "news_discourse_role_prob_3": 0.006606728304177523, "news_discourse_role_prob_4": 0.9233153462409973, "news_discourse_role_prob_5": 0.001393700367771089, "news_discourse_role_prob_6": 0.00017171294894069433, "news_discourse_role_prob_7": 0.0009113767882809043, "news_discourse_role_prob_8": 0.0035358176100999117, "previous_discourse_relation": 3, "previous_discourse_relation_prob_comp": 0.04428635165095329, "previous_discourse_relation_prob_cont": 0.0009188096155412495, "previous_discourse_relation_prob_temp": 0.00039609099621884525, "previous_discourse_relation_prob_expan": 0.9543986916542053, "latter_discourse_relation": 3, "latter_discourse_relation_prob_comp": 0.010386568494141102, "latter_discourse_relation_prob_cont": 0.2917095422744751, "latter_discourse_relation_prob_temp": 0.002600007224828005, "latter_discourse_relation_prob_expan": 0.6953038573265076}, {"sentence_id": 13, "sentence_start": 1353, "sentence_end": 1443, "sentence_text": "Bans devices, such as bump stocks, that modify a semi-automatic weapon to fully automatic", "sentence_label": "NA", "tokens_list": ["Bans", "devices", ",", "such", "as", "bump", "stocks", ",", "that", "modify", "a", "semi-automatic", "weapon", "to", "fully", "automatic"], "tokens_dicts_list": [{"token": "Bans", "start_char": 1353, "end_char": 1357, "token_label": "NA"}, {"token": "devices", "start_char": 1358, "end_char": 1365, "token_label": "NA"}, {"token": ",", "start_char": 1365, "end_char": 1366, "token_label": "NA"}, {"token": "such", "start_char": 1367, "end_char": 1371, "token_label": "NA"}, {"token": "as", "start_char": 1372, "end_char": 1374, "token_label": "NA"}, {"token": "bump", "start_char": 1375, "end_char": 1379, "token_label": "NA"}, {"token": "stocks", "start_char": 1380, "end_char": 1386, "token_label": "NA"}, {"token": ",", "start_char": 1386, "end_char": 1387, "token_label": "NA"}, {"token": "that", "start_char": 1388, "end_char": 1392, "token_label": "NA"}, {"token": "modify", "start_char": 1393, "end_char": 1399, "token_label": "NA"}, {"token": "a", "start_char": 1400, "end_char": 1401, "token_label": "NA"}, {"token": "semi-automatic", "start_char": 1402, "end_char": 1416, "token_label": "NA"}, {"token": "weapon", "start_char": 1417, "end_char": 1423, "token_label": "NA"}, {"token": "to", "start_char": 1424, "end_char": 1426, "token_label": "NA"}, {"token": "fully", "start_char": 1427, "end_char": 1432, "token_label": "NA"}, {"token": "automatic", "start_char": 1433, "end_char": 1442, "token_label": "NA"}], "news_discourse_role": 4, "news_discourse_role_prob_0": 0.0027136183343827724, "news_discourse_role_prob_1": 0.07188596576452255, "news_discourse_role_prob_2": 0.04153217747807503, "news_discourse_role_prob_3": 0.01165816280990839, "news_discourse_role_prob_4": 0.8604252338409424, "news_discourse_role_prob_5": 0.0012962089385837317, "news_discourse_role_prob_6": 0.00041527621215209365, "news_discourse_role_prob_7": 0.0015952606918290257, "news_discourse_role_prob_8": 0.008478169329464436, "previous_discourse_relation": 3, "previous_discourse_relation_prob_comp": 0.010386568494141102, "previous_discourse_relation_prob_cont": 0.2917095422744751, "previous_discourse_relation_prob_temp": 0.002600007224828005, "previous_discourse_relation_prob_expan": 0.6953038573265076, "latter_discourse_relation": 3, "latter_discourse_relation_prob_comp": 0.0005898987292312086, "latter_discourse_relation_prob_cont": 0.006114553194493055, "latter_discourse_relation_prob_temp": 0.00035629974445328116, "latter_discourse_relation_prob_expan": 0.9929392337799072}, {"sentence_id": 14, "sentence_start": 1443, "sentence_end": 1546, "sentence_text": "Raises mental health funding and increases the power to seize or ban guns under mental health concerns", "sentence_label": "NA", "tokens_list": ["Raises", "mental", "health", "funding", "and", "increases", "the", "power", "to", "seize", "or", "ban", "guns", "under", "mental", "health", "concerns"], "tokens_dicts_list": [{"token": "Raises", "start_char": 1443, "end_char": 1449, "token_label": "NA"}, {"token": "mental", "start_char": 1450, "end_char": 1456, "token_label": "NA"}, {"token": "health", "start_char": 1457, "end_char": 1463, "token_label": "NA"}, {"token": "funding", "start_char": 1464, "end_char": 1471, "token_label": "NA"}, {"token": "and", "start_char": 1472, "end_char": 1475, "token_label": "NA"}, {"token": "increases", "start_char": 1476, "end_char": 1485, "token_label": "NA"}, {"token": "the", "start_char": 1486, "end_char": 1489, "token_label": "NA"}, {"token": "power", "start_char": 1490, "end_char": 1495, "token_label": "NA"}, {"token": "to", "start_char": 1496, "end_char": 1498, "token_label": "NA"}, {"token": "seize", "start_char": 1499, "end_char": 1504, "token_label": "NA"}, {"token": "or", "start_char": 1505, "end_char": 1507, "token_label": "NA"}, {"token": "ban", "start_char": 1508, "end_char": 1511, "token_label": "NA"}, {"token": "guns", "start_char": 1512, "end_char": 1516, "token_label": "NA"}, {"token": "under", "start_char": 1517, "end_char": 1522, "token_label": "NA"}, {"token": "mental", "start_char": 1523, "end_char": 1529, "token_label": "NA"}, {"token": "health", "start_char": 1530, "end_char": 1536, "token_label": "NA"}, {"token": "concerns", "start_char": 1537, "end_char": 1545, "token_label": "NA"}], "news_discourse_role": 4, "news_discourse_role_prob_0": 0.005715448874980211, "news_discourse_role_prob_1": 0.11501234769821167, "news_discourse_role_prob_2": 0.048929646611213684, "news_discourse_role_prob_3": 0.02397623099386692, "news_discourse_role_prob_4": 0.7851656675338745, "news_discourse_role_prob_5": 0.002020031213760376, "news_discourse_role_prob_6": 0.0008566042524762452, "news_discourse_role_prob_7": 0.003627684200182557, "news_discourse_role_prob_8": 0.014696336351335049, "previous_discourse_relation": 3, "previous_discourse_relation_prob_comp": 0.0005898987292312086, "previous_discourse_relation_prob_cont": 0.006114553194493055, "previous_discourse_relation_prob_temp": 0.00035629974445328116, "previous_discourse_relation_prob_expan": 0.9929392337799072, "latter_discourse_relation": 3, "latter_discourse_relation_prob_comp": 0.48152804374694824, "latter_discourse_relation_prob_cont": 0.0006676323246210814, "latter_discourse_relation_prob_temp": 0.0007525515393353999, "latter_discourse_relation_prob_expan": 0.5170517563819885}, {"sentence_id": 15, "sentence_start": 1546, "sentence_end": 1708, "sentence_text": "The legislation does not include a ban on the sale of assault-style weapons like the AR-15, despite it being a key demand of Parkland students and their parents.", "sentence_label": "NA", "tokens_list": ["The", "legislation", "does", "not", "include", "a", "ban", "on", "the", "sale", "of", "assault-style", "weapons", "like", "the", "AR-15", ",", "despite", "it", "being", "a", "key", "demand", "of", "Parkland", "students", "and", "their", "parents", "."], "tokens_dicts_list": [{"token": "The", "start_char": 1546, "end_char": 1549, "token_label": "NA"}, {"token": "legislation", "start_char": 1550, "end_char": 1561, "token_label": "NA"}, {"token": "does", "start_char": 1562, "end_char": 1566, "token_label": "NA"}, {"token": "not", "start_char": 1567, "end_char": 1570, "token_label": "NA"}, {"token": "include", "start_char": 1571, "end_char": 1578, "token_label": "NA"}, {"token": "a", "start_char": 1579, "end_char": 1580, "token_label": "NA"}, {"token": "ban", "start_char": 1581, "end_char": 1584, "token_label": "NA"}, {"token": "on", "start_char": 1585, "end_char": 1587, "token_label": "NA"}, {"token": "the", "start_char": 1588, "end_char": 1591, "token_label": "NA"}, {"token": "sale", "start_char": 1592, "end_char": 1596, "token_label": "NA"}, {"token": "of", "start_char": 1597, "end_char": 1599, "token_label": "NA"}, {"token": "assault-style", "start_char": 1600, "end_char": 1613, "token_label": "NA"}, {"token": "weapons", "start_char": 1614, "end_char": 1621, "token_label": "NA"}, {"token": "like", "start_char": 1622, "end_char": 1626, "token_label": "NA"}, {"token": "the", "start_char": 1627, "end_char": 1630, "token_label": "NA"}, {"token": "AR-15", "start_char": 1631, "end_char": 1636, "token_label": "NA"}, {"token": ",", "start_char": 1636, "end_char": 1637, "token_label": "NA"}, {"token": "despite", "start_char": 1638, "end_char": 1645, "token_label": "NA"}, {"token": "it", "start_char": 1646, "end_char": 1648, "token_label": "NA"}, {"token": "being", "start_char": 1649, "end_char": 1654, "token_label": "NA"}, {"token": "a", "start_char": 1655, "end_char": 1656, "token_label": "NA"}, {"token": "key", "start_char": 1657, "end_char": 1660, "token_label": "NA"}, {"token": "demand", "start_char": 1661, "end_char": 1667, "token_label": "NA"}, {"token": "of", "start_char": 1668, "end_char": 1670, "token_label": "NA"}, {"token": "Parkland", "start_char": 1671, "end_char": 1679, "token_label": "NA"}, {"token": "students", "start_char": 1680, "end_char": 1688, "token_label": "NA"}, {"token": "and", "start_char": 1689, "end_char": 1692, "token_label": "NA"}, {"token": "their", "start_char": 1693, "end_char": 1698, "token_label": "NA"}, {"token": "parents", "start_char": 1699, "end_char": 1706, "token_label": "NA"}, {"token": ".", "start_char": 1706, "end_char": 1707, "token_label": "NA"}], "news_discourse_role": 4, "news_discourse_role_prob_0": 8.119076665025204e-05, "news_discourse_role_prob_1": 0.019433654844760895, "news_discourse_role_prob_2": 0.0036928500048816204, "news_discourse_role_prob_3": 0.0016757665434852242, "news_discourse_role_prob_4": 0.9710648655891418, "news_discourse_role_prob_5": 0.00020006601698696613, "news_discourse_role_prob_6": 3.3469033951405436e-05, "news_discourse_role_prob_7": 0.00032798186293803155, "news_discourse_role_prob_8": 0.0034900784958153963, "previous_discourse_relation": 3, "previous_discourse_relation_prob_comp": 0.48152804374694824, "previous_discourse_relation_prob_cont": 0.0006676323246210814, "previous_discourse_relation_prob_temp": 0.0007525515393353999, "previous_discourse_relation_prob_expan": 0.5170517563819885, "latter_discourse_relation": 3, "latter_discourse_relation_prob_comp": 0.00533240707591176, "latter_discourse_relation_prob_cont": 0.012390121817588806, "latter_discourse_relation_prob_temp": 0.000315119483275339, "latter_discourse_relation_prob_expan": 0.9819623827934265}, {"sentence_id": 16, "sentence_start": 1709, "sentence_end": 1863, "sentence_text": "Florida law already mandates a three-day waiting period for the purchase of a handgun but a person as young as 18 can buy a rifle with no waiting period.", "sentence_label": "NA", "tokens_list": ["Florida", "law", "already", "mandates", "a", "three-day", "waiting", "period", "for", "the", "purchase", "of", "a", "handgun", "but", "a", "person", "as", "young", "as", "18", "can", "buy", "a", "rifle", "with", "no", "waiting", "period", "."], "tokens_dicts_list": [{"token": "Florida", "start_char": 1709, "end_char": 1716, "token_label": "NA"}, {"token": "law", "start_char": 1717, "end_char": 1720, "token_label": "NA"}, {"token": "already", "start_char": 1721, "end_char": 1728, "token_label": "NA"}, {"token": "mandates", "start_char": 1729, "end_char": 1737, "token_label": "NA"}, {"token": "a", "start_char": 1738, "end_char": 1739, "token_label": "NA"}, {"token": "three-day", "start_char": 1740, "end_char": 1749, "token_label": "NA"}, {"token": "waiting", "start_char": 1750, "end_char": 1757, "token_label": "NA"}, {"token": "period", "start_char": 1758, "end_char": 1764, "token_label": "NA"}, {"token": "for", "start_char": 1765, "end_char": 1768, "token_label": "NA"}, {"token": "the", "start_char": 1769, "end_char": 1772, "token_label": "NA"}, {"token": "purchase", "start_char": 1773, "end_char": 1781, "token_label": "NA"}, {"token": "of", "start_char": 1782, "end_char": 1784, "token_label": "NA"}, {"token": "a", "start_char": 1785, "end_char": 1786, "token_label": "NA"}, {"token": "handgun", "start_char": 1787, "end_char": 1794, "token_label": "NA"}, {"token": "but", "start_char": 1795, "end_char": 1798, "token_label": "NA"}, {"token": "a", "start_char": 1799, "end_char": 1800, "token_label": "NA"}, {"token": "person", "start_char": 1801, "end_char": 1807, "token_label": "NA"}, {"token": "as", "start_char": 1808, "end_char": 1810, "token_label": "NA"}, {"token": "young", "start_char": 1811, "end_char": 1816, "token_label": "NA"}, {"token": "as", "start_char": 1817, "end_char": 1819, "token_label": "NA"}, {"token": "18", "start_char": 1820, "end_char": 1822, "token_label": "NA"}, {"token": "can", "start_char": 1823, "end_char": 1826, "token_label": "NA"}, {"token": "buy", "start_char": 1827, "end_char": 1830, "token_label": "NA"}, {"token": "a", "start_char": 1831, "end_char": 1832, "token_label": "NA"}, {"token": "rifle", "start_char": 1833, "end_char": 1838, "token_label": "NA"}, {"token": "with", "start_char": 1839, "end_char": 1843, "token_label": "NA"}, {"token": "no", "start_char": 1844, "end_char": 1846, "token_label": "NA"}, {"token": "waiting", "start_char": 1847, "end_char": 1854, "token_label": "NA"}, {"token": "period", "start_char": 1855, "end_char": 1861, "token_label": "NA"}, {"token": ".", "start_char": 1861, "end_char": 1862, "token_label": "NA"}], "news_discourse_role": 4, "news_discourse_role_prob_0": 3.800574995693751e-05, "news_discourse_role_prob_1": 0.0009087934740819037, "news_discourse_role_prob_2": 0.0018729912117123604, "news_discourse_role_prob_3": 0.0013671311317011714, "news_discourse_role_prob_4": 0.9951817393302917, "news_discourse_role_prob_5": 0.0003389510093256831, "news_discourse_role_prob_6": 1.9765018805628642e-05, "news_discourse_role_prob_7": 0.0001583397970534861, "news_discourse_role_prob_8": 0.00011436220665927976, "previous_discourse_relation": 3, "previous_discourse_relation_prob_comp": 0.00533240707591176, "previous_discourse_relation_prob_cont": 0.012390121817588806, "previous_discourse_relation_prob_temp": 0.000315119483275339, "previous_discourse_relation_prob_expan": 0.9819623827934265, "latter_discourse_relation": 3, "latter_discourse_relation_prob_comp": 0.002542122034355998, "latter_discourse_relation_prob_cont": 0.027922363951802254, "latter_discourse_relation_prob_temp": 0.0031518670730292797, "latter_discourse_relation_prob_expan": 0.9663836359977722}, {"sentence_id": 17, "sentence_start": 1863, "sentence_end": 1978, "sentence_text": "The Republican-controlled House debated the bill for about eight hours on Wednesday before voting 67-50 in favour.", "sentence_label": "NA", "tokens_list": ["The", "Republican-controlled", "House", "debated", "the", "bill", "for", "about", "eight", "hours", "on", "Wednesday", "before", "voting", "67-50", "in", "favour", "."], "tokens_dicts_list": [{"token": "The", "start_char": 1863, "end_char": 1866, "token_label": "NA"}, {"token": "Republican-controlled", "start_char": 1867, "end_char": 1888, "token_label": "NA"}, {"token": "House", "start_char": 1889, "end_char": 1894, "token_label": "NA"}, {"token": "debated", "start_char": 1895, "end_char": 1902, "token_label": "NA"}, {"token": "the", "start_char": 1903, "end_char": 1906, "token_label": "NA"}, {"token": "bill", "start_char": 1907, "end_char": 1911, "token_label": "NA"}, {"token": "for", "start_char": 1912, "end_char": 1915, "token_label": "NA"}, {"token": "about", "start_char": 1916, "end_char": 1921, "token_label": "NA"}, {"token": "eight", "start_char": 1922, "end_char": 1927, "token_label": "NA"}, {"token": "hours", "start_char": 1928, "end_char": 1933, "token_label": "NA"}, {"token": "on", "start_char": 1934, "end_char": 1936, "token_label": "NA"}, {"token": "Wednesday", "start_char": 1937, "end_char": 1946, "token_label": "NA"}, {"token": "before", "start_char": 1947, "end_char": 1953, "token_label": "NA"}, {"token": "voting", "start_char": 1954, "end_char": 1960, "token_label": "NA"}, {"token": "67-50", "start_char": 1961, "end_char": 1966, "token_label": "NA"}, {"token": "in", "start_char": 1967, "end_char": 1969, "token_label": "NA"}, {"token": "favour", "start_char": 1970, "end_char": 1976, "token_label": "NA"}, {"token": ".", "start_char": 1976, "end_char": 1977, "token_label": "NA"}], "news_discourse_role": 4, "news_discourse_role_prob_0": 0.0002056217344943434, "news_discourse_role_prob_1": 0.14441964030265808, "news_discourse_role_prob_2": 0.03822367265820503, "news_discourse_role_prob_3": 0.06996586918830872, "news_discourse_role_prob_4": 0.7456735372543335, "news_discourse_role_prob_5": 0.0006309613818302751, "news_discourse_role_prob_6": 4.1626095480751246e-05, "news_discourse_role_prob_7": 0.00047896613250486553, "news_discourse_role_prob_8": 0.0003602036740630865, "previous_discourse_relation": 3, "previous_discourse_relation_prob_comp": 0.002542122034355998, "previous_discourse_relation_prob_cont": 0.027922363951802254, "previous_discourse_relation_prob_temp": 0.0031518670730292797, "previous_discourse_relation_prob_expan": 0.9663836359977722, "latter_discourse_relation": 3, "latter_discourse_relation_prob_comp": 0.008468642830848694, "latter_discourse_relation_prob_cont": 0.023736678063869476, "latter_discourse_relation_prob_temp": 0.002007082337513566, "latter_discourse_relation_prob_expan": 0.9657875895500183}, {"sentence_id": 18, "sentence_start": 1979, "sentence_end": 2007, "sentence_text": "Has the move been welcomed?", "sentence_label": "NA", "tokens_list": ["Has", "the", "move", "been", "welcomed", "?"], "tokens_dicts_list": [{"token": "Has", "start_char": 1979, "end_char": 1982, "token_label": "NA"}, {"token": "the", "start_char": 1983, "end_char": 1986, "token_label": "NA"}, {"token": "move", "start_char": 1987, "end_char": 1991, "token_label": "NA"}, {"token": "been", "start_char": 1992, "end_char": 1996, "token_label": "NA"}, {"token": "welcomed", "start_char": 1997, "end_char": 2005, "token_label": "NA"}, {"token": "?", "start_char": 2005, "end_char": 2006, "token_label": "NA"}], "news_discourse_role": 7, "news_discourse_role_prob_0": 0.0010143995750695467, "news_discourse_role_prob_1": 0.0012566072400659323, "news_discourse_role_prob_2": 0.000742016825824976, "news_discourse_role_prob_3": 0.0022892451379448175, "news_discourse_role_prob_4": 0.004169608000665903, "news_discourse_role_prob_5": 0.0017871754243969917, "news_discourse_role_prob_6": 0.017643103376030922, "news_discourse_role_prob_7": 0.9656695127487183, "news_discourse_role_prob_8": 0.005428374744951725, "previous_discourse_relation": 3, "previous_discourse_relation_prob_comp": 0.008468642830848694, "previous_discourse_relation_prob_cont": 0.023736678063869476, "previous_discourse_relation_prob_temp": 0.002007082337513566, "previous_discourse_relation_prob_expan": 0.9657875895500183, "latter_discourse_relation": 3, "latter_discourse_relation_prob_comp": 0.0001659555418882519, "latter_discourse_relation_prob_cont": 0.004105009604245424, "latter_discourse_relation_prob_temp": 0.00019832277030218393, "latter_discourse_relation_prob_expan": 0.9955306649208069}, {"sentence_id": 19, "sentence_start": 2007, "sentence_end": 2094, "sentence_text": "Ryan Petty, whose daughter was among those killed, hailed the House's vote in a tweet.", "sentence_label": "Loaded_Language", "tokens_list": ["Ryan", "Petty", ",", "whose", "daughter", "was", "among", "those", "killed", ",", "hailed", "the", "House", "'s", "vote", "in", "a", "tweet", "."], "tokens_dicts_list": [{"token": "Ryan", "start_char": 2007, "end_char": 2011, "token_label": "NA"}, {"token": "Petty", "start_char": 2012, "end_char": 2017, "token_label": "NA"}, {"token": ",", "start_char": 2017, "end_char": 2018, "token_label": "NA"}, {"token": "whose", "start_char": 2019, "end_char": 2024, "token_label": "NA"}, {"token": "daughter", "start_char": 2025, "end_char": 2033, "token_label": "NA"}, {"token": "was", "start_char": 2034, "end_char": 2037, "token_label": "NA"}, {"token": "among", "start_char": 2038, "end_char": 2043, "token_label": "NA"}, {"token": "those", "start_char": 2044, "end_char": 2049, "token_label": "NA"}, {"token": "killed", "start_char": 2050, "end_char": 2056, "token_label": "NA"}, {"token": ",", "start_char": 2056, "end_char": 2057, "token_label": "NA"}, {"token": "hailed", "start_char": 2058, "end_char": 2064, "token_label": "Loaded_Language"}, {"token": "the", "start_char": 2065, "end_char": 2068, "token_label": "NA"}, {"token": "House", "start_char": 2069, "end_char": 2074, "token_label": "NA"}, {"token": "'s", "start_char": 2074, "end_char": 2076, "token_label": "NA"}, {"token": "vote", "start_char": 2077, "end_char": 2081, "token_label": "NA"}, {"token": "in", "start_char": 2082, "end_char": 2084, "token_label": "NA"}, {"token": "a", "start_char": 2085, "end_char": 2086, "token_label": "NA"}, {"token": "tweet", "start_char": 2087, "end_char": 2092, "token_label": "NA"}, {"token": ".", "start_char": 2092, "end_char": 2093, "token_label": "NA"}], "news_discourse_role": 7, "news_discourse_role_prob_0": 0.00012338758097030222, "news_discourse_role_prob_1": 0.0009689583093859255, "news_discourse_role_prob_2": 0.0066475635394454, "news_discourse_role_prob_3": 0.0006989465327933431, "news_discourse_role_prob_4": 0.01855907030403614, "news_discourse_role_prob_5": 0.0011778930202126503, "news_discourse_role_prob_6": 0.06557710468769073, "news_discourse_role_prob_7": 0.8985040187835693, "news_discourse_role_prob_8": 0.007743022404611111, "previous_discourse_relation": 3, "previous_discourse_relation_prob_comp": 0.0001659555418882519, "previous_discourse_relation_prob_cont": 0.004105009604245424, "previous_discourse_relation_prob_temp": 0.00019832277030218393, "previous_discourse_relation_prob_expan": 0.9955306649208069, "latter_discourse_relation": 3, "latter_discourse_relation_prob_comp": 5.4065028962213546e-05, "latter_discourse_relation_prob_cont": 0.0005906505393795669, "latter_discourse_relation_prob_temp": 0.0002979833516292274, "latter_discourse_relation_prob_expan": 0.9990573525428772}, {"sentence_id": 20, "sentence_start": 2095, "sentence_end": 2230, "sentence_text": "He said: \"We know that when it comes to preventing future acts of school violence, today's vote is just the beginning of our journey.\"", "sentence_label": "NA", "tokens_list": ["He", "said", ":", "\"", "We", "know", "that", "when", "it", "comes", "to", "preventing", "future", "acts", "of", "school", "violence", ",", "today", "'s", "vote", "is", "just", "the", "beginning", "of", "our", "journey", ".", "\""], "tokens_dicts_list": [{"token": "He", "start_char": 2095, "end_char": 2097, "token_label": "NA"}, {"token": "said", "start_char": 2098, "end_char": 2102, "token_label": "NA"}, {"token": ":", "start_char": 2102, "end_char": 2103, "token_label": "NA"}, {"token": "\"", "start_char": 2104, "end_char": 2105, "token_label": "NA"}, {"token": "We", "start_char": 2105, "end_char": 2107, "token_label": "NA"}, {"token": "know", "start_char": 2108, "end_char": 2112, "token_label": "NA"}, {"token": "that", "start_char": 2113, "end_char": 2117, "token_label": "NA"}, {"token": "when", "start_char": 2118, "end_char": 2122, "token_label": "NA"}, {"token": "it", "start_char": 2123, "end_char": 2125, "token_label": "NA"}, {"token": "comes", "start_char": 2126, "end_char": 2131, "token_label": "NA"}, {"token": "to", "start_char": 2132, "end_char": 2134, "token_label": "NA"}, {"token": "preventing", "start_char": 2135, "end_char": 2145, "token_label": "NA"}, {"token": "future", "start_char": 2146, "end_char": 2152, "token_label": "NA"}, {"token": "acts", "start_char": 2153, "end_char": 2157, "token_label": "NA"}, {"token": "of", "start_char": 2158, "end_char": 2160, "token_label": "NA"}, {"token": "school", "start_char": 2161, "end_char": 2167, "token_label": "NA"}, {"token": "violence", "start_char": 2168, "end_char": 2176, "token_label": "NA"}, {"token": ",", "start_char": 2176, "end_char": 2177, "token_label": "NA"}, {"token": "today", "start_char": 2178, "end_char": 2183, "token_label": "NA"}, {"token": "'s", "start_char": 2183, "end_char": 2185, "token_label": "NA"}, {"token": "vote", "start_char": 2186, "end_char": 2190, "token_label": "NA"}, {"token": "is", "start_char": 2191, "end_char": 2193, "token_label": "NA"}, {"token": "just", "start_char": 2194, "end_char": 2198, "token_label": "NA"}, {"token": "the", "start_char": 2199, "end_char": 2202, "token_label": "NA"}, {"token": "beginning", "start_char": 2203, "end_char": 2212, "token_label": "NA"}, {"token": "of", "start_char": 2213, "end_char": 2215, "token_label": "NA"}, {"token": "our", "start_char": 2216, "end_char": 2219, "token_label": "NA"}, {"token": "journey", "start_char": 2220, "end_char": 2227, "token_label": "NA"}, {"token": ".", "start_char": 2227, "end_char": 2228, "token_label": "NA"}, {"token": "\"", "start_char": 2228, "end_char": 2229, "token_label": "NA"}], "news_discourse_role": 7, "news_discourse_role_prob_0": 0.00012103559129172936, "news_discourse_role_prob_1": 0.0008749663247726858, "news_discourse_role_prob_2": 0.0004744929901789874, "news_discourse_role_prob_3": 0.001082095317542553, "news_discourse_role_prob_4": 0.001085449242964387, "news_discourse_role_prob_5": 0.0005845343112014234, "news_discourse_role_prob_6": 0.11339699476957321, "news_discourse_role_prob_7": 0.8717135787010193, "news_discourse_role_prob_8": 0.010666867718100548, "previous_discourse_relation": 3, "previous_discourse_relation_prob_comp": 5.4065028962213546e-05, "previous_discourse_relation_prob_cont": 0.0005906505393795669, "previous_discourse_relation_prob_temp": 0.0002979833516292274, "previous_discourse_relation_prob_expan": 0.9990573525428772, "latter_discourse_relation": 3, "latter_discourse_relation_prob_comp": 0.009549757465720177, "latter_discourse_relation_prob_cont": 0.006719451397657394, "latter_discourse_relation_prob_temp": 0.008392765186727047, "latter_discourse_relation_prob_expan": 0.9753379821777344}, {"sentence_id": 21, "sentence_start": 2231, "sentence_end": 2397, "sentence_text": "State Democratic Party legislators who backed the bill said it was necessary despite the \"poison pill\" of allowing more guns in schools under the guardian programme.", "sentence_label": "Loaded_Language", "tokens_list": ["State", "Democratic", "Party", "legislators", "who", "backed", "the", "bill", "said", "it", "was", "necessary", "despite", "the", "\"", "poison", "pill", "\"", "of", "allowing", "more", "guns", "in", "schools", "under", "the", "guardian", "programme", "."], "tokens_dicts_list": [{"token": "State", "start_char": 2231, "end_char": 2236, "token_label": "NA"}, {"token": "Democratic", "start_char": 2237, "end_char": 2247, "token_label": "NA"}, {"token": "Party", "start_char": 2248, "end_char": 2253, "token_label": "NA"}, {"token": "legislators", "start_char": 2254, "end_char": 2265, "token_label": "NA"}, {"token": "who", "start_char": 2266, "end_char": 2269, "token_label": "NA"}, {"token": "backed", "start_char": 2270, "end_char": 2276, "token_label": "NA"}, {"token": "the", "start_char": 2277, "end_char": 2280, "token_label": "NA"}, {"token": "bill", "start_char": 2281, "end_char": 2285, "token_label": "NA"}, {"token": "said", "start_char": 2286, "end_char": 2290, "token_label": "NA"}, {"token": "it", "start_char": 2291, "end_char": 2293, "token_label": "NA"}, {"token": "was", "start_char": 2294, "end_char": 2297, "token_label": "NA"}, {"token": "necessary", "start_char": 2298, "end_char": 2307, "token_label": "NA"}, {"token": "despite", "start_char": 2308, "end_char": 2315, "token_label": "NA"}, {"token": "the", "start_char": 2316, "end_char": 2319, "token_label": "NA"}, {"token": "\"", "start_char": 2320, "end_char": 2321, "token_label": "NA"}, {"token": "poison", "start_char": 2321, "end_char": 2327, "token_label": "Loaded_Language"}, {"token": "pill", "start_char": 2328, "end_char": 2332, "token_label": "Loaded_Language"}, {"token": "\"", "start_char": 2332, "end_char": 2333, "token_label": "NA"}, {"token": "of", "start_char": 2334, "end_char": 2336, "token_label": "NA"}, {"token": "allowing", "start_char": 2337, "end_char": 2345, "token_label": "NA"}, {"token": "more", "start_char": 2346, "end_char": 2350, "token_label": "NA"}, {"token": "guns", "start_char": 2351, "end_char": 2355, "token_label": "NA"}, {"token": "in", "start_char": 2356, "end_char": 2358, "token_label": "NA"}, {"token": "schools", "start_char": 2359, "end_char": 2366, "token_label": "NA"}, {"token": "under", "start_char": 2367, "end_char": 2372, "token_label": "NA"}, {"token": "the", "start_char": 2373, "end_char": 2376, "token_label": "NA"}, {"token": "guardian", "start_char": 2377, "end_char": 2385, "token_label": "NA"}, {"token": "programme", "start_char": 2386, "end_char": 2395, "token_label": "NA"}, {"token": ".", "start_char": 2395, "end_char": 2396, "token_label": "NA"}], "news_discourse_role": 7, "news_discourse_role_prob_0": 1.1097169590357225e-05, "news_discourse_role_prob_1": 0.0003799347614403814, "news_discourse_role_prob_2": 0.0004110280715394765, "news_discourse_role_prob_3": 0.0028394360560923815, "news_discourse_role_prob_4": 0.0017930715112015605, "news_discourse_role_prob_5": 0.0005358922062441707, "news_discourse_role_prob_6": 0.002794176572933793, "news_discourse_role_prob_7": 0.9854100942611694, "news_discourse_role_prob_8": 0.005825205240398645, "previous_discourse_relation": 3, "previous_discourse_relation_prob_comp": 0.009549757465720177, "previous_discourse_relation_prob_cont": 0.006719451397657394, "previous_discourse_relation_prob_temp": 0.008392765186727047, "previous_discourse_relation_prob_expan": 0.9753379821777344, "latter_discourse_relation": 3, "latter_discourse_relation_prob_comp": 0.011655457317829132, "latter_discourse_relation_prob_cont": 0.4296959638595581, "latter_discourse_relation_prob_temp": 0.0007659748662263155, "latter_discourse_relation_prob_expan": 0.5578826069831848}, {"sentence_id": 22, "sentence_start": 2397, "sentence_end": 2489, "sentence_text": "Florida now joins at least six other states in allowing school employees to carry firearms.", "sentence_label": "NA", "tokens_list": ["Florida", "now", "joins", "at", "least", "six", "other", "states", "in", "allowing", "school", "employees", "to", "carry", "firearms", "."], "tokens_dicts_list": [{"token": "Florida", "start_char": 2397, "end_char": 2404, "token_label": "NA"}, {"token": "now", "start_char": 2405, "end_char": 2408, "token_label": "NA"}, {"token": "joins", "start_char": 2409, "end_char": 2414, "token_label": "NA"}, {"token": "at", "start_char": 2415, "end_char": 2417, "token_label": "NA"}, {"token": "least", "start_char": 2418, "end_char": 2423, "token_label": "NA"}, {"token": "six", "start_char": 2424, "end_char": 2427, "token_label": "NA"}, {"token": "other", "start_char": 2428, "end_char": 2433, "token_label": "NA"}, {"token": "states", "start_char": 2434, "end_char": 2440, "token_label": "NA"}, {"token": "in", "start_char": 2441, "end_char": 2443, "token_label": "NA"}, {"token": "allowing", "start_char": 2444, "end_char": 2452, "token_label": "NA"}, {"token": "school", "start_char": 2453, "end_char": 2459, "token_label": "NA"}, {"token": "employees", "start_char": 2460, "end_char": 2469, "token_label": "NA"}, {"token": "to", "start_char": 2470, "end_char": 2472, "token_label": "NA"}, {"token": "carry", "start_char": 2473, "end_char": 2478, "token_label": "NA"}, {"token": "firearms", "start_char": 2479, "end_char": 2487, "token_label": "NA"}, {"token": ".", "start_char": 2487, "end_char": 2488, "token_label": "NA"}], "news_discourse_role": 4, "news_discourse_role_prob_0": 1.0026311429101042e-05, "news_discourse_role_prob_1": 8.985946624306962e-05, "news_discourse_role_prob_2": 0.0010581526439636946, "news_discourse_role_prob_3": 0.00027869423502124846, "news_discourse_role_prob_4": 0.9978431463241577, "news_discourse_role_prob_5": 0.0005264661158435047, "news_discourse_role_prob_6": 7.755021215416491e-06, "news_discourse_role_prob_7": 0.0001228737091878429, "news_discourse_role_prob_8": 6.29986243438907e-05, "previous_discourse_relation": 3, "previous_discourse_relation_prob_comp": 0.011655457317829132, "previous_discourse_relation_prob_cont": 0.4296959638595581, "previous_discourse_relation_prob_temp": 0.0007659748662263155, "previous_discourse_relation_prob_expan": 0.5578826069831848, "latter_discourse_relation": 1, "latter_discourse_relation_prob_comp": 0.03965773805975914, "latter_discourse_relation_prob_cont": 0.5092702507972717, "latter_discourse_relation_prob_temp": 0.2175293266773224, "latter_discourse_relation_prob_expan": 0.23354268074035645}, {"sentence_id": 23, "sentence_start": 2490, "sentence_end": 2596, "sentence_text": "Following the Parkland shooting, many surviving students had lobbied politicians for greater gun control.", "sentence_label": "NA", "tokens_list": ["Following", "the", "Parkland", "shooting", ",", "many", "surviving", "students", "had", "lobbied", "politicians", "for", "greater", "gun", "control", "."], "tokens_dicts_list": [{"token": "Following", "start_char": 2490, "end_char": 2499, "token_label": "NA"}, {"token": "the", "start_char": 2500, "end_char": 2503, "token_label": "NA"}, {"token": "Parkland", "start_char": 2504, "end_char": 2512, "token_label": "NA"}, {"token": "shooting", "start_char": 2513, "end_char": 2521, "token_label": "NA"}, {"token": ",", "start_char": 2521, "end_char": 2522, "token_label": "NA"}, {"token": "many", "start_char": 2523, "end_char": 2527, "token_label": "NA"}, {"token": "surviving", "start_char": 2528, "end_char": 2537, "token_label": "NA"}, {"token": "students", "start_char": 2538, "end_char": 2546, "token_label": "NA"}, {"token": "had", "start_char": 2547, "end_char": 2550, "token_label": "NA"}, {"token": "lobbied", "start_char": 2551, "end_char": 2558, "token_label": "NA"}, {"token": "politicians", "start_char": 2559, "end_char": 2570, "token_label": "NA"}, {"token": "for", "start_char": 2571, "end_char": 2574, "token_label": "NA"}, {"token": "greater", "start_char": 2575, "end_char": 2582, "token_label": "NA"}, {"token": "gun", "start_char": 2583, "end_char": 2586, "token_label": "NA"}, {"token": "control", "start_char": 2587, "end_char": 2594, "token_label": "NA"}, {"token": ".", "start_char": 2594, "end_char": 2595, "token_label": "NA"}], "news_discourse_role": 5, "news_discourse_role_prob_0": 4.233800427755341e-05, "news_discourse_role_prob_1": 0.000385318067856133, "news_discourse_role_prob_2": 0.004632691387087107, "news_discourse_role_prob_3": 0.007873469963669777, "news_discourse_role_prob_4": 0.27852118015289307, "news_discourse_role_prob_5": 0.33783403038978577, "news_discourse_role_prob_6": 0.04384797066450119, "news_discourse_role_prob_7": 0.31914448738098145, "news_discourse_role_prob_8": 0.007718453649431467, "previous_discourse_relation": 1, "previous_discourse_relation_prob_comp": 0.03965773805975914, "previous_discourse_relation_prob_cont": 0.5092702507972717, "previous_discourse_relation_prob_temp": 0.2175293266773224, "previous_discourse_relation_prob_expan": 0.23354268074035645, "latter_discourse_relation": 1, "latter_discourse_relation_prob_comp": 0.017945075407624245, "latter_discourse_relation_prob_cont": 0.7264835238456726, "latter_discourse_relation_prob_temp": 0.002281834604218602, "latter_discourse_relation_prob_expan": 0.2532895803451538}, {"sentence_id": 24, "sentence_start": 2597, "sentence_end": 2827, "sentence_text": "Gun control activists will hope the Florida measures will be a turning point in their battle with the powerful National Rifle Association and others who defend firearms ownership under the Second Amendment of the US constitution.", "sentence_label": "NA", "tokens_list": ["Gun", "control", "activists", "will", "hope", "the", "Florida", "measures", "will", "be", "a", "turning", "point", "in", "their", "battle", "with", "the", "powerful", "National", "Rifle", "Association", "and", "others", "who", "defend", "firearms", "ownership", "under", "the", "Second", "Amendment", "of", "the", "US", "constitution", "."], "tokens_dicts_list": [{"token": "Gun", "start_char": 2597, "end_char": 2600, "token_label": "NA"}, {"token": "control", "start_char": 2601, "end_char": 2608, "token_label": "NA"}, {"token": "activists", "start_char": 2609, "end_char": 2618, "token_label": "NA"}, {"token": "will", "start_char": 2619, "end_char": 2623, "token_label": "NA"}, {"token": "hope", "start_char": 2624, "end_char": 2628, "token_label": "NA"}, {"token": "the", "start_char": 2629, "end_char": 2632, "token_label": "NA"}, {"token": "Florida", "start_char": 2633, "end_char": 2640, "token_label": "NA"}, {"token": "measures", "start_char": 2641, "end_char": 2649, "token_label": "NA"}, {"token": "will", "start_char": 2650, "end_char": 2654, "token_label": "NA"}, {"token": "be", "start_char": 2655, "end_char": 2657, "token_label": "NA"}, {"token": "a", "start_char": 2658, "end_char": 2659, "token_label": "NA"}, {"token": "turning", "start_char": 2660, "end_char": 2667, "token_label": "NA"}, {"token": "point", "start_char": 2668, "end_char": 2673, "token_label": "NA"}, {"token": "in", "start_char": 2674, "end_char": 2676, "token_label": "NA"}, {"token": "their", "start_char": 2677, "end_char": 2682, "token_label": "NA"}, {"token": "battle", "start_char": 2683, "end_char": 2689, "token_label": "NA"}, {"token": "with", "start_char": 2690, "end_char": 2694, "token_label": "NA"}, {"token": "the", "start_char": 2695, "end_char": 2698, "token_label": "NA"}, {"token": "powerful", "start_char": 2699, "end_char": 2707, "token_label": "NA"}, {"token": "National", "start_char": 2708, "end_char": 2716, "token_label": "NA"}, {"token": "Rifle", "start_char": 2717, "end_char": 2722, "token_label": "NA"}, {"token": "Association", "start_char": 2723, "end_char": 2734, "token_label": "NA"}, {"token": "and", "start_char": 2735, "end_char": 2738, "token_label": "NA"}, {"token": "others", "start_char": 2739, "end_char": 2745, "token_label": "NA"}, {"token": "who", "start_char": 2746, "end_char": 2749, "token_label": "NA"}, {"token": "defend", "start_char": 2750, "end_char": 2756, "token_label": "NA"}, {"token": "firearms", "start_char": 2757, "end_char": 2765, "token_label": "NA"}, {"token": "ownership", "start_char": 2766, "end_char": 2775, "token_label": "NA"}, {"token": "under", "start_char": 2776, "end_char": 2781, "token_label": "NA"}, {"token": "the", "start_char": 2782, "end_char": 2785, "token_label": "NA"}, {"token": "Second", "start_char": 2786, "end_char": 2792, "token_label": "NA"}, {"token": "Amendment", "start_char": 2793, "end_char": 2802, "token_label": "NA"}, {"token": "of", "start_char": 2803, "end_char": 2805, "token_label": "NA"}, {"token": "the", "start_char": 2806, "end_char": 2809, "token_label": "NA"}, {"token": "US", "start_char": 2810, "end_char": 2812, "token_label": "NA"}, {"token": "constitution", "start_char": 2813, "end_char": 2825, "token_label": "NA"}, {"token": ".", "start_char": 2825, "end_char": 2826, "token_label": "NA"}], "news_discourse_role": 8, "news_discourse_role_prob_0": 2.210276034020353e-05, "news_discourse_role_prob_1": 0.00012226568651385605, "news_discourse_role_prob_2": 0.00027216935995966196, "news_discourse_role_prob_3": 0.00019756078836508095, "news_discourse_role_prob_4": 0.003612868022173643, "news_discourse_role_prob_5": 0.00026673334650695324, "news_discourse_role_prob_6": 0.000962193647865206, "news_discourse_role_prob_7": 0.01487452071160078, "news_discourse_role_prob_8": 0.9796696901321411, "previous_discourse_relation": 1, "previous_discourse_relation_prob_comp": 0.017945075407624245, "previous_discourse_relation_prob_cont": 0.7264835238456726, "previous_discourse_relation_prob_temp": 0.002281834604218602, "previous_discourse_relation_prob_expan": 0.2532895803451538, "latter_discourse_relation": 1, "latter_discourse_relation_prob_comp": 0.005399862304329872, "latter_discourse_relation_prob_cont": 0.6821842789649963, "latter_discourse_relation_prob_temp": 0.005510925315320492, "latter_discourse_relation_prob_expan": 0.3069048821926117}, {"sentence_id": 25, "sentence_start": 2828, "sentence_end": 2959, "sentence_text": "On the day the vote passed, a 17-year-old woman student was killed in a suspected accidental shooting at a high school in Alabama.", "sentence_label": "NA", "tokens_list": ["On", "the", "day", "the", "vote", "passed", ",", "a", "17-year-old", "woman", "student", "was", "killed", "in", "a", "suspected", "accidental", "shooting", "at", "a", "high", "school", "in", "Alabama", "."], "tokens_dicts_list": [{"token": "On", "start_char": 2828, "end_char": 2830, "token_label": "NA"}, {"token": "the", "start_char": 2831, "end_char": 2834, "token_label": "NA"}, {"token": "day", "start_char": 2835, "end_char": 2838, "token_label": "NA"}, {"token": "the", "start_char": 2839, "end_char": 2842, "token_label": "NA"}, {"token": "vote", "start_char": 2843, "end_char": 2847, "token_label": "NA"}, {"token": "passed", "start_char": 2848, "end_char": 2854, "token_label": "NA"}, {"token": ",", "start_char": 2854, "end_char": 2855, "token_label": "NA"}, {"token": "a", "start_char": 2856, "end_char": 2857, "token_label": "NA"}, {"token": "17-year-old", "start_char": 2858, "end_char": 2869, "token_label": "NA"}, {"token": "woman", "start_char": 2870, "end_char": 2875, "token_label": "NA"}, {"token": "student", "start_char": 2876, "end_char": 2883, "token_label": "NA"}, {"token": "was", "start_char": 2884, "end_char": 2887, "token_label": "NA"}, {"token": "killed", "start_char": 2888, "end_char": 2894, "token_label": "NA"}, {"token": "in", "start_char": 2895, "end_char": 2897, "token_label": "NA"}, {"token": "a", "start_char": 2898, "end_char": 2899, "token_label": "NA"}, {"token": "suspected", "start_char": 2900, "end_char": 2909, "token_label": "NA"}, {"token": "accidental", "start_char": 2910, "end_char": 2920, "token_label": "NA"}, {"token": "shooting", "start_char": 2921, "end_char": 2929, "token_label": "NA"}, {"token": "at", "start_char": 2930, "end_char": 2932, "token_label": "NA"}, {"token": "a", "start_char": 2933, "end_char": 2934, "token_label": "NA"}, {"token": "high", "start_char": 2935, "end_char": 2939, "token_label": "NA"}, {"token": "school", "start_char": 2940, "end_char": 2946, "token_label": "NA"}, {"token": "in", "start_char": 2947, "end_char": 2949, "token_label": "NA"}, {"token": "Alabama", "start_char": 2950, "end_char": 2957, "token_label": "NA"}, {"token": ".", "start_char": 2957, "end_char": 2958, "token_label": "NA"}], "news_discourse_role": 4, "news_discourse_role_prob_0": 6.278105138335377e-05, "news_discourse_role_prob_1": 0.002889659721404314, "news_discourse_role_prob_2": 0.007773676887154579, "news_discourse_role_prob_3": 0.025155073031783104, "news_discourse_role_prob_4": 0.9573789238929749, "news_discourse_role_prob_5": 0.0064549194648861885, "news_discourse_role_prob_6": 8.202729804906994e-05, "news_discourse_role_prob_7": 0.0001653662766329944, "news_discourse_role_prob_8": 3.7562997022178024e-05, "previous_discourse_relation": 1, "previous_discourse_relation_prob_comp": 0.005399862304329872, "previous_discourse_relation_prob_cont": 0.6821842789649963, "previous_discourse_relation_prob_temp": 0.005510925315320492, "previous_discourse_relation_prob_expan": 0.3069048821926117, "latter_discourse_relation": 1, "latter_discourse_relation_prob_comp": 0.10573797672986984, "latter_discourse_relation_prob_cont": 0.8728085160255432, "latter_discourse_relation_prob_temp": 0.002472270978614688, "latter_discourse_relation_prob_expan": 0.01898125559091568}, {"sentence_id": 26, "sentence_start": 2960, "sentence_end": 2978, "sentence_text": "What happens now?", "sentence_label": "NA", "tokens_list": ["What", "happens", "now", "?"], "tokens_dicts_list": [{"token": "What", "start_char": 2960, "end_char": 2964, "token_label": "NA"}, {"token": "happens", "start_char": 2965, "end_char": 2972, "token_label": "NA"}, {"token": "now", "start_char": 2973, "end_char": 2976, "token_label": "NA"}, {"token": "?", "start_char": 2976, "end_char": 2977, "token_label": "NA"}], "news_discourse_role": 4, "news_discourse_role_prob_0": 0.07946605235338211, "news_discourse_role_prob_1": 0.06572985649108887, "news_discourse_role_prob_2": 0.06511763483285904, "news_discourse_role_prob_3": 0.01052804384380579, "news_discourse_role_prob_4": 0.44205793738365173, "news_discourse_role_prob_5": 0.005089499056339264, "news_discourse_role_prob_6": 0.012668234296143055, "news_discourse_role_prob_7": 0.14965251088142395, "news_discourse_role_prob_8": 0.1696903258562088, "previous_discourse_relation": 1, "previous_discourse_relation_prob_comp": 0.10573797672986984, "previous_discourse_relation_prob_cont": 0.8728085160255432, "previous_discourse_relation_prob_temp": 0.002472270978614688, "previous_discourse_relation_prob_expan": 0.01898125559091568, "latter_discourse_relation": 3, "latter_discourse_relation_prob_comp": 0.00039464165456593037, "latter_discourse_relation_prob_cont": 0.013128334656357765, "latter_discourse_relation_prob_temp": 0.0012427340261638165, "latter_discourse_relation_prob_expan": 0.9852343201637268}, {"sentence_id": 27, "sentence_start": 2978, "sentence_end": 3105, "sentence_text": "Governor Rick Scott will need to sign the bill, known as the Marjory Stoneman Douglas High School Public Safety Act, into law.", "sentence_label": "NA", "tokens_list": ["Governor", "Rick", "Scott", "will", "need", "to", "sign", "the", "bill", ",", "known", "as", "the", "Marjory", "Stoneman", "Douglas", "High", "School", "Public", "Safety", "Act", ",", "into", "law", "."], "tokens_dicts_list": [{"token": "Governor", "start_char": 2978, "end_char": 2986, "token_label": "NA"}, {"token": "Rick", "start_char": 2987, "end_char": 2991, "token_label": "NA"}, {"token": "Scott", "start_char": 2992, "end_char": 2997, "token_label": "NA"}, {"token": "will", "start_char": 2998, "end_char": 3002, "token_label": "NA"}, {"token": "need", "start_char": 3003, "end_char": 3007, "token_label": "NA"}, {"token": "to", "start_char": 3008, "end_char": 3010, "token_label": "NA"}, {"token": "sign", "start_char": 3011, "end_char": 3015, "token_label": "NA"}, {"token": "the", "start_char": 3016, "end_char": 3019, "token_label": "NA"}, {"token": "bill", "start_char": 3020, "end_char": 3024, "token_label": "NA"}, {"token": ",", "start_char": 3024, "end_char": 3025, "token_label": "NA"}, {"token": "known", "start_char": 3026, "end_char": 3031, "token_label": "NA"}, {"token": "as", "start_char": 3032, "end_char": 3034, "token_label": "NA"}, {"token": "the", "start_char": 3035, "end_char": 3038, "token_label": "NA"}, {"token": "Marjory", "start_char": 3039, "end_char": 3046, "token_label": "NA"}, {"token": "Stoneman", "start_char": 3047, "end_char": 3055, "token_label": "NA"}, {"token": "Douglas", "start_char": 3056, "end_char": 3063, "token_label": "NA"}, {"token": "High", "start_char": 3064, "end_char": 3068, "token_label": "NA"}, {"token": "School", "start_char": 3069, "end_char": 3075, "token_label": "NA"}, {"token": "Public", "start_char": 3076, "end_char": 3082, "token_label": "NA"}, {"token": "Safety", "start_char": 3083, "end_char": 3089, "token_label": "NA"}, {"token": "Act", "start_char": 3090, "end_char": 3093, "token_label": "NA"}, {"token": ",", "start_char": 3093, "end_char": 3094, "token_label": "NA"}, {"token": "into", "start_char": 3095, "end_char": 3099, "token_label": "NA"}, {"token": "law", "start_char": 3100, "end_char": 3103, "token_label": "NA"}, {"token": ".", "start_char": 3103, "end_char": 3104, "token_label": "NA"}], "news_discourse_role": 4, "news_discourse_role_prob_0": 0.0005508603644557297, "news_discourse_role_prob_1": 0.01460497360676527, "news_discourse_role_prob_2": 0.11437476426362991, "news_discourse_role_prob_3": 0.0038588636089116335, "news_discourse_role_prob_4": 0.6039445400238037, "news_discourse_role_prob_5": 0.0006315289647318423, "news_discourse_role_prob_6": 0.0010283318115398288, "news_discourse_role_prob_7": 0.008569526486098766, "news_discourse_role_prob_8": 0.2524365782737732, "previous_discourse_relation": 3, "previous_discourse_relation_prob_comp": 0.00039464165456593037, "previous_discourse_relation_prob_cont": 0.013128334656357765, "previous_discourse_relation_prob_temp": 0.0012427340261638165, "previous_discourse_relation_prob_expan": 0.9852343201637268, "latter_discourse_relation": 3, "latter_discourse_relation_prob_comp": 0.019815867766737938, "latter_discourse_relation_prob_cont": 0.03221109136939049, "latter_discourse_relation_prob_temp": 0.00892380066215992, "latter_discourse_relation_prob_expan": 0.9390493035316467}, {"sentence_id": 28, "sentence_start": 3106, "sentence_end": 3175, "sentence_text": "It will automatically become law within 15 days unless he vetoes it.", "sentence_label": "NA", "tokens_list": ["It", "will", "automatically", "become", "law", "within", "15", "days", "unless", "he", "vetoes", "it", "."], "tokens_dicts_list": [{"token": "It", "start_char": 3106, "end_char": 3108, "token_label": "NA"}, {"token": "will", "start_char": 3109, "end_char": 3113, "token_label": "NA"}, {"token": "automatically", "start_char": 3114, "end_char": 3127, "token_label": "NA"}, {"token": "become", "start_char": 3128, "end_char": 3134, "token_label": "NA"}, {"token": "law", "start_char": 3135, "end_char": 3138, "token_label": "NA"}, {"token": "within", "start_char": 3139, "end_char": 3145, "token_label": "NA"}, {"token": "15", "start_char": 3146, "end_char": 3148, "token_label": "NA"}, {"token": "days", "start_char": 3149, "end_char": 3153, "token_label": "NA"}, {"token": "unless", "start_char": 3154, "end_char": 3160, "token_label": "NA"}, {"token": "he", "start_char": 3161, "end_char": 3163, "token_label": "NA"}, {"token": "vetoes", "start_char": 3164, "end_char": 3170, "token_label": "NA"}, {"token": "it", "start_char": 3171, "end_char": 3173, "token_label": "NA"}, {"token": ".", "start_char": 3173, "end_char": 3174, "token_label": "NA"}], "news_discourse_role": 8, "news_discourse_role_prob_0": 5.920149487792514e-05, "news_discourse_role_prob_1": 0.0024839702527970076, "news_discourse_role_prob_2": 0.00903397612273693, "news_discourse_role_prob_3": 0.0001508344430476427, "news_discourse_role_prob_4": 0.01800081692636013, "news_discourse_role_prob_5": 0.00020751349802594632, "news_discourse_role_prob_6": 0.0003001309232786298, "news_discourse_role_prob_7": 0.0013193216873332858, "news_discourse_role_prob_8": 0.968444287776947, "previous_discourse_relation": 3, "previous_discourse_relation_prob_comp": 0.019815867766737938, "previous_discourse_relation_prob_cont": 0.03221109136939049, "previous_discourse_relation_prob_temp": 0.00892380066215992, "previous_discourse_relation_prob_expan": 0.9390493035316467, "latter_discourse_relation": 0, "latter_discourse_relation_prob_comp": 0.916592001914978, "latter_discourse_relation_prob_cont": 0.004482229705899954, "latter_discourse_relation_prob_temp": 0.004321674816310406, "latter_discourse_relation_prob_expan": 0.07460404932498932}, {"sentence_id": 29, "sentence_start": 3176, "sentence_end": 3308, "sentence_text": "Mr Scott has not yet said he will back it, telling reporters he would \"review the bill line by line\" and consult victims' families.", "sentence_label": "NA", "tokens_list": ["Mr", "Scott", "has", "not", "yet", "said", "he", "will", "back", "it", ",", "telling", "reporters", "he", "would", "\"", "review", "the", "bill", "line", "by", "line", "\"", "and", "consult", "victims", "'", "families", "."], "tokens_dicts_list": [{"token": "Mr", "start_char": 3176, "end_char": 3178, "token_label": "NA"}, {"token": "Scott", "start_char": 3179, "end_char": 3184, "token_label": "NA"}, {"token": "has", "start_char": 3185, "end_char": 3188, "token_label": "NA"}, {"token": "not", "start_char": 3189, "end_char": 3192, "token_label": "NA"}, {"token": "yet", "start_char": 3193, "end_char": 3196, "token_label": "NA"}, {"token": "said", "start_char": 3197, "end_char": 3201, "token_label": "NA"}, {"token": "he", "start_char": 3202, "end_char": 3204, "token_label": "NA"}, {"token": "will", "start_char": 3205, "end_char": 3209, "token_label": "NA"}, {"token": "back", "start_char": 3210, "end_char": 3214, "token_label": "NA"}, {"token": "it", "start_char": 3215, "end_char": 3217, "token_label": "NA"}, {"token": ",", "start_char": 3217, "end_char": 3218, "token_label": "NA"}, {"token": "telling", "start_char": 3219, "end_char": 3226, "token_label": "NA"}, {"token": "reporters", "start_char": 3227, "end_char": 3236, "token_label": "NA"}, {"token": "he", "start_char": 3237, "end_char": 3239, "token_label": "NA"}, {"token": "would", "start_char": 3240, "end_char": 3245, "token_label": "NA"}, {"token": "\"", "start_char": 3246, "end_char": 3247, "token_label": "NA"}, {"token": "review", "start_char": 3247, "end_char": 3253, "token_label": "NA"}, {"token": "the", "start_char": 3254, "end_char": 3257, "token_label": "NA"}, {"token": "bill", "start_char": 3258, "end_char": 3262, "token_label": "NA"}, {"token": "line", "start_char": 3263, "end_char": 3267, "token_label": "NA"}, {"token": "by", "start_char": 3268, "end_char": 3270, "token_label": "NA"}, {"token": "line", "start_char": 3271, "end_char": 3275, "token_label": "NA"}, {"token": "\"", "start_char": 3275, "end_char": 3276, "token_label": "NA"}, {"token": "and", "start_char": 3277, "end_char": 3280, "token_label": "NA"}, {"token": "consult", "start_char": 3281, "end_char": 3288, "token_label": "NA"}, {"token": "victims", "start_char": 3289, "end_char": 3296, "token_label": "NA"}, {"token": "'", "start_char": 3296, "end_char": 3297, "token_label": "NA"}, {"token": "families", "start_char": 3298, "end_char": 3306, "token_label": "NA"}, {"token": ".", "start_char": 3306, "end_char": 3307, "token_label": "NA"}], "news_discourse_role": 8, "news_discourse_role_prob_0": 1.2306049939070363e-05, "news_discourse_role_prob_1": 0.0008723962819203734, "news_discourse_role_prob_2": 0.0024403224233537912, "news_discourse_role_prob_3": 0.00028453420964069664, "news_discourse_role_prob_4": 0.04699184373021126, "news_discourse_role_prob_5": 0.00017760007176548243, "news_discourse_role_prob_6": 0.0017012404277920723, "news_discourse_role_prob_7": 0.06667555868625641, "news_discourse_role_prob_8": 0.880844235420227, "previous_discourse_relation": 0, "previous_discourse_relation_prob_comp": 0.916592001914978, "previous_discourse_relation_prob_cont": 0.004482229705899954, "previous_discourse_relation_prob_temp": 0.004321674816310406, "previous_discourse_relation_prob_expan": 0.07460404932498932, "latter_discourse_relation": 3, "latter_discourse_relation_prob_comp": 0.04136352986097336, "latter_discourse_relation_prob_cont": 0.003321761265397072, "latter_discourse_relation_prob_temp": 0.0024276231415569782, "latter_discourse_relation_prob_expan": 0.9528870582580566}, {"sentence_id": 30, "sentence_start": 3309, "sentence_end": 3393, "sentence_text": "He has previously said he opposes US President Donald Trump's call to arm teachers.", "sentence_label": "NA", "tokens_list": ["He", "has", "previously", "said", "he", "opposes", "US", "President", "Donald", "Trump", "'s", "call", "to", "arm", "teachers", "."], "tokens_dicts_list": [{"token": "He", "start_char": 3309, "end_char": 3311, "token_label": "NA"}, {"token": "has", "start_char": 3312, "end_char": 3315, "token_label": "NA"}, {"token": "previously", "start_char": 3316, "end_char": 3326, "token_label": "NA"}, {"token": "said", "start_char": 3327, "end_char": 3331, "token_label": "NA"}, {"token": "he", "start_char": 3332, "end_char": 3334, "token_label": "NA"}, {"token": "opposes", "start_char": 3335, "end_char": 3342, "token_label": "NA"}, {"token": "US", "start_char": 3343, "end_char": 3345, "token_label": "NA"}, {"token": "President", "start_char": 3346, "end_char": 3355, "token_label": "NA"}, {"token": "Donald", "start_char": 3356, "end_char": 3362, "token_label": "NA"}, {"token": "Trump", "start_char": 3363, "end_char": 3368, "token_label": "NA"}, {"token": "'s", "start_char": 3368, "end_char": 3370, "token_label": "NA"}, {"token": "call", "start_char": 3371, "end_char": 3375, "token_label": "NA"}, {"token": "to", "start_char": 3376, "end_char": 3378, "token_label": "NA"}, {"token": "arm", "start_char": 3379, "end_char": 3382, "token_label": "NA"}, {"token": "teachers", "start_char": 3383, "end_char": 3391, "token_label": "NA"}, {"token": ".", "start_char": 3391, "end_char": 3392, "token_label": "NA"}], "news_discourse_role": 7, "news_discourse_role_prob_0": 5.9608471929095685e-05, "news_discourse_role_prob_1": 0.0009209059062413871, "news_discourse_role_prob_2": 0.0026671402156352997, "news_discourse_role_prob_3": 0.002582269487902522, "news_discourse_role_prob_4": 0.2690959870815277, "news_discourse_role_prob_5": 0.017244040966033936, "news_discourse_role_prob_6": 0.018586307764053345, "news_discourse_role_prob_7": 0.6778672933578491, "news_discourse_role_prob_8": 0.010976439341902733, "previous_discourse_relation": 3, "previous_discourse_relation_prob_comp": 0.04136352986097336, "previous_discourse_relation_prob_cont": 0.003321761265397072, "previous_discourse_relation_prob_temp": 0.0024276231415569782, "previous_discourse_relation_prob_expan": 0.9528870582580566, "latter_discourse_relation": 3, "latter_discourse_relation_prob_comp": 0.00022381963208317757, "latter_discourse_relation_prob_cont": 6.931315147085115e-05, "latter_discourse_relation_prob_temp": 0.0005012246547266841, "latter_discourse_relation_prob_expan": 0.9992056488990784}, {"sentence_id": 31, "sentence_start": 3393, "sentence_end": 3467, "sentence_text": "He had also previously opposed increasing the purchase age from 18 to 21.", "sentence_label": "NA", "tokens_list": ["He", "had", "also", "previously", "opposed", "increasing", "the", "purchase", "age", "from", "18", "to", "21", "."], "tokens_dicts_list": [{"token": "He", "start_char": 3393, "end_char": 3395, "token_label": "NA"}, {"token": "had", "start_char": 3396, "end_char": 3399, "token_label": "NA"}, {"token": "also", "start_char": 3400, "end_char": 3404, "token_label": "NA"}, {"token": "previously", "start_char": 3405, "end_char": 3415, "token_label": "NA"}, {"token": "opposed", "start_char": 3416, "end_char": 3423, "token_label": "NA"}, {"token": "increasing", "start_char": 3424, "end_char": 3434, "token_label": "NA"}, {"token": "the", "start_char": 3435, "end_char": 3438, "token_label": "NA"}, {"token": "purchase", "start_char": 3439, "end_char": 3447, "token_label": "NA"}, {"token": "age", "start_char": 3448, "end_char": 3451, "token_label": "NA"}, {"token": "from", "start_char": 3452, "end_char": 3456, "token_label": "NA"}, {"token": "18", "start_char": 3457, "end_char": 3459, "token_label": "NA"}, {"token": "to", "start_char": 3460, "end_char": 3462, "token_label": "NA"}, {"token": "21", "start_char": 3463, "end_char": 3465, "token_label": "NA"}, {"token": ".", "start_char": 3465, "end_char": 3466, "token_label": "NA"}], "news_discourse_role": 4, "news_discourse_role_prob_0": 6.0695943830069155e-05, "news_discourse_role_prob_1": 0.0008550958009436727, "news_discourse_role_prob_2": 0.0023370031267404556, "news_discourse_role_prob_3": 0.007490408606827259, "news_discourse_role_prob_4": 0.5848149657249451, "news_discourse_role_prob_5": 0.09948911517858505, "news_discourse_role_prob_6": 0.013577664270997047, "news_discourse_role_prob_7": 0.2875714898109436, "news_discourse_role_prob_8": 0.0038035456091165543, "previous_discourse_relation": 3, "previous_discourse_relation_prob_comp": 0.00022381963208317757, "previous_discourse_relation_prob_cont": 6.931315147085115e-05, "previous_discourse_relation_prob_temp": 0.0005012246547266841, "previous_discourse_relation_prob_expan": 0.9992056488990784, "latter_discourse_relation": -1}]}