{"file_name": "./Propaganda/json_annotations/train/article7709564349.json", "num_sentences": 35, "sentences": [{"sentence_id": 0, "sentence_start": 0, "sentence_end": 24, "sentence_text": "Trump Pardons Hammonds!", "sentence_label": "NA", "tokens_list": ["Trump", "Pardons", "Hammonds", "!"], "tokens_dicts_list": [{"token": "Trump", "start_char": 0, "end_char": 5, "token_label": "NA"}, {"token": "Pardons", "start_char": 6, "end_char": 13, "token_label": "NA"}, {"token": "Hammonds", "start_char": 14, "end_char": 22, "token_label": "NA"}, {"token": "!", "start_char": 22, "end_char": 23, "token_label": "NA"}], "news_discourse_role": 0, "news_discourse_role_prob_0": 0.8516227006912231, "news_discourse_role_prob_1": 0.08242949098348618, "news_discourse_role_prob_2": 0.004905545152723789, "news_discourse_role_prob_3": 0.008502005599439144, "news_discourse_role_prob_4": 0.014326638542115688, "news_discourse_role_prob_5": 0.001526394858956337, "news_discourse_role_prob_6": 0.00366741674952209, "news_discourse_role_prob_7": 0.02478330209851265, "news_discourse_role_prob_8": 0.008236575871706009, "latter_discourse_relation": 1, "latter_discourse_relation_prob_comp": 0.012888481840491295, "latter_discourse_relation_prob_cont": 0.9103533029556274, "latter_discourse_relation_prob_temp": 0.0001401643530698493, "latter_discourse_relation_prob_expan": 0.07661804556846619, "previous_discourse_relation": -1}, {"sentence_id": 1, "sentence_start": 25, "sentence_end": 49, "sentence_text": "Now, this is good news!", "sentence_label": "NA", "tokens_list": ["Now", ",", "this", "is", "good", "news", "!"], "tokens_dicts_list": [{"token": "Now", "start_char": 25, "end_char": 28, "token_label": "NA"}, {"token": ",", "start_char": 28, "end_char": 29, "token_label": "NA"}, {"token": "this", "start_char": 30, "end_char": 34, "token_label": "NA"}, {"token": "is", "start_char": 35, "end_char": 37, "token_label": "NA"}, {"token": "good", "start_char": 38, "end_char": 42, "token_label": "NA"}, {"token": "news", "start_char": 43, "end_char": 47, "token_label": "NA"}, {"token": "!", "start_char": 47, "end_char": 48, "token_label": "NA"}], "news_discourse_role": 7, "news_discourse_role_prob_0": 0.01915242150425911, "news_discourse_role_prob_1": 0.2210870087146759, "news_discourse_role_prob_2": 0.0011919604148715734, "news_discourse_role_prob_3": 0.019333217293024063, "news_discourse_role_prob_4": 0.009077713824808598, "news_discourse_role_prob_5": 0.002404015278443694, "news_discourse_role_prob_6": 0.0203924011439085, "news_discourse_role_prob_7": 0.6838645339012146, "news_discourse_role_prob_8": 0.02349679358303547, "previous_discourse_relation": 1, "previous_discourse_relation_prob_comp": 0.012888481840491295, "previous_discourse_relation_prob_cont": 0.9103533029556274, "previous_discourse_relation_prob_temp": 0.0001401643530698493, "previous_discourse_relation_prob_expan": 0.07661804556846619, "latter_discourse_relation": 3, "latter_discourse_relation_prob_comp": 0.0005064147990196943, "latter_discourse_relation_prob_cont": 0.3507116138935089, "latter_discourse_relation_prob_temp": 0.0008574310340918601, "latter_discourse_relation_prob_expan": 0.647924542427063}, {"sentence_id": 2, "sentence_start": 49, "sentence_end": 170, "sentence_text": "On Tuesday, President Trump Oregon cattle ranchers, Dwight and Steven Hammond, who had been serving sentences for arson.", "sentence_label": "NA", "tokens_list": ["On", "Tuesday", ",", "President", "Trump", "Oregon", "cattle", "ranchers", ",", "Dwight", "and", "Steven", "Hammond", ",", "who", "had", "been", "serving", "sentences", "for", "arson", "."], "tokens_dicts_list": [{"token": "On", "start_char": 49, "end_char": 51, "token_label": "NA"}, {"token": "Tuesday", "start_char": 52, "end_char": 59, "token_label": "NA"}, {"token": ",", "start_char": 59, "end_char": 60, "token_label": "NA"}, {"token": "President", "start_char": 61, "end_char": 70, "token_label": "NA"}, {"token": "Trump", "start_char": 71, "end_char": 76, "token_label": "NA"}, {"token": "Oregon", "start_char": 77, "end_char": 83, "token_label": "NA"}, {"token": "cattle", "start_char": 84, "end_char": 90, "token_label": "NA"}, {"token": "ranchers", "start_char": 91, "end_char": 99, "token_label": "NA"}, {"token": ",", "start_char": 99, "end_char": 100, "token_label": "NA"}, {"token": "Dwight", "start_char": 101, "end_char": 107, "token_label": "NA"}, {"token": "and", "start_char": 108, "end_char": 111, "token_label": "NA"}, {"token": "Steven", "start_char": 112, "end_char": 118, "token_label": "NA"}, {"token": "Hammond", "start_char": 119, "end_char": 126, "token_label": "NA"}, {"token": ",", "start_char": 126, "end_char": 127, "token_label": "NA"}, {"token": "who", "start_char": 128, "end_char": 131, "token_label": "NA"}, {"token": "had", "start_char": 132, "end_char": 135, "token_label": "NA"}, {"token": "been", "start_char": 136, "end_char": 140, "token_label": "NA"}, {"token": "serving", "start_char": 141, "end_char": 148, "token_label": "NA"}, {"token": "sentences", "start_char": 149, "end_char": 158, "token_label": "NA"}, {"token": "for", "start_char": 159, "end_char": 162, "token_label": "NA"}, {"token": "arson", "start_char": 163, "end_char": 168, "token_label": "NA"}, {"token": ".", "start_char": 168, "end_char": 169, "token_label": "NA"}], "news_discourse_role": 1, "news_discourse_role_prob_0": 0.025364261120557785, "news_discourse_role_prob_1": 0.5753016471862793, "news_discourse_role_prob_2": 0.008551327511668205, "news_discourse_role_prob_3": 0.1214941143989563, "news_discourse_role_prob_4": 0.2675878405570984, "news_discourse_role_prob_5": 0.0010859580943360925, "news_discourse_role_prob_6": 0.00023105104628484696, "news_discourse_role_prob_7": 0.00018609309336170554, "news_discourse_role_prob_8": 0.00019763276213780046, "previous_discourse_relation": 3, "previous_discourse_relation_prob_comp": 0.0005064147990196943, "previous_discourse_relation_prob_cont": 0.3507116138935089, "previous_discourse_relation_prob_temp": 0.0008574310340918601, "previous_discourse_relation_prob_expan": 0.647924542427063, "latter_discourse_relation": 3, "latter_discourse_relation_prob_comp": 0.0028112842701375484, "latter_discourse_relation_prob_cont": 0.06047019362449646, "latter_discourse_relation_prob_temp": 0.0259536299854517, "latter_discourse_relation_prob_expan": 0.9107649922370911}, {"sentence_id": 3, "sentence_start": 170, "sentence_end": 220, "sentence_text": "A Statement from the White House read as follows:", "sentence_label": "NA", "tokens_list": ["A", "Statement", "from", "the", "White", "House", "read", "as", "follows", ":"], "tokens_dicts_list": [{"token": "A", "start_char": 170, "end_char": 171, "token_label": "NA"}, {"token": "Statement", "start_char": 172, "end_char": 181, "token_label": "NA"}, {"token": "from", "start_char": 182, "end_char": 186, "token_label": "NA"}, {"token": "the", "start_char": 187, "end_char": 190, "token_label": "NA"}, {"token": "White", "start_char": 191, "end_char": 196, "token_label": "NA"}, {"token": "House", "start_char": 197, "end_char": 202, "token_label": "NA"}, {"token": "read", "start_char": 203, "end_char": 207, "token_label": "NA"}, {"token": "as", "start_char": 208, "end_char": 210, "token_label": "NA"}, {"token": "follows", "start_char": 211, "end_char": 218, "token_label": "NA"}, {"token": ":", "start_char": 218, "end_char": 219, "token_label": "NA"}], "news_discourse_role": 1, "news_discourse_role_prob_0": 0.008682522922754288, "news_discourse_role_prob_1": 0.8573242425918579, "news_discourse_role_prob_2": 0.021660732105374336, "news_discourse_role_prob_3": 0.005652431398630142, "news_discourse_role_prob_4": 0.10597695410251617, "news_discourse_role_prob_5": 5.610856169369072e-05, "news_discourse_role_prob_6": 6.009349090163596e-05, "news_discourse_role_prob_7": 0.0002519327972549945, "news_discourse_role_prob_8": 0.0003350194019731134, "previous_discourse_relation": 3, "previous_discourse_relation_prob_comp": 0.0028112842701375484, "previous_discourse_relation_prob_cont": 0.06047019362449646, "previous_discourse_relation_prob_temp": 0.0259536299854517, "previous_discourse_relation_prob_expan": 0.9107649922370911, "latter_discourse_relation": 3, "latter_discourse_relation_prob_comp": 0.00022294548398349434, "latter_discourse_relation_prob_cont": 0.0014676806749776006, "latter_discourse_relation_prob_temp": 0.00036111363442614675, "latter_discourse_relation_prob_expan": 0.9979482293128967}, {"sentence_id": 4, "sentence_start": 220, "sentence_end": 366, "sentence_text": "Today, President Donald J. Trump signed Executive Grants of Clemency (Full Pardons) for Dwight Lincoln Hammond, Jr., and his son, Steven Hammond.", "sentence_label": "NA", "tokens_list": ["Today", ",", "President", "Donald", "J.", "Trump", "signed", "Executive", "Grants", "of", "Clemency", "(", "Full", "Pardons", ")", "for", "Dwight", "Lincoln", "Hammond", ",", "Jr.", ",", "and", "his", "son", ",", "Steven", "Hammond", "."], "tokens_dicts_list": [{"token": "Today", "start_char": 220, "end_char": 225, "token_label": "NA"}, {"token": ",", "start_char": 225, "end_char": 226, "token_label": "NA"}, {"token": "President", "start_char": 227, "end_char": 236, "token_label": "NA"}, {"token": "Donald", "start_char": 237, "end_char": 243, "token_label": "NA"}, {"token": "J.", "start_char": 244, "end_char": 246, "token_label": "NA"}, {"token": "Trump", "start_char": 247, "end_char": 252, "token_label": "NA"}, {"token": "signed", "start_char": 253, "end_char": 259, "token_label": "NA"}, {"token": "Executive", "start_char": 260, "end_char": 269, "token_label": "NA"}, {"token": "Grants", "start_char": 270, "end_char": 276, "token_label": "NA"}, {"token": "of", "start_char": 277, "end_char": 279, "token_label": "NA"}, {"token": "Clemency", "start_char": 280, "end_char": 288, "token_label": "NA"}, {"token": "(", "start_char": 289, "end_char": 290, "token_label": "NA"}, {"token": "Full", "start_char": 290, "end_char": 294, "token_label": "NA"}, {"token": "Pardons", "start_char": 295, "end_char": 302, "token_label": "NA"}, {"token": ")", "start_char": 302, "end_char": 303, "token_label": "NA"}, {"token": "for", "start_char": 304, "end_char": 307, "token_label": "NA"}, {"token": "Dwight", "start_char": 308, "end_char": 314, "token_label": "NA"}, {"token": "Lincoln", "start_char": 315, "end_char": 322, "token_label": "NA"}, {"token": "Hammond", "start_char": 323, "end_char": 330, "token_label": "NA"}, {"token": ",", "start_char": 330, "end_char": 331, "token_label": "NA"}, {"token": "Jr.", "start_char": 332, "end_char": 335, "token_label": "NA"}, {"token": ",", "start_char": 335, "end_char": 336, "token_label": "NA"}, {"token": "and", "start_char": 337, "end_char": 340, "token_label": "NA"}, {"token": "his", "start_char": 341, "end_char": 344, "token_label": "NA"}, {"token": "son", "start_char": 345, "end_char": 348, "token_label": "NA"}, {"token": ",", "start_char": 348, "end_char": 349, "token_label": "NA"}, {"token": "Steven", "start_char": 350, "end_char": 356, "token_label": "NA"}, {"token": "Hammond", "start_char": 357, "end_char": 364, "token_label": "NA"}, {"token": ".", "start_char": 364, "end_char": 365, "token_label": "NA"}], "news_discourse_role": 1, "news_discourse_role_prob_0": 0.014742459170520306, "news_discourse_role_prob_1": 0.9503540396690369, "news_discourse_role_prob_2": 0.011989524587988853, "news_discourse_role_prob_3": 0.01252979226410389, "news_discourse_role_prob_4": 0.010032064281404018, "news_discourse_role_prob_5": 5.6805729400366545e-05, "news_discourse_role_prob_6": 5.9383273764979094e-05, "news_discourse_role_prob_7": 0.00012270119623281062, "news_discourse_role_prob_8": 0.00011333685688441619, "previous_discourse_relation": 3, "previous_discourse_relation_prob_comp": 0.00022294548398349434, "previous_discourse_relation_prob_cont": 0.0014676806749776006, "previous_discourse_relation_prob_temp": 0.00036111363442614675, "previous_discourse_relation_prob_expan": 0.9979482293128967, "latter_discourse_relation": 1, "latter_discourse_relation_prob_comp": 0.003012788714841008, "latter_discourse_relation_prob_cont": 0.6865005493164062, "latter_discourse_relation_prob_temp": 0.024568110704421997, "latter_discourse_relation_prob_expan": 0.28591853380203247}, {"sentence_id": 5, "sentence_start": 366, "sentence_end": 532, "sentence_text": "The Hammonds are multi-generation cattle ranchers in Oregon imprisoned in connection with a fire that leaked onto a small portion of neighboring public grazing land.", "sentence_label": "NA", "tokens_list": ["The", "Hammonds", "are", "multi-generation", "cattle", "ranchers", "in", "Oregon", "imprisoned", "in", "connection", "with", "a", "fire", "that", "leaked", "onto", "a", "small", "portion", "of", "neighboring", "public", "grazing", "land", "."], "tokens_dicts_list": [{"token": "The", "start_char": 366, "end_char": 369, "token_label": "NA"}, {"token": "Hammonds", "start_char": 370, "end_char": 378, "token_label": "NA"}, {"token": "are", "start_char": 379, "end_char": 382, "token_label": "NA"}, {"token": "multi-generation", "start_char": 383, "end_char": 399, "token_label": "NA"}, {"token": "cattle", "start_char": 400, "end_char": 406, "token_label": "NA"}, {"token": "ranchers", "start_char": 407, "end_char": 415, "token_label": "NA"}, {"token": "in", "start_char": 416, "end_char": 418, "token_label": "NA"}, {"token": "Oregon", "start_char": 419, "end_char": 425, "token_label": "NA"}, {"token": "imprisoned", "start_char": 426, "end_char": 436, "token_label": "NA"}, {"token": "in", "start_char": 437, "end_char": 439, "token_label": "NA"}, {"token": "connection", "start_char": 440, "end_char": 450, "token_label": "NA"}, {"token": "with", "start_char": 451, "end_char": 455, "token_label": "NA"}, {"token": "a", "start_char": 456, "end_char": 457, "token_label": "NA"}, {"token": "fire", "start_char": 458, "end_char": 462, "token_label": "NA"}, {"token": "that", "start_char": 463, "end_char": 467, "token_label": "NA"}, {"token": "leaked", "start_char": 468, "end_char": 474, "token_label": "NA"}, {"token": "onto", "start_char": 475, "end_char": 479, "token_label": "NA"}, {"token": "a", "start_char": 480, "end_char": 481, "token_label": "NA"}, {"token": "small", "start_char": 482, "end_char": 487, "token_label": "NA"}, {"token": "portion", "start_char": 488, "end_char": 495, "token_label": "NA"}, {"token": "of", "start_char": 496, "end_char": 498, "token_label": "NA"}, {"token": "neighboring", "start_char": 499, "end_char": 510, "token_label": "NA"}, {"token": "public", "start_char": 511, "end_char": 517, "token_label": "NA"}, {"token": "grazing", "start_char": 518, "end_char": 525, "token_label": "NA"}, {"token": "land", "start_char": 526, "end_char": 530, "token_label": "NA"}, {"token": ".", "start_char": 530, "end_char": 531, "token_label": "NA"}], "news_discourse_role": 3, "news_discourse_role_prob_0": 0.0008795348694548011, "news_discourse_role_prob_1": 0.1655348390340805, "news_discourse_role_prob_2": 0.0006547068478539586, "news_discourse_role_prob_3": 0.5185919404029846, "news_discourse_role_prob_4": 0.31091561913490295, "news_discourse_role_prob_5": 0.0030723032541573048, "news_discourse_role_prob_6": 0.00010456061136210337, "news_discourse_role_prob_7": 0.0001800332247512415, "news_discourse_role_prob_8": 6.652998854406178e-05, "previous_discourse_relation": 1, "previous_discourse_relation_prob_comp": 0.003012788714841008, "previous_discourse_relation_prob_cont": 0.6865005493164062, "previous_discourse_relation_prob_temp": 0.024568110704421997, "previous_discourse_relation_prob_expan": 0.28591853380203247, "latter_discourse_relation": 3, "latter_discourse_relation_prob_comp": 0.10997240990400314, "latter_discourse_relation_prob_cont": 0.15773920714855194, "latter_discourse_relation_prob_temp": 0.006944666616618633, "latter_discourse_relation_prob_expan": 0.7253437042236328}, {"sentence_id": 6, "sentence_start": 532, "sentence_end": 675, "sentence_text": "The evidence at trial regarding the Hammonds\u2019 responsibility for the fire was conflicting, and the jury acquitted them on most of the charges.", "sentence_label": "NA", "tokens_list": ["The", "evidence", "at", "trial", "regarding", "the", "Hammonds\u2019", "responsibility", "for", "the", "fire", "was", "conflicting", ",", "and", "the", "jury", "acquitted", "them", "on", "most", "of", "the", "charges", "."], "tokens_dicts_list": [{"token": "The", "start_char": 532, "end_char": 535, "token_label": "NA"}, {"token": "evidence", "start_char": 536, "end_char": 544, "token_label": "NA"}, {"token": "at", "start_char": 545, "end_char": 547, "token_label": "NA"}, {"token": "trial", "start_char": 548, "end_char": 553, "token_label": "NA"}, {"token": "regarding", "start_char": 554, "end_char": 563, "token_label": "NA"}, {"token": "the", "start_char": 564, "end_char": 567, "token_label": "NA"}, {"token": "Hammonds\u2019", "start_char": 568, "end_char": 577, "token_label": "NA"}, {"token": "responsibility", "start_char": 578, "end_char": 592, "token_label": "NA"}, {"token": "for", "start_char": 593, "end_char": 596, "token_label": "NA"}, {"token": "the", "start_char": 597, "end_char": 600, "token_label": "NA"}, {"token": "fire", "start_char": 601, "end_char": 605, "token_label": "NA"}, {"token": "was", "start_char": 606, "end_char": 609, "token_label": "NA"}, {"token": "conflicting", "start_char": 610, "end_char": 621, "token_label": "NA"}, {"token": ",", "start_char": 621, "end_char": 622, "token_label": "NA"}, {"token": "and", "start_char": 623, "end_char": 626, "token_label": "NA"}, {"token": "the", "start_char": 627, "end_char": 630, "token_label": "NA"}, {"token": "jury", "start_char": 631, "end_char": 635, "token_label": "NA"}, {"token": "acquitted", "start_char": 636, "end_char": 645, "token_label": "NA"}, {"token": "them", "start_char": 646, "end_char": 650, "token_label": "NA"}, {"token": "on", "start_char": 651, "end_char": 653, "token_label": "NA"}, {"token": "most", "start_char": 654, "end_char": 658, "token_label": "NA"}, {"token": "of", "start_char": 659, "end_char": 661, "token_label": "NA"}, {"token": "the", "start_char": 662, "end_char": 665, "token_label": "NA"}, {"token": "charges", "start_char": 666, "end_char": 673, "token_label": "NA"}, {"token": ".", "start_char": 673, "end_char": 674, "token_label": "NA"}], "news_discourse_role": 3, "news_discourse_role_prob_0": 0.00011833329335786402, "news_discourse_role_prob_1": 0.005679261405020952, "news_discourse_role_prob_2": 0.00012114340643165633, "news_discourse_role_prob_3": 0.8228961825370789, "news_discourse_role_prob_4": 0.024730756878852844, "news_discourse_role_prob_5": 0.13415294885635376, "news_discourse_role_prob_6": 0.000186786986887455, "news_discourse_role_prob_7": 0.011940239928662777, "news_discourse_role_prob_8": 0.00017430231673642993, "previous_discourse_relation": 3, "previous_discourse_relation_prob_comp": 0.10997240990400314, "previous_discourse_relation_prob_cont": 0.15773920714855194, "previous_discourse_relation_prob_temp": 0.006944666616618633, "previous_discourse_relation_prob_expan": 0.7253437042236328, "latter_discourse_relation": 3, "latter_discourse_relation_prob_comp": 0.007767281495034695, "latter_discourse_relation_prob_cont": 0.21680061519145966, "latter_discourse_relation_prob_temp": 0.003606584621593356, "latter_discourse_relation_prob_expan": 0.7718254923820496}, {"sentence_id": 7, "sentence_start": 675, "sentence_end": 769, "sentence_text": "take our poll - story continues below Will Brett Kavanaugh be confirmed to the Supreme Court?", "sentence_label": "NA", "tokens_list": ["take", "our", "poll", "-", "story", "continues", "below", "Will", "Brett", "Kavanaugh", "be", "confirmed", "to", "the", "Supreme", "Court", "?"], "tokens_dicts_list": [{"token": "take", "start_char": 675, "end_char": 679, "token_label": "NA"}, {"token": "our", "start_char": 680, "end_char": 683, "token_label": "NA"}, {"token": "poll", "start_char": 684, "end_char": 688, "token_label": "NA"}, {"token": "-", "start_char": 689, "end_char": 690, "token_label": "NA"}, {"token": "story", "start_char": 691, "end_char": 696, "token_label": "NA"}, {"token": "continues", "start_char": 697, "end_char": 706, "token_label": "NA"}, {"token": "below", "start_char": 707, "end_char": 712, "token_label": "NA"}, {"token": "Will", "start_char": 713, "end_char": 717, "token_label": "NA"}, {"token": "Brett", "start_char": 718, "end_char": 723, "token_label": "NA"}, {"token": "Kavanaugh", "start_char": 724, "end_char": 733, "token_label": "NA"}, {"token": "be", "start_char": 734, "end_char": 736, "token_label": "NA"}, {"token": "confirmed", "start_char": 737, "end_char": 746, "token_label": "NA"}, {"token": "to", "start_char": 747, "end_char": 749, "token_label": "NA"}, {"token": "the", "start_char": 750, "end_char": 753, "token_label": "NA"}, {"token": "Supreme", "start_char": 754, "end_char": 761, "token_label": "NA"}, {"token": "Court", "start_char": 762, "end_char": 767, "token_label": "NA"}, {"token": "?", "start_char": 767, "end_char": 768, "token_label": "NA"}], "news_discourse_role": 0, "news_discourse_role_prob_0": 0.99604731798172, "news_discourse_role_prob_1": 0.0004689926281571388, "news_discourse_role_prob_2": 0.0004680607817135751, "news_discourse_role_prob_3": 5.6917073379736394e-05, "news_discourse_role_prob_4": 0.002649980131536722, "news_discourse_role_prob_5": 0.00015618072939105332, "news_discourse_role_prob_6": 7.191720214905217e-05, "news_discourse_role_prob_7": 4.63386568299029e-05, "news_discourse_role_prob_8": 3.4252385376021266e-05, "previous_discourse_relation": 3, "previous_discourse_relation_prob_comp": 0.007767281495034695, "previous_discourse_relation_prob_cont": 0.21680061519145966, "previous_discourse_relation_prob_temp": 0.003606584621593356, "previous_discourse_relation_prob_expan": 0.7718254923820496, "latter_discourse_relation": 3, "latter_discourse_relation_prob_comp": 0.0007416248554363847, "latter_discourse_relation_prob_cont": 0.00017674147966317832, "latter_discourse_relation_prob_temp": 0.00015689774591010064, "latter_discourse_relation_prob_expan": 0.9989247918128967}, {"sentence_id": 8, "sentence_start": 769, "sentence_end": 825, "sentence_text": "Will Brett Kavanaugh be confirmed to the Supreme Court?", "sentence_label": "NA", "tokens_list": ["Will", "Brett", "Kavanaugh", "be", "confirmed", "to", "the", "Supreme", "Court", "?"], "tokens_dicts_list": [{"token": "Will", "start_char": 769, "end_char": 773, "token_label": "NA"}, {"token": "Brett", "start_char": 774, "end_char": 779, "token_label": "NA"}, {"token": "Kavanaugh", "start_char": 780, "end_char": 789, "token_label": "NA"}, {"token": "be", "start_char": 790, "end_char": 792, "token_label": "NA"}, {"token": "confirmed", "start_char": 793, "end_char": 802, "token_label": "NA"}, {"token": "to", "start_char": 803, "end_char": 805, "token_label": "NA"}, {"token": "the", "start_char": 806, "end_char": 809, "token_label": "NA"}, {"token": "Supreme", "start_char": 810, "end_char": 817, "token_label": "NA"}, {"token": "Court", "start_char": 818, "end_char": 823, "token_label": "NA"}, {"token": "?", "start_char": 823, "end_char": 824, "token_label": "NA"}], "news_discourse_role": 0, "news_discourse_role_prob_0": 0.973084568977356, "news_discourse_role_prob_1": 0.019186871126294136, "news_discourse_role_prob_2": 0.0013546200934797525, "news_discourse_role_prob_3": 0.0004970027366653085, "news_discourse_role_prob_4": 0.0027430702466517687, "news_discourse_role_prob_5": 0.00028834512340836227, "news_discourse_role_prob_6": 0.000584883033297956, "news_discourse_role_prob_7": 0.0008372563752345741, "news_discourse_role_prob_8": 0.0014232760295271873, "previous_discourse_relation": 3, "previous_discourse_relation_prob_comp": 0.0007416248554363847, "previous_discourse_relation_prob_cont": 0.00017674147966317832, "previous_discourse_relation_prob_temp": 0.00015689774591010064, "previous_discourse_relation_prob_expan": 0.9989247918128967, "latter_discourse_relation": 3, "latter_discourse_relation_prob_comp": 0.0002767791738733649, "latter_discourse_relation_prob_cont": 3.968955570599064e-05, "latter_discourse_relation_prob_temp": 3.656435728771612e-05, "latter_discourse_relation_prob_expan": 0.9996470212936401}, {"sentence_id": 9, "sentence_start": 825, "sentence_end": 881, "sentence_text": "Will Brett Kavanaugh be confirmed to the Supreme Court?", "sentence_label": "NA", "tokens_list": ["Will", "Brett", "Kavanaugh", "be", "confirmed", "to", "the", "Supreme", "Court", "?"], "tokens_dicts_list": [{"token": "Will", "start_char": 825, "end_char": 829, "token_label": "NA"}, {"token": "Brett", "start_char": 830, "end_char": 835, "token_label": "NA"}, {"token": "Kavanaugh", "start_char": 836, "end_char": 845, "token_label": "NA"}, {"token": "be", "start_char": 846, "end_char": 848, "token_label": "NA"}, {"token": "confirmed", "start_char": 849, "end_char": 858, "token_label": "NA"}, {"token": "to", "start_char": 859, "end_char": 861, "token_label": "NA"}, {"token": "the", "start_char": 862, "end_char": 865, "token_label": "NA"}, {"token": "Supreme", "start_char": 866, "end_char": 873, "token_label": "NA"}, {"token": "Court", "start_char": 874, "end_char": 879, "token_label": "NA"}, {"token": "?", "start_char": 879, "end_char": 880, "token_label": "NA"}], "news_discourse_role": 0, "news_discourse_role_prob_0": 0.9579073190689087, "news_discourse_role_prob_1": 0.03351312130689621, "news_discourse_role_prob_2": 0.0017888325965031981, "news_discourse_role_prob_3": 0.0003601954667828977, "news_discourse_role_prob_4": 0.00246276892721653, "news_discourse_role_prob_5": 0.0003455878177192062, "news_discourse_role_prob_6": 0.000627657282166183, "news_discourse_role_prob_7": 0.001031596097163856, "news_discourse_role_prob_8": 0.001962929032742977, "previous_discourse_relation": 3, "previous_discourse_relation_prob_comp": 0.0002767791738733649, "previous_discourse_relation_prob_cont": 3.968955570599064e-05, "previous_discourse_relation_prob_temp": 3.656435728771612e-05, "previous_discourse_relation_prob_expan": 0.9996470212936401, "latter_discourse_relation": 3, "latter_discourse_relation_prob_comp": 0.002600731560960412, "latter_discourse_relation_prob_cont": 0.0034470839891582727, "latter_discourse_relation_prob_temp": 0.0006667734123766422, "latter_discourse_relation_prob_expan": 0.9932854175567627}, {"sentence_id": 10, "sentence_start": 881, "sentence_end": 910, "sentence_text": "* Yes, he will be confirmed.", "sentence_label": "NA", "tokens_list": ["*", "Yes", ",", "he", "will", "be", "confirmed", "."], "tokens_dicts_list": [{"token": "*", "start_char": 881, "end_char": 882, "token_label": "NA"}, {"token": "Yes", "start_char": 883, "end_char": 886, "token_label": "NA"}, {"token": ",", "start_char": 886, "end_char": 887, "token_label": "NA"}, {"token": "he", "start_char": 888, "end_char": 890, "token_label": "NA"}, {"token": "will", "start_char": 891, "end_char": 895, "token_label": "NA"}, {"token": "be", "start_char": 896, "end_char": 898, "token_label": "NA"}, {"token": "confirmed", "start_char": 899, "end_char": 908, "token_label": "NA"}, {"token": ".", "start_char": 908, "end_char": 909, "token_label": "NA"}], "news_discourse_role": 1, "news_discourse_role_prob_0": 0.33220750093460083, "news_discourse_role_prob_1": 0.5021501183509827, "news_discourse_role_prob_2": 0.013898037374019623, "news_discourse_role_prob_3": 0.0028100842610001564, "news_discourse_role_prob_4": 0.020251289010047913, "news_discourse_role_prob_5": 0.0013870567781850696, "news_discourse_role_prob_6": 0.008671515621244907, "news_discourse_role_prob_7": 0.023922540247440338, "news_discourse_role_prob_8": 0.09470182657241821, "previous_discourse_relation": 3, "previous_discourse_relation_prob_comp": 0.002600731560960412, "previous_discourse_relation_prob_cont": 0.0034470839891582727, "previous_discourse_relation_prob_temp": 0.0006667734123766422, "previous_discourse_relation_prob_expan": 0.9932854175567627, "latter_discourse_relation": 0, "latter_discourse_relation_prob_comp": 0.99152010679245, "latter_discourse_relation_prob_cont": 0.00010989265138050541, "latter_discourse_relation_prob_temp": 0.00015121758042369038, "latter_discourse_relation_prob_expan": 0.008218868635594845}, {"sentence_id": 11, "sentence_start": 910, "sentence_end": 940, "sentence_text": "No, he will not be confirmed.", "sentence_label": "NA", "tokens_list": ["No", ",", "he", "will", "not", "be", "confirmed", "."], "tokens_dicts_list": [{"token": "No", "start_char": 910, "end_char": 912, "token_label": "NA"}, {"token": ",", "start_char": 912, "end_char": 913, "token_label": "NA"}, {"token": "he", "start_char": 914, "end_char": 916, "token_label": "NA"}, {"token": "will", "start_char": 917, "end_char": 921, "token_label": "NA"}, {"token": "not", "start_char": 922, "end_char": 925, "token_label": "NA"}, {"token": "be", "start_char": 926, "end_char": 928, "token_label": "NA"}, {"token": "confirmed", "start_char": 929, "end_char": 938, "token_label": "NA"}, {"token": ".", "start_char": 938, "end_char": 939, "token_label": "NA"}], "news_discourse_role": 1, "news_discourse_role_prob_0": 0.11586645990610123, "news_discourse_role_prob_1": 0.813610315322876, "news_discourse_role_prob_2": 0.010766605846583843, "news_discourse_role_prob_3": 0.0013069437118247151, "news_discourse_role_prob_4": 0.015467637218534946, "news_discourse_role_prob_5": 0.0003162492939736694, "news_discourse_role_prob_6": 0.0032479760702699423, "news_discourse_role_prob_7": 0.00900232419371605, "news_discourse_role_prob_8": 0.030415501445531845, "previous_discourse_relation": 0, "previous_discourse_relation_prob_comp": 0.99152010679245, "previous_discourse_relation_prob_cont": 0.00010989265138050541, "previous_discourse_relation_prob_temp": 0.00015121758042369038, "previous_discourse_relation_prob_expan": 0.008218868635594845, "latter_discourse_relation": 3, "latter_discourse_relation_prob_comp": 0.006580042652785778, "latter_discourse_relation_prob_cont": 0.050872642546892166, "latter_discourse_relation_prob_temp": 0.0013986352132633328, "latter_discourse_relation_prob_expan": 0.9411486983299255}, {"sentence_id": 12, "sentence_start": 940, "sentence_end": 948, "sentence_text": "Email *", "sentence_label": "NA", "tokens_list": ["Email", "*"], "tokens_dicts_list": [{"token": "Email", "start_char": 940, "end_char": 945, "token_label": "NA"}, {"token": "*", "start_char": 946, "end_char": 947, "token_label": "NA"}], "news_discourse_role": 0, "news_discourse_role_prob_0": 0.9960795044898987, "news_discourse_role_prob_1": 3.61401034751907e-05, "news_discourse_role_prob_2": 0.0001351617247564718, "news_discourse_role_prob_3": 2.1242853108560666e-05, "news_discourse_role_prob_4": 0.003631398780271411, "news_discourse_role_prob_5": 5.3432650020113215e-05, "news_discourse_role_prob_6": 1.901420546346344e-05, "news_discourse_role_prob_7": 1.5724051991128363e-05, "news_discourse_role_prob_8": 8.433416951447725e-06, "previous_discourse_relation": 3, "previous_discourse_relation_prob_comp": 0.006580042652785778, "previous_discourse_relation_prob_cont": 0.050872642546892166, "previous_discourse_relation_prob_temp": 0.0013986352132633328, "previous_discourse_relation_prob_expan": 0.9411486983299255, "latter_discourse_relation": 3, "latter_discourse_relation_prob_comp": 0.012290171347558498, "latter_discourse_relation_prob_cont": 0.00972587801516056, "latter_discourse_relation_prob_temp": 0.00044299379806034267, "latter_discourse_relation_prob_expan": 0.977540910243988}, {"sentence_id": 13, "sentence_start": 948, "sentence_end": 1021, "sentence_text": "Name This field is for validation purposes and should be left unchanged.", "sentence_label": "NA", "tokens_list": ["Name", "This", "field", "is", "for", "validation", "purposes", "and", "should", "be", "left", "unchanged", "."], "tokens_dicts_list": [{"token": "Name", "start_char": 948, "end_char": 952, "token_label": "NA"}, {"token": "This", "start_char": 953, "end_char": 957, "token_label": "NA"}, {"token": "field", "start_char": 958, "end_char": 963, "token_label": "NA"}, {"token": "is", "start_char": 964, "end_char": 966, "token_label": "NA"}, {"token": "for", "start_char": 967, "end_char": 970, "token_label": "NA"}, {"token": "validation", "start_char": 971, "end_char": 981, "token_label": "NA"}, {"token": "purposes", "start_char": 982, "end_char": 990, "token_label": "NA"}, {"token": "and", "start_char": 991, "end_char": 994, "token_label": "NA"}, {"token": "should", "start_char": 995, "end_char": 1001, "token_label": "NA"}, {"token": "be", "start_char": 1002, "end_char": 1004, "token_label": "NA"}, {"token": "left", "start_char": 1005, "end_char": 1009, "token_label": "NA"}, {"token": "unchanged", "start_char": 1010, "end_char": 1019, "token_label": "NA"}, {"token": ".", "start_char": 1019, "end_char": 1020, "token_label": "NA"}], "news_discourse_role": 0, "news_discourse_role_prob_0": 0.9121196269989014, "news_discourse_role_prob_1": 0.0005980841815471649, "news_discourse_role_prob_2": 0.0015413692453876138, "news_discourse_role_prob_3": 0.00022465384972747415, "news_discourse_role_prob_4": 0.08462397754192352, "news_discourse_role_prob_5": 0.00048215125571005046, "news_discourse_role_prob_6": 5.2335373766254634e-05, "news_discourse_role_prob_7": 0.00020555283117573708, "news_discourse_role_prob_8": 0.00015236194303724915, "previous_discourse_relation": 3, "previous_discourse_relation_prob_comp": 0.012290171347558498, "previous_discourse_relation_prob_cont": 0.00972587801516056, "previous_discourse_relation_prob_temp": 0.00044299379806034267, "previous_discourse_relation_prob_expan": 0.977540910243988, "latter_discourse_relation": 3, "latter_discourse_relation_prob_comp": 0.02592073194682598, "latter_discourse_relation_prob_cont": 0.0207572802901268, "latter_discourse_relation_prob_temp": 0.000568337389267981, "latter_discourse_relation_prob_expan": 0.9527537226676941}, {"sentence_id": 14, "sentence_start": 1021, "sentence_end": 1103, "sentence_text": "Completing this poll grants you access to Freedom Outpost updates free of charge.", "sentence_label": "NA", "tokens_list": ["Completing", "this", "poll", "grants", "you", "access", "to", "Freedom", "Outpost", "updates", "free", "of", "charge", "."], "tokens_dicts_list": [{"token": "Completing", "start_char": 1021, "end_char": 1031, "token_label": "NA"}, {"token": "this", "start_char": 1032, "end_char": 1036, "token_label": "NA"}, {"token": "poll", "start_char": 1037, "end_char": 1041, "token_label": "NA"}, {"token": "grants", "start_char": 1042, "end_char": 1048, "token_label": "NA"}, {"token": "you", "start_char": 1049, "end_char": 1052, "token_label": "NA"}, {"token": "access", "start_char": 1053, "end_char": 1059, "token_label": "NA"}, {"token": "to", "start_char": 1060, "end_char": 1062, "token_label": "NA"}, {"token": "Freedom", "start_char": 1063, "end_char": 1070, "token_label": "NA"}, {"token": "Outpost", "start_char": 1071, "end_char": 1078, "token_label": "NA"}, {"token": "updates", "start_char": 1079, "end_char": 1086, "token_label": "NA"}, {"token": "free", "start_char": 1087, "end_char": 1091, "token_label": "NA"}, {"token": "of", "start_char": 1092, "end_char": 1094, "token_label": "NA"}, {"token": "charge", "start_char": 1095, "end_char": 1101, "token_label": "NA"}, {"token": ".", "start_char": 1101, "end_char": 1102, "token_label": "NA"}], "news_discourse_role": 0, "news_discourse_role_prob_0": 0.5028010606765747, "news_discourse_role_prob_1": 0.01579819992184639, "news_discourse_role_prob_2": 0.012685981579124928, "news_discourse_role_prob_3": 0.001808813656680286, "news_discourse_role_prob_4": 0.4645693898200989, "news_discourse_role_prob_5": 0.0010613386984914541, "news_discourse_role_prob_6": 0.0005364192766137421, "news_discourse_role_prob_7": 0.0004767859645653516, "news_discourse_role_prob_8": 0.00026199896819889545, "previous_discourse_relation": 3, "previous_discourse_relation_prob_comp": 0.02592073194682598, "previous_discourse_relation_prob_cont": 0.0207572802901268, "previous_discourse_relation_prob_temp": 0.000568337389267981, "previous_discourse_relation_prob_expan": 0.9527537226676941, "latter_discourse_relation": 3, "latter_discourse_relation_prob_comp": 0.005617814604192972, "latter_discourse_relation_prob_cont": 0.003056016517803073, "latter_discourse_relation_prob_temp": 0.0002320806379429996, "latter_discourse_relation_prob_expan": 0.991094172000885}, {"sentence_id": 15, "sentence_start": 1103, "sentence_end": 1131, "sentence_text": "You may opt out at anytime.", "sentence_label": "NA", "tokens_list": ["You", "may", "opt", "out", "at", "anytime", "."], "tokens_dicts_list": [{"token": "You", "start_char": 1103, "end_char": 1106, "token_label": "NA"}, {"token": "may", "start_char": 1107, "end_char": 1110, "token_label": "NA"}, {"token": "opt", "start_char": 1111, "end_char": 1114, "token_label": "NA"}, {"token": "out", "start_char": 1115, "end_char": 1118, "token_label": "NA"}, {"token": "at", "start_char": 1119, "end_char": 1121, "token_label": "NA"}, {"token": "anytime", "start_char": 1122, "end_char": 1129, "token_label": "NA"}, {"token": ".", "start_char": 1129, "end_char": 1130, "token_label": "NA"}], "news_discourse_role": 4, "news_discourse_role_prob_0": 0.05732410401105881, "news_discourse_role_prob_1": 0.013442195020616055, "news_discourse_role_prob_2": 0.03314491733908653, "news_discourse_role_prob_3": 0.0010428683599457145, "news_discourse_role_prob_4": 0.8812929391860962, "news_discourse_role_prob_5": 0.00130346673540771, "news_discourse_role_prob_6": 0.0014537610113620758, "news_discourse_role_prob_7": 0.006696189753711224, "news_discourse_role_prob_8": 0.004299643915146589, "previous_discourse_relation": 3, "previous_discourse_relation_prob_comp": 0.005617814604192972, "previous_discourse_relation_prob_cont": 0.003056016517803073, "previous_discourse_relation_prob_temp": 0.0002320806379429996, "previous_discourse_relation_prob_expan": 0.991094172000885, "latter_discourse_relation": 3, "latter_discourse_relation_prob_comp": 0.0001821812620619312, "latter_discourse_relation_prob_cont": 0.00042030258919112384, "latter_discourse_relation_prob_temp": 0.00012057384446961805, "latter_discourse_relation_prob_expan": 0.9992769360542297}, {"sentence_id": 16, "sentence_start": 1131, "sentence_end": 1194, "sentence_text": "You also agree to this site's Privacy Policy and Terms of Use.", "sentence_label": "NA", "tokens_list": ["You", "also", "agree", "to", "this", "site", "'s", "Privacy", "Policy", "and", "Terms", "of", "Use", "."], "tokens_dicts_list": [{"token": "You", "start_char": 1131, "end_char": 1134, "token_label": "NA"}, {"token": "also", "start_char": 1135, "end_char": 1139, "token_label": "NA"}, {"token": "agree", "start_char": 1140, "end_char": 1145, "token_label": "NA"}, {"token": "to", "start_char": 1146, "end_char": 1148, "token_label": "NA"}, {"token": "this", "start_char": 1149, "end_char": 1153, "token_label": "NA"}, {"token": "site", "start_char": 1154, "end_char": 1158, "token_label": "NA"}, {"token": "'s", "start_char": 1158, "end_char": 1160, "token_label": "NA"}, {"token": "Privacy", "start_char": 1161, "end_char": 1168, "token_label": "NA"}, {"token": "Policy", "start_char": 1169, "end_char": 1175, "token_label": "NA"}, {"token": "and", "start_char": 1176, "end_char": 1179, "token_label": "NA"}, {"token": "Terms", "start_char": 1180, "end_char": 1185, "token_label": "NA"}, {"token": "of", "start_char": 1186, "end_char": 1188, "token_label": "NA"}, {"token": "Use", "start_char": 1189, "end_char": 1192, "token_label": "NA"}, {"token": ".", "start_char": 1192, "end_char": 1193, "token_label": "NA"}], "news_discourse_role": 4, "news_discourse_role_prob_0": 0.01212588045746088, "news_discourse_role_prob_1": 0.015114488080143929, "news_discourse_role_prob_2": 0.016463233157992363, "news_discourse_role_prob_3": 0.001413810416124761, "news_discourse_role_prob_4": 0.9407985806465149, "news_discourse_role_prob_5": 0.0014474318595603108, "news_discourse_role_prob_6": 0.0006057932041585445, "news_discourse_role_prob_7": 0.009896717965602875, "news_discourse_role_prob_8": 0.0021340001840144396, "previous_discourse_relation": 3, "previous_discourse_relation_prob_comp": 0.0001821812620619312, "previous_discourse_relation_prob_cont": 0.00042030258919112384, "previous_discourse_relation_prob_temp": 0.00012057384446961805, "previous_discourse_relation_prob_expan": 0.9992769360542297, "latter_discourse_relation": 3, "latter_discourse_relation_prob_comp": 0.01802494190633297, "latter_discourse_relation_prob_cont": 0.02283480018377304, "latter_discourse_relation_prob_temp": 0.00729881739243865, "latter_discourse_relation_prob_expan": 0.951841413974762}, {"sentence_id": 17, "sentence_start": 1194, "sentence_end": 1450, "sentence_text": "At the Hammonds\u2019 original sentencing, the judge noted that they are respected in the community and that imposing the mandatory minimum, 5-year prison sentence would \u201cshock the conscience\u201d and be \u201cgrossly disproportionate to the severity\u201d of their conduct.", "sentence_label": "Loaded_Language", "tokens_list": ["At", "the", "Hammonds\u2019", "original", "sentencing", ",", "the", "judge", "noted", "that", "they", "are", "respected", "in", "the", "community", "and", "that", "imposing", "the", "mandatory", "minimum", ",", "5-year", "prison", "sentence", "would", "\u201cshock", "the", "conscience\u201d", "and", "be", "\u201cgrossly", "disproportionate", "to", "the", "severity\u201d", "of", "their", "conduct", "."], "tokens_dicts_list": [{"token": "At", "start_char": 1194, "end_char": 1196, "token_label": "NA"}, {"token": "the", "start_char": 1197, "end_char": 1200, "token_label": "NA"}, {"token": "Hammonds\u2019", "start_char": 1201, "end_char": 1210, "token_label": "NA"}, {"token": "original", "start_char": 1211, "end_char": 1219, "token_label": "NA"}, {"token": "sentencing", "start_char": 1220, "end_char": 1230, "token_label": "NA"}, {"token": ",", "start_char": 1230, "end_char": 1231, "token_label": "NA"}, {"token": "the", "start_char": 1232, "end_char": 1235, "token_label": "NA"}, {"token": "judge", "start_char": 1236, "end_char": 1241, "token_label": "NA"}, {"token": "noted", "start_char": 1242, "end_char": 1247, "token_label": "NA"}, {"token": "that", "start_char": 1248, "end_char": 1252, "token_label": "NA"}, {"token": "they", "start_char": 1253, "end_char": 1257, "token_label": "NA"}, {"token": "are", "start_char": 1258, "end_char": 1261, "token_label": "NA"}, {"token": "respected", "start_char": 1262, "end_char": 1271, "token_label": "NA"}, {"token": "in", "start_char": 1272, "end_char": 1274, "token_label": "NA"}, {"token": "the", "start_char": 1275, "end_char": 1278, "token_label": "NA"}, {"token": "community", "start_char": 1279, "end_char": 1288, "token_label": "NA"}, {"token": "and", "start_char": 1289, "end_char": 1292, "token_label": "NA"}, {"token": "that", "start_char": 1293, "end_char": 1297, "token_label": "NA"}, {"token": "imposing", "start_char": 1298, "end_char": 1306, "token_label": "NA"}, {"token": "the", "start_char": 1307, "end_char": 1310, "token_label": "NA"}, {"token": "mandatory", "start_char": 1311, "end_char": 1320, "token_label": "NA"}, {"token": "minimum", "start_char": 1321, "end_char": 1328, "token_label": "NA"}, {"token": ",", "start_char": 1328, "end_char": 1329, "token_label": "NA"}, {"token": "5-year", "start_char": 1330, "end_char": 1336, "token_label": "NA"}, {"token": "prison", "start_char": 1337, "end_char": 1343, "token_label": "NA"}, {"token": "sentence", "start_char": 1344, "end_char": 1352, "token_label": "NA"}, {"token": "would", "start_char": 1353, "end_char": 1358, "token_label": "NA"}, {"token": "\u201cshock", "start_char": 1359, "end_char": 1365, "token_label": "Loaded_Language"}, {"token": "the", "start_char": 1366, "end_char": 1369, "token_label": "NA"}, {"token": "conscience\u201d", "start_char": 1370, "end_char": 1381, "token_label": "NA"}, {"token": "and", "start_char": 1382, "end_char": 1385, "token_label": "NA"}, {"token": "be", "start_char": 1386, "end_char": 1388, "token_label": "NA"}, {"token": "\u201cgrossly", "start_char": 1389, "end_char": 1397, "token_label": "Loaded_Language"}, {"token": "disproportionate", "start_char": 1398, "end_char": 1414, "token_label": "Loaded_Language"}, {"token": "to", "start_char": 1415, "end_char": 1417, "token_label": "NA"}, {"token": "the", "start_char": 1418, "end_char": 1421, "token_label": "NA"}, {"token": "severity\u201d", "start_char": 1422, "end_char": 1431, "token_label": "NA"}, {"token": "of", "start_char": 1432, "end_char": 1434, "token_label": "NA"}, {"token": "their", "start_char": 1435, "end_char": 1440, "token_label": "NA"}, {"token": "conduct", "start_char": 1441, "end_char": 1448, "token_label": "NA"}, {"token": ".", "start_char": 1448, "end_char": 1449, "token_label": "NA"}], "news_discourse_role": 5, "news_discourse_role_prob_0": 6.42160521238111e-05, "news_discourse_role_prob_1": 0.006944642867892981, "news_discourse_role_prob_2": 0.0002555808750912547, "news_discourse_role_prob_3": 0.0815972164273262, "news_discourse_role_prob_4": 0.016181088984012604, "news_discourse_role_prob_5": 0.7456898093223572, "news_discourse_role_prob_6": 0.0012456659460440278, "news_discourse_role_prob_7": 0.14586015045642853, "news_discourse_role_prob_8": 0.0021616125013679266, "previous_discourse_relation": 3, "previous_discourse_relation_prob_comp": 0.01802494190633297, "previous_discourse_relation_prob_cont": 0.02283480018377304, "previous_discourse_relation_prob_temp": 0.00729881739243865, "previous_discourse_relation_prob_expan": 0.951841413974762, "latter_discourse_relation": 1, "latter_discourse_relation_prob_comp": 0.000427038234192878, "latter_discourse_relation_prob_cont": 0.9989714622497559, "latter_discourse_relation_prob_temp": 0.0002451487525831908, "latter_discourse_relation_prob_expan": 0.000356348289642483}, {"sentence_id": 18, "sentence_start": 1450, "sentence_end": 1513, "sentence_text": "As a result, the judge imposed significantly lesser sentences.", "sentence_label": "NA", "tokens_list": ["As", "a", "result", ",", "the", "judge", "imposed", "significantly", "lesser", "sentences", "."], "tokens_dicts_list": [{"token": "As", "start_char": 1450, "end_char": 1452, "token_label": "NA"}, {"token": "a", "start_char": 1453, "end_char": 1454, "token_label": "NA"}, {"token": "result", "start_char": 1455, "end_char": 1461, "token_label": "NA"}, {"token": ",", "start_char": 1461, "end_char": 1462, "token_label": "NA"}, {"token": "the", "start_char": 1463, "end_char": 1466, "token_label": "NA"}, {"token": "judge", "start_char": 1467, "end_char": 1472, "token_label": "NA"}, {"token": "imposed", "start_char": 1473, "end_char": 1480, "token_label": "NA"}, {"token": "significantly", "start_char": 1481, "end_char": 1494, "token_label": "NA"}, {"token": "lesser", "start_char": 1495, "end_char": 1501, "token_label": "NA"}, {"token": "sentences", "start_char": 1502, "end_char": 1511, "token_label": "NA"}, {"token": ".", "start_char": 1511, "end_char": 1512, "token_label": "NA"}], "news_discourse_role": 5, "news_discourse_role_prob_0": 4.1297258576378226e-05, "news_discourse_role_prob_1": 0.0017218865687027574, "news_discourse_role_prob_2": 0.00024997073342092335, "news_discourse_role_prob_3": 0.0335405170917511, "news_discourse_role_prob_4": 0.02320893108844757, "news_discourse_role_prob_5": 0.9354220628738403, "news_discourse_role_prob_6": 0.0003309177700430155, "news_discourse_role_prob_7": 0.005017928313463926, "news_discourse_role_prob_8": 0.00046641947119496763, "previous_discourse_relation": 1, "previous_discourse_relation_prob_comp": 0.000427038234192878, "previous_discourse_relation_prob_cont": 0.9989714622497559, "previous_discourse_relation_prob_temp": 0.0002451487525831908, "previous_discourse_relation_prob_expan": 0.000356348289642483, "latter_discourse_relation": 0, "latter_discourse_relation_prob_comp": 0.8237314820289612, "latter_discourse_relation_prob_cont": 0.0016785612097010016, "latter_discourse_relation_prob_temp": 0.12298587709665298, "latter_discourse_relation_prob_expan": 0.05160408094525337}, {"sentence_id": 19, "sentence_start": 1513, "sentence_end": 1650, "sentence_text": "The previous administration, however, filed an overzealous appeal that resulted in the Hammonds being sentenced to five years in prison.", "sentence_label": "Loaded_Language", "tokens_list": ["The", "previous", "administration", ",", "however", ",", "filed", "an", "overzealous", "appeal", "that", "resulted", "in", "the", "Hammonds", "being", "sentenced", "to", "five", "years", "in", "prison", "."], "tokens_dicts_list": [{"token": "The", "start_char": 1513, "end_char": 1516, "token_label": "NA"}, {"token": "previous", "start_char": 1517, "end_char": 1525, "token_label": "NA"}, {"token": "administration", "start_char": 1526, "end_char": 1540, "token_label": "NA"}, {"token": ",", "start_char": 1540, "end_char": 1541, "token_label": "NA"}, {"token": "however", "start_char": 1542, "end_char": 1549, "token_label": "NA"}, {"token": ",", "start_char": 1549, "end_char": 1550, "token_label": "NA"}, {"token": "filed", "start_char": 1551, "end_char": 1556, "token_label": "NA"}, {"token": "an", "start_char": 1557, "end_char": 1559, "token_label": "NA"}, {"token": "overzealous", "start_char": 1560, "end_char": 1571, "token_label": "Loaded_Language"}, {"token": "appeal", "start_char": 1572, "end_char": 1578, "token_label": "NA"}, {"token": "that", "start_char": 1579, "end_char": 1583, "token_label": "NA"}, {"token": "resulted", "start_char": 1584, "end_char": 1592, "token_label": "NA"}, {"token": "in", "start_char": 1593, "end_char": 1595, "token_label": "NA"}, {"token": "the", "start_char": 1596, "end_char": 1599, "token_label": "NA"}, {"token": "Hammonds", "start_char": 1600, "end_char": 1608, "token_label": "NA"}, {"token": "being", "start_char": 1609, "end_char": 1614, "token_label": "NA"}, {"token": "sentenced", "start_char": 1615, "end_char": 1624, "token_label": "NA"}, {"token": "to", "start_char": 1625, "end_char": 1627, "token_label": "NA"}, {"token": "five", "start_char": 1628, "end_char": 1632, "token_label": "NA"}, {"token": "years", "start_char": 1633, "end_char": 1638, "token_label": "NA"}, {"token": "in", "start_char": 1639, "end_char": 1641, "token_label": "NA"}, {"token": "prison", "start_char": 1642, "end_char": 1648, "token_label": "NA"}, {"token": ".", "start_char": 1648, "end_char": 1649, "token_label": "NA"}], "news_discourse_role": 5, "news_discourse_role_prob_0": 2.499453694326803e-05, "news_discourse_role_prob_1": 0.0015299837104976177, "news_discourse_role_prob_2": 0.0001320820883847773, "news_discourse_role_prob_3": 0.0454895943403244, "news_discourse_role_prob_4": 0.04229099303483963, "news_discourse_role_prob_5": 0.9098228812217712, "news_discourse_role_prob_6": 0.00014402717351913452, "news_discourse_role_prob_7": 0.00045462686102837324, "news_discourse_role_prob_8": 0.00011068567982874811, "previous_discourse_relation": 0, "previous_discourse_relation_prob_comp": 0.8237314820289612, "previous_discourse_relation_prob_cont": 0.0016785612097010016, "previous_discourse_relation_prob_temp": 0.12298587709665298, "previous_discourse_relation_prob_expan": 0.05160408094525337, "latter_discourse_relation": 0, "latter_discourse_relation_prob_comp": 0.5908936858177185, "latter_discourse_relation_prob_cont": 0.17096465826034546, "latter_discourse_relation_prob_temp": 0.0030227897223085165, "latter_discourse_relation_prob_expan": 0.23511888086795807}, {"sentence_id": 20, "sentence_start": 1650, "sentence_end": 1667, "sentence_text": "This was unjust.", "sentence_label": "NA", "tokens_list": ["This", "was", "unjust", "."], "tokens_dicts_list": [{"token": "This", "start_char": 1650, "end_char": 1654, "token_label": "NA"}, {"token": "was", "start_char": 1655, "end_char": 1658, "token_label": "NA"}, {"token": "unjust", "start_char": 1659, "end_char": 1665, "token_label": "NA"}, {"token": ".", "start_char": 1665, "end_char": 1666, "token_label": "NA"}], "news_discourse_role": 7, "news_discourse_role_prob_0": 0.0007170793251134455, "news_discourse_role_prob_1": 0.026329124346375465, "news_discourse_role_prob_2": 0.0006829165504314005, "news_discourse_role_prob_3": 0.10171332210302353, "news_discourse_role_prob_4": 0.021730266511440277, "news_discourse_role_prob_5": 0.3778362572193146, "news_discourse_role_prob_6": 0.004254338331520557, "news_discourse_role_prob_7": 0.4639604985713959, "news_discourse_role_prob_8": 0.002776186913251877, "previous_discourse_relation": 0, "previous_discourse_relation_prob_comp": 0.5908936858177185, "previous_discourse_relation_prob_cont": 0.17096465826034546, "previous_discourse_relation_prob_temp": 0.0030227897223085165, "previous_discourse_relation_prob_expan": 0.23511888086795807, "latter_discourse_relation": 1, "latter_discourse_relation_prob_comp": 0.0033333180472254753, "latter_discourse_relation_prob_cont": 0.7544724345207214, "latter_discourse_relation_prob_temp": 0.00013113333261571825, "latter_discourse_relation_prob_expan": 0.2420630306005478}, {"sentence_id": 21, "sentence_start": 1667, "sentence_end": 1754, "sentence_text": "Dwight Hammond is now 76 years old and has served approximately three years in prison.", "sentence_label": "NA", "tokens_list": ["Dwight", "Hammond", "is", "now", "76", "years", "old", "and", "has", "served", "approximately", "three", "years", "in", "prison", "."], "tokens_dicts_list": [{"token": "Dwight", "start_char": 1667, "end_char": 1673, "token_label": "NA"}, {"token": "Hammond", "start_char": 1674, "end_char": 1681, "token_label": "NA"}, {"token": "is", "start_char": 1682, "end_char": 1684, "token_label": "NA"}, {"token": "now", "start_char": 1685, "end_char": 1688, "token_label": "NA"}, {"token": "76", "start_char": 1689, "end_char": 1691, "token_label": "NA"}, {"token": "years", "start_char": 1692, "end_char": 1697, "token_label": "NA"}, {"token": "old", "start_char": 1698, "end_char": 1701, "token_label": "NA"}, {"token": "and", "start_char": 1702, "end_char": 1705, "token_label": "NA"}, {"token": "has", "start_char": 1706, "end_char": 1709, "token_label": "NA"}, {"token": "served", "start_char": 1710, "end_char": 1716, "token_label": "NA"}, {"token": "approximately", "start_char": 1717, "end_char": 1730, "token_label": "NA"}, {"token": "three", "start_char": 1731, "end_char": 1736, "token_label": "NA"}, {"token": "years", "start_char": 1737, "end_char": 1742, "token_label": "NA"}, {"token": "in", "start_char": 1743, "end_char": 1745, "token_label": "NA"}, {"token": "prison", "start_char": 1746, "end_char": 1752, "token_label": "NA"}, {"token": ".", "start_char": 1752, "end_char": 1753, "token_label": "NA"}], "news_discourse_role": 4, "news_discourse_role_prob_0": 0.00032056288910098374, "news_discourse_role_prob_1": 0.003966699354350567, "news_discourse_role_prob_2": 0.005882790312170982, "news_discourse_role_prob_3": 0.0024140437599271536, "news_discourse_role_prob_4": 0.9822841286659241, "news_discourse_role_prob_5": 0.0013045031810179353, "news_discourse_role_prob_6": 0.0030732862651348114, "news_discourse_role_prob_7": 0.0006504108314402401, "news_discourse_role_prob_8": 0.00010357310384279117, "previous_discourse_relation": 1, "previous_discourse_relation_prob_comp": 0.0033333180472254753, "previous_discourse_relation_prob_cont": 0.7544724345207214, "previous_discourse_relation_prob_temp": 0.00013113333261571825, "previous_discourse_relation_prob_expan": 0.2420630306005478, "latter_discourse_relation": 3, "latter_discourse_relation_prob_comp": 0.28095123171806335, "latter_discourse_relation_prob_cont": 7.561636448372155e-05, "latter_discourse_relation_prob_temp": 6.663651583949104e-05, "latter_discourse_relation_prob_expan": 0.7189065217971802}, {"sentence_id": 22, "sentence_start": 1754, "sentence_end": 1826, "sentence_text": "Steven Hammond is 49 and has served approximately four years in prison.", "sentence_label": "NA", "tokens_list": ["Steven", "Hammond", "is", "49", "and", "has", "served", "approximately", "four", "years", "in", "prison", "."], "tokens_dicts_list": [{"token": "Steven", "start_char": 1754, "end_char": 1760, "token_label": "NA"}, {"token": "Hammond", "start_char": 1761, "end_char": 1768, "token_label": "NA"}, {"token": "is", "start_char": 1769, "end_char": 1771, "token_label": "NA"}, {"token": "49", "start_char": 1772, "end_char": 1774, "token_label": "NA"}, {"token": "and", "start_char": 1775, "end_char": 1778, "token_label": "NA"}, {"token": "has", "start_char": 1779, "end_char": 1782, "token_label": "NA"}, {"token": "served", "start_char": 1783, "end_char": 1789, "token_label": "NA"}, {"token": "approximately", "start_char": 1790, "end_char": 1803, "token_label": "NA"}, {"token": "four", "start_char": 1804, "end_char": 1808, "token_label": "NA"}, {"token": "years", "start_char": 1809, "end_char": 1814, "token_label": "NA"}, {"token": "in", "start_char": 1815, "end_char": 1817, "token_label": "NA"}, {"token": "prison", "start_char": 1818, "end_char": 1824, "token_label": "NA"}, {"token": ".", "start_char": 1824, "end_char": 1825, "token_label": "NA"}], "news_discourse_role": 4, "news_discourse_role_prob_0": 0.0020595192909240723, "news_discourse_role_prob_1": 0.018691442906856537, "news_discourse_role_prob_2": 0.01753520965576172, "news_discourse_role_prob_3": 0.005995764397084713, "news_discourse_role_prob_4": 0.9393137097358704, "news_discourse_role_prob_5": 0.0014997310936450958, "news_discourse_role_prob_6": 0.014047683216631413, "news_discourse_role_prob_7": 0.0006800288683734834, "news_discourse_role_prob_8": 0.0001769416849128902, "previous_discourse_relation": 3, "previous_discourse_relation_prob_comp": 0.28095123171806335, "previous_discourse_relation_prob_cont": 7.561636448372155e-05, "previous_discourse_relation_prob_temp": 6.663651583949104e-05, "previous_discourse_relation_prob_expan": 0.7189065217971802, "latter_discourse_relation": 3, "latter_discourse_relation_prob_comp": 0.00026441094814799726, "latter_discourse_relation_prob_cont": 0.00010054568701889366, "latter_discourse_relation_prob_temp": 1.4910302525095176e-05, "latter_discourse_relation_prob_expan": 0.9996200799942017}, {"sentence_id": 23, "sentence_start": 1826, "sentence_end": 1908, "sentence_text": "They have also paid $400,000 to the United States to settle a related civil suit.", "sentence_label": "NA", "tokens_list": ["They", "have", "also", "paid", "$", "400,000", "to", "the", "United", "States", "to", "settle", "a", "related", "civil", "suit", "."], "tokens_dicts_list": [{"token": "They", "start_char": 1826, "end_char": 1830, "token_label": "NA"}, {"token": "have", "start_char": 1831, "end_char": 1835, "token_label": "NA"}, {"token": "also", "start_char": 1836, "end_char": 1840, "token_label": "NA"}, {"token": "paid", "start_char": 1841, "end_char": 1845, "token_label": "NA"}, {"token": "$", "start_char": 1846, "end_char": 1847, "token_label": "NA"}, {"token": "400,000", "start_char": 1847, "end_char": 1854, "token_label": "NA"}, {"token": "to", "start_char": 1855, "end_char": 1857, "token_label": "NA"}, {"token": "the", "start_char": 1858, "end_char": 1861, "token_label": "NA"}, {"token": "United", "start_char": 1862, "end_char": 1868, "token_label": "NA"}, {"token": "States", "start_char": 1869, "end_char": 1875, "token_label": "NA"}, {"token": "to", "start_char": 1876, "end_char": 1878, "token_label": "NA"}, {"token": "settle", "start_char": 1879, "end_char": 1885, "token_label": "NA"}, {"token": "a", "start_char": 1886, "end_char": 1887, "token_label": "NA"}, {"token": "related", "start_char": 1888, "end_char": 1895, "token_label": "NA"}, {"token": "civil", "start_char": 1896, "end_char": 1901, "token_label": "NA"}, {"token": "suit", "start_char": 1902, "end_char": 1906, "token_label": "NA"}, {"token": ".", "start_char": 1906, "end_char": 1907, "token_label": "NA"}], "news_discourse_role": 4, "news_discourse_role_prob_0": 1.1710551007126924e-05, "news_discourse_role_prob_1": 0.0007345801568590105, "news_discourse_role_prob_2": 0.0016517960466444492, "news_discourse_role_prob_3": 0.000750474922824651, "news_discourse_role_prob_4": 0.9957141280174255, "news_discourse_role_prob_5": 0.0006289822049438953, "news_discourse_role_prob_6": 0.00015708972932770848, "news_discourse_role_prob_7": 0.00030783438705839217, "news_discourse_role_prob_8": 4.3410920625319704e-05, "previous_discourse_relation": 3, "previous_discourse_relation_prob_comp": 0.00026441094814799726, "previous_discourse_relation_prob_cont": 0.00010054568701889366, "previous_discourse_relation_prob_temp": 1.4910302525095176e-05, "previous_discourse_relation_prob_expan": 0.9996200799942017, "latter_discourse_relation": 3, "latter_discourse_relation_prob_comp": 0.08569516241550446, "latter_discourse_relation_prob_cont": 0.09328684210777283, "latter_discourse_relation_prob_temp": 0.0053739226423203945, "latter_discourse_relation_prob_expan": 0.8156440854072571}, {"sentence_id": 24, "sentence_start": 1908, "sentence_end": 2109, "sentence_text": "The Hammonds are devoted family men, respected contributors to their local community, and have widespread support from their neighbors, local law enforcement, and farmers and ranchers across the West.", "sentence_label": "Name_Calling,Labeling", "tokens_list": ["The", "Hammonds", "are", "devoted", "family", "men", ",", "respected", "contributors", "to", "their", "local", "community", ",", "and", "have", "widespread", "support", "from", "their", "neighbors", ",", "local", "law", "enforcement", ",", "and", "farmers", "and", "ranchers", "across", "the", "West", "."], "tokens_dicts_list": [{"token": "The", "start_char": 1908, "end_char": 1911, "token_label": "NA"}, {"token": "Hammonds", "start_char": 1912, "end_char": 1920, "token_label": "NA"}, {"token": "are", "start_char": 1921, "end_char": 1924, "token_label": "NA"}, {"token": "devoted", "start_char": 1925, "end_char": 1932, "token_label": "Name_Calling,Labeling"}, {"token": "family", "start_char": 1933, "end_char": 1939, "token_label": "Name_Calling,Labeling"}, {"token": "men", "start_char": 1940, "end_char": 1943, "token_label": "Name_Calling,Labeling"}, {"token": ",", "start_char": 1943, "end_char": 1944, "token_label": "NA"}, {"token": "respected", "start_char": 1945, "end_char": 1954, "token_label": "Name_Calling,Labeling"}, {"token": "contributors", "start_char": 1955, "end_char": 1967, "token_label": "Name_Calling,Labeling"}, {"token": "to", "start_char": 1968, "end_char": 1970, "token_label": "Name_Calling,Labeling"}, {"token": "their", "start_char": 1971, "end_char": 1976, "token_label": "Name_Calling,Labeling"}, {"token": "local", "start_char": 1977, "end_char": 1982, "token_label": "Name_Calling,Labeling"}, {"token": "community", "start_char": 1983, "end_char": 1992, "token_label": "Name_Calling,Labeling"}, {"token": ",", "start_char": 1992, "end_char": 1993, "token_label": "NA"}, {"token": "and", "start_char": 1994, "end_char": 1997, "token_label": "NA"}, {"token": "have", "start_char": 1998, "end_char": 2002, "token_label": "NA"}, {"token": "widespread", "start_char": 2003, "end_char": 2013, "token_label": "NA"}, {"token": "support", "start_char": 2014, "end_char": 2021, "token_label": "NA"}, {"token": "from", "start_char": 2022, "end_char": 2026, "token_label": "NA"}, {"token": "their", "start_char": 2027, "end_char": 2032, "token_label": "NA"}, {"token": "neighbors", "start_char": 2033, "end_char": 2042, "token_label": "NA"}, {"token": ",", "start_char": 2042, "end_char": 2043, "token_label": "NA"}, {"token": "local", "start_char": 2044, "end_char": 2049, "token_label": "NA"}, {"token": "law", "start_char": 2050, "end_char": 2053, "token_label": "NA"}, {"token": "enforcement", "start_char": 2054, "end_char": 2065, "token_label": "NA"}, {"token": ",", "start_char": 2065, "end_char": 2066, "token_label": "NA"}, {"token": "and", "start_char": 2067, "end_char": 2070, "token_label": "NA"}, {"token": "farmers", "start_char": 2071, "end_char": 2078, "token_label": "NA"}, {"token": "and", "start_char": 2079, "end_char": 2082, "token_label": "NA"}, {"token": "ranchers", "start_char": 2083, "end_char": 2091, "token_label": "NA"}, {"token": "across", "start_char": 2092, "end_char": 2098, "token_label": "NA"}, {"token": "the", "start_char": 2099, "end_char": 2102, "token_label": "NA"}, {"token": "West", "start_char": 2103, "end_char": 2107, "token_label": "NA"}, {"token": ".", "start_char": 2107, "end_char": 2108, "token_label": "NA"}], "news_discourse_role": 7, "news_discourse_role_prob_0": 0.00011877566430484876, "news_discourse_role_prob_1": 0.004276143852621317, "news_discourse_role_prob_2": 0.0019270702032372355, "news_discourse_role_prob_3": 0.004623931832611561, "news_discourse_role_prob_4": 0.1865776777267456, "news_discourse_role_prob_5": 0.004736362025141716, "news_discourse_role_prob_6": 0.004519225098192692, "news_discourse_role_prob_7": 0.7901480793952942, "news_discourse_role_prob_8": 0.0030727547127753496, "previous_discourse_relation": 3, "previous_discourse_relation_prob_comp": 0.08569516241550446, "previous_discourse_relation_prob_cont": 0.09328684210777283, "previous_discourse_relation_prob_temp": 0.0053739226423203945, "previous_discourse_relation_prob_expan": 0.8156440854072571, "latter_discourse_relation": 1, "latter_discourse_relation_prob_comp": 0.0024570391979068518, "latter_discourse_relation_prob_cont": 0.8523433208465576, "latter_discourse_relation_prob_temp": 0.0003980069304816425, "latter_discourse_relation_prob_expan": 0.1448015719652176}, {"sentence_id": 25, "sentence_start": 2109, "sentence_end": 2234, "sentence_text": "Justice is overdue for Dwight and Steven Hammond, both of whom are entirely deserving of these Grants of Executive Clemency.", "sentence_label": "NA", "tokens_list": ["Justice", "is", "overdue", "for", "Dwight", "and", "Steven", "Hammond", ",", "both", "of", "whom", "are", "entirely", "deserving", "of", "these", "Grants", "of", "Executive", "Clemency", "."], "tokens_dicts_list": [{"token": "Justice", "start_char": 2109, "end_char": 2116, "token_label": "NA"}, {"token": "is", "start_char": 2117, "end_char": 2119, "token_label": "NA"}, {"token": "overdue", "start_char": 2120, "end_char": 2127, "token_label": "NA"}, {"token": "for", "start_char": 2128, "end_char": 2131, "token_label": "NA"}, {"token": "Dwight", "start_char": 2132, "end_char": 2138, "token_label": "NA"}, {"token": "and", "start_char": 2139, "end_char": 2142, "token_label": "NA"}, {"token": "Steven", "start_char": 2143, "end_char": 2149, "token_label": "NA"}, {"token": "Hammond", "start_char": 2150, "end_char": 2157, "token_label": "NA"}, {"token": ",", "start_char": 2157, "end_char": 2158, "token_label": "NA"}, {"token": "both", "start_char": 2159, "end_char": 2163, "token_label": "NA"}, {"token": "of", "start_char": 2164, "end_char": 2166, "token_label": "NA"}, {"token": "whom", "start_char": 2167, "end_char": 2171, "token_label": "NA"}, {"token": "are", "start_char": 2172, "end_char": 2175, "token_label": "NA"}, {"token": "entirely", "start_char": 2176, "end_char": 2184, "token_label": "NA"}, {"token": "deserving", "start_char": 2185, "end_char": 2194, "token_label": "NA"}, {"token": "of", "start_char": 2195, "end_char": 2197, "token_label": "NA"}, {"token": "these", "start_char": 2198, "end_char": 2203, "token_label": "NA"}, {"token": "Grants", "start_char": 2204, "end_char": 2210, "token_label": "NA"}, {"token": "of", "start_char": 2211, "end_char": 2213, "token_label": "NA"}, {"token": "Executive", "start_char": 2214, "end_char": 2223, "token_label": "NA"}, {"token": "Clemency", "start_char": 2224, "end_char": 2232, "token_label": "NA"}, {"token": ".", "start_char": 2232, "end_char": 2233, "token_label": "NA"}], "news_discourse_role": 7, "news_discourse_role_prob_0": 0.005983399227261543, "news_discourse_role_prob_1": 0.05930958688259125, "news_discourse_role_prob_2": 0.0013254055520519614, "news_discourse_role_prob_3": 0.004479472059756517, "news_discourse_role_prob_4": 0.0038754644338041544, "news_discourse_role_prob_5": 0.005296161398291588, "news_discourse_role_prob_6": 0.019192641600966454, "news_discourse_role_prob_7": 0.85614413022995, "news_discourse_role_prob_8": 0.04439377784729004, "previous_discourse_relation": 1, "previous_discourse_relation_prob_comp": 0.0024570391979068518, "previous_discourse_relation_prob_cont": 0.8523433208465576, "previous_discourse_relation_prob_temp": 0.0003980069304816425, "previous_discourse_relation_prob_expan": 0.1448015719652176, "latter_discourse_relation": 1, "latter_discourse_relation_prob_comp": 0.013492699712514877, "latter_discourse_relation_prob_cont": 0.5846053957939148, "latter_discourse_relation_prob_temp": 0.002230646787211299, "latter_discourse_relation_prob_expan": 0.3996712565422058}, {"sentence_id": 26, "sentence_start": 2234, "sentence_end": 2292, "sentence_text": "Well, it took long enough, but thank you President Trump.", "sentence_label": "NA", "tokens_list": ["Well", ",", "it", "took", "long", "enough", ",", "but", "thank", "you", "President", "Trump", "."], "tokens_dicts_list": [{"token": "Well", "start_char": 2234, "end_char": 2238, "token_label": "NA"}, {"token": ",", "start_char": 2238, "end_char": 2239, "token_label": "NA"}, {"token": "it", "start_char": 2240, "end_char": 2242, "token_label": "NA"}, {"token": "took", "start_char": 2243, "end_char": 2247, "token_label": "NA"}, {"token": "long", "start_char": 2248, "end_char": 2252, "token_label": "NA"}, {"token": "enough", "start_char": 2253, "end_char": 2259, "token_label": "NA"}, {"token": ",", "start_char": 2259, "end_char": 2260, "token_label": "NA"}, {"token": "but", "start_char": 2261, "end_char": 2264, "token_label": "NA"}, {"token": "thank", "start_char": 2265, "end_char": 2270, "token_label": "NA"}, {"token": "you", "start_char": 2271, "end_char": 2274, "token_label": "NA"}, {"token": "President", "start_char": 2275, "end_char": 2284, "token_label": "NA"}, {"token": "Trump", "start_char": 2285, "end_char": 2290, "token_label": "NA"}, {"token": ".", "start_char": 2290, "end_char": 2291, "token_label": "NA"}], "news_discourse_role": 7, "news_discourse_role_prob_0": 0.0012469242792576551, "news_discourse_role_prob_1": 0.07970927655696869, "news_discourse_role_prob_2": 0.0005450498429127038, "news_discourse_role_prob_3": 0.009282425977289677, "news_discourse_role_prob_4": 0.0037369418423622847, "news_discourse_role_prob_5": 0.0017200065776705742, "news_discourse_role_prob_6": 0.006147244945168495, "news_discourse_role_prob_7": 0.8898484110832214, "news_discourse_role_prob_8": 0.007763697300106287, "previous_discourse_relation": 1, "previous_discourse_relation_prob_comp": 0.013492699712514877, "previous_discourse_relation_prob_cont": 0.5846053957939148, "previous_discourse_relation_prob_temp": 0.002230646787211299, "previous_discourse_relation_prob_expan": 0.3996712565422058, "latter_discourse_relation": 1, "latter_discourse_relation_prob_comp": 0.004381487611681223, "latter_discourse_relation_prob_cont": 0.8101081848144531, "latter_discourse_relation_prob_temp": 0.0009901199955493212, "latter_discourse_relation_prob_expan": 0.1845201849937439}, {"sentence_id": 27, "sentence_start": 2292, "sentence_end": 2332, "sentence_text": "You did the right thing in this matter.", "sentence_label": "NA", "tokens_list": ["You", "did", "the", "right", "thing", "in", "this", "matter", "."], "tokens_dicts_list": [{"token": "You", "start_char": 2292, "end_char": 2295, "token_label": "NA"}, {"token": "did", "start_char": 2296, "end_char": 2299, "token_label": "NA"}, {"token": "the", "start_char": 2300, "end_char": 2303, "token_label": "NA"}, {"token": "right", "start_char": 2304, "end_char": 2309, "token_label": "NA"}, {"token": "thing", "start_char": 2310, "end_char": 2315, "token_label": "NA"}, {"token": "in", "start_char": 2316, "end_char": 2318, "token_label": "NA"}, {"token": "this", "start_char": 2319, "end_char": 2323, "token_label": "NA"}, {"token": "matter", "start_char": 2324, "end_char": 2330, "token_label": "NA"}, {"token": ".", "start_char": 2330, "end_char": 2331, "token_label": "NA"}], "news_discourse_role": 7, "news_discourse_role_prob_0": 0.0020596233662217855, "news_discourse_role_prob_1": 0.09201908111572266, "news_discourse_role_prob_2": 0.0009656469919718802, "news_discourse_role_prob_3": 0.008117794059216976, "news_discourse_role_prob_4": 0.00360234547406435, "news_discourse_role_prob_5": 0.00318612321279943, "news_discourse_role_prob_6": 0.005086047574877739, "news_discourse_role_prob_7": 0.8717947602272034, "news_discourse_role_prob_8": 0.013168641366064548, "previous_discourse_relation": 1, "previous_discourse_relation_prob_comp": 0.004381487611681223, "previous_discourse_relation_prob_cont": 0.8101081848144531, "previous_discourse_relation_prob_temp": 0.0009901199955493212, "previous_discourse_relation_prob_expan": 0.1845201849937439, "latter_discourse_relation": 3, "latter_discourse_relation_prob_comp": 0.0005267116939648986, "latter_discourse_relation_prob_cont": 0.005151941440999508, "latter_discourse_relation_prob_temp": 0.0006171982386149466, "latter_discourse_relation_prob_expan": 0.9937041401863098}, {"sentence_id": 28, "sentence_start": 2332, "sentence_end": 2475, "sentence_text": "And for all those who took the time to keep this story alive and urge people to petition the White House on behalf of the Hammonds, thank you!", "sentence_label": "NA", "tokens_list": ["And", "for", "all", "those", "who", "took", "the", "time", "to", "keep", "this", "story", "alive", "and", "urge", "people", "to", "petition", "the", "White", "House", "on", "behalf", "of", "the", "Hammonds", ",", "thank", "you", "!"], "tokens_dicts_list": [{"token": "And", "start_char": 2332, "end_char": 2335, "token_label": "NA"}, {"token": "for", "start_char": 2336, "end_char": 2339, "token_label": "NA"}, {"token": "all", "start_char": 2340, "end_char": 2343, "token_label": "NA"}, {"token": "those", "start_char": 2344, "end_char": 2349, "token_label": "NA"}, {"token": "who", "start_char": 2350, "end_char": 2353, "token_label": "NA"}, {"token": "took", "start_char": 2354, "end_char": 2358, "token_label": "NA"}, {"token": "the", "start_char": 2359, "end_char": 2362, "token_label": "NA"}, {"token": "time", "start_char": 2363, "end_char": 2367, "token_label": "NA"}, {"token": "to", "start_char": 2368, "end_char": 2370, "token_label": "NA"}, {"token": "keep", "start_char": 2371, "end_char": 2375, "token_label": "NA"}, {"token": "this", "start_char": 2376, "end_char": 2380, "token_label": "NA"}, {"token": "story", "start_char": 2381, "end_char": 2386, "token_label": "NA"}, {"token": "alive", "start_char": 2387, "end_char": 2392, "token_label": "NA"}, {"token": "and", "start_char": 2393, "end_char": 2396, "token_label": "NA"}, {"token": "urge", "start_char": 2397, "end_char": 2401, "token_label": "NA"}, {"token": "people", "start_char": 2402, "end_char": 2408, "token_label": "NA"}, {"token": "to", "start_char": 2409, "end_char": 2411, "token_label": "NA"}, {"token": "petition", "start_char": 2412, "end_char": 2420, "token_label": "NA"}, {"token": "the", "start_char": 2421, "end_char": 2424, "token_label": "NA"}, {"token": "White", "start_char": 2425, "end_char": 2430, "token_label": "NA"}, {"token": "House", "start_char": 2431, "end_char": 2436, "token_label": "NA"}, {"token": "on", "start_char": 2437, "end_char": 2439, "token_label": "NA"}, {"token": "behalf", "start_char": 2440, "end_char": 2446, "token_label": "NA"}, {"token": "of", "start_char": 2447, "end_char": 2449, "token_label": "NA"}, {"token": "the", "start_char": 2450, "end_char": 2453, "token_label": "NA"}, {"token": "Hammonds", "start_char": 2454, "end_char": 2462, "token_label": "NA"}, {"token": ",", "start_char": 2462, "end_char": 2463, "token_label": "NA"}, {"token": "thank", "start_char": 2464, "end_char": 2469, "token_label": "NA"}, {"token": "you", "start_char": 2470, "end_char": 2473, "token_label": "NA"}, {"token": "!", "start_char": 2473, "end_char": 2474, "token_label": "NA"}], "news_discourse_role": 7, "news_discourse_role_prob_0": 0.0011689916718751192, "news_discourse_role_prob_1": 0.03868050500750542, "news_discourse_role_prob_2": 0.004120597615838051, "news_discourse_role_prob_3": 0.0033528844360262156, "news_discourse_role_prob_4": 0.03173903748393059, "news_discourse_role_prob_5": 0.0029518092051148415, "news_discourse_role_prob_6": 0.00381550844758749, "news_discourse_role_prob_7": 0.905666172504425, "news_discourse_role_prob_8": 0.00850443635135889, "previous_discourse_relation": 3, "previous_discourse_relation_prob_comp": 0.0005267116939648986, "previous_discourse_relation_prob_cont": 0.005151941440999508, "previous_discourse_relation_prob_temp": 0.0006171982386149466, "previous_discourse_relation_prob_expan": 0.9937041401863098, "latter_discourse_relation": 3, "latter_discourse_relation_prob_comp": 0.002634885720908642, "latter_discourse_relation_prob_cont": 0.010571670718491077, "latter_discourse_relation_prob_temp": 0.002566634677350521, "latter_discourse_relation_prob_expan": 0.9842267632484436}, {"sentence_id": 29, "sentence_start": 2475, "sentence_end": 2613, "sentence_text": "It should be noted that the protests that took place in Oregon a couple of years ago were a response to the injustice the Hammonds faced.", "sentence_label": "NA", "tokens_list": ["It", "should", "be", "noted", "that", "the", "protests", "that", "took", "place", "in", "Oregon", "a", "couple", "of", "years", "ago", "were", "a", "response", "to", "the", "injustice", "the", "Hammonds", "faced", "."], "tokens_dicts_list": [{"token": "It", "start_char": 2475, "end_char": 2477, "token_label": "NA"}, {"token": "should", "start_char": 2478, "end_char": 2484, "token_label": "NA"}, {"token": "be", "start_char": 2485, "end_char": 2487, "token_label": "NA"}, {"token": "noted", "start_char": 2488, "end_char": 2493, "token_label": "NA"}, {"token": "that", "start_char": 2494, "end_char": 2498, "token_label": "NA"}, {"token": "the", "start_char": 2499, "end_char": 2502, "token_label": "NA"}, {"token": "protests", "start_char": 2503, "end_char": 2511, "token_label": "NA"}, {"token": "that", "start_char": 2512, "end_char": 2516, "token_label": "NA"}, {"token": "took", "start_char": 2517, "end_char": 2521, "token_label": "NA"}, {"token": "place", "start_char": 2522, "end_char": 2527, "token_label": "NA"}, {"token": "in", "start_char": 2528, "end_char": 2530, "token_label": "NA"}, {"token": "Oregon", "start_char": 2531, "end_char": 2537, "token_label": "NA"}, {"token": "a", "start_char": 2538, "end_char": 2539, "token_label": "NA"}, {"token": "couple", "start_char": 2540, "end_char": 2546, "token_label": "NA"}, {"token": "of", "start_char": 2547, "end_char": 2549, "token_label": "NA"}, {"token": "years", "start_char": 2550, "end_char": 2555, "token_label": "NA"}, {"token": "ago", "start_char": 2556, "end_char": 2559, "token_label": "NA"}, {"token": "were", "start_char": 2560, "end_char": 2564, "token_label": "NA"}, {"token": "a", "start_char": 2565, "end_char": 2566, "token_label": "NA"}, {"token": "response", "start_char": 2567, "end_char": 2575, "token_label": "NA"}, {"token": "to", "start_char": 2576, "end_char": 2578, "token_label": "NA"}, {"token": "the", "start_char": 2579, "end_char": 2582, "token_label": "NA"}, {"token": "injustice", "start_char": 2583, "end_char": 2592, "token_label": "NA"}, {"token": "the", "start_char": 2593, "end_char": 2596, "token_label": "NA"}, {"token": "Hammonds", "start_char": 2597, "end_char": 2605, "token_label": "NA"}, {"token": "faced", "start_char": 2606, "end_char": 2611, "token_label": "NA"}, {"token": ".", "start_char": 2611, "end_char": 2612, "token_label": "NA"}], "news_discourse_role": 5, "news_discourse_role_prob_0": 1.5584684661007486e-05, "news_discourse_role_prob_1": 0.00010832192492671311, "news_discourse_role_prob_2": 2.4437707907054573e-05, "news_discourse_role_prob_3": 0.001210399903357029, "news_discourse_role_prob_4": 0.002428825246170163, "news_discourse_role_prob_5": 0.9938578009605408, "news_discourse_role_prob_6": 0.000280685315374285, "news_discourse_role_prob_7": 0.0020468865986913443, "news_discourse_role_prob_8": 2.7097275960841216e-05, "previous_discourse_relation": 3, "previous_discourse_relation_prob_comp": 0.002634885720908642, "previous_discourse_relation_prob_cont": 0.010571670718491077, "previous_discourse_relation_prob_temp": 0.002566634677350521, "previous_discourse_relation_prob_expan": 0.9842267632484436, "latter_discourse_relation": 1, "latter_discourse_relation_prob_comp": 0.0001256139948964119, "latter_discourse_relation_prob_cont": 0.9225858449935913, "latter_discourse_relation_prob_temp": 0.0019418970914557576, "latter_discourse_relation_prob_expan": 0.07534663379192352}, {"sentence_id": 30, "sentence_start": 2613, "sentence_end": 2684, "sentence_text": "As a result, Robert \"LaVoy\" Finicum was killed by Oregon State Police.", "sentence_label": "NA", "tokens_list": ["As", "a", "result", ",", "Robert", "\"", "LaVoy", "\"", "Finicum", "was", "killed", "by", "Oregon", "State", "Police", "."], "tokens_dicts_list": [{"token": "As", "start_char": 2613, "end_char": 2615, "token_label": "NA"}, {"token": "a", "start_char": 2616, "end_char": 2617, "token_label": "NA"}, {"token": "result", "start_char": 2618, "end_char": 2624, "token_label": "NA"}, {"token": ",", "start_char": 2624, "end_char": 2625, "token_label": "NA"}, {"token": "Robert", "start_char": 2626, "end_char": 2632, "token_label": "NA"}, {"token": "\"", "start_char": 2633, "end_char": 2634, "token_label": "NA"}, {"token": "LaVoy", "start_char": 2634, "end_char": 2639, "token_label": "NA"}, {"token": "\"", "start_char": 2639, "end_char": 2640, "token_label": "NA"}, {"token": "Finicum", "start_char": 2641, "end_char": 2648, "token_label": "NA"}, {"token": "was", "start_char": 2649, "end_char": 2652, "token_label": "NA"}, {"token": "killed", "start_char": 2653, "end_char": 2659, "token_label": "NA"}, {"token": "by", "start_char": 2660, "end_char": 2662, "token_label": "NA"}, {"token": "Oregon", "start_char": 2663, "end_char": 2669, "token_label": "NA"}, {"token": "State", "start_char": 2670, "end_char": 2675, "token_label": "NA"}, {"token": "Police", "start_char": 2676, "end_char": 2682, "token_label": "NA"}, {"token": ".", "start_char": 2682, "end_char": 2683, "token_label": "NA"}], "news_discourse_role": 5, "news_discourse_role_prob_0": 1.2217594303365331e-05, "news_discourse_role_prob_1": 3.728301453520544e-05, "news_discourse_role_prob_2": 9.668553502706345e-06, "news_discourse_role_prob_3": 0.0008345585083588958, "news_discourse_role_prob_4": 0.0005914715002290905, "news_discourse_role_prob_5": 0.9984353184700012, "news_discourse_role_prob_6": 4.622535197995603e-05, "news_discourse_role_prob_7": 2.4557522920076735e-05, "news_discourse_role_prob_8": 8.76782723935321e-06, "previous_discourse_relation": 1, "previous_discourse_relation_prob_comp": 0.0001256139948964119, "previous_discourse_relation_prob_cont": 0.9225858449935913, "previous_discourse_relation_prob_temp": 0.0019418970914557576, "previous_discourse_relation_prob_expan": 0.07534663379192352, "latter_discourse_relation": 3, "latter_discourse_relation_prob_comp": 0.067730613052845, "latter_discourse_relation_prob_cont": 0.004785601049661636, "latter_discourse_relation_prob_temp": 0.04329666495323181, "latter_discourse_relation_prob_expan": 0.8841870427131653}, {"sentence_id": 31, "sentence_start": 2684, "sentence_end": 2805, "sentence_text": "Those who led the protest were all acquitted of all charges and reporter Pete Santilli had all of his charges dismissed.", "sentence_label": "NA", "tokens_list": ["Those", "who", "led", "the", "protest", "were", "all", "acquitted", "of", "all", "charges", "and", "reporter", "Pete", "Santilli", "had", "all", "of", "his", "charges", "dismissed", "."], "tokens_dicts_list": [{"token": "Those", "start_char": 2684, "end_char": 2689, "token_label": "NA"}, {"token": "who", "start_char": 2690, "end_char": 2693, "token_label": "NA"}, {"token": "led", "start_char": 2694, "end_char": 2697, "token_label": "NA"}, {"token": "the", "start_char": 2698, "end_char": 2701, "token_label": "NA"}, {"token": "protest", "start_char": 2702, "end_char": 2709, "token_label": "NA"}, {"token": "were", "start_char": 2710, "end_char": 2714, "token_label": "NA"}, {"token": "all", "start_char": 2715, "end_char": 2718, "token_label": "NA"}, {"token": "acquitted", "start_char": 2719, "end_char": 2728, "token_label": "NA"}, {"token": "of", "start_char": 2729, "end_char": 2731, "token_label": "NA"}, {"token": "all", "start_char": 2732, "end_char": 2735, "token_label": "NA"}, {"token": "charges", "start_char": 2736, "end_char": 2743, "token_label": "NA"}, {"token": "and", "start_char": 2744, "end_char": 2747, "token_label": "NA"}, {"token": "reporter", "start_char": 2748, "end_char": 2756, "token_label": "NA"}, {"token": "Pete", "start_char": 2757, "end_char": 2761, "token_label": "NA"}, {"token": "Santilli", "start_char": 2762, "end_char": 2770, "token_label": "NA"}, {"token": "had", "start_char": 2771, "end_char": 2774, "token_label": "NA"}, {"token": "all", "start_char": 2775, "end_char": 2778, "token_label": "NA"}, {"token": "of", "start_char": 2779, "end_char": 2781, "token_label": "NA"}, {"token": "his", "start_char": 2782, "end_char": 2785, "token_label": "NA"}, {"token": "charges", "start_char": 2786, "end_char": 2793, "token_label": "NA"}, {"token": "dismissed", "start_char": 2794, "end_char": 2803, "token_label": "NA"}, {"token": ".", "start_char": 2803, "end_char": 2804, "token_label": "NA"}], "news_discourse_role": 5, "news_discourse_role_prob_0": 7.1935583036975e-06, "news_discourse_role_prob_1": 5.4082178394310176e-05, "news_discourse_role_prob_2": 2.273400423291605e-05, "news_discourse_role_prob_3": 0.0014500586548820138, "news_discourse_role_prob_4": 0.004686720669269562, "news_discourse_role_prob_5": 0.9936730861663818, "news_discourse_role_prob_6": 5.1928942411905155e-05, "news_discourse_role_prob_7": 3.139142063446343e-05, "news_discourse_role_prob_8": 2.2824333427706733e-05, "previous_discourse_relation": 3, "previous_discourse_relation_prob_comp": 0.067730613052845, "previous_discourse_relation_prob_cont": 0.004785601049661636, "previous_discourse_relation_prob_temp": 0.04329666495323181, "previous_discourse_relation_prob_expan": 0.8841870427131653, "latter_discourse_relation": 3, "latter_discourse_relation_prob_comp": 0.01954265870153904, "latter_discourse_relation_prob_cont": 0.0043305265717208385, "latter_discourse_relation_prob_temp": 0.0008489929605275393, "latter_discourse_relation_prob_expan": 0.9752777814865112}, {"sentence_id": 32, "sentence_start": 2805, "sentence_end": 2905, "sentence_text": "No doubt, Finicum would have been found not guilty as well, but that's not how tyrants work, is it?", "sentence_label": "Name_Calling,Labeling", "tokens_list": ["No", "doubt", ",", "Finicum", "would", "have", "been", "found", "not", "guilty", "as", "well", ",", "but", "that", "'s", "not", "how", "tyrants", "work", ",", "is", "it", "?"], "tokens_dicts_list": [{"token": "No", "start_char": 2805, "end_char": 2807, "token_label": "NA"}, {"token": "doubt", "start_char": 2808, "end_char": 2813, "token_label": "NA"}, {"token": ",", "start_char": 2813, "end_char": 2814, "token_label": "NA"}, {"token": "Finicum", "start_char": 2815, "end_char": 2822, "token_label": "NA"}, {"token": "would", "start_char": 2823, "end_char": 2828, "token_label": "NA"}, {"token": "have", "start_char": 2829, "end_char": 2833, "token_label": "NA"}, {"token": "been", "start_char": 2834, "end_char": 2838, "token_label": "NA"}, {"token": "found", "start_char": 2839, "end_char": 2844, "token_label": "NA"}, {"token": "not", "start_char": 2845, "end_char": 2848, "token_label": "NA"}, {"token": "guilty", "start_char": 2849, "end_char": 2855, "token_label": "NA"}, {"token": "as", "start_char": 2856, "end_char": 2858, "token_label": "NA"}, {"token": "well", "start_char": 2859, "end_char": 2863, "token_label": "NA"}, {"token": ",", "start_char": 2863, "end_char": 2864, "token_label": "NA"}, {"token": "but", "start_char": 2865, "end_char": 2868, "token_label": "NA"}, {"token": "that", "start_char": 2869, "end_char": 2873, "token_label": "NA"}, {"token": "'s", "start_char": 2873, "end_char": 2875, "token_label": "NA"}, {"token": "not", "start_char": 2876, "end_char": 2879, "token_label": "NA"}, {"token": "how", "start_char": 2880, "end_char": 2883, "token_label": "NA"}, {"token": "tyrants", "start_char": 2884, "end_char": 2891, "token_label": "Name_Calling,Labeling"}, {"token": "work", "start_char": 2892, "end_char": 2896, "token_label": "NA"}, {"token": ",", "start_char": 2896, "end_char": 2897, "token_label": "NA"}, {"token": "is", "start_char": 2898, "end_char": 2900, "token_label": "NA"}, {"token": "it", "start_char": 2901, "end_char": 2903, "token_label": "NA"}, {"token": "?", "start_char": 2903, "end_char": 2904, "token_label": "NA"}], "news_discourse_role": 7, "news_discourse_role_prob_0": 0.00034533668076619506, "news_discourse_role_prob_1": 0.003617118578404188, "news_discourse_role_prob_2": 0.001215034513734281, "news_discourse_role_prob_3": 0.003744063898921013, "news_discourse_role_prob_4": 0.010967307724058628, "news_discourse_role_prob_5": 0.013834689743816853, "news_discourse_role_prob_6": 0.035158105194568634, "news_discourse_role_prob_7": 0.6060954928398132, "news_discourse_role_prob_8": 0.3250229060649872, "previous_discourse_relation": 3, "previous_discourse_relation_prob_comp": 0.01954265870153904, "previous_discourse_relation_prob_cont": 0.0043305265717208385, "previous_discourse_relation_prob_temp": 0.0008489929605275393, "previous_discourse_relation_prob_expan": 0.9752777814865112, "latter_discourse_relation": 3, "latter_discourse_relation_prob_comp": 0.25857114791870117, "latter_discourse_relation_prob_cont": 0.16963881254196167, "latter_discourse_relation_prob_temp": 0.00020171656797174364, "latter_discourse_relation_prob_expan": 0.5715883374214172}, {"sentence_id": 33, "sentence_start": 2905, "sentence_end": 3027, "sentence_text": "Today is a day to celebrate a wrong that has not been fully made right, but has definitely turned in the right direction!", "sentence_label": "NA", "tokens_list": ["Today", "is", "a", "day", "to", "celebrate", "a", "wrong", "that", "has", "not", "been", "fully", "made", "right", ",", "but", "has", "definitely", "turned", "in", "the", "right", "direction", "!"], "tokens_dicts_list": [{"token": "Today", "start_char": 2905, "end_char": 2910, "token_label": "NA"}, {"token": "is", "start_char": 2911, "end_char": 2913, "token_label": "NA"}, {"token": "a", "start_char": 2914, "end_char": 2915, "token_label": "NA"}, {"token": "day", "start_char": 2916, "end_char": 2919, "token_label": "NA"}, {"token": "to", "start_char": 2920, "end_char": 2922, "token_label": "NA"}, {"token": "celebrate", "start_char": 2923, "end_char": 2932, "token_label": "NA"}, {"token": "a", "start_char": 2933, "end_char": 2934, "token_label": "NA"}, {"token": "wrong", "start_char": 2935, "end_char": 2940, "token_label": "NA"}, {"token": "that", "start_char": 2941, "end_char": 2945, "token_label": "NA"}, {"token": "has", "start_char": 2946, "end_char": 2949, "token_label": "NA"}, {"token": "not", "start_char": 2950, "end_char": 2953, "token_label": "NA"}, {"token": "been", "start_char": 2954, "end_char": 2958, "token_label": "NA"}, {"token": "fully", "start_char": 2959, "end_char": 2964, "token_label": "NA"}, {"token": "made", "start_char": 2965, "end_char": 2969, "token_label": "NA"}, {"token": "right", "start_char": 2970, "end_char": 2975, "token_label": "NA"}, {"token": ",", "start_char": 2975, "end_char": 2976, "token_label": "NA"}, {"token": "but", "start_char": 2977, "end_char": 2980, "token_label": "NA"}, {"token": "has", "start_char": 2981, "end_char": 2984, "token_label": "NA"}, {"token": "definitely", "start_char": 2985, "end_char": 2995, "token_label": "NA"}, {"token": "turned", "start_char": 2996, "end_char": 3002, "token_label": "NA"}, {"token": "in", "start_char": 3003, "end_char": 3005, "token_label": "NA"}, {"token": "the", "start_char": 3006, "end_char": 3009, "token_label": "NA"}, {"token": "right", "start_char": 3010, "end_char": 3015, "token_label": "NA"}, {"token": "direction", "start_char": 3016, "end_char": 3025, "token_label": "NA"}, {"token": "!", "start_char": 3025, "end_char": 3026, "token_label": "NA"}], "news_discourse_role": 7, "news_discourse_role_prob_0": 0.011308729648590088, "news_discourse_role_prob_1": 0.12434050440788269, "news_discourse_role_prob_2": 0.0016788755310699344, "news_discourse_role_prob_3": 0.006427357438951731, "news_discourse_role_prob_4": 0.012848475016653538, "news_discourse_role_prob_5": 0.0029709397349506617, "news_discourse_role_prob_6": 0.008063157089054585, "news_discourse_role_prob_7": 0.7940667867660522, "news_discourse_role_prob_8": 0.038295209407806396, "previous_discourse_relation": 3, "previous_discourse_relation_prob_comp": 0.25857114791870117, "previous_discourse_relation_prob_cont": 0.16963881254196167, "previous_discourse_relation_prob_temp": 0.00020171656797174364, "previous_discourse_relation_prob_expan": 0.5715883374214172, "latter_discourse_relation": 3, "latter_discourse_relation_prob_comp": 0.003182424232363701, "latter_discourse_relation_prob_cont": 0.008588659577071667, "latter_discourse_relation_prob_temp": 0.0007299399003386497, "latter_discourse_relation_prob_expan": 0.987498939037323}, {"sentence_id": 34, "sentence_start": 3027, "sentence_end": 3087, "sentence_text": "Article posted with permission from The Washington Standard", "sentence_label": "NA", "tokens_list": ["Article", "posted", "with", "permission", "from", "The", "Washington", "Standard"], "tokens_dicts_list": [{"token": "Article", "start_char": 3027, "end_char": 3034, "token_label": "NA"}, {"token": "posted", "start_char": 3035, "end_char": 3041, "token_label": "NA"}, {"token": "with", "start_char": 3042, "end_char": 3046, "token_label": "NA"}, {"token": "permission", "start_char": 3047, "end_char": 3057, "token_label": "NA"}, {"token": "from", "start_char": 3058, "end_char": 3062, "token_label": "NA"}, {"token": "The", "start_char": 3063, "end_char": 3066, "token_label": "NA"}, {"token": "Washington", "start_char": 3067, "end_char": 3077, "token_label": "NA"}, {"token": "Standard", "start_char": 3078, "end_char": 3086, "token_label": "NA"}], "news_discourse_role": 0, "news_discourse_role_prob_0": 0.9985507130622864, "news_discourse_role_prob_1": 1.707115188764874e-05, "news_discourse_role_prob_2": 0.0001963981194421649, "news_discourse_role_prob_3": 8.778479241300374e-06, "news_discourse_role_prob_4": 0.0010511355940252542, "news_discourse_role_prob_5": 7.548332359874621e-05, "news_discourse_role_prob_6": 7.832393021089956e-05, "news_discourse_role_prob_7": 1.5186045857262798e-05, "news_discourse_role_prob_8": 6.87808960719849e-06, "previous_discourse_relation": 3, "previous_discourse_relation_prob_comp": 0.003182424232363701, "previous_discourse_relation_prob_cont": 0.008588659577071667, "previous_discourse_relation_prob_temp": 0.0007299399003386497, "previous_discourse_relation_prob_expan": 0.987498939037323, "latter_discourse_relation": -1}]}