{"file_name": "./Propaganda/json_annotations/train/article706636401.json", "num_sentences": 21, "sentences": [{"sentence_id": 0, "sentence_start": 0, "sentence_end": 127, "sentence_text": "Newly Released Private Surveillance Footage From The Las Vegas Massacre Shows \u201cHelicopter Hovering Overhead\u201d During The Attack", "sentence_label": "NA", "tokens_list": ["Newly", "Released", "Private", "Surveillance", "Footage", "From", "The", "Las", "Vegas", "Massacre", "Shows", "\u201cHelicopter", "Hovering", "Overhead\u201d", "During", "The", "Attack"], "tokens_dicts_list": [{"token": "Newly", "start_char": 0, "end_char": 5, "token_label": "NA"}, {"token": "Released", "start_char": 6, "end_char": 14, "token_label": "NA"}, {"token": "Private", "start_char": 15, "end_char": 22, "token_label": "NA"}, {"token": "Surveillance", "start_char": 23, "end_char": 35, "token_label": "NA"}, {"token": "Footage", "start_char": 36, "end_char": 43, "token_label": "NA"}, {"token": "From", "start_char": 44, "end_char": 48, "token_label": "NA"}, {"token": "The", "start_char": 49, "end_char": 52, "token_label": "NA"}, {"token": "Las", "start_char": 53, "end_char": 56, "token_label": "NA"}, {"token": "Vegas", "start_char": 57, "end_char": 62, "token_label": "NA"}, {"token": "Massacre", "start_char": 63, "end_char": 71, "token_label": "NA"}, {"token": "Shows", "start_char": 72, "end_char": 77, "token_label": "NA"}, {"token": "\u201cHelicopter", "start_char": 78, "end_char": 89, "token_label": "NA"}, {"token": "Hovering", "start_char": 90, "end_char": 98, "token_label": "NA"}, {"token": "Overhead\u201d", "start_char": 99, "end_char": 108, "token_label": "NA"}, {"token": "During", "start_char": 109, "end_char": 115, "token_label": "NA"}, {"token": "The", "start_char": 116, "end_char": 119, "token_label": "NA"}, {"token": "Attack", "start_char": 120, "end_char": 126, "token_label": "NA"}], "news_discourse_role": 0, "news_discourse_role_prob_0": 0.94147127866745, "news_discourse_role_prob_1": 0.054433781653642654, "news_discourse_role_prob_2": 0.0009047450148500502, "news_discourse_role_prob_3": 0.0006048522191122174, "news_discourse_role_prob_4": 0.0023142206482589245, "news_discourse_role_prob_5": 3.7675927160307765e-05, "news_discourse_role_prob_6": 0.00010774417751235887, "news_discourse_role_prob_7": 8.273348066722974e-05, "news_discourse_role_prob_8": 4.297485065762885e-05, "latter_discourse_relation": 3, "latter_discourse_relation_prob_comp": 0.003755764104425907, "latter_discourse_relation_prob_cont": 0.12551359832286835, "latter_discourse_relation_prob_temp": 0.0038874121382832527, "latter_discourse_relation_prob_expan": 0.8668432831764221, "previous_discourse_relation": -1}, {"sentence_id": 1, "sentence_start": 128, "sentence_end": 364, "sentence_text": "Newly released footage of the Las Vegas Massacre, captured by a private surveillance camera and recently released by Fox News host Tucker Carlson, has once again ignited the theory that helicopters were used during the horrific attack.", "sentence_label": "NA", "tokens_list": ["Newly", "released", "footage", "of", "the", "Las", "Vegas", "Massacre", ",", "captured", "by", "a", "private", "surveillance", "camera", "and", "recently", "released", "by", "Fox", "News", "host", "Tucker", "Carlson", ",", "has", "once", "again", "ignited", "the", "theory", "that", "helicopters", "were", "used", "during", "the", "horrific", "attack", "."], "tokens_dicts_list": [{"token": "Newly", "start_char": 128, "end_char": 133, "token_label": "NA"}, {"token": "released", "start_char": 134, "end_char": 142, "token_label": "NA"}, {"token": "footage", "start_char": 143, "end_char": 150, "token_label": "NA"}, {"token": "of", "start_char": 151, "end_char": 153, "token_label": "NA"}, {"token": "the", "start_char": 154, "end_char": 157, "token_label": "NA"}, {"token": "Las", "start_char": 158, "end_char": 161, "token_label": "NA"}, {"token": "Vegas", "start_char": 162, "end_char": 167, "token_label": "NA"}, {"token": "Massacre", "start_char": 168, "end_char": 176, "token_label": "NA"}, {"token": ",", "start_char": 176, "end_char": 177, "token_label": "NA"}, {"token": "captured", "start_char": 178, "end_char": 186, "token_label": "NA"}, {"token": "by", "start_char": 187, "end_char": 189, "token_label": "NA"}, {"token": "a", "start_char": 190, "end_char": 191, "token_label": "NA"}, {"token": "private", "start_char": 192, "end_char": 199, "token_label": "NA"}, {"token": "surveillance", "start_char": 200, "end_char": 212, "token_label": "NA"}, {"token": "camera", "start_char": 213, "end_char": 219, "token_label": "NA"}, {"token": "and", "start_char": 220, "end_char": 223, "token_label": "NA"}, {"token": "recently", "start_char": 224, "end_char": 232, "token_label": "NA"}, {"token": "released", "start_char": 233, "end_char": 241, "token_label": "NA"}, {"token": "by", "start_char": 242, "end_char": 244, "token_label": "NA"}, {"token": "Fox", "start_char": 245, "end_char": 248, "token_label": "NA"}, {"token": "News", "start_char": 249, "end_char": 253, "token_label": "NA"}, {"token": "host", "start_char": 254, "end_char": 258, "token_label": "NA"}, {"token": "Tucker", "start_char": 259, "end_char": 265, "token_label": "NA"}, {"token": "Carlson", "start_char": 266, "end_char": 273, "token_label": "NA"}, {"token": ",", "start_char": 273, "end_char": 274, "token_label": "NA"}, {"token": "has", "start_char": 275, "end_char": 278, "token_label": "NA"}, {"token": "once", "start_char": 279, "end_char": 283, "token_label": "NA"}, {"token": "again", "start_char": 284, "end_char": 289, "token_label": "NA"}, {"token": "ignited", "start_char": 290, "end_char": 297, "token_label": "NA"}, {"token": "the", "start_char": 298, "end_char": 301, "token_label": "NA"}, {"token": "theory", "start_char": 302, "end_char": 308, "token_label": "NA"}, {"token": "that", "start_char": 309, "end_char": 313, "token_label": "NA"}, {"token": "helicopters", "start_char": 314, "end_char": 325, "token_label": "NA"}, {"token": "were", "start_char": 326, "end_char": 330, "token_label": "NA"}, {"token": "used", "start_char": 331, "end_char": 335, "token_label": "NA"}, {"token": "during", "start_char": 336, "end_char": 342, "token_label": "NA"}, {"token": "the", "start_char": 343, "end_char": 346, "token_label": "NA"}, {"token": "horrific", "start_char": 347, "end_char": 355, "token_label": "NA"}, {"token": "attack", "start_char": 356, "end_char": 362, "token_label": "NA"}, {"token": ".", "start_char": 362, "end_char": 363, "token_label": "NA"}], "news_discourse_role": 1, "news_discourse_role_prob_0": 0.0032806843519210815, "news_discourse_role_prob_1": 0.9090002775192261, "news_discourse_role_prob_2": 0.003231002250686288, "news_discourse_role_prob_3": 0.026922790333628654, "news_discourse_role_prob_4": 0.05463089048862457, "news_discourse_role_prob_5": 4.154971975367516e-05, "news_discourse_role_prob_6": 0.0001412455312674865, "news_discourse_role_prob_7": 0.002295082900673151, "news_discourse_role_prob_8": 0.00045654334826394916, "previous_discourse_relation": 3, "previous_discourse_relation_prob_comp": 0.003755764104425907, "previous_discourse_relation_prob_cont": 0.12551359832286835, "previous_discourse_relation_prob_temp": 0.0038874121382832527, "previous_discourse_relation_prob_expan": 0.8668432831764221, "latter_discourse_relation": 3, "latter_discourse_relation_prob_comp": 0.0008441156824119389, "latter_discourse_relation_prob_cont": 0.1117829829454422, "latter_discourse_relation_prob_temp": 0.0031127112451940775, "latter_discourse_relation_prob_expan": 0.8842601180076599}, {"sentence_id": 2, "sentence_start": 364, "sentence_end": 630, "sentence_text": "Over the last month multiple videos have been released that many believe show helicopters either conducting an attack on the Vegas Strip or attempting to stop those that were and now, with this latest evidence release, that possibility seems all the more plausible.", "sentence_label": "NA", "tokens_list": ["Over", "the", "last", "month", "multiple", "videos", "have", "been", "released", "that", "many", "believe", "show", "helicopters", "either", "conducting", "an", "attack", "on", "the", "Vegas", "Strip", "or", "attempting", "to", "stop", "those", "that", "were", "and", "now", ",", "with", "this", "latest", "evidence", "release", ",", "that", "possibility", "seems", "all", "the", "more", "plausible", "."], "tokens_dicts_list": [{"token": "Over", "start_char": 364, "end_char": 368, "token_label": "NA"}, {"token": "the", "start_char": 369, "end_char": 372, "token_label": "NA"}, {"token": "last", "start_char": 373, "end_char": 377, "token_label": "NA"}, {"token": "month", "start_char": 378, "end_char": 383, "token_label": "NA"}, {"token": "multiple", "start_char": 384, "end_char": 392, "token_label": "NA"}, {"token": "videos", "start_char": 393, "end_char": 399, "token_label": "NA"}, {"token": "have", "start_char": 400, "end_char": 404, "token_label": "NA"}, {"token": "been", "start_char": 405, "end_char": 409, "token_label": "NA"}, {"token": "released", "start_char": 410, "end_char": 418, "token_label": "NA"}, {"token": "that", "start_char": 419, "end_char": 423, "token_label": "NA"}, {"token": "many", "start_char": 424, "end_char": 428, "token_label": "NA"}, {"token": "believe", "start_char": 429, "end_char": 436, "token_label": "NA"}, {"token": "show", "start_char": 437, "end_char": 441, "token_label": "NA"}, {"token": "helicopters", "start_char": 442, "end_char": 453, "token_label": "NA"}, {"token": "either", "start_char": 454, "end_char": 460, "token_label": "NA"}, {"token": "conducting", "start_char": 461, "end_char": 471, "token_label": "NA"}, {"token": "an", "start_char": 472, "end_char": 474, "token_label": "NA"}, {"token": "attack", "start_char": 475, "end_char": 481, "token_label": "NA"}, {"token": "on", "start_char": 482, "end_char": 484, "token_label": "NA"}, {"token": "the", "start_char": 485, "end_char": 488, "token_label": "NA"}, {"token": "Vegas", "start_char": 489, "end_char": 494, "token_label": "NA"}, {"token": "Strip", "start_char": 495, "end_char": 500, "token_label": "NA"}, {"token": "or", "start_char": 501, "end_char": 503, "token_label": "NA"}, {"token": "attempting", "start_char": 504, "end_char": 514, "token_label": "NA"}, {"token": "to", "start_char": 515, "end_char": 517, "token_label": "NA"}, {"token": "stop", "start_char": 518, "end_char": 522, "token_label": "NA"}, {"token": "those", "start_char": 523, "end_char": 528, "token_label": "NA"}, {"token": "that", "start_char": 529, "end_char": 533, "token_label": "NA"}, {"token": "were", "start_char": 534, "end_char": 538, "token_label": "NA"}, {"token": "and", "start_char": 539, "end_char": 542, "token_label": "NA"}, {"token": "now", "start_char": 543, "end_char": 546, "token_label": "NA"}, {"token": ",", "start_char": 546, "end_char": 547, "token_label": "NA"}, {"token": "with", "start_char": 548, "end_char": 552, "token_label": "NA"}, {"token": "this", "start_char": 553, "end_char": 557, "token_label": "NA"}, {"token": "latest", "start_char": 558, "end_char": 564, "token_label": "NA"}, {"token": "evidence", "start_char": 565, "end_char": 573, "token_label": "NA"}, {"token": "release", "start_char": 574, "end_char": 581, "token_label": "NA"}, {"token": ",", "start_char": 581, "end_char": 582, "token_label": "NA"}, {"token": "that", "start_char": 583, "end_char": 587, "token_label": "NA"}, {"token": "possibility", "start_char": 588, "end_char": 599, "token_label": "NA"}, {"token": "seems", "start_char": 600, "end_char": 605, "token_label": "NA"}, {"token": "all", "start_char": 606, "end_char": 609, "token_label": "NA"}, {"token": "the", "start_char": 610, "end_char": 613, "token_label": "NA"}, {"token": "more", "start_char": 614, "end_char": 618, "token_label": "NA"}, {"token": "plausible", "start_char": 619, "end_char": 628, "token_label": "NA"}, {"token": ".", "start_char": 628, "end_char": 629, "token_label": "NA"}], "news_discourse_role": 4, "news_discourse_role_prob_0": 2.9889291909057647e-05, "news_discourse_role_prob_1": 0.03447961062192917, "news_discourse_role_prob_2": 0.0022145784460008144, "news_discourse_role_prob_3": 0.20739999413490295, "news_discourse_role_prob_4": 0.7091018557548523, "news_discourse_role_prob_5": 0.00198403000831604, "news_discourse_role_prob_6": 0.0004184077261015773, "news_discourse_role_prob_7": 0.039884064346551895, "news_discourse_role_prob_8": 0.00448756106197834, "previous_discourse_relation": 3, "previous_discourse_relation_prob_comp": 0.0008441156824119389, "previous_discourse_relation_prob_cont": 0.1117829829454422, "previous_discourse_relation_prob_temp": 0.0031127112451940775, "previous_discourse_relation_prob_expan": 0.8842601180076599, "latter_discourse_relation": 3, "latter_discourse_relation_prob_comp": 5.257282464299351e-05, "latter_discourse_relation_prob_cont": 0.0041128904558718204, "latter_discourse_relation_prob_temp": 0.00013382361794356257, "latter_discourse_relation_prob_expan": 0.9957007765769958}, {"sentence_id": 3, "sentence_start": 630, "sentence_end": 904, "sentence_text": "As Shepard Ambellas reported for Intellihub, \u201cThe [footage] is presumed to have been captured by a nearby business\u2019s southward facing security camera which is located approximately 780 feet due east of the venue where the Route 91 Harvest Music Festival was held on Oct. 1.", "sentence_label": "NA", "tokens_list": ["As", "Shepard", "Ambellas", "reported", "for", "Intellihub", ",", "\u201cThe", "[", "footage", "]", "is", "presumed", "to", "have", "been", "captured", "by", "a", "nearby", "business\u2019s", "southward", "facing", "security", "camera", "which", "is", "located", "approximately", "780", "feet", "due", "east", "of", "the", "venue", "where", "the", "Route", "91", "Harvest", "Music", "Festival", "was", "held", "on", "Oct.", "1", "."], "tokens_dicts_list": [{"token": "As", "start_char": 630, "end_char": 632, "token_label": "NA"}, {"token": "Shepard", "start_char": 633, "end_char": 640, "token_label": "NA"}, {"token": "Ambellas", "start_char": 641, "end_char": 649, "token_label": "NA"}, {"token": "reported", "start_char": 650, "end_char": 658, "token_label": "NA"}, {"token": "for", "start_char": 659, "end_char": 662, "token_label": "NA"}, {"token": "Intellihub", "start_char": 663, "end_char": 673, "token_label": "NA"}, {"token": ",", "start_char": 673, "end_char": 674, "token_label": "NA"}, {"token": "\u201cThe", "start_char": 675, "end_char": 679, "token_label": "NA"}, {"token": "[", "start_char": 680, "end_char": 681, "token_label": "NA"}, {"token": "footage", "start_char": 681, "end_char": 688, "token_label": "NA"}, {"token": "]", "start_char": 688, "end_char": 689, "token_label": "NA"}, {"token": "is", "start_char": 690, "end_char": 692, "token_label": "NA"}, {"token": "presumed", "start_char": 693, "end_char": 701, "token_label": "NA"}, {"token": "to", "start_char": 702, "end_char": 704, "token_label": "NA"}, {"token": "have", "start_char": 705, "end_char": 709, "token_label": "NA"}, {"token": "been", "start_char": 710, "end_char": 714, "token_label": "NA"}, {"token": "captured", "start_char": 715, "end_char": 723, "token_label": "NA"}, {"token": "by", "start_char": 724, "end_char": 726, "token_label": "NA"}, {"token": "a", "start_char": 727, "end_char": 728, "token_label": "NA"}, {"token": "nearby", "start_char": 729, "end_char": 735, "token_label": "NA"}, {"token": "business\u2019s", "start_char": 736, "end_char": 746, "token_label": "NA"}, {"token": "southward", "start_char": 747, "end_char": 756, "token_label": "NA"}, {"token": "facing", "start_char": 757, "end_char": 763, "token_label": "NA"}, {"token": "security", "start_char": 764, "end_char": 772, "token_label": "NA"}, {"token": "camera", "start_char": 773, "end_char": 779, "token_label": "NA"}, {"token": "which", "start_char": 780, "end_char": 785, "token_label": "NA"}, {"token": "is", "start_char": 786, "end_char": 788, "token_label": "NA"}, {"token": "located", "start_char": 789, "end_char": 796, "token_label": "NA"}, {"token": "approximately", "start_char": 797, "end_char": 810, "token_label": "NA"}, {"token": "780", "start_char": 811, "end_char": 814, "token_label": "NA"}, {"token": "feet", "start_char": 815, "end_char": 819, "token_label": "NA"}, {"token": "due", "start_char": 820, "end_char": 823, "token_label": "NA"}, {"token": "east", "start_char": 824, "end_char": 828, "token_label": "NA"}, {"token": "of", "start_char": 829, "end_char": 831, "token_label": "NA"}, {"token": "the", "start_char": 832, "end_char": 835, "token_label": "NA"}, {"token": "venue", "start_char": 836, "end_char": 841, "token_label": "NA"}, {"token": "where", "start_char": 842, "end_char": 847, "token_label": "NA"}, {"token": "the", "start_char": 848, "end_char": 851, "token_label": "NA"}, {"token": "Route", "start_char": 852, "end_char": 857, "token_label": "NA"}, {"token": "91", "start_char": 858, "end_char": 860, "token_label": "NA"}, {"token": "Harvest", "start_char": 861, "end_char": 868, "token_label": "NA"}, {"token": "Music", "start_char": 869, "end_char": 874, "token_label": "NA"}, {"token": "Festival", "start_char": 875, "end_char": 883, "token_label": "NA"}, {"token": "was", "start_char": 884, "end_char": 887, "token_label": "NA"}, {"token": "held", "start_char": 888, "end_char": 892, "token_label": "NA"}, {"token": "on", "start_char": 893, "end_char": 895, "token_label": "NA"}, {"token": "Oct.", "start_char": 896, "end_char": 900, "token_label": "NA"}, {"token": "1", "start_char": 901, "end_char": 902, "token_label": "NA"}, {"token": ".", "start_char": 902, "end_char": 903, "token_label": "NA"}], "news_discourse_role": 4, "news_discourse_role_prob_0": 0.0012799976393580437, "news_discourse_role_prob_1": 0.16954980790615082, "news_discourse_role_prob_2": 0.030437156558036804, "news_discourse_role_prob_3": 0.03775853291153908, "news_discourse_role_prob_4": 0.7141470909118652, "news_discourse_role_prob_5": 0.0010902663925662637, "news_discourse_role_prob_6": 0.006046062335371971, "news_discourse_role_prob_7": 0.032767150551080704, "news_discourse_role_prob_8": 0.006923919543623924, "previous_discourse_relation": 3, "previous_discourse_relation_prob_comp": 5.257282464299351e-05, "previous_discourse_relation_prob_cont": 0.0041128904558718204, "previous_discourse_relation_prob_temp": 0.00013382361794356257, "previous_discourse_relation_prob_expan": 0.9957007765769958, "latter_discourse_relation": 3, "latter_discourse_relation_prob_comp": 0.0008495199726894498, "latter_discourse_relation_prob_cont": 0.0009018839336931705, "latter_discourse_relation_prob_temp": 0.0010924990056082606, "latter_discourse_relation_prob_expan": 0.9971561431884766}, {"sentence_id": 4, "sentence_start": 904, "sentence_end": 992, "sentence_text": "The tape was given to Fox News by an attorney who represents several shooting victims.\u201d", "sentence_label": "NA", "tokens_list": ["The", "tape", "was", "given", "to", "Fox", "News", "by", "an", "attorney", "who", "represents", "several", "shooting", "victims.\u201d"], "tokens_dicts_list": [{"token": "The", "start_char": 904, "end_char": 907, "token_label": "NA"}, {"token": "tape", "start_char": 908, "end_char": 912, "token_label": "NA"}, {"token": "was", "start_char": 913, "end_char": 916, "token_label": "NA"}, {"token": "given", "start_char": 917, "end_char": 922, "token_label": "NA"}, {"token": "to", "start_char": 923, "end_char": 925, "token_label": "NA"}, {"token": "Fox", "start_char": 926, "end_char": 929, "token_label": "NA"}, {"token": "News", "start_char": 930, "end_char": 934, "token_label": "NA"}, {"token": "by", "start_char": 935, "end_char": 937, "token_label": "NA"}, {"token": "an", "start_char": 938, "end_char": 940, "token_label": "NA"}, {"token": "attorney", "start_char": 941, "end_char": 949, "token_label": "NA"}, {"token": "who", "start_char": 950, "end_char": 953, "token_label": "NA"}, {"token": "represents", "start_char": 954, "end_char": 964, "token_label": "NA"}, {"token": "several", "start_char": 965, "end_char": 972, "token_label": "NA"}, {"token": "shooting", "start_char": 973, "end_char": 981, "token_label": "NA"}, {"token": "victims.\u201d", "start_char": 982, "end_char": 991, "token_label": "NA"}], "news_discourse_role": 4, "news_discourse_role_prob_0": 6.631499127252027e-05, "news_discourse_role_prob_1": 0.001703806803561747, "news_discourse_role_prob_2": 0.0019957986660301685, "news_discourse_role_prob_3": 0.0027346902061253786, "news_discourse_role_prob_4": 0.9895144701004028, "news_discourse_role_prob_5": 0.0006124982610344887, "news_discourse_role_prob_6": 0.0008787157130427659, "news_discourse_role_prob_7": 0.00229663890786469, "news_discourse_role_prob_8": 0.0001969192671822384, "previous_discourse_relation": 3, "previous_discourse_relation_prob_comp": 0.0008495199726894498, "previous_discourse_relation_prob_cont": 0.0009018839336931705, "previous_discourse_relation_prob_temp": 0.0010924990056082606, "previous_discourse_relation_prob_expan": 0.9971561431884766, "latter_discourse_relation": 3, "latter_discourse_relation_prob_comp": 0.00898955762386322, "latter_discourse_relation_prob_cont": 0.011213069781661034, "latter_discourse_relation_prob_temp": 0.002983075100928545, "latter_discourse_relation_prob_expan": 0.9768142104148865}, {"sentence_id": 5, "sentence_start": 992, "sentence_end": 1182, "sentence_text": "Amazingly, the surveillance camera captured what seems to show a \u201clarge amount\u201d of wind and debris being kicked up by a nearby helicopter hovering above the attack and or taking part in it.", "sentence_label": "Doubt", "tokens_list": ["Amazingly", ",", "the", "surveillance", "camera", "captured", "what", "seems", "to", "show", "a", "\u201clarge", "amount\u201d", "of", "wind", "and", "debris", "being", "kicked", "up", "by", "a", "nearby", "helicopter", "hovering", "above", "the", "attack", "and", "or", "taking", "part", "in", "it", "."], "tokens_dicts_list": [{"token": "Amazingly", "start_char": 992, "end_char": 1001, "token_label": "Doubt"}, {"token": ",", "start_char": 1001, "end_char": 1002, "token_label": "Doubt"}, {"token": "the", "start_char": 1003, "end_char": 1006, "token_label": "NA"}, {"token": "surveillance", "start_char": 1007, "end_char": 1019, "token_label": "NA"}, {"token": "camera", "start_char": 1020, "end_char": 1026, "token_label": "NA"}, {"token": "captured", "start_char": 1027, "end_char": 1035, "token_label": "NA"}, {"token": "what", "start_char": 1036, "end_char": 1040, "token_label": "NA"}, {"token": "seems", "start_char": 1041, "end_char": 1046, "token_label": "NA"}, {"token": "to", "start_char": 1047, "end_char": 1049, "token_label": "NA"}, {"token": "show", "start_char": 1050, "end_char": 1054, "token_label": "NA"}, {"token": "a", "start_char": 1055, "end_char": 1056, "token_label": "NA"}, {"token": "\u201clarge", "start_char": 1057, "end_char": 1063, "token_label": "NA"}, {"token": "amount\u201d", "start_char": 1064, "end_char": 1071, "token_label": "NA"}, {"token": "of", "start_char": 1072, "end_char": 1074, "token_label": "NA"}, {"token": "wind", "start_char": 1075, "end_char": 1079, "token_label": "NA"}, {"token": "and", "start_char": 1080, "end_char": 1083, "token_label": "NA"}, {"token": "debris", "start_char": 1084, "end_char": 1090, "token_label": "NA"}, {"token": "being", "start_char": 1091, "end_char": 1096, "token_label": "NA"}, {"token": "kicked", "start_char": 1097, "end_char": 1103, "token_label": "NA"}, {"token": "up", "start_char": 1104, "end_char": 1106, "token_label": "NA"}, {"token": "by", "start_char": 1107, "end_char": 1109, "token_label": "NA"}, {"token": "a", "start_char": 1110, "end_char": 1111, "token_label": "NA"}, {"token": "nearby", "start_char": 1112, "end_char": 1118, "token_label": "NA"}, {"token": "helicopter", "start_char": 1119, "end_char": 1129, "token_label": "NA"}, {"token": "hovering", "start_char": 1130, "end_char": 1138, "token_label": "NA"}, {"token": "above", "start_char": 1139, "end_char": 1144, "token_label": "NA"}, {"token": "the", "start_char": 1145, "end_char": 1148, "token_label": "NA"}, {"token": "attack", "start_char": 1149, "end_char": 1155, "token_label": "NA"}, {"token": "and", "start_char": 1156, "end_char": 1159, "token_label": "NA"}, {"token": "or", "start_char": 1160, "end_char": 1162, "token_label": "NA"}, {"token": "taking", "start_char": 1163, "end_char": 1169, "token_label": "NA"}, {"token": "part", "start_char": 1170, "end_char": 1174, "token_label": "NA"}, {"token": "in", "start_char": 1175, "end_char": 1177, "token_label": "NA"}, {"token": "it", "start_char": 1178, "end_char": 1180, "token_label": "NA"}, {"token": ".", "start_char": 1180, "end_char": 1181, "token_label": "NA"}], "news_discourse_role": 4, "news_discourse_role_prob_0": 0.00014630684745498002, "news_discourse_role_prob_1": 0.14027459919452667, "news_discourse_role_prob_2": 0.004377884790301323, "news_discourse_role_prob_3": 0.35798773169517517, "news_discourse_role_prob_4": 0.465026319026947, "news_discourse_role_prob_5": 0.009105338715016842, "news_discourse_role_prob_6": 0.0010396329453215003, "news_discourse_role_prob_7": 0.019119983538985252, "news_discourse_role_prob_8": 0.0029221533332020044, "previous_discourse_relation": 3, "previous_discourse_relation_prob_comp": 0.00898955762386322, "previous_discourse_relation_prob_cont": 0.011213069781661034, "previous_discourse_relation_prob_temp": 0.002983075100928545, "previous_discourse_relation_prob_expan": 0.9768142104148865, "latter_discourse_relation": 3, "latter_discourse_relation_prob_comp": 0.0002633112308103591, "latter_discourse_relation_prob_cont": 0.0012337742373347282, "latter_discourse_relation_prob_temp": 0.00044615170918405056, "latter_discourse_relation_prob_expan": 0.9980567097663879}, {"sentence_id": 6, "sentence_start": 1182, "sentence_end": 1351, "sentence_text": "\u201cAstonishingly, between the times of 10:13 and 10:16 a good amount of debris can be seen being pushed downward and sideways in front of the camera,\u201d Ambellas continued.", "sentence_label": "NA", "tokens_list": ["\u201cAstonishingly", ",", "between", "the", "times", "of", "10:13", "and", "10:16", "a", "good", "amount", "of", "debris", "can", "be", "seen", "being", "pushed", "downward", "and", "sideways", "in", "front", "of", "the", "camera", ",", "\u201d", "Ambellas", "continued", "."], "tokens_dicts_list": [{"token": "\u201cAstonishingly", "start_char": 1182, "end_char": 1196, "token_label": "NA"}, {"token": ",", "start_char": 1196, "end_char": 1197, "token_label": "NA"}, {"token": "between", "start_char": 1198, "end_char": 1205, "token_label": "NA"}, {"token": "the", "start_char": 1206, "end_char": 1209, "token_label": "NA"}, {"token": "times", "start_char": 1210, "end_char": 1215, "token_label": "NA"}, {"token": "of", "start_char": 1216, "end_char": 1218, "token_label": "NA"}, {"token": "10:13", "start_char": 1219, "end_char": 1224, "token_label": "NA"}, {"token": "and", "start_char": 1225, "end_char": 1228, "token_label": "NA"}, {"token": "10:16", "start_char": 1229, "end_char": 1234, "token_label": "NA"}, {"token": "a", "start_char": 1235, "end_char": 1236, "token_label": "NA"}, {"token": "good", "start_char": 1237, "end_char": 1241, "token_label": "NA"}, {"token": "amount", "start_char": 1242, "end_char": 1248, "token_label": "NA"}, {"token": "of", "start_char": 1249, "end_char": 1251, "token_label": "NA"}, {"token": "debris", "start_char": 1252, "end_char": 1258, "token_label": "NA"}, {"token": "can", "start_char": 1259, "end_char": 1262, "token_label": "NA"}, {"token": "be", "start_char": 1263, "end_char": 1265, "token_label": "NA"}, {"token": "seen", "start_char": 1266, "end_char": 1270, "token_label": "NA"}, {"token": "being", "start_char": 1271, "end_char": 1276, "token_label": "NA"}, {"token": "pushed", "start_char": 1277, "end_char": 1283, "token_label": "NA"}, {"token": "downward", "start_char": 1284, "end_char": 1292, "token_label": "NA"}, {"token": "and", "start_char": 1293, "end_char": 1296, "token_label": "NA"}, {"token": "sideways", "start_char": 1297, "end_char": 1305, "token_label": "NA"}, {"token": "in", "start_char": 1306, "end_char": 1308, "token_label": "NA"}, {"token": "front", "start_char": 1309, "end_char": 1314, "token_label": "NA"}, {"token": "of", "start_char": 1315, "end_char": 1317, "token_label": "NA"}, {"token": "the", "start_char": 1318, "end_char": 1321, "token_label": "NA"}, {"token": "camera", "start_char": 1322, "end_char": 1328, "token_label": "NA"}, {"token": ",", "start_char": 1328, "end_char": 1329, "token_label": "NA"}, {"token": "\u201d", "start_char": 1329, "end_char": 1330, "token_label": "NA"}, {"token": "Ambellas", "start_char": 1331, "end_char": 1339, "token_label": "NA"}, {"token": "continued", "start_char": 1340, "end_char": 1349, "token_label": "NA"}, {"token": ".", "start_char": 1349, "end_char": 1350, "token_label": "NA"}], "news_discourse_role": 1, "news_discourse_role_prob_0": 0.000605317298322916, "news_discourse_role_prob_1": 0.7730363011360168, "news_discourse_role_prob_2": 0.006626171991229057, "news_discourse_role_prob_3": 0.0681581050157547, "news_discourse_role_prob_4": 0.08163808286190033, "news_discourse_role_prob_5": 0.0035877241753041744, "news_discourse_role_prob_6": 0.0046487608924508095, "news_discourse_role_prob_7": 0.05129219591617584, "news_discourse_role_prob_8": 0.010407361201941967, "previous_discourse_relation": 3, "previous_discourse_relation_prob_comp": 0.0002633112308103591, "previous_discourse_relation_prob_cont": 0.0012337742373347282, "previous_discourse_relation_prob_temp": 0.00044615170918405056, "previous_discourse_relation_prob_expan": 0.9980567097663879, "latter_discourse_relation": 3, "latter_discourse_relation_prob_comp": 0.01249726489186287, "latter_discourse_relation_prob_cont": 0.0014881425304338336, "latter_discourse_relation_prob_temp": 0.007782609201967716, "latter_discourse_relation_prob_expan": 0.9782320857048035}, {"sentence_id": 7, "sentence_start": 1351, "sentence_end": 1481, "sentence_text": "\u201cBy 10:14 much larger crowds of people can be seen streaming through the area to escape the massacre going on,\u201d Carlson reported.", "sentence_label": "NA", "tokens_list": ["\u201cBy", "10:14", "much", "larger", "crowds", "of", "people", "can", "be", "seen", "streaming", "through", "the", "area", "to", "escape", "the", "massacre", "going", "on", ",", "\u201d", "Carlson", "reported", "."], "tokens_dicts_list": [{"token": "\u201cBy", "start_char": 1351, "end_char": 1354, "token_label": "NA"}, {"token": "10:14", "start_char": 1355, "end_char": 1360, "token_label": "NA"}, {"token": "much", "start_char": 1361, "end_char": 1365, "token_label": "NA"}, {"token": "larger", "start_char": 1366, "end_char": 1372, "token_label": "NA"}, {"token": "crowds", "start_char": 1373, "end_char": 1379, "token_label": "NA"}, {"token": "of", "start_char": 1380, "end_char": 1382, "token_label": "NA"}, {"token": "people", "start_char": 1383, "end_char": 1389, "token_label": "NA"}, {"token": "can", "start_char": 1390, "end_char": 1393, "token_label": "NA"}, {"token": "be", "start_char": 1394, "end_char": 1396, "token_label": "NA"}, {"token": "seen", "start_char": 1397, "end_char": 1401, "token_label": "NA"}, {"token": "streaming", "start_char": 1402, "end_char": 1411, "token_label": "NA"}, {"token": "through", "start_char": 1412, "end_char": 1419, "token_label": "NA"}, {"token": "the", "start_char": 1420, "end_char": 1423, "token_label": "NA"}, {"token": "area", "start_char": 1424, "end_char": 1428, "token_label": "NA"}, {"token": "to", "start_char": 1429, "end_char": 1431, "token_label": "NA"}, {"token": "escape", "start_char": 1432, "end_char": 1438, "token_label": "NA"}, {"token": "the", "start_char": 1439, "end_char": 1442, "token_label": "NA"}, {"token": "massacre", "start_char": 1443, "end_char": 1451, "token_label": "NA"}, {"token": "going", "start_char": 1452, "end_char": 1457, "token_label": "NA"}, {"token": "on", "start_char": 1458, "end_char": 1460, "token_label": "NA"}, {"token": ",", "start_char": 1460, "end_char": 1461, "token_label": "NA"}, {"token": "\u201d", "start_char": 1461, "end_char": 1462, "token_label": "NA"}, {"token": "Carlson", "start_char": 1463, "end_char": 1470, "token_label": "NA"}, {"token": "reported", "start_char": 1471, "end_char": 1479, "token_label": "NA"}, {"token": ".", "start_char": 1479, "end_char": 1480, "token_label": "NA"}], "news_discourse_role": 1, "news_discourse_role_prob_0": 0.0005217171274125576, "news_discourse_role_prob_1": 0.4718014895915985, "news_discourse_role_prob_2": 0.014860652387142181, "news_discourse_role_prob_3": 0.03287011757493019, "news_discourse_role_prob_4": 0.19867335259914398, "news_discourse_role_prob_5": 0.008710258640348911, "news_discourse_role_prob_6": 0.0132051482796669, "news_discourse_role_prob_7": 0.11394147574901581, "news_discourse_role_prob_8": 0.1454157829284668, "previous_discourse_relation": 3, "previous_discourse_relation_prob_comp": 0.01249726489186287, "previous_discourse_relation_prob_cont": 0.0014881425304338336, "previous_discourse_relation_prob_temp": 0.007782609201967716, "previous_discourse_relation_prob_expan": 0.9782320857048035, "latter_discourse_relation": 3, "latter_discourse_relation_prob_comp": 0.00023430866713169962, "latter_discourse_relation_prob_cont": 0.0006045468035154045, "latter_discourse_relation_prob_temp": 0.00012748962035402656, "latter_discourse_relation_prob_expan": 0.9990336894989014}, {"sentence_id": 8, "sentence_start": 1481, "sentence_end": 1588, "sentence_text": "\u201cYou can see a large amount of wind and debris, apparently that is due to a helicopter hovering overhead.\u201d", "sentence_label": "NA", "tokens_list": ["\u201cYou", "can", "see", "a", "large", "amount", "of", "wind", "and", "debris", ",", "apparently", "that", "is", "due", "to", "a", "helicopter", "hovering", "overhead.\u201d"], "tokens_dicts_list": [{"token": "\u201cYou", "start_char": 1481, "end_char": 1485, "token_label": "NA"}, {"token": "can", "start_char": 1486, "end_char": 1489, "token_label": "NA"}, {"token": "see", "start_char": 1490, "end_char": 1493, "token_label": "NA"}, {"token": "a", "start_char": 1494, "end_char": 1495, "token_label": "NA"}, {"token": "large", "start_char": 1496, "end_char": 1501, "token_label": "NA"}, {"token": "amount", "start_char": 1502, "end_char": 1508, "token_label": "NA"}, {"token": "of", "start_char": 1509, "end_char": 1511, "token_label": "NA"}, {"token": "wind", "start_char": 1512, "end_char": 1516, "token_label": "NA"}, {"token": "and", "start_char": 1517, "end_char": 1520, "token_label": "NA"}, {"token": "debris", "start_char": 1521, "end_char": 1527, "token_label": "NA"}, {"token": ",", "start_char": 1527, "end_char": 1528, "token_label": "NA"}, {"token": "apparently", "start_char": 1529, "end_char": 1539, "token_label": "NA"}, {"token": "that", "start_char": 1540, "end_char": 1544, "token_label": "NA"}, {"token": "is", "start_char": 1545, "end_char": 1547, "token_label": "NA"}, {"token": "due", "start_char": 1548, "end_char": 1551, "token_label": "NA"}, {"token": "to", "start_char": 1552, "end_char": 1554, "token_label": "NA"}, {"token": "a", "start_char": 1555, "end_char": 1556, "token_label": "NA"}, {"token": "helicopter", "start_char": 1557, "end_char": 1567, "token_label": "NA"}, {"token": "hovering", "start_char": 1568, "end_char": 1576, "token_label": "NA"}, {"token": "overhead.\u201d", "start_char": 1577, "end_char": 1587, "token_label": "NA"}], "news_discourse_role": 7, "news_discourse_role_prob_0": 0.0011846863199025393, "news_discourse_role_prob_1": 0.14149123430252075, "news_discourse_role_prob_2": 0.003688353579491377, "news_discourse_role_prob_3": 0.06412384659051895, "news_discourse_role_prob_4": 0.030219804495573044, "news_discourse_role_prob_5": 0.005355364643037319, "news_discourse_role_prob_6": 0.040000464767217636, "news_discourse_role_prob_7": 0.6107689738273621, "news_discourse_role_prob_8": 0.1031673327088356, "previous_discourse_relation": 3, "previous_discourse_relation_prob_comp": 0.00023430866713169962, "previous_discourse_relation_prob_cont": 0.0006045468035154045, "previous_discourse_relation_prob_temp": 0.00012748962035402656, "previous_discourse_relation_prob_expan": 0.9990336894989014, "latter_discourse_relation": 3, "latter_discourse_relation_prob_comp": 0.001850020606070757, "latter_discourse_relation_prob_cont": 0.0007603882113471627, "latter_discourse_relation_prob_temp": 0.016622643917798996, "latter_discourse_relation_prob_expan": 0.9807668924331665}, {"sentence_id": 9, "sentence_start": 1588, "sentence_end": 1769, "sentence_text": "The footage goes how to show two men attempt to help a victim who had apparently been shot, eventually resorting to covering up the body after they realized it was simply too late.", "sentence_label": "NA", "tokens_list": ["The", "footage", "goes", "how", "to", "show", "two", "men", "attempt", "to", "help", "a", "victim", "who", "had", "apparently", "been", "shot", ",", "eventually", "resorting", "to", "covering", "up", "the", "body", "after", "they", "realized", "it", "was", "simply", "too", "late", "."], "tokens_dicts_list": [{"token": "The", "start_char": 1588, "end_char": 1591, "token_label": "NA"}, {"token": "footage", "start_char": 1592, "end_char": 1599, "token_label": "NA"}, {"token": "goes", "start_char": 1600, "end_char": 1604, "token_label": "NA"}, {"token": "how", "start_char": 1605, "end_char": 1608, "token_label": "NA"}, {"token": "to", "start_char": 1609, "end_char": 1611, "token_label": "NA"}, {"token": "show", "start_char": 1612, "end_char": 1616, "token_label": "NA"}, {"token": "two", "start_char": 1617, "end_char": 1620, "token_label": "NA"}, {"token": "men", "start_char": 1621, "end_char": 1624, "token_label": "NA"}, {"token": "attempt", "start_char": 1625, "end_char": 1632, "token_label": "NA"}, {"token": "to", "start_char": 1633, "end_char": 1635, "token_label": "NA"}, {"token": "help", "start_char": 1636, "end_char": 1640, "token_label": "NA"}, {"token": "a", "start_char": 1641, "end_char": 1642, "token_label": "NA"}, {"token": "victim", "start_char": 1643, "end_char": 1649, "token_label": "NA"}, {"token": "who", "start_char": 1650, "end_char": 1653, "token_label": "NA"}, {"token": "had", "start_char": 1654, "end_char": 1657, "token_label": "NA"}, {"token": "apparently", "start_char": 1658, "end_char": 1668, "token_label": "NA"}, {"token": "been", "start_char": 1669, "end_char": 1673, "token_label": "NA"}, {"token": "shot", "start_char": 1674, "end_char": 1678, "token_label": "NA"}, {"token": ",", "start_char": 1678, "end_char": 1679, "token_label": "NA"}, {"token": "eventually", "start_char": 1680, "end_char": 1690, "token_label": "NA"}, {"token": "resorting", "start_char": 1691, "end_char": 1700, "token_label": "NA"}, {"token": "to", "start_char": 1701, "end_char": 1703, "token_label": "NA"}, {"token": "covering", "start_char": 1704, "end_char": 1712, "token_label": "NA"}, {"token": "up", "start_char": 1713, "end_char": 1715, "token_label": "NA"}, {"token": "the", "start_char": 1716, "end_char": 1719, "token_label": "NA"}, {"token": "body", "start_char": 1720, "end_char": 1724, "token_label": "NA"}, {"token": "after", "start_char": 1725, "end_char": 1730, "token_label": "NA"}, {"token": "they", "start_char": 1731, "end_char": 1735, "token_label": "NA"}, {"token": "realized", "start_char": 1736, "end_char": 1744, "token_label": "NA"}, {"token": "it", "start_char": 1745, "end_char": 1747, "token_label": "NA"}, {"token": "was", "start_char": 1748, "end_char": 1751, "token_label": "NA"}, {"token": "simply", "start_char": 1752, "end_char": 1758, "token_label": "NA"}, {"token": "too", "start_char": 1759, "end_char": 1762, "token_label": "NA"}, {"token": "late", "start_char": 1763, "end_char": 1767, "token_label": "NA"}, {"token": ".", "start_char": 1767, "end_char": 1768, "token_label": "NA"}], "news_discourse_role": 4, "news_discourse_role_prob_0": 0.0004458826151676476, "news_discourse_role_prob_1": 0.017621221020817757, "news_discourse_role_prob_2": 0.0042572347447276115, "news_discourse_role_prob_3": 0.03202344849705696, "news_discourse_role_prob_4": 0.5460825562477112, "news_discourse_role_prob_5": 0.009411384351551533, "news_discourse_role_prob_6": 0.012452512979507446, "news_discourse_role_prob_7": 0.35928210616111755, "news_discourse_role_prob_8": 0.018423642963171005, "previous_discourse_relation": 3, "previous_discourse_relation_prob_comp": 0.001850020606070757, "previous_discourse_relation_prob_cont": 0.0007603882113471627, "previous_discourse_relation_prob_temp": 0.016622643917798996, "previous_discourse_relation_prob_expan": 0.9807668924331665, "latter_discourse_relation": 3, "latter_discourse_relation_prob_comp": 0.0003811697824858129, "latter_discourse_relation_prob_cont": 2.631655843288172e-05, "latter_discourse_relation_prob_temp": 0.00010870535334106535, "latter_discourse_relation_prob_expan": 0.9994838237762451}, {"sentence_id": 10, "sentence_start": 1769, "sentence_end": 1875, "sentence_text": "Ambellas also reported on what his research indicates were documented helicopters in the air at the time.", "sentence_label": "NA", "tokens_list": ["Ambellas", "also", "reported", "on", "what", "his", "research", "indicates", "were", "documented", "helicopters", "in", "the", "air", "at", "the", "time", "."], "tokens_dicts_list": [{"token": "Ambellas", "start_char": 1769, "end_char": 1777, "token_label": "NA"}, {"token": "also", "start_char": 1778, "end_char": 1782, "token_label": "NA"}, {"token": "reported", "start_char": 1783, "end_char": 1791, "token_label": "NA"}, {"token": "on", "start_char": 1792, "end_char": 1794, "token_label": "NA"}, {"token": "what", "start_char": 1795, "end_char": 1799, "token_label": "NA"}, {"token": "his", "start_char": 1800, "end_char": 1803, "token_label": "NA"}, {"token": "research", "start_char": 1804, "end_char": 1812, "token_label": "NA"}, {"token": "indicates", "start_char": 1813, "end_char": 1822, "token_label": "NA"}, {"token": "were", "start_char": 1823, "end_char": 1827, "token_label": "NA"}, {"token": "documented", "start_char": 1828, "end_char": 1838, "token_label": "NA"}, {"token": "helicopters", "start_char": 1839, "end_char": 1850, "token_label": "NA"}, {"token": "in", "start_char": 1851, "end_char": 1853, "token_label": "NA"}, {"token": "the", "start_char": 1854, "end_char": 1857, "token_label": "NA"}, {"token": "air", "start_char": 1858, "end_char": 1861, "token_label": "NA"}, {"token": "at", "start_char": 1862, "end_char": 1864, "token_label": "NA"}, {"token": "the", "start_char": 1865, "end_char": 1868, "token_label": "NA"}, {"token": "time", "start_char": 1869, "end_char": 1873, "token_label": "NA"}, {"token": ".", "start_char": 1873, "end_char": 1874, "token_label": "NA"}], "news_discourse_role": 4, "news_discourse_role_prob_0": 1.9074715964961797e-05, "news_discourse_role_prob_1": 0.00024741608649492264, "news_discourse_role_prob_2": 0.0005539569538086653, "news_discourse_role_prob_3": 0.0024500901345163584, "news_discourse_role_prob_4": 0.972741425037384, "news_discourse_role_prob_5": 0.003335070563480258, "news_discourse_role_prob_6": 0.0009436727850697935, "news_discourse_role_prob_7": 0.01945052295923233, "news_discourse_role_prob_8": 0.0002587474009487778, "previous_discourse_relation": 3, "previous_discourse_relation_prob_comp": 0.0003811697824858129, "previous_discourse_relation_prob_cont": 2.631655843288172e-05, "previous_discourse_relation_prob_temp": 0.00010870535334106535, "previous_discourse_relation_prob_expan": 0.9994838237762451, "latter_discourse_relation": 3, "latter_discourse_relation_prob_comp": 0.00032876554178074, "latter_discourse_relation_prob_cont": 0.007013092748820782, "latter_discourse_relation_prob_temp": 0.0006609156262129545, "latter_discourse_relation_prob_expan": 0.9919971823692322}, {"sentence_id": 11, "sentence_start": 1875, "sentence_end": 2118, "sentence_text": "A quick review of flight records during that time reveals that a squadron of EC-130 Eurocopters departed from Maverick Leasing LLC at 10:12 p.m., several of which appear to have overflown the parking lot where the victim and debris were seen.", "sentence_label": "NA", "tokens_list": ["A", "quick", "review", "of", "flight", "records", "during", "that", "time", "reveals", "that", "a", "squadron", "of", "EC-130", "Eurocopters", "departed", "from", "Maverick", "Leasing", "LLC", "at", "10:12", "p.m.", ",", "several", "of", "which", "appear", "to", "have", "overflown", "the", "parking", "lot", "where", "the", "victim", "and", "debris", "were", "seen", "."], "tokens_dicts_list": [{"token": "A", "start_char": 1875, "end_char": 1876, "token_label": "NA"}, {"token": "quick", "start_char": 1877, "end_char": 1882, "token_label": "NA"}, {"token": "review", "start_char": 1883, "end_char": 1889, "token_label": "NA"}, {"token": "of", "start_char": 1890, "end_char": 1892, "token_label": "NA"}, {"token": "flight", "start_char": 1893, "end_char": 1899, "token_label": "NA"}, {"token": "records", "start_char": 1900, "end_char": 1907, "token_label": "NA"}, {"token": "during", "start_char": 1908, "end_char": 1914, "token_label": "NA"}, {"token": "that", "start_char": 1915, "end_char": 1919, "token_label": "NA"}, {"token": "time", "start_char": 1920, "end_char": 1924, "token_label": "NA"}, {"token": "reveals", "start_char": 1925, "end_char": 1932, "token_label": "NA"}, {"token": "that", "start_char": 1933, "end_char": 1937, "token_label": "NA"}, {"token": "a", "start_char": 1938, "end_char": 1939, "token_label": "NA"}, {"token": "squadron", "start_char": 1940, "end_char": 1948, "token_label": "NA"}, {"token": "of", "start_char": 1949, "end_char": 1951, "token_label": "NA"}, {"token": "EC-130", "start_char": 1952, "end_char": 1958, "token_label": "NA"}, {"token": "Eurocopters", "start_char": 1959, "end_char": 1970, "token_label": "NA"}, {"token": "departed", "start_char": 1971, "end_char": 1979, "token_label": "NA"}, {"token": "from", "start_char": 1980, "end_char": 1984, "token_label": "NA"}, {"token": "Maverick", "start_char": 1985, "end_char": 1993, "token_label": "NA"}, {"token": "Leasing", "start_char": 1994, "end_char": 2001, "token_label": "NA"}, {"token": "LLC", "start_char": 2002, "end_char": 2005, "token_label": "NA"}, {"token": "at", "start_char": 2006, "end_char": 2008, "token_label": "NA"}, {"token": "10:12", "start_char": 2009, "end_char": 2014, "token_label": "NA"}, {"token": "p.m.", "start_char": 2015, "end_char": 2019, "token_label": "NA"}, {"token": ",", "start_char": 2019, "end_char": 2020, "token_label": "NA"}, {"token": "several", "start_char": 2021, "end_char": 2028, "token_label": "NA"}, {"token": "of", "start_char": 2029, "end_char": 2031, "token_label": "NA"}, {"token": "which", "start_char": 2032, "end_char": 2037, "token_label": "NA"}, {"token": "appear", "start_char": 2038, "end_char": 2044, "token_label": "NA"}, {"token": "to", "start_char": 2045, "end_char": 2047, "token_label": "NA"}, {"token": "have", "start_char": 2048, "end_char": 2052, "token_label": "NA"}, {"token": "overflown", "start_char": 2053, "end_char": 2062, "token_label": "NA"}, {"token": "the", "start_char": 2063, "end_char": 2066, "token_label": "NA"}, {"token": "parking", "start_char": 2067, "end_char": 2074, "token_label": "NA"}, {"token": "lot", "start_char": 2075, "end_char": 2078, "token_label": "NA"}, {"token": "where", "start_char": 2079, "end_char": 2084, "token_label": "NA"}, {"token": "the", "start_char": 2085, "end_char": 2088, "token_label": "NA"}, {"token": "victim", "start_char": 2089, "end_char": 2095, "token_label": "NA"}, {"token": "and", "start_char": 2096, "end_char": 2099, "token_label": "NA"}, {"token": "debris", "start_char": 2100, "end_char": 2106, "token_label": "NA"}, {"token": "were", "start_char": 2107, "end_char": 2111, "token_label": "NA"}, {"token": "seen", "start_char": 2112, "end_char": 2116, "token_label": "NA"}, {"token": ".", "start_char": 2116, "end_char": 2117, "token_label": "NA"}], "news_discourse_role": 4, "news_discourse_role_prob_0": 5.1171573431929573e-05, "news_discourse_role_prob_1": 0.01657962240278721, "news_discourse_role_prob_2": 0.0015052309026941657, "news_discourse_role_prob_3": 0.1263243556022644, "news_discourse_role_prob_4": 0.8335502743721008, "news_discourse_role_prob_5": 0.02082262933254242, "news_discourse_role_prob_6": 0.00032379513140767813, "news_discourse_role_prob_7": 0.00047178863314911723, "news_discourse_role_prob_8": 0.0003711366734933108, "previous_discourse_relation": 3, "previous_discourse_relation_prob_comp": 0.00032876554178074, "previous_discourse_relation_prob_cont": 0.007013092748820782, "previous_discourse_relation_prob_temp": 0.0006609156262129545, "previous_discourse_relation_prob_expan": 0.9919971823692322, "latter_discourse_relation": 0, "latter_discourse_relation_prob_comp": 0.9812352061271667, "latter_discourse_relation_prob_cont": 0.004420675802975893, "latter_discourse_relation_prob_temp": 0.0006586837116628885, "latter_discourse_relation_prob_expan": 0.013685481622815132}, {"sentence_id": 12, "sentence_start": 2118, "sentence_end": 2363, "sentence_text": "However, the departure of the choppers and the fact that several of them overflew the parking lot does not explain all of the debris being kicked up from by a heavy downdraft, prop wash, possibly from a helicopter hovering in place much closer.", "sentence_label": "NA", "tokens_list": ["However", ",", "the", "departure", "of", "the", "choppers", "and", "the", "fact", "that", "several", "of", "them", "overflew", "the", "parking", "lot", "does", "not", "explain", "all", "of", "the", "debris", "being", "kicked", "up", "from", "by", "a", "heavy", "downdraft", ",", "prop", "wash", ",", "possibly", "from", "a", "helicopter", "hovering", "in", "place", "much", "closer", "."], "tokens_dicts_list": [{"token": "However", "start_char": 2118, "end_char": 2125, "token_label": "NA"}, {"token": ",", "start_char": 2125, "end_char": 2126, "token_label": "NA"}, {"token": "the", "start_char": 2127, "end_char": 2130, "token_label": "NA"}, {"token": "departure", "start_char": 2131, "end_char": 2140, "token_label": "NA"}, {"token": "of", "start_char": 2141, "end_char": 2143, "token_label": "NA"}, {"token": "the", "start_char": 2144, "end_char": 2147, "token_label": "NA"}, {"token": "choppers", "start_char": 2148, "end_char": 2156, "token_label": "NA"}, {"token": "and", "start_char": 2157, "end_char": 2160, "token_label": "NA"}, {"token": "the", "start_char": 2161, "end_char": 2164, "token_label": "NA"}, {"token": "fact", "start_char": 2165, "end_char": 2169, "token_label": "NA"}, {"token": "that", "start_char": 2170, "end_char": 2174, "token_label": "NA"}, {"token": "several", "start_char": 2175, "end_char": 2182, "token_label": "NA"}, {"token": "of", "start_char": 2183, "end_char": 2185, "token_label": "NA"}, {"token": "them", "start_char": 2186, "end_char": 2190, "token_label": "NA"}, {"token": "overflew", "start_char": 2191, "end_char": 2199, "token_label": "NA"}, {"token": "the", "start_char": 2200, "end_char": 2203, "token_label": "NA"}, {"token": "parking", "start_char": 2204, "end_char": 2211, "token_label": "NA"}, {"token": "lot", "start_char": 2212, "end_char": 2215, "token_label": "NA"}, {"token": "does", "start_char": 2216, "end_char": 2220, "token_label": "NA"}, {"token": "not", "start_char": 2221, "end_char": 2224, "token_label": "NA"}, {"token": "explain", "start_char": 2225, "end_char": 2232, "token_label": "NA"}, {"token": "all", "start_char": 2233, "end_char": 2236, "token_label": "NA"}, {"token": "of", "start_char": 2237, "end_char": 2239, "token_label": "NA"}, {"token": "the", "start_char": 2240, "end_char": 2243, "token_label": "NA"}, {"token": "debris", "start_char": 2244, "end_char": 2250, "token_label": "NA"}, {"token": "being", "start_char": 2251, "end_char": 2256, "token_label": "NA"}, {"token": "kicked", "start_char": 2257, "end_char": 2263, "token_label": "NA"}, {"token": "up", "start_char": 2264, "end_char": 2266, "token_label": "NA"}, {"token": "from", "start_char": 2267, "end_char": 2271, "token_label": "NA"}, {"token": "by", "start_char": 2272, "end_char": 2274, "token_label": "NA"}, {"token": "a", "start_char": 2275, "end_char": 2276, "token_label": "NA"}, {"token": "heavy", "start_char": 2277, "end_char": 2282, "token_label": "NA"}, {"token": "downdraft", "start_char": 2283, "end_char": 2292, "token_label": "NA"}, {"token": ",", "start_char": 2292, "end_char": 2293, "token_label": "NA"}, {"token": "prop", "start_char": 2294, "end_char": 2298, "token_label": "NA"}, {"token": "wash", "start_char": 2299, "end_char": 2303, "token_label": "NA"}, {"token": ",", "start_char": 2303, "end_char": 2304, "token_label": "NA"}, {"token": "possibly", "start_char": 2305, "end_char": 2313, "token_label": "NA"}, {"token": "from", "start_char": 2314, "end_char": 2318, "token_label": "NA"}, {"token": "a", "start_char": 2319, "end_char": 2320, "token_label": "NA"}, {"token": "helicopter", "start_char": 2321, "end_char": 2331, "token_label": "NA"}, {"token": "hovering", "start_char": 2332, "end_char": 2340, "token_label": "NA"}, {"token": "in", "start_char": 2341, "end_char": 2343, "token_label": "NA"}, {"token": "place", "start_char": 2344, "end_char": 2349, "token_label": "NA"}, {"token": "much", "start_char": 2350, "end_char": 2354, "token_label": "NA"}, {"token": "closer", "start_char": 2355, "end_char": 2361, "token_label": "NA"}, {"token": ".", "start_char": 2361, "end_char": 2362, "token_label": "NA"}], "news_discourse_role": 7, "news_discourse_role_prob_0": 4.263061782694422e-05, "news_discourse_role_prob_1": 0.008773245848715305, "news_discourse_role_prob_2": 0.0018742041429504752, "news_discourse_role_prob_3": 0.046506330370903015, "news_discourse_role_prob_4": 0.08073218911886215, "news_discourse_role_prob_5": 0.0018612308194860816, "news_discourse_role_prob_6": 0.002958880504593253, "news_discourse_role_prob_7": 0.806490421295166, "news_discourse_role_prob_8": 0.05076077952980995, "previous_discourse_relation": 0, "previous_discourse_relation_prob_comp": 0.9812352061271667, "previous_discourse_relation_prob_cont": 0.004420675802975893, "previous_discourse_relation_prob_temp": 0.0006586837116628885, "previous_discourse_relation_prob_expan": 0.013685481622815132, "latter_discourse_relation": 3, "latter_discourse_relation_prob_comp": 0.0024534030817449093, "latter_discourse_relation_prob_cont": 0.00019558059284463525, "latter_discourse_relation_prob_temp": 3.63905455742497e-05, "latter_discourse_relation_prob_expan": 0.9973146319389343}, {"sentence_id": 13, "sentence_start": 2363, "sentence_end": 2501, "sentence_text": "In fact, the downdraft appears to be constant from 10:13-10:16 p.m. and not intermittent as if several choppers had just passed overhead.", "sentence_label": "NA", "tokens_list": ["In", "fact", ",", "the", "downdraft", "appears", "to", "be", "constant", "from", "10:13-10:16", "p.m.", "and", "not", "intermittent", "as", "if", "several", "choppers", "had", "just", "passed", "overhead", "."], "tokens_dicts_list": [{"token": "In", "start_char": 2363, "end_char": 2365, "token_label": "NA"}, {"token": "fact", "start_char": 2366, "end_char": 2370, "token_label": "NA"}, {"token": ",", "start_char": 2370, "end_char": 2371, "token_label": "NA"}, {"token": "the", "start_char": 2372, "end_char": 2375, "token_label": "NA"}, {"token": "downdraft", "start_char": 2376, "end_char": 2385, "token_label": "NA"}, {"token": "appears", "start_char": 2386, "end_char": 2393, "token_label": "NA"}, {"token": "to", "start_char": 2394, "end_char": 2396, "token_label": "NA"}, {"token": "be", "start_char": 2397, "end_char": 2399, "token_label": "NA"}, {"token": "constant", "start_char": 2400, "end_char": 2408, "token_label": "NA"}, {"token": "from", "start_char": 2409, "end_char": 2413, "token_label": "NA"}, {"token": "10:13-10:16", "start_char": 2414, "end_char": 2425, "token_label": "NA"}, {"token": "p.m.", "start_char": 2426, "end_char": 2430, "token_label": "NA"}, {"token": "and", "start_char": 2431, "end_char": 2434, "token_label": "NA"}, {"token": "not", "start_char": 2435, "end_char": 2438, "token_label": "NA"}, {"token": "intermittent", "start_char": 2439, "end_char": 2451, "token_label": "NA"}, {"token": "as", "start_char": 2452, "end_char": 2454, "token_label": "NA"}, {"token": "if", "start_char": 2455, "end_char": 2457, "token_label": "NA"}, {"token": "several", "start_char": 2458, "end_char": 2465, "token_label": "NA"}, {"token": "choppers", "start_char": 2466, "end_char": 2474, "token_label": "NA"}, {"token": "had", "start_char": 2475, "end_char": 2478, "token_label": "NA"}, {"token": "just", "start_char": 2479, "end_char": 2483, "token_label": "NA"}, {"token": "passed", "start_char": 2484, "end_char": 2490, "token_label": "NA"}, {"token": "overhead", "start_char": 2491, "end_char": 2499, "token_label": "NA"}, {"token": ".", "start_char": 2499, "end_char": 2500, "token_label": "NA"}], "news_discourse_role": 4, "news_discourse_role_prob_0": 2.6651219741324894e-05, "news_discourse_role_prob_1": 0.010136975906789303, "news_discourse_role_prob_2": 0.0020417291671037674, "news_discourse_role_prob_3": 0.0830780416727066, "news_discourse_role_prob_4": 0.7583326101303101, "news_discourse_role_prob_5": 0.0025905086658895016, "news_discourse_role_prob_6": 0.0009926272323355079, "news_discourse_role_prob_7": 0.13548919558525085, "news_discourse_role_prob_8": 0.007311612367630005, "previous_discourse_relation": 3, "previous_discourse_relation_prob_comp": 0.0024534030817449093, "previous_discourse_relation_prob_cont": 0.00019558059284463525, "previous_discourse_relation_prob_temp": 3.63905455742497e-05, "previous_discourse_relation_prob_expan": 0.9973146319389343, "latter_discourse_relation": 3, "latter_discourse_relation_prob_comp": 0.0008830460137687624, "latter_discourse_relation_prob_cont": 0.0010895056184381247, "latter_discourse_relation_prob_temp": 0.0003029248910024762, "latter_discourse_relation_prob_expan": 0.9977245926856995}, {"sentence_id": 14, "sentence_start": 2501, "sentence_end": 2654, "sentence_text": "As I have reported in the past, multiple other videos taken on the night of the attack also seem to point to helicopters being used throughout the city.", "sentence_label": "NA", "tokens_list": ["As", "I", "have", "reported", "in", "the", "past", ",", "multiple", "other", "videos", "taken", "on", "the", "night", "of", "the", "attack", "also", "seem", "to", "point", "to", "helicopters", "being", "used", "throughout", "the", "city", "."], "tokens_dicts_list": [{"token": "As", "start_char": 2501, "end_char": 2503, "token_label": "NA"}, {"token": "I", "start_char": 2504, "end_char": 2505, "token_label": "NA"}, {"token": "have", "start_char": 2506, "end_char": 2510, "token_label": "NA"}, {"token": "reported", "start_char": 2511, "end_char": 2519, "token_label": "NA"}, {"token": "in", "start_char": 2520, "end_char": 2522, "token_label": "NA"}, {"token": "the", "start_char": 2523, "end_char": 2526, "token_label": "NA"}, {"token": "past", "start_char": 2527, "end_char": 2531, "token_label": "NA"}, {"token": ",", "start_char": 2531, "end_char": 2532, "token_label": "NA"}, {"token": "multiple", "start_char": 2533, "end_char": 2541, "token_label": "NA"}, {"token": "other", "start_char": 2542, "end_char": 2547, "token_label": "NA"}, {"token": "videos", "start_char": 2548, "end_char": 2554, "token_label": "NA"}, {"token": "taken", "start_char": 2555, "end_char": 2560, "token_label": "NA"}, {"token": "on", "start_char": 2561, "end_char": 2563, "token_label": "NA"}, {"token": "the", "start_char": 2564, "end_char": 2567, "token_label": "NA"}, {"token": "night", "start_char": 2568, "end_char": 2573, "token_label": "NA"}, {"token": "of", "start_char": 2574, "end_char": 2576, "token_label": "NA"}, {"token": "the", "start_char": 2577, "end_char": 2580, "token_label": "NA"}, {"token": "attack", "start_char": 2581, "end_char": 2587, "token_label": "NA"}, {"token": "also", "start_char": 2588, "end_char": 2592, "token_label": "NA"}, {"token": "seem", "start_char": 2593, "end_char": 2597, "token_label": "NA"}, {"token": "to", "start_char": 2598, "end_char": 2600, "token_label": "NA"}, {"token": "point", "start_char": 2601, "end_char": 2606, "token_label": "NA"}, {"token": "to", "start_char": 2607, "end_char": 2609, "token_label": "NA"}, {"token": "helicopters", "start_char": 2610, "end_char": 2621, "token_label": "NA"}, {"token": "being", "start_char": 2622, "end_char": 2627, "token_label": "NA"}, {"token": "used", "start_char": 2628, "end_char": 2632, "token_label": "NA"}, {"token": "throughout", "start_char": 2633, "end_char": 2643, "token_label": "NA"}, {"token": "the", "start_char": 2644, "end_char": 2647, "token_label": "NA"}, {"token": "city", "start_char": 2648, "end_char": 2652, "token_label": "NA"}, {"token": ".", "start_char": 2652, "end_char": 2653, "token_label": "NA"}], "news_discourse_role": 4, "news_discourse_role_prob_0": 1.14487602331792e-05, "news_discourse_role_prob_1": 0.003730268217623234, "news_discourse_role_prob_2": 0.001088930992409587, "news_discourse_role_prob_3": 0.011333630420267582, "news_discourse_role_prob_4": 0.8150243759155273, "news_discourse_role_prob_5": 0.008620045147836208, "news_discourse_role_prob_6": 0.0010745032923296094, "news_discourse_role_prob_7": 0.15370088815689087, "news_discourse_role_prob_8": 0.005415921099483967, "previous_discourse_relation": 3, "previous_discourse_relation_prob_comp": 0.0008830460137687624, "previous_discourse_relation_prob_cont": 0.0010895056184381247, "previous_discourse_relation_prob_temp": 0.0003029248910024762, "previous_discourse_relation_prob_expan": 0.9977245926856995, "latter_discourse_relation": 3, "latter_discourse_relation_prob_comp": 6.432170630432665e-05, "latter_discourse_relation_prob_cont": 0.0004879054904449731, "latter_discourse_relation_prob_temp": 0.00012490652443375438, "latter_discourse_relation_prob_expan": 0.9993228912353516}, {"sentence_id": 15, "sentence_start": 2654, "sentence_end": 2871, "sentence_text": "\u201cFootage has emerged that may show muzzle flashes coming from the helicopter in what looks to be evidence that a team was firing into the crowd from the air on that fateful night,\u201d read a report in The Daily Sheeple.", "sentence_label": "NA", "tokens_list": ["\u201cFootage", "has", "emerged", "that", "may", "show", "muzzle", "flashes", "coming", "from", "the", "helicopter", "in", "what", "looks", "to", "be", "evidence", "that", "a", "team", "was", "firing", "into", "the", "crowd", "from", "the", "air", "on", "that", "fateful", "night", ",", "\u201d", "read", "a", "report", "in", "The", "Daily", "Sheeple", "."], "tokens_dicts_list": [{"token": "\u201cFootage", "start_char": 2654, "end_char": 2662, "token_label": "NA"}, {"token": "has", "start_char": 2663, "end_char": 2666, "token_label": "NA"}, {"token": "emerged", "start_char": 2667, "end_char": 2674, "token_label": "NA"}, {"token": "that", "start_char": 2675, "end_char": 2679, "token_label": "NA"}, {"token": "may", "start_char": 2680, "end_char": 2683, "token_label": "NA"}, {"token": "show", "start_char": 2684, "end_char": 2688, "token_label": "NA"}, {"token": "muzzle", "start_char": 2689, "end_char": 2695, "token_label": "NA"}, {"token": "flashes", "start_char": 2696, "end_char": 2703, "token_label": "NA"}, {"token": "coming", "start_char": 2704, "end_char": 2710, "token_label": "NA"}, {"token": "from", "start_char": 2711, "end_char": 2715, "token_label": "NA"}, {"token": "the", "start_char": 2716, "end_char": 2719, "token_label": "NA"}, {"token": "helicopter", "start_char": 2720, "end_char": 2730, "token_label": "NA"}, {"token": "in", "start_char": 2731, "end_char": 2733, "token_label": "NA"}, {"token": "what", "start_char": 2734, "end_char": 2738, "token_label": "NA"}, {"token": "looks", "start_char": 2739, "end_char": 2744, "token_label": "NA"}, {"token": "to", "start_char": 2745, "end_char": 2747, "token_label": "NA"}, {"token": "be", "start_char": 2748, "end_char": 2750, "token_label": "NA"}, {"token": "evidence", "start_char": 2751, "end_char": 2759, "token_label": "NA"}, {"token": "that", "start_char": 2760, "end_char": 2764, "token_label": "NA"}, {"token": "a", "start_char": 2765, "end_char": 2766, "token_label": "NA"}, {"token": "team", "start_char": 2767, "end_char": 2771, "token_label": "NA"}, {"token": "was", "start_char": 2772, "end_char": 2775, "token_label": "NA"}, {"token": "firing", "start_char": 2776, "end_char": 2782, "token_label": "NA"}, {"token": "into", "start_char": 2783, "end_char": 2787, "token_label": "NA"}, {"token": "the", "start_char": 2788, "end_char": 2791, "token_label": "NA"}, {"token": "crowd", "start_char": 2792, "end_char": 2797, "token_label": "NA"}, {"token": "from", "start_char": 2798, "end_char": 2802, "token_label": "NA"}, {"token": "the", "start_char": 2803, "end_char": 2806, "token_label": "NA"}, {"token": "air", "start_char": 2807, "end_char": 2810, "token_label": "NA"}, {"token": "on", "start_char": 2811, "end_char": 2813, "token_label": "NA"}, {"token": "that", "start_char": 2814, "end_char": 2818, "token_label": "NA"}, {"token": "fateful", "start_char": 2819, "end_char": 2826, "token_label": "NA"}, {"token": "night", "start_char": 2827, "end_char": 2832, "token_label": "NA"}, {"token": ",", "start_char": 2832, "end_char": 2833, "token_label": "NA"}, {"token": "\u201d", "start_char": 2833, "end_char": 2834, "token_label": "NA"}, {"token": "read", "start_char": 2835, "end_char": 2839, "token_label": "NA"}, {"token": "a", "start_char": 2840, "end_char": 2841, "token_label": "NA"}, {"token": "report", "start_char": 2842, "end_char": 2848, "token_label": "NA"}, {"token": "in", "start_char": 2849, "end_char": 2851, "token_label": "NA"}, {"token": "The", "start_char": 2852, "end_char": 2855, "token_label": "NA"}, {"token": "Daily", "start_char": 2856, "end_char": 2861, "token_label": "NA"}, {"token": "Sheeple", "start_char": 2862, "end_char": 2869, "token_label": "NA"}, {"token": ".", "start_char": 2869, "end_char": 2870, "token_label": "NA"}], "news_discourse_role": 8, "news_discourse_role_prob_0": 0.0003634188906289637, "news_discourse_role_prob_1": 0.10576120018959045, "news_discourse_role_prob_2": 0.008570105768740177, "news_discourse_role_prob_3": 0.06601778417825699, "news_discourse_role_prob_4": 0.2326190322637558, "news_discourse_role_prob_5": 0.0029062700923532248, "news_discourse_role_prob_6": 0.003982186317443848, "news_discourse_role_prob_7": 0.2566445469856262, "news_discourse_role_prob_8": 0.32313546538352966, "previous_discourse_relation": 3, "previous_discourse_relation_prob_comp": 6.432170630432665e-05, "previous_discourse_relation_prob_cont": 0.0004879054904449731, "previous_discourse_relation_prob_temp": 0.00012490652443375438, "previous_discourse_relation_prob_expan": 0.9993228912353516, "latter_discourse_relation": 0, "latter_discourse_relation_prob_comp": 0.9297581315040588, "latter_discourse_relation_prob_cont": 0.001762580475769937, "latter_discourse_relation_prob_temp": 0.011758198961615562, "latter_discourse_relation_prob_expan": 0.056721046566963196}, {"sentence_id": 16, "sentence_start": 2871, "sentence_end": 3166, "sentence_text": "\u201cDespite claims by some that these are \u201cstrobes\u201d it remains unlikely that this is the case, especially when you consider other footage of the helicopter taken on the night as well as research by a group of investigators who believe the first attack on October 1st was carried out from the air.\u201d", "sentence_label": "Doubt", "tokens_list": ["\u201cDespite", "claims", "by", "some", "that", "these", "are", "\u201cstrobes\u201d", "it", "remains", "unlikely", "that", "this", "is", "the", "case", ",", "especially", "when", "you", "consider", "other", "footage", "of", "the", "helicopter", "taken", "on", "the", "night", "as", "well", "as", "research", "by", "a", "group", "of", "investigators", "who", "believe", "the", "first", "attack", "on", "October", "1st", "was", "carried", "out", "from", "the", "air.\u201d"], "tokens_dicts_list": [{"token": "\u201cDespite", "start_char": 2871, "end_char": 2879, "token_label": "NA"}, {"token": "claims", "start_char": 2880, "end_char": 2886, "token_label": "NA"}, {"token": "by", "start_char": 2887, "end_char": 2889, "token_label": "NA"}, {"token": "some", "start_char": 2890, "end_char": 2894, "token_label": "NA"}, {"token": "that", "start_char": 2895, "end_char": 2899, "token_label": "NA"}, {"token": "these", "start_char": 2900, "end_char": 2905, "token_label": "NA"}, {"token": "are", "start_char": 2906, "end_char": 2909, "token_label": "NA"}, {"token": "\u201cstrobes\u201d", "start_char": 2910, "end_char": 2919, "token_label": "Doubt"}, {"token": "it", "start_char": 2920, "end_char": 2922, "token_label": "Doubt"}, {"token": "remains", "start_char": 2923, "end_char": 2930, "token_label": "Doubt"}, {"token": "unlikely", "start_char": 2931, "end_char": 2939, "token_label": "Doubt"}, {"token": "that", "start_char": 2940, "end_char": 2944, "token_label": "NA"}, {"token": "this", "start_char": 2945, "end_char": 2949, "token_label": "NA"}, {"token": "is", "start_char": 2950, "end_char": 2952, "token_label": "NA"}, {"token": "the", "start_char": 2953, "end_char": 2956, "token_label": "NA"}, {"token": "case", "start_char": 2957, "end_char": 2961, "token_label": "NA"}, {"token": ",", "start_char": 2961, "end_char": 2962, "token_label": "NA"}, {"token": "especially", "start_char": 2963, "end_char": 2973, "token_label": "NA"}, {"token": "when", "start_char": 2974, "end_char": 2978, "token_label": "NA"}, {"token": "you", "start_char": 2979, "end_char": 2982, "token_label": "NA"}, {"token": "consider", "start_char": 2983, "end_char": 2991, "token_label": "NA"}, {"token": "other", "start_char": 2992, "end_char": 2997, "token_label": "NA"}, {"token": "footage", "start_char": 2998, "end_char": 3005, "token_label": "NA"}, {"token": "of", "start_char": 3006, "end_char": 3008, "token_label": "NA"}, {"token": "the", "start_char": 3009, "end_char": 3012, "token_label": "NA"}, {"token": "helicopter", "start_char": 3013, "end_char": 3023, "token_label": "NA"}, {"token": "taken", "start_char": 3024, "end_char": 3029, "token_label": "NA"}, {"token": "on", "start_char": 3030, "end_char": 3032, "token_label": "NA"}, {"token": "the", "start_char": 3033, "end_char": 3036, "token_label": "NA"}, {"token": "night", "start_char": 3037, "end_char": 3042, "token_label": "NA"}, {"token": "as", "start_char": 3043, "end_char": 3045, "token_label": "NA"}, {"token": "well", "start_char": 3046, "end_char": 3050, "token_label": "NA"}, {"token": "as", "start_char": 3051, "end_char": 3053, "token_label": "NA"}, {"token": "research", "start_char": 3054, "end_char": 3062, "token_label": "NA"}, {"token": "by", "start_char": 3063, "end_char": 3065, "token_label": "NA"}, {"token": "a", "start_char": 3066, "end_char": 3067, "token_label": "NA"}, {"token": "group", "start_char": 3068, "end_char": 3073, "token_label": "NA"}, {"token": "of", "start_char": 3074, "end_char": 3076, "token_label": "NA"}, {"token": "investigators", "start_char": 3077, "end_char": 3090, "token_label": "NA"}, {"token": "who", "start_char": 3091, "end_char": 3094, "token_label": "NA"}, {"token": "believe", "start_char": 3095, "end_char": 3102, "token_label": "NA"}, {"token": "the", "start_char": 3103, "end_char": 3106, "token_label": "NA"}, {"token": "first", "start_char": 3107, "end_char": 3112, "token_label": "NA"}, {"token": "attack", "start_char": 3113, "end_char": 3119, "token_label": "NA"}, {"token": "on", "start_char": 3120, "end_char": 3122, "token_label": "NA"}, {"token": "October", "start_char": 3123, "end_char": 3130, "token_label": "NA"}, {"token": "1st", "start_char": 3131, "end_char": 3134, "token_label": "NA"}, {"token": "was", "start_char": 3135, "end_char": 3138, "token_label": "NA"}, {"token": "carried", "start_char": 3139, "end_char": 3146, "token_label": "NA"}, {"token": "out", "start_char": 3147, "end_char": 3150, "token_label": "NA"}, {"token": "from", "start_char": 3151, "end_char": 3155, "token_label": "NA"}, {"token": "the", "start_char": 3156, "end_char": 3159, "token_label": "NA"}, {"token": "air.\u201d", "start_char": 3160, "end_char": 3165, "token_label": "NA"}], "news_discourse_role": 7, "news_discourse_role_prob_0": 3.2871568691916764e-05, "news_discourse_role_prob_1": 0.003760603489354253, "news_discourse_role_prob_2": 0.0001920019421959296, "news_discourse_role_prob_3": 0.0016721772262826562, "news_discourse_role_prob_4": 0.0010709487833082676, "news_discourse_role_prob_5": 0.0002862023829948157, "news_discourse_role_prob_6": 0.002543282462283969, "news_discourse_role_prob_7": 0.9732905030250549, "news_discourse_role_prob_8": 0.01715143211185932, "previous_discourse_relation": 0, "previous_discourse_relation_prob_comp": 0.9297581315040588, "previous_discourse_relation_prob_cont": 0.001762580475769937, "previous_discourse_relation_prob_temp": 0.011758198961615562, "previous_discourse_relation_prob_expan": 0.056721046566963196, "latter_discourse_relation": 3, "latter_discourse_relation_prob_comp": 0.0002726117963902652, "latter_discourse_relation_prob_cont": 0.00018277783237863332, "latter_discourse_relation_prob_temp": 2.1639008991769515e-05, "latter_discourse_relation_prob_expan": 0.9995229244232178}, {"sentence_id": 17, "sentence_start": 3166, "sentence_end": 3316, "sentence_text": "It is also important to keep in mind that there is footage of a still unidentified team loading up gear in a helicopter near the scene of the attack.", "sentence_label": "NA", "tokens_list": ["It", "is", "also", "important", "to", "keep", "in", "mind", "that", "there", "is", "footage", "of", "a", "still", "unidentified", "team", "loading", "up", "gear", "in", "a", "helicopter", "near", "the", "scene", "of", "the", "attack", "."], "tokens_dicts_list": [{"token": "It", "start_char": 3166, "end_char": 3168, "token_label": "NA"}, {"token": "is", "start_char": 3169, "end_char": 3171, "token_label": "NA"}, {"token": "also", "start_char": 3172, "end_char": 3176, "token_label": "NA"}, {"token": "important", "start_char": 3177, "end_char": 3186, "token_label": "NA"}, {"token": "to", "start_char": 3187, "end_char": 3189, "token_label": "NA"}, {"token": "keep", "start_char": 3190, "end_char": 3194, "token_label": "NA"}, {"token": "in", "start_char": 3195, "end_char": 3197, "token_label": "NA"}, {"token": "mind", "start_char": 3198, "end_char": 3202, "token_label": "NA"}, {"token": "that", "start_char": 3203, "end_char": 3207, "token_label": "NA"}, {"token": "there", "start_char": 3208, "end_char": 3213, "token_label": "NA"}, {"token": "is", "start_char": 3214, "end_char": 3216, "token_label": "NA"}, {"token": "footage", "start_char": 3217, "end_char": 3224, "token_label": "NA"}, {"token": "of", "start_char": 3225, "end_char": 3227, "token_label": "NA"}, {"token": "a", "start_char": 3228, "end_char": 3229, "token_label": "NA"}, {"token": "still", "start_char": 3230, "end_char": 3235, "token_label": "NA"}, {"token": "unidentified", "start_char": 3236, "end_char": 3248, "token_label": "NA"}, {"token": "team", "start_char": 3249, "end_char": 3253, "token_label": "NA"}, {"token": "loading", "start_char": 3254, "end_char": 3261, "token_label": "NA"}, {"token": "up", "start_char": 3262, "end_char": 3264, "token_label": "NA"}, {"token": "gear", "start_char": 3265, "end_char": 3269, "token_label": "NA"}, {"token": "in", "start_char": 3270, "end_char": 3272, "token_label": "NA"}, {"token": "a", "start_char": 3273, "end_char": 3274, "token_label": "NA"}, {"token": "helicopter", "start_char": 3275, "end_char": 3285, "token_label": "NA"}, {"token": "near", "start_char": 3286, "end_char": 3290, "token_label": "NA"}, {"token": "the", "start_char": 3291, "end_char": 3294, "token_label": "NA"}, {"token": "scene", "start_char": 3295, "end_char": 3300, "token_label": "NA"}, {"token": "of", "start_char": 3301, "end_char": 3303, "token_label": "NA"}, {"token": "the", "start_char": 3304, "end_char": 3307, "token_label": "NA"}, {"token": "attack", "start_char": 3308, "end_char": 3314, "token_label": "NA"}, {"token": ".", "start_char": 3314, "end_char": 3315, "token_label": "NA"}], "news_discourse_role": 4, "news_discourse_role_prob_0": 1.7126962120528333e-05, "news_discourse_role_prob_1": 0.0014178056735545397, "news_discourse_role_prob_2": 0.0007038196199573576, "news_discourse_role_prob_3": 0.0010051494464278221, "news_discourse_role_prob_4": 0.9891764521598816, "news_discourse_role_prob_5": 0.0002332631265744567, "news_discourse_role_prob_6": 6.656963523710147e-05, "news_discourse_role_prob_7": 0.005845922045409679, "news_discourse_role_prob_8": 0.0015338301891461015, "previous_discourse_relation": 3, "previous_discourse_relation_prob_comp": 0.0002726117963902652, "previous_discourse_relation_prob_cont": 0.00018277783237863332, "previous_discourse_relation_prob_temp": 2.1639008991769515e-05, "previous_discourse_relation_prob_expan": 0.9995229244232178, "latter_discourse_relation": 3, "latter_discourse_relation_prob_comp": 0.0001815641880966723, "latter_discourse_relation_prob_cont": 0.003943793009966612, "latter_discourse_relation_prob_temp": 0.00029293823172338307, "latter_discourse_relation_prob_expan": 0.9955816864967346}, {"sentence_id": 18, "sentence_start": 3316, "sentence_end": 3497, "sentence_text": "\u201cIn what can only be described as a \u201cWTF video\u201d the following footage seems to literally show a team of unknown soldiers gearing up next to a helicopter near the Route 91 concert.\u201d", "sentence_label": "Loaded_Language", "tokens_list": ["\u201cIn", "what", "can", "only", "be", "described", "as", "a", "\u201cWTF", "video\u201d", "the", "following", "footage", "seems", "to", "literally", "show", "a", "team", "of", "unknown", "soldiers", "gearing", "up", "next", "to", "a", "helicopter", "near", "the", "Route", "91", "concert.\u201d"], "tokens_dicts_list": [{"token": "\u201cIn", "start_char": 3316, "end_char": 3319, "token_label": "NA"}, {"token": "what", "start_char": 3320, "end_char": 3324, "token_label": "NA"}, {"token": "can", "start_char": 3325, "end_char": 3328, "token_label": "NA"}, {"token": "only", "start_char": 3329, "end_char": 3333, "token_label": "NA"}, {"token": "be", "start_char": 3334, "end_char": 3336, "token_label": "NA"}, {"token": "described", "start_char": 3337, "end_char": 3346, "token_label": "NA"}, {"token": "as", "start_char": 3347, "end_char": 3349, "token_label": "NA"}, {"token": "a", "start_char": 3350, "end_char": 3351, "token_label": "NA"}, {"token": "\u201cWTF", "start_char": 3352, "end_char": 3356, "token_label": "Loaded_Language"}, {"token": "video\u201d", "start_char": 3357, "end_char": 3363, "token_label": "Loaded_Language"}, {"token": "the", "start_char": 3364, "end_char": 3367, "token_label": "NA"}, {"token": "following", "start_char": 3368, "end_char": 3377, "token_label": "NA"}, {"token": "footage", "start_char": 3378, "end_char": 3385, "token_label": "NA"}, {"token": "seems", "start_char": 3386, "end_char": 3391, "token_label": "NA"}, {"token": "to", "start_char": 3392, "end_char": 3394, "token_label": "NA"}, {"token": "literally", "start_char": 3395, "end_char": 3404, "token_label": "NA"}, {"token": "show", "start_char": 3405, "end_char": 3409, "token_label": "NA"}, {"token": "a", "start_char": 3410, "end_char": 3411, "token_label": "NA"}, {"token": "team", "start_char": 3412, "end_char": 3416, "token_label": "NA"}, {"token": "of", "start_char": 3417, "end_char": 3419, "token_label": "NA"}, {"token": "unknown", "start_char": 3420, "end_char": 3427, "token_label": "NA"}, {"token": "soldiers", "start_char": 3428, "end_char": 3436, "token_label": "NA"}, {"token": "gearing", "start_char": 3437, "end_char": 3444, "token_label": "NA"}, {"token": "up", "start_char": 3445, "end_char": 3447, "token_label": "NA"}, {"token": "next", "start_char": 3448, "end_char": 3452, "token_label": "NA"}, {"token": "to", "start_char": 3453, "end_char": 3455, "token_label": "NA"}, {"token": "a", "start_char": 3456, "end_char": 3457, "token_label": "NA"}, {"token": "helicopter", "start_char": 3458, "end_char": 3468, "token_label": "NA"}, {"token": "near", "start_char": 3469, "end_char": 3473, "token_label": "NA"}, {"token": "the", "start_char": 3474, "end_char": 3477, "token_label": "NA"}, {"token": "Route", "start_char": 3478, "end_char": 3483, "token_label": "NA"}, {"token": "91", "start_char": 3484, "end_char": 3486, "token_label": "NA"}, {"token": "concert.\u201d", "start_char": 3487, "end_char": 3496, "token_label": "NA"}], "news_discourse_role": 7, "news_discourse_role_prob_0": 0.0014900809619575739, "news_discourse_role_prob_1": 0.2124628722667694, "news_discourse_role_prob_2": 0.008763184770941734, "news_discourse_role_prob_3": 0.03982548043131828, "news_discourse_role_prob_4": 0.23994092643260956, "news_discourse_role_prob_5": 0.003513711504638195, "news_discourse_role_prob_6": 0.012071345001459122, "news_discourse_role_prob_7": 0.425904244184494, "news_discourse_role_prob_8": 0.05602814629673958, "previous_discourse_relation": 3, "previous_discourse_relation_prob_comp": 0.0001815641880966723, "previous_discourse_relation_prob_cont": 0.003943793009966612, "previous_discourse_relation_prob_temp": 0.00029293823172338307, "previous_discourse_relation_prob_expan": 0.9955816864967346, "latter_discourse_relation": 3, "latter_discourse_relation_prob_comp": 0.0003359061956871301, "latter_discourse_relation_prob_cont": 7.130607264116406e-05, "latter_discourse_relation_prob_temp": 3.179299892508425e-05, "latter_discourse_relation_prob_expan": 0.9995610117912292}, {"sentence_id": 19, "sentence_start": 3497, "sentence_end": 3724, "sentence_text": "Additionally, Carlson also noted during the initial broadcast of the private surveillance footage that the owner of the camera was never approached by the FBI, who have so far never seen the footage, much less investigated it.", "sentence_label": "NA", "tokens_list": ["Additionally", ",", "Carlson", "also", "noted", "during", "the", "initial", "broadcast", "of", "the", "private", "surveillance", "footage", "that", "the", "owner", "of", "the", "camera", "was", "never", "approached", "by", "the", "FBI", ",", "who", "have", "so", "far", "never", "seen", "the", "footage", ",", "much", "less", "investigated", "it", "."], "tokens_dicts_list": [{"token": "Additionally", "start_char": 3497, "end_char": 3509, "token_label": "NA"}, {"token": ",", "start_char": 3509, "end_char": 3510, "token_label": "NA"}, {"token": "Carlson", "start_char": 3511, "end_char": 3518, "token_label": "NA"}, {"token": "also", "start_char": 3519, "end_char": 3523, "token_label": "NA"}, {"token": "noted", "start_char": 3524, "end_char": 3529, "token_label": "NA"}, {"token": "during", "start_char": 3530, "end_char": 3536, "token_label": "NA"}, {"token": "the", "start_char": 3537, "end_char": 3540, "token_label": "NA"}, {"token": "initial", "start_char": 3541, "end_char": 3548, "token_label": "NA"}, {"token": "broadcast", "start_char": 3549, "end_char": 3558, "token_label": "NA"}, {"token": "of", "start_char": 3559, "end_char": 3561, "token_label": "NA"}, {"token": "the", "start_char": 3562, "end_char": 3565, "token_label": "NA"}, {"token": "private", "start_char": 3566, "end_char": 3573, "token_label": "NA"}, {"token": "surveillance", "start_char": 3574, "end_char": 3586, "token_label": "NA"}, {"token": "footage", "start_char": 3587, "end_char": 3594, "token_label": "NA"}, {"token": "that", "start_char": 3595, "end_char": 3599, "token_label": "NA"}, {"token": "the", "start_char": 3600, "end_char": 3603, "token_label": "NA"}, {"token": "owner", "start_char": 3604, "end_char": 3609, "token_label": "NA"}, {"token": "of", "start_char": 3610, "end_char": 3612, "token_label": "NA"}, {"token": "the", "start_char": 3613, "end_char": 3616, "token_label": "NA"}, {"token": "camera", "start_char": 3617, "end_char": 3623, "token_label": "NA"}, {"token": "was", "start_char": 3624, "end_char": 3627, "token_label": "NA"}, {"token": "never", "start_char": 3628, "end_char": 3633, "token_label": "NA"}, {"token": "approached", "start_char": 3634, "end_char": 3644, "token_label": "NA"}, {"token": "by", "start_char": 3645, "end_char": 3647, "token_label": "NA"}, {"token": "the", "start_char": 3648, "end_char": 3651, "token_label": "NA"}, {"token": "FBI", "start_char": 3652, "end_char": 3655, "token_label": "NA"}, {"token": ",", "start_char": 3655, "end_char": 3656, "token_label": "NA"}, {"token": "who", "start_char": 3657, "end_char": 3660, "token_label": "NA"}, {"token": "have", "start_char": 3661, "end_char": 3665, "token_label": "NA"}, {"token": "so", "start_char": 3666, "end_char": 3668, "token_label": "NA"}, {"token": "far", "start_char": 3669, "end_char": 3672, "token_label": "NA"}, {"token": "never", "start_char": 3673, "end_char": 3678, "token_label": "NA"}, {"token": "seen", "start_char": 3679, "end_char": 3683, "token_label": "NA"}, {"token": "the", "start_char": 3684, "end_char": 3687, "token_label": "NA"}, {"token": "footage", "start_char": 3688, "end_char": 3695, "token_label": "NA"}, {"token": ",", "start_char": 3695, "end_char": 3696, "token_label": "NA"}, {"token": "much", "start_char": 3697, "end_char": 3701, "token_label": "NA"}, {"token": "less", "start_char": 3702, "end_char": 3706, "token_label": "NA"}, {"token": "investigated", "start_char": 3707, "end_char": 3719, "token_label": "NA"}, {"token": "it", "start_char": 3720, "end_char": 3722, "token_label": "NA"}, {"token": ".", "start_char": 3722, "end_char": 3723, "token_label": "NA"}], "news_discourse_role": 4, "news_discourse_role_prob_0": 1.4932359590602573e-05, "news_discourse_role_prob_1": 0.0014857146888971329, "news_discourse_role_prob_2": 0.001136111095547676, "news_discourse_role_prob_3": 0.0034186479169875383, "news_discourse_role_prob_4": 0.9698578715324402, "news_discourse_role_prob_5": 0.0006622101063840091, "news_discourse_role_prob_6": 0.00043646429548971355, "news_discourse_role_prob_7": 0.021896181628108025, "news_discourse_role_prob_8": 0.001091906102374196, "previous_discourse_relation": 3, "previous_discourse_relation_prob_comp": 0.0003359061956871301, "previous_discourse_relation_prob_cont": 7.130607264116406e-05, "previous_discourse_relation_prob_temp": 3.179299892508425e-05, "previous_discourse_relation_prob_expan": 0.9995610117912292, "latter_discourse_relation": 1, "latter_discourse_relation_prob_comp": 0.12235434353351593, "latter_discourse_relation_prob_cont": 0.48339736461639404, "latter_discourse_relation_prob_temp": 0.00399613194167614, "latter_discourse_relation_prob_expan": 0.39025217294692993}, {"sentence_id": 20, "sentence_start": 3724, "sentence_end": 3968, "sentence_text": "While we may never know what actually happened during the Las Vegas Massacre, the fact remains that the official story has been proven, time and time again, to be absolutely false and in fact nothing more than a pathetic attempt at a cover-up.", "sentence_label": "Doubt", "tokens_list": ["While", "we", "may", "never", "know", "what", "actually", "happened", "during", "the", "Las", "Vegas", "Massacre", ",", "the", "fact", "remains", "that", "the", "official", "story", "has", "been", "proven", ",", "time", "and", "time", "again", ",", "to", "be", "absolutely", "false", "and", "in", "fact", "nothing", "more", "than", "a", "pathetic", "attempt", "at", "a", "cover-up", "."], "tokens_dicts_list": [{"token": "While", "start_char": 3724, "end_char": 3729, "token_label": "Doubt"}, {"token": "we", "start_char": 3730, "end_char": 3732, "token_label": "Doubt"}, {"token": "may", "start_char": 3733, "end_char": 3736, "token_label": "Doubt"}, {"token": "never", "start_char": 3737, "end_char": 3742, "token_label": "Doubt"}, {"token": "know", "start_char": 3743, "end_char": 3747, "token_label": "Doubt"}, {"token": "what", "start_char": 3748, "end_char": 3752, "token_label": "NA"}, {"token": "actually", "start_char": 3753, "end_char": 3761, "token_label": "NA"}, {"token": "happened", "start_char": 3762, "end_char": 3770, "token_label": "NA"}, {"token": "during", "start_char": 3771, "end_char": 3777, "token_label": "NA"}, {"token": "the", "start_char": 3778, "end_char": 3781, "token_label": "NA"}, {"token": "Las", "start_char": 3782, "end_char": 3785, "token_label": "NA"}, {"token": "Vegas", "start_char": 3786, "end_char": 3791, "token_label": "NA"}, {"token": "Massacre", "start_char": 3792, "end_char": 3800, "token_label": "NA"}, {"token": ",", "start_char": 3800, "end_char": 3801, "token_label": "NA"}, {"token": "the", "start_char": 3802, "end_char": 3805, "token_label": "Doubt"}, {"token": "fact", "start_char": 3806, "end_char": 3810, "token_label": "Doubt"}, {"token": "remains", "start_char": 3811, "end_char": 3818, "token_label": "Doubt"}, {"token": "that", "start_char": 3819, "end_char": 3823, "token_label": "Doubt"}, {"token": "the", "start_char": 3824, "end_char": 3827, "token_label": "Doubt"}, {"token": "official", "start_char": 3828, "end_char": 3836, "token_label": "Doubt"}, {"token": "story", "start_char": 3837, "end_char": 3842, "token_label": "Doubt"}, {"token": "has", "start_char": 3843, "end_char": 3846, "token_label": "Doubt"}, {"token": "been", "start_char": 3847, "end_char": 3851, "token_label": "Doubt"}, {"token": "proven", "start_char": 3852, "end_char": 3858, "token_label": "Doubt"}, {"token": ",", "start_char": 3858, "end_char": 3859, "token_label": "Doubt"}, {"token": "time", "start_char": 3860, "end_char": 3864, "token_label": "Doubt"}, {"token": "and", "start_char": 3865, "end_char": 3868, "token_label": "Doubt"}, {"token": "time", "start_char": 3869, "end_char": 3873, "token_label": "Doubt"}, {"token": "again", "start_char": 3874, "end_char": 3879, "token_label": "Doubt"}, {"token": ",", "start_char": 3879, "end_char": 3880, "token_label": "Doubt"}, {"token": "to", "start_char": 3881, "end_char": 3883, "token_label": "Doubt"}, {"token": "be", "start_char": 3884, "end_char": 3886, "token_label": "Doubt"}, {"token": "absolutely", "start_char": 3887, "end_char": 3897, "token_label": "Doubt"}, {"token": "false", "start_char": 3898, "end_char": 3903, "token_label": "Doubt"}, {"token": "and", "start_char": 3904, "end_char": 3907, "token_label": "Doubt"}, {"token": "in", "start_char": 3908, "end_char": 3910, "token_label": "Doubt"}, {"token": "fact", "start_char": 3911, "end_char": 3915, "token_label": "Doubt"}, {"token": "nothing", "start_char": 3916, "end_char": 3923, "token_label": "Doubt"}, {"token": "more", "start_char": 3924, "end_char": 3928, "token_label": "Doubt"}, {"token": "than", "start_char": 3929, "end_char": 3933, "token_label": "Doubt"}, {"token": "a", "start_char": 3934, "end_char": 3935, "token_label": "Doubt"}, {"token": "pathetic", "start_char": 3936, "end_char": 3944, "token_label": "Doubt"}, {"token": "attempt", "start_char": 3945, "end_char": 3952, "token_label": "Doubt"}, {"token": "at", "start_char": 3953, "end_char": 3955, "token_label": "Doubt"}, {"token": "a", "start_char": 3956, "end_char": 3957, "token_label": "Doubt"}, {"token": "cover-up", "start_char": 3958, "end_char": 3966, "token_label": "Doubt"}, {"token": ".", "start_char": 3966, "end_char": 3967, "token_label": "Doubt"}], "news_discourse_role": 7, "news_discourse_role_prob_0": 1.6058780602179468e-05, "news_discourse_role_prob_1": 0.004412584472447634, "news_discourse_role_prob_2": 0.0002449111780151725, "news_discourse_role_prob_3": 0.004379066172987223, "news_discourse_role_prob_4": 0.015571972355246544, "news_discourse_role_prob_5": 0.001007091486826539, "news_discourse_role_prob_6": 0.001396859297528863, "news_discourse_role_prob_7": 0.9685719609260559, "news_discourse_role_prob_8": 0.00439947284758091, "previous_discourse_relation": 1, "previous_discourse_relation_prob_comp": 0.12235434353351593, "previous_discourse_relation_prob_cont": 0.48339736461639404, "previous_discourse_relation_prob_temp": 0.00399613194167614, "previous_discourse_relation_prob_expan": 0.39025217294692993, "latter_discourse_relation": -1}]}