{"file_name": "./Propaganda/json_annotations/train/article703806098.json", "num_sentences": 14, "sentences": [{"sentence_id": 0, "sentence_start": 0, "sentence_end": 128, "sentence_text": "There Were \u201cActive Shooters On The Runway\u201d Bombshell Air Traffic Control Audio From The Night Of The Las Vegas Massacre Reveals", "sentence_label": "NA", "tokens_list": ["There", "Were", "\u201cActive", "Shooters", "On", "The", "Runway\u201d", "Bombshell", "Air", "Traffic", "Control", "Audio", "From", "The", "Night", "Of", "The", "Las", "Vegas", "Massacre", "Reveals"], "tokens_dicts_list": [{"token": "There", "start_char": 0, "end_char": 5, "token_label": "NA"}, {"token": "Were", "start_char": 6, "end_char": 10, "token_label": "NA"}, {"token": "\u201cActive", "start_char": 11, "end_char": 18, "token_label": "NA"}, {"token": "Shooters", "start_char": 19, "end_char": 27, "token_label": "NA"}, {"token": "On", "start_char": 28, "end_char": 30, "token_label": "NA"}, {"token": "The", "start_char": 31, "end_char": 34, "token_label": "NA"}, {"token": "Runway\u201d", "start_char": 35, "end_char": 42, "token_label": "NA"}, {"token": "Bombshell", "start_char": 43, "end_char": 52, "token_label": "NA"}, {"token": "Air", "start_char": 53, "end_char": 56, "token_label": "NA"}, {"token": "Traffic", "start_char": 57, "end_char": 64, "token_label": "NA"}, {"token": "Control", "start_char": 65, "end_char": 72, "token_label": "NA"}, {"token": "Audio", "start_char": 73, "end_char": 78, "token_label": "NA"}, {"token": "From", "start_char": 79, "end_char": 83, "token_label": "NA"}, {"token": "The", "start_char": 84, "end_char": 87, "token_label": "NA"}, {"token": "Night", "start_char": 88, "end_char": 93, "token_label": "NA"}, {"token": "Of", "start_char": 94, "end_char": 96, "token_label": "NA"}, {"token": "The", "start_char": 97, "end_char": 100, "token_label": "NA"}, {"token": "Las", "start_char": 101, "end_char": 104, "token_label": "NA"}, {"token": "Vegas", "start_char": 105, "end_char": 110, "token_label": "NA"}, {"token": "Massacre", "start_char": 111, "end_char": 119, "token_label": "NA"}, {"token": "Reveals", "start_char": 120, "end_char": 127, "token_label": "NA"}], "news_discourse_role": 0, "news_discourse_role_prob_0": 0.9499330520629883, "news_discourse_role_prob_1": 0.042533986270427704, "news_discourse_role_prob_2": 0.0003016998234670609, "news_discourse_role_prob_3": 0.003873415058478713, "news_discourse_role_prob_4": 0.0016763556050136685, "news_discourse_role_prob_5": 0.0008507705060765147, "news_discourse_role_prob_6": 0.0001878635521279648, "news_discourse_role_prob_7": 0.0005771921714767814, "news_discourse_role_prob_8": 6.575043516932055e-05, "latter_discourse_relation": 3, "latter_discourse_relation_prob_comp": 0.0011312224669381976, "latter_discourse_relation_prob_cont": 0.02055932767689228, "latter_discourse_relation_prob_temp": 0.0006124622304923832, "latter_discourse_relation_prob_expan": 0.9776970148086548, "previous_discourse_relation": -1}, {"sentence_id": 1, "sentence_start": 129, "sentence_end": 480, "sentence_text": "In yet another striking example of a widespread cover-up currently underway regarding the worst mass shooting in American history, new air traffic control audio has been released that details the fact that there were multiple active shooters on the airports property which is extremely close to the venue where at least part of the attack took place.", "sentence_label": "Loaded_Language", "tokens_list": ["In", "yet", "another", "striking", "example", "of", "a", "widespread", "cover-up", "currently", "underway", "regarding", "the", "worst", "mass", "shooting", "in", "American", "history", ",", "new", "air", "traffic", "control", "audio", "has", "been", "released", "that", "details", "the", "fact", "that", "there", "were", "multiple", "active", "shooters", "on", "the", "airports", "property", "which", "is", "extremely", "close", "to", "the", "venue", "where", "at", "least", "part", "of", "the", "attack", "took", "place", "."], "tokens_dicts_list": [{"token": "In", "start_char": 129, "end_char": 131, "token_label": "NA"}, {"token": "yet", "start_char": 132, "end_char": 135, "token_label": "NA"}, {"token": "another", "start_char": 136, "end_char": 143, "token_label": "NA"}, {"token": "striking", "start_char": 144, "end_char": 152, "token_label": "Loaded_Language"}, {"token": "example", "start_char": 153, "end_char": 160, "token_label": "Loaded_Language"}, {"token": "of", "start_char": 161, "end_char": 163, "token_label": "NA"}, {"token": "a", "start_char": 164, "end_char": 165, "token_label": "NA"}, {"token": "widespread", "start_char": 166, "end_char": 176, "token_label": "Loaded_Language"}, {"token": "cover-up", "start_char": 177, "end_char": 185, "token_label": "Loaded_Language"}, {"token": "currently", "start_char": 186, "end_char": 195, "token_label": "NA"}, {"token": "underway", "start_char": 196, "end_char": 204, "token_label": "NA"}, {"token": "regarding", "start_char": 205, "end_char": 214, "token_label": "NA"}, {"token": "the", "start_char": 215, "end_char": 218, "token_label": "NA"}, {"token": "worst", "start_char": 219, "end_char": 224, "token_label": "NA"}, {"token": "mass", "start_char": 225, "end_char": 229, "token_label": "NA"}, {"token": "shooting", "start_char": 230, "end_char": 238, "token_label": "NA"}, {"token": "in", "start_char": 239, "end_char": 241, "token_label": "NA"}, {"token": "American", "start_char": 242, "end_char": 250, "token_label": "NA"}, {"token": "history", "start_char": 251, "end_char": 258, "token_label": "NA"}, {"token": ",", "start_char": 258, "end_char": 259, "token_label": "NA"}, {"token": "new", "start_char": 260, "end_char": 263, "token_label": "NA"}, {"token": "air", "start_char": 264, "end_char": 267, "token_label": "NA"}, {"token": "traffic", "start_char": 268, "end_char": 275, "token_label": "NA"}, {"token": "control", "start_char": 276, "end_char": 283, "token_label": "NA"}, {"token": "audio", "start_char": 284, "end_char": 289, "token_label": "NA"}, {"token": "has", "start_char": 290, "end_char": 293, "token_label": "NA"}, {"token": "been", "start_char": 294, "end_char": 298, "token_label": "NA"}, {"token": "released", "start_char": 299, "end_char": 307, "token_label": "NA"}, {"token": "that", "start_char": 308, "end_char": 312, "token_label": "NA"}, {"token": "details", "start_char": 313, "end_char": 320, "token_label": "NA"}, {"token": "the", "start_char": 321, "end_char": 324, "token_label": "NA"}, {"token": "fact", "start_char": 325, "end_char": 329, "token_label": "NA"}, {"token": "that", "start_char": 330, "end_char": 334, "token_label": "NA"}, {"token": "there", "start_char": 335, "end_char": 340, "token_label": "NA"}, {"token": "were", "start_char": 341, "end_char": 345, "token_label": "NA"}, {"token": "multiple", "start_char": 346, "end_char": 354, "token_label": "NA"}, {"token": "active", "start_char": 355, "end_char": 361, "token_label": "NA"}, {"token": "shooters", "start_char": 362, "end_char": 370, "token_label": "NA"}, {"token": "on", "start_char": 371, "end_char": 373, "token_label": "NA"}, {"token": "the", "start_char": 374, "end_char": 377, "token_label": "NA"}, {"token": "airports", "start_char": 378, "end_char": 386, "token_label": "NA"}, {"token": "property", "start_char": 387, "end_char": 395, "token_label": "NA"}, {"token": "which", "start_char": 396, "end_char": 401, "token_label": "NA"}, {"token": "is", "start_char": 402, "end_char": 404, "token_label": "NA"}, {"token": "extremely", "start_char": 405, "end_char": 414, "token_label": "NA"}, {"token": "close", "start_char": 415, "end_char": 420, "token_label": "NA"}, {"token": "to", "start_char": 421, "end_char": 423, "token_label": "NA"}, {"token": "the", "start_char": 424, "end_char": 427, "token_label": "NA"}, {"token": "venue", "start_char": 428, "end_char": 433, "token_label": "NA"}, {"token": "where", "start_char": 434, "end_char": 439, "token_label": "NA"}, {"token": "at", "start_char": 440, "end_char": 442, "token_label": "NA"}, {"token": "least", "start_char": 443, "end_char": 448, "token_label": "NA"}, {"token": "part", "start_char": 449, "end_char": 453, "token_label": "NA"}, {"token": "of", "start_char": 454, "end_char": 456, "token_label": "NA"}, {"token": "the", "start_char": 457, "end_char": 460, "token_label": "NA"}, {"token": "attack", "start_char": 461, "end_char": 467, "token_label": "NA"}, {"token": "took", "start_char": 468, "end_char": 472, "token_label": "NA"}, {"token": "place", "start_char": 473, "end_char": 478, "token_label": "NA"}, {"token": ".", "start_char": 478, "end_char": 479, "token_label": "NA"}], "news_discourse_role": 1, "news_discourse_role_prob_0": 9.025238978210837e-05, "news_discourse_role_prob_1": 0.9915776252746582, "news_discourse_role_prob_2": 0.0009279458317905664, "news_discourse_role_prob_3": 0.0015442243311554193, "news_discourse_role_prob_4": 0.005736157298088074, "news_discourse_role_prob_5": 2.2796939447289333e-06, "news_discourse_role_prob_6": 9.753311132953968e-06, "news_discourse_role_prob_7": 6.233146268641576e-05, "news_discourse_role_prob_8": 4.947782144881785e-05, "previous_discourse_relation": 3, "previous_discourse_relation_prob_comp": 0.0011312224669381976, "previous_discourse_relation_prob_cont": 0.02055932767689228, "previous_discourse_relation_prob_temp": 0.0006124622304923832, "previous_discourse_relation_prob_expan": 0.9776970148086548, "latter_discourse_relation": 3, "latter_discourse_relation_prob_comp": 0.0012864063028246164, "latter_discourse_relation_prob_cont": 0.002255191095173359, "latter_discourse_relation_prob_temp": 0.0009147969540208578, "latter_discourse_relation_prob_expan": 0.9955435395240784}, {"sentence_id": 2, "sentence_start": 480, "sentence_end": 716, "sentence_text": "The audio recordings, taken from the night of the October 1st massacre that left 58 dead and over 500 injured, are further proof that multiple shooters were used throughout the area, a fact that directly contradicts the official story.", "sentence_label": "NA", "tokens_list": ["The", "audio", "recordings", ",", "taken", "from", "the", "night", "of", "the", "October", "1st", "massacre", "that", "left", "58", "dead", "and", "over", "500", "injured", ",", "are", "further", "proof", "that", "multiple", "shooters", "were", "used", "throughout", "the", "area", ",", "a", "fact", "that", "directly", "contradicts", "the", "official", "story", "."], "tokens_dicts_list": [{"token": "The", "start_char": 480, "end_char": 483, "token_label": "NA"}, {"token": "audio", "start_char": 484, "end_char": 489, "token_label": "NA"}, {"token": "recordings", "start_char": 490, "end_char": 500, "token_label": "NA"}, {"token": ",", "start_char": 500, "end_char": 501, "token_label": "NA"}, {"token": "taken", "start_char": 502, "end_char": 507, "token_label": "NA"}, {"token": "from", "start_char": 508, "end_char": 512, "token_label": "NA"}, {"token": "the", "start_char": 513, "end_char": 516, "token_label": "NA"}, {"token": "night", "start_char": 517, "end_char": 522, "token_label": "NA"}, {"token": "of", "start_char": 523, "end_char": 525, "token_label": "NA"}, {"token": "the", "start_char": 526, "end_char": 529, "token_label": "NA"}, {"token": "October", "start_char": 530, "end_char": 537, "token_label": "NA"}, {"token": "1st", "start_char": 538, "end_char": 541, "token_label": "NA"}, {"token": "massacre", "start_char": 542, "end_char": 550, "token_label": "NA"}, {"token": "that", "start_char": 551, "end_char": 555, "token_label": "NA"}, {"token": "left", "start_char": 556, "end_char": 560, "token_label": "NA"}, {"token": "58", "start_char": 561, "end_char": 563, "token_label": "NA"}, {"token": "dead", "start_char": 564, "end_char": 568, "token_label": "NA"}, {"token": "and", "start_char": 569, "end_char": 572, "token_label": "NA"}, {"token": "over", "start_char": 573, "end_char": 577, "token_label": "NA"}, {"token": "500", "start_char": 578, "end_char": 581, "token_label": "NA"}, {"token": "injured", "start_char": 582, "end_char": 589, "token_label": "NA"}, {"token": ",", "start_char": 589, "end_char": 590, "token_label": "NA"}, {"token": "are", "start_char": 591, "end_char": 594, "token_label": "NA"}, {"token": "further", "start_char": 595, "end_char": 602, "token_label": "NA"}, {"token": "proof", "start_char": 603, "end_char": 608, "token_label": "NA"}, {"token": "that", "start_char": 609, "end_char": 613, "token_label": "NA"}, {"token": "multiple", "start_char": 614, "end_char": 622, "token_label": "NA"}, {"token": "shooters", "start_char": 623, "end_char": 631, "token_label": "NA"}, {"token": "were", "start_char": 632, "end_char": 636, "token_label": "NA"}, {"token": "used", "start_char": 637, "end_char": 641, "token_label": "NA"}, {"token": "throughout", "start_char": 642, "end_char": 652, "token_label": "NA"}, {"token": "the", "start_char": 653, "end_char": 656, "token_label": "NA"}, {"token": "area", "start_char": 657, "end_char": 661, "token_label": "NA"}, {"token": ",", "start_char": 661, "end_char": 662, "token_label": "NA"}, {"token": "a", "start_char": 663, "end_char": 664, "token_label": "NA"}, {"token": "fact", "start_char": 665, "end_char": 669, "token_label": "NA"}, {"token": "that", "start_char": 670, "end_char": 674, "token_label": "NA"}, {"token": "directly", "start_char": 675, "end_char": 683, "token_label": "NA"}, {"token": "contradicts", "start_char": 684, "end_char": 695, "token_label": "NA"}, {"token": "the", "start_char": 696, "end_char": 699, "token_label": "NA"}, {"token": "official", "start_char": 700, "end_char": 708, "token_label": "NA"}, {"token": "story", "start_char": 709, "end_char": 714, "token_label": "NA"}, {"token": ".", "start_char": 714, "end_char": 715, "token_label": "NA"}], "news_discourse_role": 1, "news_discourse_role_prob_0": 0.0004258987901266664, "news_discourse_role_prob_1": 0.9741676449775696, "news_discourse_role_prob_2": 0.0014381584478542209, "news_discourse_role_prob_3": 0.015681738033890724, "news_discourse_role_prob_4": 0.007259492762386799, "news_discourse_role_prob_5": 1.8872495274990797e-05, "news_discourse_role_prob_6": 4.27499835495837e-05, "news_discourse_role_prob_7": 0.0004862594651058316, "news_discourse_role_prob_8": 0.0004792666295543313, "previous_discourse_relation": 3, "previous_discourse_relation_prob_comp": 0.0012864063028246164, "previous_discourse_relation_prob_cont": 0.002255191095173359, "previous_discourse_relation_prob_temp": 0.0009147969540208578, "previous_discourse_relation_prob_expan": 0.9955435395240784, "latter_discourse_relation": 3, "latter_discourse_relation_prob_comp": 0.00013602558465208858, "latter_discourse_relation_prob_cont": 0.0018909412901848555, "latter_discourse_relation_prob_temp": 9.030511864693835e-05, "latter_discourse_relation_prob_expan": 0.9978826642036438}, {"sentence_id": 3, "sentence_start": 716, "sentence_end": 1021, "sentence_text": "During the air traffic control recordings, which were released by political strategist and co-founder of \u201cThe New Right\u201d Mike Tokes, one of the dispatchers is heard telling an incoming plane that landing might not be a good idea because there were multiple active shooters on the airport property itself.", "sentence_label": "NA", "tokens_list": ["During", "the", "air", "traffic", "control", "recordings", ",", "which", "were", "released", "by", "political", "strategist", "and", "co-founder", "of", "\u201cThe", "New", "Right\u201d", "Mike", "Tokes", ",", "one", "of", "the", "dispatchers", "is", "heard", "telling", "an", "incoming", "plane", "that", "landing", "might", "not", "be", "a", "good", "idea", "because", "there", "were", "multiple", "active", "shooters", "on", "the", "airport", "property", "itself", "."], "tokens_dicts_list": [{"token": "During", "start_char": 716, "end_char": 722, "token_label": "NA"}, {"token": "the", "start_char": 723, "end_char": 726, "token_label": "NA"}, {"token": "air", "start_char": 727, "end_char": 730, "token_label": "NA"}, {"token": "traffic", "start_char": 731, "end_char": 738, "token_label": "NA"}, {"token": "control", "start_char": 739, "end_char": 746, "token_label": "NA"}, {"token": "recordings", "start_char": 747, "end_char": 757, "token_label": "NA"}, {"token": ",", "start_char": 757, "end_char": 758, "token_label": "NA"}, {"token": "which", "start_char": 759, "end_char": 764, "token_label": "NA"}, {"token": "were", "start_char": 765, "end_char": 769, "token_label": "NA"}, {"token": "released", "start_char": 770, "end_char": 778, "token_label": "NA"}, {"token": "by", "start_char": 779, "end_char": 781, "token_label": "NA"}, {"token": "political", "start_char": 782, "end_char": 791, "token_label": "NA"}, {"token": "strategist", "start_char": 792, "end_char": 802, "token_label": "NA"}, {"token": "and", "start_char": 803, "end_char": 806, "token_label": "NA"}, {"token": "co-founder", "start_char": 807, "end_char": 817, "token_label": "NA"}, {"token": "of", "start_char": 818, "end_char": 820, "token_label": "NA"}, {"token": "\u201cThe", "start_char": 821, "end_char": 825, "token_label": "NA"}, {"token": "New", "start_char": 826, "end_char": 829, "token_label": "NA"}, {"token": "Right\u201d", "start_char": 830, "end_char": 836, "token_label": "NA"}, {"token": "Mike", "start_char": 837, "end_char": 841, "token_label": "NA"}, {"token": "Tokes", "start_char": 842, "end_char": 847, "token_label": "NA"}, {"token": ",", "start_char": 847, "end_char": 848, "token_label": "NA"}, {"token": "one", "start_char": 849, "end_char": 852, "token_label": "NA"}, {"token": "of", "start_char": 853, "end_char": 855, "token_label": "NA"}, {"token": "the", "start_char": 856, "end_char": 859, "token_label": "NA"}, {"token": "dispatchers", "start_char": 860, "end_char": 871, "token_label": "NA"}, {"token": "is", "start_char": 872, "end_char": 874, "token_label": "NA"}, {"token": "heard", "start_char": 875, "end_char": 880, "token_label": "NA"}, {"token": "telling", "start_char": 881, "end_char": 888, "token_label": "NA"}, {"token": "an", "start_char": 889, "end_char": 891, "token_label": "NA"}, {"token": "incoming", "start_char": 892, "end_char": 900, "token_label": "NA"}, {"token": "plane", "start_char": 901, "end_char": 906, "token_label": "NA"}, {"token": "that", "start_char": 907, "end_char": 911, "token_label": "NA"}, {"token": "landing", "start_char": 912, "end_char": 919, "token_label": "NA"}, {"token": "might", "start_char": 920, "end_char": 925, "token_label": "NA"}, {"token": "not", "start_char": 926, "end_char": 929, "token_label": "NA"}, {"token": "be", "start_char": 930, "end_char": 932, "token_label": "NA"}, {"token": "a", "start_char": 933, "end_char": 934, "token_label": "NA"}, {"token": "good", "start_char": 935, "end_char": 939, "token_label": "NA"}, {"token": "idea", "start_char": 940, "end_char": 944, "token_label": "NA"}, {"token": "because", "start_char": 945, "end_char": 952, "token_label": "NA"}, {"token": "there", "start_char": 953, "end_char": 958, "token_label": "NA"}, {"token": "were", "start_char": 959, "end_char": 963, "token_label": "NA"}, {"token": "multiple", "start_char": 964, "end_char": 972, "token_label": "NA"}, {"token": "active", "start_char": 973, "end_char": 979, "token_label": "NA"}, {"token": "shooters", "start_char": 980, "end_char": 988, "token_label": "NA"}, {"token": "on", "start_char": 989, "end_char": 991, "token_label": "NA"}, {"token": "the", "start_char": 992, "end_char": 995, "token_label": "NA"}, {"token": "airport", "start_char": 996, "end_char": 1003, "token_label": "NA"}, {"token": "property", "start_char": 1004, "end_char": 1012, "token_label": "NA"}, {"token": "itself", "start_char": 1013, "end_char": 1019, "token_label": "NA"}, {"token": ".", "start_char": 1019, "end_char": 1020, "token_label": "NA"}], "news_discourse_role": 4, "news_discourse_role_prob_0": 0.00043702736729756, "news_discourse_role_prob_1": 0.2617233991622925, "news_discourse_role_prob_2": 0.015727555379271507, "news_discourse_role_prob_3": 0.13657356798648834, "news_discourse_role_prob_4": 0.544707715511322, "news_discourse_role_prob_5": 0.00658435421064496, "news_discourse_role_prob_6": 0.002288615331053734, "news_discourse_role_prob_7": 0.027602989226579666, "news_discourse_role_prob_8": 0.004354724194854498, "previous_discourse_relation": 3, "previous_discourse_relation_prob_comp": 0.00013602558465208858, "previous_discourse_relation_prob_cont": 0.0018909412901848555, "previous_discourse_relation_prob_temp": 9.030511864693835e-05, "previous_discourse_relation_prob_expan": 0.9978826642036438, "latter_discourse_relation": 3, "latter_discourse_relation_prob_comp": 0.0017075971700251102, "latter_discourse_relation_prob_cont": 0.011873018927872181, "latter_discourse_relation_prob_temp": 0.001983735943213105, "latter_discourse_relation_prob_expan": 0.9844356179237366}, {"sentence_id": 4, "sentence_start": 1021, "sentence_end": 1115, "sentence_text": "\u201cShutting down might not be a good idea, there\u2019s active shooters on the runway,\u201d he declared.", "sentence_label": "NA", "tokens_list": ["\u201cShutting", "down", "might", "not", "be", "a", "good", "idea", ",", "there\u2019s", "active", "shooters", "on", "the", "runway", ",", "\u201d", "he", "declared", "."], "tokens_dicts_list": [{"token": "\u201cShutting", "start_char": 1021, "end_char": 1030, "token_label": "NA"}, {"token": "down", "start_char": 1031, "end_char": 1035, "token_label": "NA"}, {"token": "might", "start_char": 1036, "end_char": 1041, "token_label": "NA"}, {"token": "not", "start_char": 1042, "end_char": 1045, "token_label": "NA"}, {"token": "be", "start_char": 1046, "end_char": 1048, "token_label": "NA"}, {"token": "a", "start_char": 1049, "end_char": 1050, "token_label": "NA"}, {"token": "good", "start_char": 1051, "end_char": 1055, "token_label": "NA"}, {"token": "idea", "start_char": 1056, "end_char": 1060, "token_label": "NA"}, {"token": ",", "start_char": 1060, "end_char": 1061, "token_label": "NA"}, {"token": "there\u2019s", "start_char": 1062, "end_char": 1069, "token_label": "NA"}, {"token": "active", "start_char": 1070, "end_char": 1076, "token_label": "NA"}, {"token": "shooters", "start_char": 1077, "end_char": 1085, "token_label": "NA"}, {"token": "on", "start_char": 1086, "end_char": 1088, "token_label": "NA"}, {"token": "the", "start_char": 1089, "end_char": 1092, "token_label": "NA"}, {"token": "runway", "start_char": 1093, "end_char": 1099, "token_label": "NA"}, {"token": ",", "start_char": 1099, "end_char": 1100, "token_label": "NA"}, {"token": "\u201d", "start_char": 1100, "end_char": 1101, "token_label": "NA"}, {"token": "he", "start_char": 1102, "end_char": 1104, "token_label": "NA"}, {"token": "declared", "start_char": 1105, "end_char": 1113, "token_label": "NA"}, {"token": ".", "start_char": 1113, "end_char": 1114, "token_label": "NA"}], "news_discourse_role": 7, "news_discourse_role_prob_0": 0.00036473863292485476, "news_discourse_role_prob_1": 0.0371490977704525, "news_discourse_role_prob_2": 0.0009581525810062885, "news_discourse_role_prob_3": 0.013566703535616398, "news_discourse_role_prob_4": 0.004824220202863216, "news_discourse_role_prob_5": 0.002912154421210289, "news_discourse_role_prob_6": 0.04934864491224289, "news_discourse_role_prob_7": 0.8402621150016785, "news_discourse_role_prob_8": 0.05061422660946846, "previous_discourse_relation": 3, "previous_discourse_relation_prob_comp": 0.0017075971700251102, "previous_discourse_relation_prob_cont": 0.011873018927872181, "previous_discourse_relation_prob_temp": 0.001983735943213105, "previous_discourse_relation_prob_expan": 0.9844356179237366, "latter_discourse_relation": 3, "latter_discourse_relation_prob_comp": 0.0019357232376933098, "latter_discourse_relation_prob_cont": 0.006439405959099531, "latter_discourse_relation_prob_temp": 0.001740840612910688, "latter_discourse_relation_prob_expan": 0.9898840188980103}, {"sentence_id": 5, "sentence_start": 1115, "sentence_end": 1221, "sentence_text": "\u201cThe 19s are closed, we are in the process of trying to round them up, they are on the airport property.\u201d", "sentence_label": "NA", "tokens_list": ["\u201cThe", "19s", "are", "closed", ",", "we", "are", "in", "the", "process", "of", "trying", "to", "round", "them", "up", ",", "they", "are", "on", "the", "airport", "property.\u201d"], "tokens_dicts_list": [{"token": "\u201cThe", "start_char": 1115, "end_char": 1119, "token_label": "NA"}, {"token": "19s", "start_char": 1120, "end_char": 1123, "token_label": "NA"}, {"token": "are", "start_char": 1124, "end_char": 1127, "token_label": "NA"}, {"token": "closed", "start_char": 1128, "end_char": 1134, "token_label": "NA"}, {"token": ",", "start_char": 1134, "end_char": 1135, "token_label": "NA"}, {"token": "we", "start_char": 1136, "end_char": 1138, "token_label": "NA"}, {"token": "are", "start_char": 1139, "end_char": 1142, "token_label": "NA"}, {"token": "in", "start_char": 1143, "end_char": 1145, "token_label": "NA"}, {"token": "the", "start_char": 1146, "end_char": 1149, "token_label": "NA"}, {"token": "process", "start_char": 1150, "end_char": 1157, "token_label": "NA"}, {"token": "of", "start_char": 1158, "end_char": 1160, "token_label": "NA"}, {"token": "trying", "start_char": 1161, "end_char": 1167, "token_label": "NA"}, {"token": "to", "start_char": 1168, "end_char": 1170, "token_label": "NA"}, {"token": "round", "start_char": 1171, "end_char": 1176, "token_label": "NA"}, {"token": "them", "start_char": 1177, "end_char": 1181, "token_label": "NA"}, {"token": "up", "start_char": 1182, "end_char": 1184, "token_label": "NA"}, {"token": ",", "start_char": 1184, "end_char": 1185, "token_label": "NA"}, {"token": "they", "start_char": 1186, "end_char": 1190, "token_label": "NA"}, {"token": "are", "start_char": 1191, "end_char": 1194, "token_label": "NA"}, {"token": "on", "start_char": 1195, "end_char": 1197, "token_label": "NA"}, {"token": "the", "start_char": 1198, "end_char": 1201, "token_label": "NA"}, {"token": "airport", "start_char": 1202, "end_char": 1209, "token_label": "NA"}, {"token": "property.\u201d", "start_char": 1210, "end_char": 1220, "token_label": "NA"}], "news_discourse_role": 7, "news_discourse_role_prob_0": 0.0031774165108799934, "news_discourse_role_prob_1": 0.051521185785532, "news_discourse_role_prob_2": 0.012261929921805859, "news_discourse_role_prob_3": 0.01493727695196867, "news_discourse_role_prob_4": 0.09291518479585648, "news_discourse_role_prob_5": 0.0015089984517544508, "news_discourse_role_prob_6": 0.1875295639038086, "news_discourse_role_prob_7": 0.5769101977348328, "news_discourse_role_prob_8": 0.05923820659518242, "previous_discourse_relation": 3, "previous_discourse_relation_prob_comp": 0.0019357232376933098, "previous_discourse_relation_prob_cont": 0.006439405959099531, "previous_discourse_relation_prob_temp": 0.001740840612910688, "previous_discourse_relation_prob_expan": 0.9898840188980103, "latter_discourse_relation": 3, "latter_discourse_relation_prob_comp": 0.000517346546985209, "latter_discourse_relation_prob_cont": 0.0019757298287004232, "latter_discourse_relation_prob_temp": 0.0009991753613576293, "latter_discourse_relation_prob_expan": 0.9965077042579651}, {"sentence_id": 6, "sentence_start": 1221, "sentence_end": 1327, "sentence_text": "Air traffic control tapes on the night of the Las Vegas shooting: \u201cThere\u2019s active shooters on the runway.", "sentence_label": "NA", "tokens_list": ["Air", "traffic", "control", "tapes", "on", "the", "night", "of", "the", "Las", "Vegas", "shooting", ":", "\u201cThere\u2019s", "active", "shooters", "on", "the", "runway", "."], "tokens_dicts_list": [{"token": "Air", "start_char": 1221, "end_char": 1224, "token_label": "NA"}, {"token": "traffic", "start_char": 1225, "end_char": 1232, "token_label": "NA"}, {"token": "control", "start_char": 1233, "end_char": 1240, "token_label": "NA"}, {"token": "tapes", "start_char": 1241, "end_char": 1246, "token_label": "NA"}, {"token": "on", "start_char": 1247, "end_char": 1249, "token_label": "NA"}, {"token": "the", "start_char": 1250, "end_char": 1253, "token_label": "NA"}, {"token": "night", "start_char": 1254, "end_char": 1259, "token_label": "NA"}, {"token": "of", "start_char": 1260, "end_char": 1262, "token_label": "NA"}, {"token": "the", "start_char": 1263, "end_char": 1266, "token_label": "NA"}, {"token": "Las", "start_char": 1267, "end_char": 1270, "token_label": "NA"}, {"token": "Vegas", "start_char": 1271, "end_char": 1276, "token_label": "NA"}, {"token": "shooting", "start_char": 1277, "end_char": 1285, "token_label": "NA"}, {"token": ":", "start_char": 1285, "end_char": 1286, "token_label": "NA"}, {"token": "\u201cThere\u2019s", "start_char": 1287, "end_char": 1295, "token_label": "NA"}, {"token": "active", "start_char": 1296, "end_char": 1302, "token_label": "NA"}, {"token": "shooters", "start_char": 1303, "end_char": 1311, "token_label": "NA"}, {"token": "on", "start_char": 1312, "end_char": 1314, "token_label": "NA"}, {"token": "the", "start_char": 1315, "end_char": 1318, "token_label": "NA"}, {"token": "runway", "start_char": 1319, "end_char": 1325, "token_label": "NA"}, {"token": ".", "start_char": 1325, "end_char": 1326, "token_label": "NA"}], "news_discourse_role": 0, "news_discourse_role_prob_0": 0.9268159866333008, "news_discourse_role_prob_1": 0.01867106929421425, "news_discourse_role_prob_2": 0.0014386574039235711, "news_discourse_role_prob_3": 0.01342904195189476, "news_discourse_role_prob_4": 0.029005249962210655, "news_discourse_role_prob_5": 0.004536301363259554, "news_discourse_role_prob_6": 0.0031929227989166975, "news_discourse_role_prob_7": 0.00249263527803123, "news_discourse_role_prob_8": 0.0004181917174719274, "previous_discourse_relation": 3, "previous_discourse_relation_prob_comp": 0.000517346546985209, "previous_discourse_relation_prob_cont": 0.0019757298287004232, "previous_discourse_relation_prob_temp": 0.0009991753613576293, "previous_discourse_relation_prob_expan": 0.9965077042579651, "latter_discourse_relation": 3, "latter_discourse_relation_prob_comp": 0.0009388045873492956, "latter_discourse_relation_prob_cont": 0.002096070908010006, "latter_discourse_relation_prob_temp": 0.00030202569905668497, "latter_discourse_relation_prob_expan": 0.9966630339622498}, {"sentence_id": 7, "sentence_start": 1327, "sentence_end": 1430, "sentence_text": "They\u2019re on the airport property\u201d pic.twitter.com/HZf3LBeAgk \u2014 Mike Tokes (@MikeTokes) October 29, 2017", "sentence_label": "NA", "tokens_list": ["They\u2019re", "on", "the", "airport", "property\u201d", "pic.twitter.com/HZf3LBeAgk", "\u2014", "Mike", "Tokes", "(", "@", "MikeTokes", ")", "October", "29", ",", "2017"], "tokens_dicts_list": [{"token": "They\u2019re", "start_char": 1327, "end_char": 1334, "token_label": "NA"}, {"token": "on", "start_char": 1335, "end_char": 1337, "token_label": "NA"}, {"token": "the", "start_char": 1338, "end_char": 1341, "token_label": "NA"}, {"token": "airport", "start_char": 1342, "end_char": 1349, "token_label": "NA"}, {"token": "property\u201d", "start_char": 1350, "end_char": 1359, "token_label": "NA"}, {"token": "pic.twitter.com/HZf3LBeAgk", "start_char": 1360, "end_char": 1386, "token_label": "NA"}, {"token": "\u2014", "start_char": 1387, "end_char": 1388, "token_label": "NA"}, {"token": "Mike", "start_char": 1389, "end_char": 1393, "token_label": "NA"}, {"token": "Tokes", "start_char": 1394, "end_char": 1399, "token_label": "NA"}, {"token": "(", "start_char": 1400, "end_char": 1401, "token_label": "NA"}, {"token": "@", "start_char": 1401, "end_char": 1402, "token_label": "NA"}, {"token": "MikeTokes", "start_char": 1402, "end_char": 1411, "token_label": "NA"}, {"token": ")", "start_char": 1411, "end_char": 1412, "token_label": "NA"}, {"token": "October", "start_char": 1413, "end_char": 1420, "token_label": "NA"}, {"token": "29", "start_char": 1421, "end_char": 1423, "token_label": "NA"}, {"token": ",", "start_char": 1423, "end_char": 1424, "token_label": "NA"}, {"token": "2017", "start_char": 1425, "end_char": 1429, "token_label": "NA"}], "news_discourse_role": 7, "news_discourse_role_prob_0": 0.2637583613395691, "news_discourse_role_prob_1": 0.082811638712883, "news_discourse_role_prob_2": 0.029146187007427216, "news_discourse_role_prob_3": 0.020844032987952232, "news_discourse_role_prob_4": 0.16258399188518524, "news_discourse_role_prob_5": 0.010429988615214825, "news_discourse_role_prob_6": 0.13539116084575653, "news_discourse_role_prob_7": 0.27839455008506775, "news_discourse_role_prob_8": 0.01664009876549244, "previous_discourse_relation": 3, "previous_discourse_relation_prob_comp": 0.0009388045873492956, "previous_discourse_relation_prob_cont": 0.002096070908010006, "previous_discourse_relation_prob_temp": 0.00030202569905668497, "previous_discourse_relation_prob_expan": 0.9966630339622498, "latter_discourse_relation": 3, "latter_discourse_relation_prob_comp": 0.006166296545416117, "latter_discourse_relation_prob_cont": 0.18447330594062805, "latter_discourse_relation_prob_temp": 0.0022283638827502728, "latter_discourse_relation_prob_expan": 0.8071319460868835}, {"sentence_id": 8, "sentence_start": 1430, "sentence_end": 1722, "sentence_text": "This stunning tower audio once again provides proof that the entire narrative that claims that Stephen Paddock operated alone from the 32nd floor of the Mandalay Bay Hotel is complete nonsense and that authorities are actually actively covering up what really happened on that fateful night.", "sentence_label": "Doubt", "tokens_list": ["This", "stunning", "tower", "audio", "once", "again", "provides", "proof", "that", "the", "entire", "narrative", "that", "claims", "that", "Stephen", "Paddock", "operated", "alone", "from", "the", "32nd", "floor", "of", "the", "Mandalay", "Bay", "Hotel", "is", "complete", "nonsense", "and", "that", "authorities", "are", "actually", "actively", "covering", "up", "what", "really", "happened", "on", "that", "fateful", "night", "."], "tokens_dicts_list": [{"token": "This", "start_char": 1430, "end_char": 1434, "token_label": "NA"}, {"token": "stunning", "start_char": 1435, "end_char": 1443, "token_label": "Loaded_Language"}, {"token": "tower", "start_char": 1444, "end_char": 1449, "token_label": "Loaded_Language"}, {"token": "audio", "start_char": 1450, "end_char": 1455, "token_label": "Loaded_Language"}, {"token": "once", "start_char": 1456, "end_char": 1460, "token_label": "NA"}, {"token": "again", "start_char": 1461, "end_char": 1466, "token_label": "NA"}, {"token": "provides", "start_char": 1467, "end_char": 1475, "token_label": "NA"}, {"token": "proof", "start_char": 1476, "end_char": 1481, "token_label": "NA"}, {"token": "that", "start_char": 1482, "end_char": 1486, "token_label": "NA"}, {"token": "the", "start_char": 1487, "end_char": 1490, "token_label": "NA"}, {"token": "entire", "start_char": 1491, "end_char": 1497, "token_label": "NA"}, {"token": "narrative", "start_char": 1498, "end_char": 1507, "token_label": "NA"}, {"token": "that", "start_char": 1508, "end_char": 1512, "token_label": "NA"}, {"token": "claims", "start_char": 1513, "end_char": 1519, "token_label": "NA"}, {"token": "that", "start_char": 1520, "end_char": 1524, "token_label": "NA"}, {"token": "Stephen", "start_char": 1525, "end_char": 1532, "token_label": "NA"}, {"token": "Paddock", "start_char": 1533, "end_char": 1540, "token_label": "NA"}, {"token": "operated", "start_char": 1541, "end_char": 1549, "token_label": "NA"}, {"token": "alone", "start_char": 1550, "end_char": 1555, "token_label": "NA"}, {"token": "from", "start_char": 1556, "end_char": 1560, "token_label": "NA"}, {"token": "the", "start_char": 1561, "end_char": 1564, "token_label": "NA"}, {"token": "32nd", "start_char": 1565, "end_char": 1569, "token_label": "NA"}, {"token": "floor", "start_char": 1570, "end_char": 1575, "token_label": "NA"}, {"token": "of", "start_char": 1576, "end_char": 1578, "token_label": "NA"}, {"token": "the", "start_char": 1579, "end_char": 1582, "token_label": "NA"}, {"token": "Mandalay", "start_char": 1583, "end_char": 1591, "token_label": "NA"}, {"token": "Bay", "start_char": 1592, "end_char": 1595, "token_label": "NA"}, {"token": "Hotel", "start_char": 1596, "end_char": 1601, "token_label": "NA"}, {"token": "is", "start_char": 1602, "end_char": 1604, "token_label": "NA"}, {"token": "complete", "start_char": 1605, "end_char": 1613, "token_label": "Loaded_Language"}, {"token": "nonsense", "start_char": 1614, "end_char": 1622, "token_label": "Loaded_Language"}, {"token": "and", "start_char": 1623, "end_char": 1626, "token_label": "NA"}, {"token": "that", "start_char": 1627, "end_char": 1631, "token_label": "NA"}, {"token": "authorities", "start_char": 1632, "end_char": 1643, "token_label": "Doubt"}, {"token": "are", "start_char": 1644, "end_char": 1647, "token_label": "Doubt"}, {"token": "actually", "start_char": 1648, "end_char": 1656, "token_label": "Doubt"}, {"token": "actively", "start_char": 1657, "end_char": 1665, "token_label": "Doubt"}, {"token": "covering", "start_char": 1666, "end_char": 1674, "token_label": "Doubt"}, {"token": "up", "start_char": 1675, "end_char": 1677, "token_label": "Doubt"}, {"token": "what", "start_char": 1678, "end_char": 1682, "token_label": "Doubt"}, {"token": "really", "start_char": 1683, "end_char": 1689, "token_label": "Doubt"}, {"token": "happened", "start_char": 1690, "end_char": 1698, "token_label": "Doubt"}, {"token": "on", "start_char": 1699, "end_char": 1701, "token_label": "NA"}, {"token": "that", "start_char": 1702, "end_char": 1706, "token_label": "NA"}, {"token": "fateful", "start_char": 1707, "end_char": 1714, "token_label": "NA"}, {"token": "night", "start_char": 1715, "end_char": 1720, "token_label": "NA"}, {"token": ".", "start_char": 1720, "end_char": 1721, "token_label": "NA"}], "news_discourse_role": 1, "news_discourse_role_prob_0": 0.021343013271689415, "news_discourse_role_prob_1": 0.6611497402191162, "news_discourse_role_prob_2": 0.008673650212585926, "news_discourse_role_prob_3": 0.0401260145008564, "news_discourse_role_prob_4": 0.055828265845775604, "news_discourse_role_prob_5": 0.001046672579832375, "news_discourse_role_prob_6": 0.002847957657650113, "news_discourse_role_prob_7": 0.20056197047233582, "news_discourse_role_prob_8": 0.008422711864113808, "previous_discourse_relation": 3, "previous_discourse_relation_prob_comp": 0.006166296545416117, "previous_discourse_relation_prob_cont": 0.18447330594062805, "previous_discourse_relation_prob_temp": 0.0022283638827502728, "previous_discourse_relation_prob_expan": 0.8071319460868835, "latter_discourse_relation": 3, "latter_discourse_relation_prob_comp": 0.0018582716584205627, "latter_discourse_relation_prob_cont": 0.016900354996323586, "latter_discourse_relation_prob_temp": 0.0002767640398815274, "latter_discourse_relation_prob_expan": 0.9809644818305969}, {"sentence_id": 9, "sentence_start": 1722, "sentence_end": 1943, "sentence_text": "While there have been countless stories since the attack that raise the very real possibility that this was a false flag, one has stood out due to the fact that the person who released the information died shortly after.", "sentence_label": "NA", "tokens_list": ["While", "there", "have", "been", "countless", "stories", "since", "the", "attack", "that", "raise", "the", "very", "real", "possibility", "that", "this", "was", "a", "false", "flag", ",", "one", "has", "stood", "out", "due", "to", "the", "fact", "that", "the", "person", "who", "released", "the", "information", "died", "shortly", "after", "."], "tokens_dicts_list": [{"token": "While", "start_char": 1722, "end_char": 1727, "token_label": "NA"}, {"token": "there", "start_char": 1728, "end_char": 1733, "token_label": "NA"}, {"token": "have", "start_char": 1734, "end_char": 1738, "token_label": "NA"}, {"token": "been", "start_char": 1739, "end_char": 1743, "token_label": "NA"}, {"token": "countless", "start_char": 1744, "end_char": 1753, "token_label": "NA"}, {"token": "stories", "start_char": 1754, "end_char": 1761, "token_label": "NA"}, {"token": "since", "start_char": 1762, "end_char": 1767, "token_label": "NA"}, {"token": "the", "start_char": 1768, "end_char": 1771, "token_label": "NA"}, {"token": "attack", "start_char": 1772, "end_char": 1778, "token_label": "NA"}, {"token": "that", "start_char": 1779, "end_char": 1783, "token_label": "NA"}, {"token": "raise", "start_char": 1784, "end_char": 1789, "token_label": "NA"}, {"token": "the", "start_char": 1790, "end_char": 1793, "token_label": "NA"}, {"token": "very", "start_char": 1794, "end_char": 1798, "token_label": "NA"}, {"token": "real", "start_char": 1799, "end_char": 1803, "token_label": "NA"}, {"token": "possibility", "start_char": 1804, "end_char": 1815, "token_label": "NA"}, {"token": "that", "start_char": 1816, "end_char": 1820, "token_label": "NA"}, {"token": "this", "start_char": 1821, "end_char": 1825, "token_label": "NA"}, {"token": "was", "start_char": 1826, "end_char": 1829, "token_label": "NA"}, {"token": "a", "start_char": 1830, "end_char": 1831, "token_label": "NA"}, {"token": "false", "start_char": 1832, "end_char": 1837, "token_label": "NA"}, {"token": "flag", "start_char": 1838, "end_char": 1842, "token_label": "NA"}, {"token": ",", "start_char": 1842, "end_char": 1843, "token_label": "NA"}, {"token": "one", "start_char": 1844, "end_char": 1847, "token_label": "NA"}, {"token": "has", "start_char": 1848, "end_char": 1851, "token_label": "NA"}, {"token": "stood", "start_char": 1852, "end_char": 1857, "token_label": "NA"}, {"token": "out", "start_char": 1858, "end_char": 1861, "token_label": "NA"}, {"token": "due", "start_char": 1862, "end_char": 1865, "token_label": "NA"}, {"token": "to", "start_char": 1866, "end_char": 1868, "token_label": "NA"}, {"token": "the", "start_char": 1869, "end_char": 1872, "token_label": "NA"}, {"token": "fact", "start_char": 1873, "end_char": 1877, "token_label": "NA"}, {"token": "that", "start_char": 1878, "end_char": 1882, "token_label": "NA"}, {"token": "the", "start_char": 1883, "end_char": 1886, "token_label": "NA"}, {"token": "person", "start_char": 1887, "end_char": 1893, "token_label": "NA"}, {"token": "who", "start_char": 1894, "end_char": 1897, "token_label": "NA"}, {"token": "released", "start_char": 1898, "end_char": 1906, "token_label": "NA"}, {"token": "the", "start_char": 1907, "end_char": 1910, "token_label": "NA"}, {"token": "information", "start_char": 1911, "end_char": 1922, "token_label": "NA"}, {"token": "died", "start_char": 1923, "end_char": 1927, "token_label": "NA"}, {"token": "shortly", "start_char": 1928, "end_char": 1935, "token_label": "NA"}, {"token": "after", "start_char": 1936, "end_char": 1941, "token_label": "NA"}, {"token": ".", "start_char": 1941, "end_char": 1942, "token_label": "NA"}], "news_discourse_role": 7, "news_discourse_role_prob_0": 0.00010632681369315833, "news_discourse_role_prob_1": 0.022506050765514374, "news_discourse_role_prob_2": 0.0025867819786071777, "news_discourse_role_prob_3": 0.03610881417989731, "news_discourse_role_prob_4": 0.312463641166687, "news_discourse_role_prob_5": 0.004520447924733162, "news_discourse_role_prob_6": 0.001179525163024664, "news_discourse_role_prob_7": 0.6175695061683655, "news_discourse_role_prob_8": 0.0029589461628347635, "previous_discourse_relation": 3, "previous_discourse_relation_prob_comp": 0.0018582716584205627, "previous_discourse_relation_prob_cont": 0.016900354996323586, "previous_discourse_relation_prob_temp": 0.0002767640398815274, "previous_discourse_relation_prob_expan": 0.9809644818305969, "latter_discourse_relation": 3, "latter_discourse_relation_prob_comp": 2.2495727534987964e-05, "latter_discourse_relation_prob_cont": 0.00031624725670553744, "latter_discourse_relation_prob_temp": 2.3111284463084303e-05, "latter_discourse_relation_prob_expan": 0.9996380805969238}, {"sentence_id": 10, "sentence_start": 1943, "sentence_end": 2238, "sentence_text": "As Shepard Ambellas reported in a now viral article, \u201cKymberley Suchomel, who posted her eyewitness account of the Las Vegas massacre in astonishingly vivid detail to her Facebook page on Oct. 4, subsequently passed away in her home on Oct. 9 from what reports are claiming are natural causes.\u201d", "sentence_label": "NA", "tokens_list": ["As", "Shepard", "Ambellas", "reported", "in", "a", "now", "viral", "article", ",", "\u201cKymberley", "Suchomel", ",", "who", "posted", "her", "eyewitness", "account", "of", "the", "Las", "Vegas", "massacre", "in", "astonishingly", "vivid", "detail", "to", "her", "Facebook", "page", "on", "Oct.", "4", ",", "subsequently", "passed", "away", "in", "her", "home", "on", "Oct.", "9", "from", "what", "reports", "are", "claiming", "are", "natural", "causes.\u201d"], "tokens_dicts_list": [{"token": "As", "start_char": 1943, "end_char": 1945, "token_label": "NA"}, {"token": "Shepard", "start_char": 1946, "end_char": 1953, "token_label": "NA"}, {"token": "Ambellas", "start_char": 1954, "end_char": 1962, "token_label": "NA"}, {"token": "reported", "start_char": 1963, "end_char": 1971, "token_label": "NA"}, {"token": "in", "start_char": 1972, "end_char": 1974, "token_label": "NA"}, {"token": "a", "start_char": 1975, "end_char": 1976, "token_label": "NA"}, {"token": "now", "start_char": 1977, "end_char": 1980, "token_label": "NA"}, {"token": "viral", "start_char": 1981, "end_char": 1986, "token_label": "NA"}, {"token": "article", "start_char": 1987, "end_char": 1994, "token_label": "NA"}, {"token": ",", "start_char": 1994, "end_char": 1995, "token_label": "NA"}, {"token": "\u201cKymberley", "start_char": 1996, "end_char": 2006, "token_label": "NA"}, {"token": "Suchomel", "start_char": 2007, "end_char": 2015, "token_label": "NA"}, {"token": ",", "start_char": 2015, "end_char": 2016, "token_label": "NA"}, {"token": "who", "start_char": 2017, "end_char": 2020, "token_label": "NA"}, {"token": "posted", "start_char": 2021, "end_char": 2027, "token_label": "NA"}, {"token": "her", "start_char": 2028, "end_char": 2031, "token_label": "NA"}, {"token": "eyewitness", "start_char": 2032, "end_char": 2042, "token_label": "NA"}, {"token": "account", "start_char": 2043, "end_char": 2050, "token_label": "NA"}, {"token": "of", "start_char": 2051, "end_char": 2053, "token_label": "NA"}, {"token": "the", "start_char": 2054, "end_char": 2057, "token_label": "NA"}, {"token": "Las", "start_char": 2058, "end_char": 2061, "token_label": "NA"}, {"token": "Vegas", "start_char": 2062, "end_char": 2067, "token_label": "NA"}, {"token": "massacre", "start_char": 2068, "end_char": 2076, "token_label": "NA"}, {"token": "in", "start_char": 2077, "end_char": 2079, "token_label": "NA"}, {"token": "astonishingly", "start_char": 2080, "end_char": 2093, "token_label": "NA"}, {"token": "vivid", "start_char": 2094, "end_char": 2099, "token_label": "NA"}, {"token": "detail", "start_char": 2100, "end_char": 2106, "token_label": "NA"}, {"token": "to", "start_char": 2107, "end_char": 2109, "token_label": "NA"}, {"token": "her", "start_char": 2110, "end_char": 2113, "token_label": "NA"}, {"token": "Facebook", "start_char": 2114, "end_char": 2122, "token_label": "NA"}, {"token": "page", "start_char": 2123, "end_char": 2127, "token_label": "NA"}, {"token": "on", "start_char": 2128, "end_char": 2130, "token_label": "NA"}, {"token": "Oct.", "start_char": 2131, "end_char": 2135, "token_label": "NA"}, {"token": "4", "start_char": 2136, "end_char": 2137, "token_label": "NA"}, {"token": ",", "start_char": 2137, "end_char": 2138, "token_label": "NA"}, {"token": "subsequently", "start_char": 2139, "end_char": 2151, "token_label": "NA"}, {"token": "passed", "start_char": 2152, "end_char": 2158, "token_label": "NA"}, {"token": "away", "start_char": 2159, "end_char": 2163, "token_label": "NA"}, {"token": "in", "start_char": 2164, "end_char": 2166, "token_label": "NA"}, {"token": "her", "start_char": 2167, "end_char": 2170, "token_label": "NA"}, {"token": "home", "start_char": 2171, "end_char": 2175, "token_label": "NA"}, {"token": "on", "start_char": 2176, "end_char": 2178, "token_label": "NA"}, {"token": "Oct.", "start_char": 2179, "end_char": 2183, "token_label": "NA"}, {"token": "9", "start_char": 2184, "end_char": 2185, "token_label": "NA"}, {"token": "from", "start_char": 2186, "end_char": 2190, "token_label": "NA"}, {"token": "what", "start_char": 2191, "end_char": 2195, "token_label": "NA"}, {"token": "reports", "start_char": 2196, "end_char": 2203, "token_label": "NA"}, {"token": "are", "start_char": 2204, "end_char": 2207, "token_label": "NA"}, {"token": "claiming", "start_char": 2208, "end_char": 2216, "token_label": "NA"}, {"token": "are", "start_char": 2217, "end_char": 2220, "token_label": "NA"}, {"token": "natural", "start_char": 2221, "end_char": 2228, "token_label": "NA"}, {"token": "causes.\u201d", "start_char": 2229, "end_char": 2237, "token_label": "NA"}], "news_discourse_role": 4, "news_discourse_role_prob_0": 0.00014709768583998084, "news_discourse_role_prob_1": 0.054986581206321716, "news_discourse_role_prob_2": 0.02612338215112686, "news_discourse_role_prob_3": 0.0344192236661911, "news_discourse_role_prob_4": 0.8786746859550476, "news_discourse_role_prob_5": 0.0021381950937211514, "news_discourse_role_prob_6": 0.0009207903640344739, "news_discourse_role_prob_7": 0.0024705363903194666, "news_discourse_role_prob_8": 0.00011951648775720969, "previous_discourse_relation": 3, "previous_discourse_relation_prob_comp": 2.2495727534987964e-05, "previous_discourse_relation_prob_cont": 0.00031624725670553744, "previous_discourse_relation_prob_temp": 2.3111284463084303e-05, "previous_discourse_relation_prob_expan": 0.9996380805969238, "latter_discourse_relation": 3, "latter_discourse_relation_prob_comp": 0.004282793495804071, "latter_discourse_relation_prob_cont": 0.0012000028509646654, "latter_discourse_relation_prob_temp": 0.003795034484937787, "latter_discourse_relation_prob_expan": 0.9907221794128418}, {"sentence_id": 11, "sentence_start": 2238, "sentence_end": 2435, "sentence_text": "\u201cShockingly, just days before her death, Suchomel posted key details about the shooting to Facebook that contradicted the official narrative which claims that Stephen Paddock was the lone gunman.\u201d", "sentence_label": "NA", "tokens_list": ["\u201cShockingly", ",", "just", "days", "before", "her", "death", ",", "Suchomel", "posted", "key", "details", "about", "the", "shooting", "to", "Facebook", "that", "contradicted", "the", "official", "narrative", "which", "claims", "that", "Stephen", "Paddock", "was", "the", "lone", "gunman.\u201d"], "tokens_dicts_list": [{"token": "\u201cShockingly", "start_char": 2238, "end_char": 2249, "token_label": "NA"}, {"token": ",", "start_char": 2249, "end_char": 2250, "token_label": "NA"}, {"token": "just", "start_char": 2251, "end_char": 2255, "token_label": "NA"}, {"token": "days", "start_char": 2256, "end_char": 2260, "token_label": "NA"}, {"token": "before", "start_char": 2261, "end_char": 2267, "token_label": "NA"}, {"token": "her", "start_char": 2268, "end_char": 2271, "token_label": "NA"}, {"token": "death", "start_char": 2272, "end_char": 2277, "token_label": "NA"}, {"token": ",", "start_char": 2277, "end_char": 2278, "token_label": "NA"}, {"token": "Suchomel", "start_char": 2279, "end_char": 2287, "token_label": "NA"}, {"token": "posted", "start_char": 2288, "end_char": 2294, "token_label": "NA"}, {"token": "key", "start_char": 2295, "end_char": 2298, "token_label": "NA"}, {"token": "details", "start_char": 2299, "end_char": 2306, "token_label": "NA"}, {"token": "about", "start_char": 2307, "end_char": 2312, "token_label": "NA"}, {"token": "the", "start_char": 2313, "end_char": 2316, "token_label": "NA"}, {"token": "shooting", "start_char": 2317, "end_char": 2325, "token_label": "NA"}, {"token": "to", "start_char": 2326, "end_char": 2328, "token_label": "NA"}, {"token": "Facebook", "start_char": 2329, "end_char": 2337, "token_label": "NA"}, {"token": "that", "start_char": 2338, "end_char": 2342, "token_label": "NA"}, {"token": "contradicted", "start_char": 2343, "end_char": 2355, "token_label": "NA"}, {"token": "the", "start_char": 2356, "end_char": 2359, "token_label": "NA"}, {"token": "official", "start_char": 2360, "end_char": 2368, "token_label": "NA"}, {"token": "narrative", "start_char": 2369, "end_char": 2378, "token_label": "NA"}, {"token": "which", "start_char": 2379, "end_char": 2384, "token_label": "NA"}, {"token": "claims", "start_char": 2385, "end_char": 2391, "token_label": "NA"}, {"token": "that", "start_char": 2392, "end_char": 2396, "token_label": "NA"}, {"token": "Stephen", "start_char": 2397, "end_char": 2404, "token_label": "NA"}, {"token": "Paddock", "start_char": 2405, "end_char": 2412, "token_label": "NA"}, {"token": "was", "start_char": 2413, "end_char": 2416, "token_label": "NA"}, {"token": "the", "start_char": 2417, "end_char": 2420, "token_label": "NA"}, {"token": "lone", "start_char": 2421, "end_char": 2425, "token_label": "NA"}, {"token": "gunman.\u201d", "start_char": 2426, "end_char": 2434, "token_label": "NA"}], "news_discourse_role": 3, "news_discourse_role_prob_0": 0.0006533799460157752, "news_discourse_role_prob_1": 0.08997023105621338, "news_discourse_role_prob_2": 0.005151032470166683, "news_discourse_role_prob_3": 0.6611099243164062, "news_discourse_role_prob_4": 0.19270117580890656, "news_discourse_role_prob_5": 0.03024241328239441, "news_discourse_role_prob_6": 0.0013482802314683795, "news_discourse_role_prob_7": 0.018226180225610733, "news_discourse_role_prob_8": 0.0005973370280116796, "previous_discourse_relation": 3, "previous_discourse_relation_prob_comp": 0.004282793495804071, "previous_discourse_relation_prob_cont": 0.0012000028509646654, "previous_discourse_relation_prob_temp": 0.003795034484937787, "previous_discourse_relation_prob_expan": 0.9907221794128418, "latter_discourse_relation": 1, "latter_discourse_relation_prob_comp": 0.030306031927466393, "latter_discourse_relation_prob_cont": 0.656899631023407, "latter_discourse_relation_prob_temp": 0.004104407504200935, "latter_discourse_relation_prob_expan": 0.3086899220943451}, {"sentence_id": 12, "sentence_start": 2435, "sentence_end": 2667, "sentence_text": "From dozens of eyewitness reports, including Suchomel\u2019s, that clearly indicate the presence of multiple shooters, to the possibility of helicopters being used in the attack, the American people are clearly not being told the truth.", "sentence_label": "Flag-Waving", "tokens_list": ["From", "dozens", "of", "eyewitness", "reports", ",", "including", "Suchomel\u2019s", ",", "that", "clearly", "indicate", "the", "presence", "of", "multiple", "shooters", ",", "to", "the", "possibility", "of", "helicopters", "being", "used", "in", "the", "attack", ",", "the", "American", "people", "are", "clearly", "not", "being", "told", "the", "truth", "."], "tokens_dicts_list": [{"token": "From", "start_char": 2435, "end_char": 2439, "token_label": "NA"}, {"token": "dozens", "start_char": 2440, "end_char": 2446, "token_label": "NA"}, {"token": "of", "start_char": 2447, "end_char": 2449, "token_label": "NA"}, {"token": "eyewitness", "start_char": 2450, "end_char": 2460, "token_label": "NA"}, {"token": "reports", "start_char": 2461, "end_char": 2468, "token_label": "NA"}, {"token": ",", "start_char": 2468, "end_char": 2469, "token_label": "NA"}, {"token": "including", "start_char": 2470, "end_char": 2479, "token_label": "NA"}, {"token": "Suchomel\u2019s", "start_char": 2480, "end_char": 2490, "token_label": "NA"}, {"token": ",", "start_char": 2490, "end_char": 2491, "token_label": "NA"}, {"token": "that", "start_char": 2492, "end_char": 2496, "token_label": "NA"}, {"token": "clearly", "start_char": 2497, "end_char": 2504, "token_label": "NA"}, {"token": "indicate", "start_char": 2505, "end_char": 2513, "token_label": "NA"}, {"token": "the", "start_char": 2514, "end_char": 2517, "token_label": "NA"}, {"token": "presence", "start_char": 2518, "end_char": 2526, "token_label": "NA"}, {"token": "of", "start_char": 2527, "end_char": 2529, "token_label": "NA"}, {"token": "multiple", "start_char": 2530, "end_char": 2538, "token_label": "NA"}, {"token": "shooters", "start_char": 2539, "end_char": 2547, "token_label": "NA"}, {"token": ",", "start_char": 2547, "end_char": 2548, "token_label": "NA"}, {"token": "to", "start_char": 2549, "end_char": 2551, "token_label": "NA"}, {"token": "the", "start_char": 2552, "end_char": 2555, "token_label": "NA"}, {"token": "possibility", "start_char": 2556, "end_char": 2567, "token_label": "NA"}, {"token": "of", "start_char": 2568, "end_char": 2570, "token_label": "NA"}, {"token": "helicopters", "start_char": 2571, "end_char": 2582, "token_label": "NA"}, {"token": "being", "start_char": 2583, "end_char": 2588, "token_label": "NA"}, {"token": "used", "start_char": 2589, "end_char": 2593, "token_label": "NA"}, {"token": "in", "start_char": 2594, "end_char": 2596, "token_label": "NA"}, {"token": "the", "start_char": 2597, "end_char": 2600, "token_label": "NA"}, {"token": "attack", "start_char": 2601, "end_char": 2607, "token_label": "NA"}, {"token": ",", "start_char": 2607, "end_char": 2608, "token_label": "NA"}, {"token": "the", "start_char": 2609, "end_char": 2612, "token_label": "Flag-Waving"}, {"token": "American", "start_char": 2613, "end_char": 2621, "token_label": "Flag-Waving"}, {"token": "people", "start_char": 2622, "end_char": 2628, "token_label": "Flag-Waving"}, {"token": "are", "start_char": 2629, "end_char": 2632, "token_label": "Flag-Waving"}, {"token": "clearly", "start_char": 2633, "end_char": 2640, "token_label": "Flag-Waving"}, {"token": "not", "start_char": 2641, "end_char": 2644, "token_label": "Flag-Waving"}, {"token": "being", "start_char": 2645, "end_char": 2650, "token_label": "Flag-Waving"}, {"token": "told", "start_char": 2651, "end_char": 2655, "token_label": "Flag-Waving"}, {"token": "the", "start_char": 2656, "end_char": 2659, "token_label": "Flag-Waving"}, {"token": "truth", "start_char": 2660, "end_char": 2665, "token_label": "Flag-Waving"}, {"token": ".", "start_char": 2665, "end_char": 2666, "token_label": "Flag-Waving"}], "news_discourse_role": 7, "news_discourse_role_prob_0": 0.00026671148953028023, "news_discourse_role_prob_1": 0.10250686854124069, "news_discourse_role_prob_2": 0.0022668810561299324, "news_discourse_role_prob_3": 0.03827104717493057, "news_discourse_role_prob_4": 0.01727013662457466, "news_discourse_role_prob_5": 0.0014570968924090266, "news_discourse_role_prob_6": 0.002742165233939886, "news_discourse_role_prob_7": 0.8228791952133179, "news_discourse_role_prob_8": 0.012339938431978226, "previous_discourse_relation": 1, "previous_discourse_relation_prob_comp": 0.030306031927466393, "previous_discourse_relation_prob_cont": 0.656899631023407, "previous_discourse_relation_prob_temp": 0.004104407504200935, "previous_discourse_relation_prob_expan": 0.3086899220943451, "latter_discourse_relation": 3, "latter_discourse_relation_prob_comp": 0.0005474393256008625, "latter_discourse_relation_prob_cont": 0.0007920374628156424, "latter_discourse_relation_prob_temp": 6.279975059442222e-05, "latter_discourse_relation_prob_expan": 0.9985978007316589}, {"sentence_id": 13, "sentence_start": 2667, "sentence_end": 2936, "sentence_text": "It is also important to keep in mind that multiple investigative reports conducted by other alternative media outlets have actually named government officials and private companies that may be behind the attack and so far there has been no official denial from either.", "sentence_label": "NA", "tokens_list": ["It", "is", "also", "important", "to", "keep", "in", "mind", "that", "multiple", "investigative", "reports", "conducted", "by", "other", "alternative", "media", "outlets", "have", "actually", "named", "government", "officials", "and", "private", "companies", "that", "may", "be", "behind", "the", "attack", "and", "so", "far", "there", "has", "been", "no", "official", "denial", "from", "either", "."], "tokens_dicts_list": [{"token": "It", "start_char": 2667, "end_char": 2669, "token_label": "NA"}, {"token": "is", "start_char": 2670, "end_char": 2672, "token_label": "NA"}, {"token": "also", "start_char": 2673, "end_char": 2677, "token_label": "NA"}, {"token": "important", "start_char": 2678, "end_char": 2687, "token_label": "NA"}, {"token": "to", "start_char": 2688, "end_char": 2690, "token_label": "NA"}, {"token": "keep", "start_char": 2691, "end_char": 2695, "token_label": "NA"}, {"token": "in", "start_char": 2696, "end_char": 2698, "token_label": "NA"}, {"token": "mind", "start_char": 2699, "end_char": 2703, "token_label": "NA"}, {"token": "that", "start_char": 2704, "end_char": 2708, "token_label": "NA"}, {"token": "multiple", "start_char": 2709, "end_char": 2717, "token_label": "NA"}, {"token": "investigative", "start_char": 2718, "end_char": 2731, "token_label": "NA"}, {"token": "reports", "start_char": 2732, "end_char": 2739, "token_label": "NA"}, {"token": "conducted", "start_char": 2740, "end_char": 2749, "token_label": "NA"}, {"token": "by", "start_char": 2750, "end_char": 2752, "token_label": "NA"}, {"token": "other", "start_char": 2753, "end_char": 2758, "token_label": "NA"}, {"token": "alternative", "start_char": 2759, "end_char": 2770, "token_label": "NA"}, {"token": "media", "start_char": 2771, "end_char": 2776, "token_label": "NA"}, {"token": "outlets", "start_char": 2777, "end_char": 2784, "token_label": "NA"}, {"token": "have", "start_char": 2785, "end_char": 2789, "token_label": "NA"}, {"token": "actually", "start_char": 2790, "end_char": 2798, "token_label": "NA"}, {"token": "named", "start_char": 2799, "end_char": 2804, "token_label": "NA"}, {"token": "government", "start_char": 2805, "end_char": 2815, "token_label": "NA"}, {"token": "officials", "start_char": 2816, "end_char": 2825, "token_label": "NA"}, {"token": "and", "start_char": 2826, "end_char": 2829, "token_label": "NA"}, {"token": "private", "start_char": 2830, "end_char": 2837, "token_label": "NA"}, {"token": "companies", "start_char": 2838, "end_char": 2847, "token_label": "NA"}, {"token": "that", "start_char": 2848, "end_char": 2852, "token_label": "NA"}, {"token": "may", "start_char": 2853, "end_char": 2856, "token_label": "NA"}, {"token": "be", "start_char": 2857, "end_char": 2859, "token_label": "NA"}, {"token": "behind", "start_char": 2860, "end_char": 2866, "token_label": "NA"}, {"token": "the", "start_char": 2867, "end_char": 2870, "token_label": "NA"}, {"token": "attack", "start_char": 2871, "end_char": 2877, "token_label": "NA"}, {"token": "and", "start_char": 2878, "end_char": 2881, "token_label": "NA"}, {"token": "so", "start_char": 2882, "end_char": 2884, "token_label": "NA"}, {"token": "far", "start_char": 2885, "end_char": 2888, "token_label": "NA"}, {"token": "there", "start_char": 2889, "end_char": 2894, "token_label": "NA"}, {"token": "has", "start_char": 2895, "end_char": 2898, "token_label": "NA"}, {"token": "been", "start_char": 2899, "end_char": 2903, "token_label": "NA"}, {"token": "no", "start_char": 2904, "end_char": 2906, "token_label": "NA"}, {"token": "official", "start_char": 2907, "end_char": 2915, "token_label": "NA"}, {"token": "denial", "start_char": 2916, "end_char": 2922, "token_label": "NA"}, {"token": "from", "start_char": 2923, "end_char": 2927, "token_label": "NA"}, {"token": "either", "start_char": 2928, "end_char": 2934, "token_label": "NA"}, {"token": ".", "start_char": 2934, "end_char": 2935, "token_label": "NA"}], "news_discourse_role": 4, "news_discourse_role_prob_0": 5.8773082855623215e-05, "news_discourse_role_prob_1": 0.0022945411037653685, "news_discourse_role_prob_2": 0.0005279503529891372, "news_discourse_role_prob_3": 0.004797335714101791, "news_discourse_role_prob_4": 0.8718416094779968, "news_discourse_role_prob_5": 0.000617390382103622, "news_discourse_role_prob_6": 0.0003653189924079925, "news_discourse_role_prob_7": 0.11824306845664978, "news_discourse_role_prob_8": 0.0012540045427158475, "previous_discourse_relation": 3, "previous_discourse_relation_prob_comp": 0.0005474393256008625, "previous_discourse_relation_prob_cont": 0.0007920374628156424, "previous_discourse_relation_prob_temp": 6.279975059442222e-05, "previous_discourse_relation_prob_expan": 0.9985978007316589, "latter_discourse_relation": -1}]}