{"file_name": "./Propaganda/json_annotations/train/article724095598.json", "num_sentences": 10, "sentences": [{"sentence_id": 0, "sentence_start": 0, "sentence_end": 126, "sentence_text": "\u201cCredible Evidence Of A Terrorist Infiltration\u201d: Congressman Says \u2018Secret Intel\u2019 Proves ISIS Connection To Las Vegas Massacre", "sentence_label": "NA", "tokens_list": ["\u201cCredible", "Evidence", "Of", "A", "Terrorist", "Infiltration\u201d", ":", "Congressman", "Says", "\u2018Secret", "Intel\u2019", "Proves", "ISIS", "Connection", "To", "Las", "Vegas", "Massacre"], "tokens_dicts_list": [{"token": "\u201cCredible", "start_char": 0, "end_char": 9, "token_label": "NA"}, {"token": "Evidence", "start_char": 10, "end_char": 18, "token_label": "NA"}, {"token": "Of", "start_char": 19, "end_char": 21, "token_label": "NA"}, {"token": "A", "start_char": 22, "end_char": 23, "token_label": "NA"}, {"token": "Terrorist", "start_char": 24, "end_char": 33, "token_label": "NA"}, {"token": "Infiltration\u201d", "start_char": 34, "end_char": 47, "token_label": "NA"}, {"token": ":", "start_char": 47, "end_char": 48, "token_label": "NA"}, {"token": "Congressman", "start_char": 49, "end_char": 60, "token_label": "NA"}, {"token": "Says", "start_char": 61, "end_char": 65, "token_label": "NA"}, {"token": "\u2018Secret", "start_char": 66, "end_char": 73, "token_label": "NA"}, {"token": "Intel\u2019", "start_char": 74, "end_char": 80, "token_label": "NA"}, {"token": "Proves", "start_char": 81, "end_char": 87, "token_label": "NA"}, {"token": "ISIS", "start_char": 88, "end_char": 92, "token_label": "NA"}, {"token": "Connection", "start_char": 93, "end_char": 103, "token_label": "NA"}, {"token": "To", "start_char": 104, "end_char": 106, "token_label": "NA"}, {"token": "Las", "start_char": 107, "end_char": 110, "token_label": "NA"}, {"token": "Vegas", "start_char": 111, "end_char": 116, "token_label": "NA"}, {"token": "Massacre", "start_char": 117, "end_char": 125, "token_label": "NA"}], "news_discourse_role": 0, "news_discourse_role_prob_0": 0.9222211241722107, "news_discourse_role_prob_1": 0.07324865460395813, "news_discourse_role_prob_2": 0.0006056069978512824, "news_discourse_role_prob_3": 0.0016258960822597146, "news_discourse_role_prob_4": 0.0018173193093389273, "news_discourse_role_prob_5": 0.00010086146357934922, "news_discourse_role_prob_6": 0.00011922958947252482, "news_discourse_role_prob_7": 0.00022425458882935345, "news_discourse_role_prob_8": 3.709374868776649e-05, "latter_discourse_relation": 3, "latter_discourse_relation_prob_comp": 0.006469415966421366, "latter_discourse_relation_prob_cont": 0.06457371264696121, "latter_discourse_relation_prob_temp": 0.0028883665800094604, "latter_discourse_relation_prob_expan": 0.9260684847831726, "previous_discourse_relation": -1}, {"sentence_id": 1, "sentence_start": 127, "sentence_end": 317, "sentence_text": "Congress is in possession of \u2018secret intel\u2019 that exposes an ISIS connection to the horrific Las Vegas Massacre, according to a surprising claim made by Pennsylvania Congressman Scott Perry.", "sentence_label": "Loaded_Language", "tokens_list": ["Congress", "is", "in", "possession", "of", "\u2018secret", "intel\u2019", "that", "exposes", "an", "ISIS", "connection", "to", "the", "horrific", "Las", "Vegas", "Massacre", ",", "according", "to", "a", "surprising", "claim", "made", "by", "Pennsylvania", "Congressman", "Scott", "Perry", "."], "tokens_dicts_list": [{"token": "Congress", "start_char": 127, "end_char": 135, "token_label": "NA"}, {"token": "is", "start_char": 136, "end_char": 138, "token_label": "NA"}, {"token": "in", "start_char": 139, "end_char": 141, "token_label": "NA"}, {"token": "possession", "start_char": 142, "end_char": 152, "token_label": "NA"}, {"token": "of", "start_char": 153, "end_char": 155, "token_label": "NA"}, {"token": "\u2018secret", "start_char": 156, "end_char": 163, "token_label": "NA"}, {"token": "intel\u2019", "start_char": 164, "end_char": 170, "token_label": "NA"}, {"token": "that", "start_char": 171, "end_char": 175, "token_label": "NA"}, {"token": "exposes", "start_char": 176, "end_char": 183, "token_label": "NA"}, {"token": "an", "start_char": 184, "end_char": 186, "token_label": "NA"}, {"token": "ISIS", "start_char": 187, "end_char": 191, "token_label": "NA"}, {"token": "connection", "start_char": 192, "end_char": 202, "token_label": "NA"}, {"token": "to", "start_char": 203, "end_char": 205, "token_label": "NA"}, {"token": "the", "start_char": 206, "end_char": 209, "token_label": "NA"}, {"token": "horrific", "start_char": 210, "end_char": 218, "token_label": "Loaded_Language"}, {"token": "Las", "start_char": 219, "end_char": 222, "token_label": "NA"}, {"token": "Vegas", "start_char": 223, "end_char": 228, "token_label": "NA"}, {"token": "Massacre", "start_char": 229, "end_char": 237, "token_label": "NA"}, {"token": ",", "start_char": 237, "end_char": 238, "token_label": "NA"}, {"token": "according", "start_char": 239, "end_char": 248, "token_label": "NA"}, {"token": "to", "start_char": 249, "end_char": 251, "token_label": "NA"}, {"token": "a", "start_char": 252, "end_char": 253, "token_label": "NA"}, {"token": "surprising", "start_char": 254, "end_char": 264, "token_label": "NA"}, {"token": "claim", "start_char": 265, "end_char": 270, "token_label": "NA"}, {"token": "made", "start_char": 271, "end_char": 275, "token_label": "NA"}, {"token": "by", "start_char": 276, "end_char": 278, "token_label": "NA"}, {"token": "Pennsylvania", "start_char": 279, "end_char": 291, "token_label": "NA"}, {"token": "Congressman", "start_char": 292, "end_char": 303, "token_label": "NA"}, {"token": "Scott", "start_char": 304, "end_char": 309, "token_label": "NA"}, {"token": "Perry", "start_char": 310, "end_char": 315, "token_label": "NA"}, {"token": ".", "start_char": 315, "end_char": 316, "token_label": "NA"}], "news_discourse_role": 1, "news_discourse_role_prob_0": 0.010259758681058884, "news_discourse_role_prob_1": 0.876305878162384, "news_discourse_role_prob_2": 0.0034680222161114216, "news_discourse_role_prob_3": 0.04934987053275108, "news_discourse_role_prob_4": 0.03368126228451729, "news_discourse_role_prob_5": 0.0009569833055138588, "news_discourse_role_prob_6": 0.00047383958008140326, "news_discourse_role_prob_7": 0.02306448668241501, "news_discourse_role_prob_8": 0.0024398525711148977, "previous_discourse_relation": 3, "previous_discourse_relation_prob_comp": 0.006469415966421366, "previous_discourse_relation_prob_cont": 0.06457371264696121, "previous_discourse_relation_prob_temp": 0.0028883665800094604, "previous_discourse_relation_prob_expan": 0.9260684847831726, "latter_discourse_relation": 3, "latter_discourse_relation_prob_comp": 0.0004168973828200251, "latter_discourse_relation_prob_cont": 0.005380725022405386, "latter_discourse_relation_prob_temp": 0.0009168818360194564, "latter_discourse_relation_prob_expan": 0.9932855367660522}, {"sentence_id": 2, "sentence_start": 317, "sentence_end": 497, "sentence_text": "Appearing on Fox News Tucker Carlson Tonight, Perry described evidence he had personally seen that suggested that some sort of terrorist infiltration aided the Las Vegas Massacre.", "sentence_label": "NA", "tokens_list": ["Appearing", "on", "Fox", "News", "Tucker", "Carlson", "Tonight", ",", "Perry", "described", "evidence", "he", "had", "personally", "seen", "that", "suggested", "that", "some", "sort", "of", "terrorist", "infiltration", "aided", "the", "Las", "Vegas", "Massacre", "."], "tokens_dicts_list": [{"token": "Appearing", "start_char": 317, "end_char": 326, "token_label": "NA"}, {"token": "on", "start_char": 327, "end_char": 329, "token_label": "NA"}, {"token": "Fox", "start_char": 330, "end_char": 333, "token_label": "NA"}, {"token": "News", "start_char": 334, "end_char": 338, "token_label": "NA"}, {"token": "Tucker", "start_char": 339, "end_char": 345, "token_label": "NA"}, {"token": "Carlson", "start_char": 346, "end_char": 353, "token_label": "NA"}, {"token": "Tonight", "start_char": 354, "end_char": 361, "token_label": "NA"}, {"token": ",", "start_char": 361, "end_char": 362, "token_label": "NA"}, {"token": "Perry", "start_char": 363, "end_char": 368, "token_label": "NA"}, {"token": "described", "start_char": 369, "end_char": 378, "token_label": "NA"}, {"token": "evidence", "start_char": 379, "end_char": 387, "token_label": "NA"}, {"token": "he", "start_char": 388, "end_char": 390, "token_label": "NA"}, {"token": "had", "start_char": 391, "end_char": 394, "token_label": "NA"}, {"token": "personally", "start_char": 395, "end_char": 405, "token_label": "NA"}, {"token": "seen", "start_char": 406, "end_char": 410, "token_label": "NA"}, {"token": "that", "start_char": 411, "end_char": 415, "token_label": "NA"}, {"token": "suggested", "start_char": 416, "end_char": 425, "token_label": "NA"}, {"token": "that", "start_char": 426, "end_char": 430, "token_label": "NA"}, {"token": "some", "start_char": 431, "end_char": 435, "token_label": "NA"}, {"token": "sort", "start_char": 436, "end_char": 440, "token_label": "NA"}, {"token": "of", "start_char": 441, "end_char": 443, "token_label": "NA"}, {"token": "terrorist", "start_char": 444, "end_char": 453, "token_label": "NA"}, {"token": "infiltration", "start_char": 454, "end_char": 466, "token_label": "NA"}, {"token": "aided", "start_char": 467, "end_char": 472, "token_label": "NA"}, {"token": "the", "start_char": 473, "end_char": 476, "token_label": "NA"}, {"token": "Las", "start_char": 477, "end_char": 480, "token_label": "NA"}, {"token": "Vegas", "start_char": 481, "end_char": 486, "token_label": "NA"}, {"token": "Massacre", "start_char": 487, "end_char": 495, "token_label": "NA"}, {"token": ".", "start_char": 495, "end_char": 496, "token_label": "NA"}], "news_discourse_role": 7, "news_discourse_role_prob_0": 0.0004779566661454737, "news_discourse_role_prob_1": 0.17525097727775574, "news_discourse_role_prob_2": 0.01082064863294363, "news_discourse_role_prob_3": 0.24488061666488647, "news_discourse_role_prob_4": 0.2554969787597656, "news_discourse_role_prob_5": 0.006018021609634161, "news_discourse_role_prob_6": 0.0022611820604652166, "news_discourse_role_prob_7": 0.2983926832675934, "news_discourse_role_prob_8": 0.0064009721390903, "previous_discourse_relation": 3, "previous_discourse_relation_prob_comp": 0.0004168973828200251, "previous_discourse_relation_prob_cont": 0.005380725022405386, "previous_discourse_relation_prob_temp": 0.0009168818360194564, "previous_discourse_relation_prob_expan": 0.9932855367660522, "latter_discourse_relation": 1, "latter_discourse_relation_prob_comp": 0.009318717755377293, "latter_discourse_relation_prob_cont": 0.6967254281044006, "latter_discourse_relation_prob_temp": 0.0037331292405724525, "latter_discourse_relation_prob_expan": 0.29022279381752014}, {"sentence_id": 3, "sentence_start": 497, "sentence_end": 626, "sentence_text": "One can imagine that said terrorists either helped Paddock or were actually some of the many other shooters reported that night.", "sentence_label": "Doubt", "tokens_list": ["One", "can", "imagine", "that", "said", "terrorists", "either", "helped", "Paddock", "or", "were", "actually", "some", "of", "the", "many", "other", "shooters", "reported", "that", "night", "."], "tokens_dicts_list": [{"token": "One", "start_char": 497, "end_char": 500, "token_label": "Doubt"}, {"token": "can", "start_char": 501, "end_char": 504, "token_label": "Doubt"}, {"token": "imagine", "start_char": 505, "end_char": 512, "token_label": "Doubt"}, {"token": "that", "start_char": 513, "end_char": 517, "token_label": "Doubt"}, {"token": "said", "start_char": 518, "end_char": 522, "token_label": "NA"}, {"token": "terrorists", "start_char": 523, "end_char": 533, "token_label": "NA"}, {"token": "either", "start_char": 534, "end_char": 540, "token_label": "NA"}, {"token": "helped", "start_char": 541, "end_char": 547, "token_label": "NA"}, {"token": "Paddock", "start_char": 548, "end_char": 555, "token_label": "NA"}, {"token": "or", "start_char": 556, "end_char": 558, "token_label": "NA"}, {"token": "were", "start_char": 559, "end_char": 563, "token_label": "NA"}, {"token": "actually", "start_char": 564, "end_char": 572, "token_label": "NA"}, {"token": "some", "start_char": 573, "end_char": 577, "token_label": "NA"}, {"token": "of", "start_char": 578, "end_char": 580, "token_label": "NA"}, {"token": "the", "start_char": 581, "end_char": 584, "token_label": "NA"}, {"token": "many", "start_char": 585, "end_char": 589, "token_label": "NA"}, {"token": "other", "start_char": 590, "end_char": 595, "token_label": "NA"}, {"token": "shooters", "start_char": 596, "end_char": 604, "token_label": "NA"}, {"token": "reported", "start_char": 605, "end_char": 613, "token_label": "NA"}, {"token": "that", "start_char": 614, "end_char": 618, "token_label": "NA"}, {"token": "night", "start_char": 619, "end_char": 624, "token_label": "NA"}, {"token": ".", "start_char": 624, "end_char": 625, "token_label": "NA"}], "news_discourse_role": 7, "news_discourse_role_prob_0": 0.00016000715550035238, "news_discourse_role_prob_1": 0.004785533528774977, "news_discourse_role_prob_2": 0.0006554042920470238, "news_discourse_role_prob_3": 0.008540419861674309, "news_discourse_role_prob_4": 0.008056730031967163, "news_discourse_role_prob_5": 0.001626370707526803, "news_discourse_role_prob_6": 0.0028258757665753365, "news_discourse_role_prob_7": 0.9201224446296692, "news_discourse_role_prob_8": 0.05322723463177681, "previous_discourse_relation": 1, "previous_discourse_relation_prob_comp": 0.009318717755377293, "previous_discourse_relation_prob_cont": 0.6967254281044006, "previous_discourse_relation_prob_temp": 0.0037331292405724525, "previous_discourse_relation_prob_expan": 0.29022279381752014, "latter_discourse_relation": 3, "latter_discourse_relation_prob_comp": 0.0016034498112276196, "latter_discourse_relation_prob_cont": 0.006686519365757704, "latter_discourse_relation_prob_temp": 0.000983635662123561, "latter_discourse_relation_prob_expan": 0.9907263517379761}, {"sentence_id": 4, "sentence_start": 626, "sentence_end": 847, "sentence_text": "\u201cRecently, I have been made aware of what i believe to be credible evidence, credible information, regarding potential terrorist infiltration, through the southern border, regarding this event,\u201d Perry shockingly claimed.", "sentence_label": "NA", "tokens_list": ["\u201cRecently", ",", "I", "have", "been", "made", "aware", "of", "what", "i", "believe", "to", "be", "credible", "evidence", ",", "credible", "information", ",", "regarding", "potential", "terrorist", "infiltration", ",", "through", "the", "southern", "border", ",", "regarding", "this", "event", ",", "\u201d", "Perry", "shockingly", "claimed", "."], "tokens_dicts_list": [{"token": "\u201cRecently", "start_char": 626, "end_char": 635, "token_label": "NA"}, {"token": ",", "start_char": 635, "end_char": 636, "token_label": "NA"}, {"token": "I", "start_char": 637, "end_char": 638, "token_label": "NA"}, {"token": "have", "start_char": 639, "end_char": 643, "token_label": "NA"}, {"token": "been", "start_char": 644, "end_char": 648, "token_label": "NA"}, {"token": "made", "start_char": 649, "end_char": 653, "token_label": "NA"}, {"token": "aware", "start_char": 654, "end_char": 659, "token_label": "NA"}, {"token": "of", "start_char": 660, "end_char": 662, "token_label": "NA"}, {"token": "what", "start_char": 663, "end_char": 667, "token_label": "NA"}, {"token": "i", "start_char": 668, "end_char": 669, "token_label": "NA"}, {"token": "believe", "start_char": 670, "end_char": 677, "token_label": "NA"}, {"token": "to", "start_char": 678, "end_char": 680, "token_label": "NA"}, {"token": "be", "start_char": 681, "end_char": 683, "token_label": "NA"}, {"token": "credible", "start_char": 684, "end_char": 692, "token_label": "NA"}, {"token": "evidence", "start_char": 693, "end_char": 701, "token_label": "NA"}, {"token": ",", "start_char": 701, "end_char": 702, "token_label": "NA"}, {"token": "credible", "start_char": 703, "end_char": 711, "token_label": "NA"}, {"token": "information", "start_char": 712, "end_char": 723, "token_label": "NA"}, {"token": ",", "start_char": 723, "end_char": 724, "token_label": "NA"}, {"token": "regarding", "start_char": 725, "end_char": 734, "token_label": "NA"}, {"token": "potential", "start_char": 735, "end_char": 744, "token_label": "NA"}, {"token": "terrorist", "start_char": 745, "end_char": 754, "token_label": "NA"}, {"token": "infiltration", "start_char": 755, "end_char": 767, "token_label": "NA"}, {"token": ",", "start_char": 767, "end_char": 768, "token_label": "NA"}, {"token": "through", "start_char": 769, "end_char": 776, "token_label": "NA"}, {"token": "the", "start_char": 777, "end_char": 780, "token_label": "NA"}, {"token": "southern", "start_char": 781, "end_char": 789, "token_label": "NA"}, {"token": "border", "start_char": 790, "end_char": 796, "token_label": "NA"}, {"token": ",", "start_char": 796, "end_char": 797, "token_label": "NA"}, {"token": "regarding", "start_char": 798, "end_char": 807, "token_label": "NA"}, {"token": "this", "start_char": 808, "end_char": 812, "token_label": "NA"}, {"token": "event", "start_char": 813, "end_char": 818, "token_label": "NA"}, {"token": ",", "start_char": 818, "end_char": 819, "token_label": "NA"}, {"token": "\u201d", "start_char": 819, "end_char": 820, "token_label": "NA"}, {"token": "Perry", "start_char": 821, "end_char": 826, "token_label": "NA"}, {"token": "shockingly", "start_char": 827, "end_char": 837, "token_label": "NA"}, {"token": "claimed", "start_char": 838, "end_char": 845, "token_label": "NA"}, {"token": ".", "start_char": 845, "end_char": 846, "token_label": "NA"}], "news_discourse_role": 7, "news_discourse_role_prob_0": 0.00013683985162060708, "news_discourse_role_prob_1": 0.017789438366889954, "news_discourse_role_prob_2": 0.0010853831190615892, "news_discourse_role_prob_3": 0.062137819826602936, "news_discourse_role_prob_4": 0.031749121844768524, "news_discourse_role_prob_5": 0.015761328861117363, "news_discourse_role_prob_6": 0.0021652739960700274, "news_discourse_role_prob_7": 0.8674660921096802, "news_discourse_role_prob_8": 0.0017086501466110349, "previous_discourse_relation": 3, "previous_discourse_relation_prob_comp": 0.0016034498112276196, "previous_discourse_relation_prob_cont": 0.006686519365757704, "previous_discourse_relation_prob_temp": 0.000983635662123561, "previous_discourse_relation_prob_expan": 0.9907263517379761, "latter_discourse_relation": 3, "latter_discourse_relation_prob_comp": 0.0007057584007270634, "latter_discourse_relation_prob_cont": 0.0025113862939178944, "latter_discourse_relation_prob_temp": 0.0028873078990727663, "latter_discourse_relation_prob_expan": 0.9938955903053284}, {"sentence_id": 5, "sentence_start": 847, "sentence_end": 1029, "sentence_text": "\u201cLet\u2019s face it, twice before the attack ISIS warned the United States that they would attack Las Vegas and then after the attack claimed responsibility four times,\u201d Perry continued.", "sentence_label": "Causal_Oversimplification", "tokens_list": ["\u201cLet\u2019s", "face", "it", ",", "twice", "before", "the", "attack", "ISIS", "warned", "the", "United", "States", "that", "they", "would", "attack", "Las", "Vegas", "and", "then", "after", "the", "attack", "claimed", "responsibility", "four", "times", ",", "\u201d", "Perry", "continued", "."], "tokens_dicts_list": [{"token": "\u201cLet\u2019s", "start_char": 847, "end_char": 853, "token_label": "Causal_Oversimplification"}, {"token": "face", "start_char": 854, "end_char": 858, "token_label": "Causal_Oversimplification"}, {"token": "it", "start_char": 859, "end_char": 861, "token_label": "Causal_Oversimplification"}, {"token": ",", "start_char": 861, "end_char": 862, "token_label": "Causal_Oversimplification"}, {"token": "twice", "start_char": 863, "end_char": 868, "token_label": "Causal_Oversimplification"}, {"token": "before", "start_char": 869, "end_char": 875, "token_label": "Causal_Oversimplification"}, {"token": "the", "start_char": 876, "end_char": 879, "token_label": "Causal_Oversimplification"}, {"token": "attack", "start_char": 880, "end_char": 886, "token_label": "Causal_Oversimplification"}, {"token": "ISIS", "start_char": 887, "end_char": 891, "token_label": "Causal_Oversimplification"}, {"token": "warned", "start_char": 892, "end_char": 898, "token_label": "Causal_Oversimplification"}, {"token": "the", "start_char": 899, "end_char": 902, "token_label": "Causal_Oversimplification"}, {"token": "United", "start_char": 903, "end_char": 909, "token_label": "Causal_Oversimplification"}, {"token": "States", "start_char": 910, "end_char": 916, "token_label": "Causal_Oversimplification"}, {"token": "that", "start_char": 917, "end_char": 921, "token_label": "Causal_Oversimplification"}, {"token": "they", "start_char": 922, "end_char": 926, "token_label": "Causal_Oversimplification"}, {"token": "would", "start_char": 927, "end_char": 932, "token_label": "Causal_Oversimplification"}, {"token": "attack", "start_char": 933, "end_char": 939, "token_label": "Causal_Oversimplification"}, {"token": "Las", "start_char": 940, "end_char": 943, "token_label": "Causal_Oversimplification"}, {"token": "Vegas", "start_char": 944, "end_char": 949, "token_label": "Causal_Oversimplification"}, {"token": "and", "start_char": 950, "end_char": 953, "token_label": "Causal_Oversimplification"}, {"token": "then", "start_char": 954, "end_char": 958, "token_label": "Causal_Oversimplification"}, {"token": "after", "start_char": 959, "end_char": 964, "token_label": "Causal_Oversimplification"}, {"token": "the", "start_char": 965, "end_char": 968, "token_label": "Causal_Oversimplification"}, {"token": "attack", "start_char": 969, "end_char": 975, "token_label": "Causal_Oversimplification"}, {"token": "claimed", "start_char": 976, "end_char": 983, "token_label": "Causal_Oversimplification"}, {"token": "responsibility", "start_char": 984, "end_char": 998, "token_label": "Causal_Oversimplification"}, {"token": "four", "start_char": 999, "end_char": 1003, "token_label": "Causal_Oversimplification"}, {"token": "times", "start_char": 1004, "end_char": 1009, "token_label": "Causal_Oversimplification"}, {"token": ",", "start_char": 1009, "end_char": 1010, "token_label": "Causal_Oversimplification"}, {"token": "\u201d", "start_char": 1010, "end_char": 1011, "token_label": "Causal_Oversimplification"}, {"token": "Perry", "start_char": 1012, "end_char": 1017, "token_label": "NA"}, {"token": "continued", "start_char": 1018, "end_char": 1027, "token_label": "NA"}, {"token": ".", "start_char": 1027, "end_char": 1028, "token_label": "NA"}], "news_discourse_role": 7, "news_discourse_role_prob_0": 0.00011262212501605973, "news_discourse_role_prob_1": 0.010015510953962803, "news_discourse_role_prob_2": 0.0013311951188370585, "news_discourse_role_prob_3": 0.07036076486110687, "news_discourse_role_prob_4": 0.2700212895870209, "news_discourse_role_prob_5": 0.07259216159582138, "news_discourse_role_prob_6": 0.0035028448328375816, "news_discourse_role_prob_7": 0.568459153175354, "news_discourse_role_prob_8": 0.003604469820857048, "previous_discourse_relation": 3, "previous_discourse_relation_prob_comp": 0.0007057584007270634, "previous_discourse_relation_prob_cont": 0.0025113862939178944, "previous_discourse_relation_prob_temp": 0.0028873078990727663, "previous_discourse_relation_prob_expan": 0.9938955903053284, "latter_discourse_relation": 3, "latter_discourse_relation_prob_comp": 0.0021541884634643793, "latter_discourse_relation_prob_cont": 0.007449864409863949, "latter_discourse_relation_prob_temp": 0.0016205987194553018, "latter_discourse_relation_prob_expan": 0.988775372505188}, {"sentence_id": 6, "sentence_start": 1029, "sentence_end": 1181, "sentence_text": "Keep in mind that this lines up with other alternative media reports regarding the Oct. 1st massacre as well as hints provided in the mainstream media.", "sentence_label": "NA", "tokens_list": ["Keep", "in", "mind", "that", "this", "lines", "up", "with", "other", "alternative", "media", "reports", "regarding", "the", "Oct.", "1st", "massacre", "as", "well", "as", "hints", "provided", "in", "the", "mainstream", "media", "."], "tokens_dicts_list": [{"token": "Keep", "start_char": 1029, "end_char": 1033, "token_label": "NA"}, {"token": "in", "start_char": 1034, "end_char": 1036, "token_label": "NA"}, {"token": "mind", "start_char": 1037, "end_char": 1041, "token_label": "NA"}, {"token": "that", "start_char": 1042, "end_char": 1046, "token_label": "NA"}, {"token": "this", "start_char": 1047, "end_char": 1051, "token_label": "NA"}, {"token": "lines", "start_char": 1052, "end_char": 1057, "token_label": "NA"}, {"token": "up", "start_char": 1058, "end_char": 1060, "token_label": "NA"}, {"token": "with", "start_char": 1061, "end_char": 1065, "token_label": "NA"}, {"token": "other", "start_char": 1066, "end_char": 1071, "token_label": "NA"}, {"token": "alternative", "start_char": 1072, "end_char": 1083, "token_label": "NA"}, {"token": "media", "start_char": 1084, "end_char": 1089, "token_label": "NA"}, {"token": "reports", "start_char": 1090, "end_char": 1097, "token_label": "NA"}, {"token": "regarding", "start_char": 1098, "end_char": 1107, "token_label": "NA"}, {"token": "the", "start_char": 1108, "end_char": 1111, "token_label": "NA"}, {"token": "Oct.", "start_char": 1112, "end_char": 1116, "token_label": "NA"}, {"token": "1st", "start_char": 1117, "end_char": 1120, "token_label": "NA"}, {"token": "massacre", "start_char": 1121, "end_char": 1129, "token_label": "NA"}, {"token": "as", "start_char": 1130, "end_char": 1132, "token_label": "NA"}, {"token": "well", "start_char": 1133, "end_char": 1137, "token_label": "NA"}, {"token": "as", "start_char": 1138, "end_char": 1140, "token_label": "NA"}, {"token": "hints", "start_char": 1141, "end_char": 1146, "token_label": "NA"}, {"token": "provided", "start_char": 1147, "end_char": 1155, "token_label": "NA"}, {"token": "in", "start_char": 1156, "end_char": 1158, "token_label": "NA"}, {"token": "the", "start_char": 1159, "end_char": 1162, "token_label": "NA"}, {"token": "mainstream", "start_char": 1163, "end_char": 1173, "token_label": "NA"}, {"token": "media", "start_char": 1174, "end_char": 1179, "token_label": "NA"}, {"token": ".", "start_char": 1179, "end_char": 1180, "token_label": "NA"}], "news_discourse_role": 4, "news_discourse_role_prob_0": 0.00025391633971594274, "news_discourse_role_prob_1": 0.0035950131714344025, "news_discourse_role_prob_2": 0.0011303065111860633, "news_discourse_role_prob_3": 0.02500326558947563, "news_discourse_role_prob_4": 0.5702892541885376, "news_discourse_role_prob_5": 0.006580161862075329, "news_discourse_role_prob_6": 0.0015936094569042325, "news_discourse_role_prob_7": 0.3887255787849426, "news_discourse_role_prob_8": 0.002828852739185095, "previous_discourse_relation": 3, "previous_discourse_relation_prob_comp": 0.0021541884634643793, "previous_discourse_relation_prob_cont": 0.007449864409863949, "previous_discourse_relation_prob_temp": 0.0016205987194553018, "previous_discourse_relation_prob_expan": 0.988775372505188, "latter_discourse_relation": 3, "latter_discourse_relation_prob_comp": 0.00011477211228339002, "latter_discourse_relation_prob_cont": 0.0001442636566935107, "latter_discourse_relation_prob_temp": 1.0668853064998984e-05, "latter_discourse_relation_prob_expan": 0.9997302889823914}, {"sentence_id": 7, "sentence_start": 1181, "sentence_end": 1381, "sentence_text": "We also know that it is a conclusive fact that there was more than one shooter, according to literally dozens of eyewitnesses who have continued to come forward with what they saw that fateful night.", "sentence_label": "NA", "tokens_list": ["We", "also", "know", "that", "it", "is", "a", "conclusive", "fact", "that", "there", "was", "more", "than", "one", "shooter", ",", "according", "to", "literally", "dozens", "of", "eyewitnesses", "who", "have", "continued", "to", "come", "forward", "with", "what", "they", "saw", "that", "fateful", "night", "."], "tokens_dicts_list": [{"token": "We", "start_char": 1181, "end_char": 1183, "token_label": "NA"}, {"token": "also", "start_char": 1184, "end_char": 1188, "token_label": "NA"}, {"token": "know", "start_char": 1189, "end_char": 1193, "token_label": "NA"}, {"token": "that", "start_char": 1194, "end_char": 1198, "token_label": "NA"}, {"token": "it", "start_char": 1199, "end_char": 1201, "token_label": "NA"}, {"token": "is", "start_char": 1202, "end_char": 1204, "token_label": "NA"}, {"token": "a", "start_char": 1205, "end_char": 1206, "token_label": "NA"}, {"token": "conclusive", "start_char": 1207, "end_char": 1217, "token_label": "NA"}, {"token": "fact", "start_char": 1218, "end_char": 1222, "token_label": "NA"}, {"token": "that", "start_char": 1223, "end_char": 1227, "token_label": "NA"}, {"token": "there", "start_char": 1228, "end_char": 1233, "token_label": "NA"}, {"token": "was", "start_char": 1234, "end_char": 1237, "token_label": "NA"}, {"token": "more", "start_char": 1238, "end_char": 1242, "token_label": "NA"}, {"token": "than", "start_char": 1243, "end_char": 1247, "token_label": "NA"}, {"token": "one", "start_char": 1248, "end_char": 1251, "token_label": "NA"}, {"token": "shooter", "start_char": 1252, "end_char": 1259, "token_label": "NA"}, {"token": ",", "start_char": 1259, "end_char": 1260, "token_label": "NA"}, {"token": "according", "start_char": 1261, "end_char": 1270, "token_label": "NA"}, {"token": "to", "start_char": 1271, "end_char": 1273, "token_label": "NA"}, {"token": "literally", "start_char": 1274, "end_char": 1283, "token_label": "NA"}, {"token": "dozens", "start_char": 1284, "end_char": 1290, "token_label": "NA"}, {"token": "of", "start_char": 1291, "end_char": 1293, "token_label": "NA"}, {"token": "eyewitnesses", "start_char": 1294, "end_char": 1306, "token_label": "NA"}, {"token": "who", "start_char": 1307, "end_char": 1310, "token_label": "NA"}, {"token": "have", "start_char": 1311, "end_char": 1315, "token_label": "NA"}, {"token": "continued", "start_char": 1316, "end_char": 1325, "token_label": "NA"}, {"token": "to", "start_char": 1326, "end_char": 1328, "token_label": "NA"}, {"token": "come", "start_char": 1329, "end_char": 1333, "token_label": "NA"}, {"token": "forward", "start_char": 1334, "end_char": 1341, "token_label": "NA"}, {"token": "with", "start_char": 1342, "end_char": 1346, "token_label": "NA"}, {"token": "what", "start_char": 1347, "end_char": 1351, "token_label": "NA"}, {"token": "they", "start_char": 1352, "end_char": 1356, "token_label": "NA"}, {"token": "saw", "start_char": 1357, "end_char": 1360, "token_label": "NA"}, {"token": "that", "start_char": 1361, "end_char": 1365, "token_label": "NA"}, {"token": "fateful", "start_char": 1366, "end_char": 1373, "token_label": "NA"}, {"token": "night", "start_char": 1374, "end_char": 1379, "token_label": "NA"}, {"token": ".", "start_char": 1379, "end_char": 1380, "token_label": "NA"}], "news_discourse_role": 7, "news_discourse_role_prob_0": 6.508404476335272e-05, "news_discourse_role_prob_1": 0.007335878908634186, "news_discourse_role_prob_2": 0.002393418224528432, "news_discourse_role_prob_3": 0.014248735271394253, "news_discourse_role_prob_4": 0.4186275899410248, "news_discourse_role_prob_5": 0.0027104043401777744, "news_discourse_role_prob_6": 0.0014296945882961154, "news_discourse_role_prob_7": 0.5496686100959778, "news_discourse_role_prob_8": 0.003520602360367775, "previous_discourse_relation": 3, "previous_discourse_relation_prob_comp": 0.00011477211228339002, "previous_discourse_relation_prob_cont": 0.0001442636566935107, "previous_discourse_relation_prob_temp": 1.0668853064998984e-05, "previous_discourse_relation_prob_expan": 0.9997302889823914, "latter_discourse_relation": 3, "latter_discourse_relation_prob_comp": 0.000385261548217386, "latter_discourse_relation_prob_cont": 7.034958252916113e-05, "latter_discourse_relation_prob_temp": 3.937430665246211e-05, "latter_discourse_relation_prob_expan": 0.9995050430297852}, {"sentence_id": 8, "sentence_start": 1381, "sentence_end": 1540, "sentence_text": "Interestingly, there are also reports that Stephen Paddock\u2019s girlfriend actually deleted her Facebook page an hour before police released her boyfriends name.", "sentence_label": "Doubt", "tokens_list": ["Interestingly", ",", "there", "are", "also", "reports", "that", "Stephen", "Paddock\u2019s", "girlfriend", "actually", "deleted", "her", "Facebook", "page", "an", "hour", "before", "police", "released", "her", "boyfriends", "name", "."], "tokens_dicts_list": [{"token": "Interestingly", "start_char": 1381, "end_char": 1394, "token_label": "Doubt"}, {"token": ",", "start_char": 1394, "end_char": 1395, "token_label": "Doubt"}, {"token": "there", "start_char": 1396, "end_char": 1401, "token_label": "NA"}, {"token": "are", "start_char": 1402, "end_char": 1405, "token_label": "NA"}, {"token": "also", "start_char": 1406, "end_char": 1410, "token_label": "NA"}, {"token": "reports", "start_char": 1411, "end_char": 1418, "token_label": "NA"}, {"token": "that", "start_char": 1419, "end_char": 1423, "token_label": "NA"}, {"token": "Stephen", "start_char": 1424, "end_char": 1431, "token_label": "NA"}, {"token": "Paddock\u2019s", "start_char": 1432, "end_char": 1441, "token_label": "NA"}, {"token": "girlfriend", "start_char": 1442, "end_char": 1452, "token_label": "NA"}, {"token": "actually", "start_char": 1453, "end_char": 1461, "token_label": "NA"}, {"token": "deleted", "start_char": 1462, "end_char": 1469, "token_label": "NA"}, {"token": "her", "start_char": 1470, "end_char": 1473, "token_label": "NA"}, {"token": "Facebook", "start_char": 1474, "end_char": 1482, "token_label": "NA"}, {"token": "page", "start_char": 1483, "end_char": 1487, "token_label": "NA"}, {"token": "an", "start_char": 1488, "end_char": 1490, "token_label": "NA"}, {"token": "hour", "start_char": 1491, "end_char": 1495, "token_label": "NA"}, {"token": "before", "start_char": 1496, "end_char": 1502, "token_label": "NA"}, {"token": "police", "start_char": 1503, "end_char": 1509, "token_label": "NA"}, {"token": "released", "start_char": 1510, "end_char": 1518, "token_label": "NA"}, {"token": "her", "start_char": 1519, "end_char": 1522, "token_label": "NA"}, {"token": "boyfriends", "start_char": 1523, "end_char": 1533, "token_label": "NA"}, {"token": "name", "start_char": 1534, "end_char": 1538, "token_label": "NA"}, {"token": ".", "start_char": 1538, "end_char": 1539, "token_label": "NA"}], "news_discourse_role": 4, "news_discourse_role_prob_0": 0.00013122486416250467, "news_discourse_role_prob_1": 0.002879940904676914, "news_discourse_role_prob_2": 0.005712815094739199, "news_discourse_role_prob_3": 0.01434474065899849, "news_discourse_role_prob_4": 0.9279255270957947, "news_discourse_role_prob_5": 0.0041695586405694485, "news_discourse_role_prob_6": 0.00420761201530695, "news_discourse_role_prob_7": 0.039518922567367554, "news_discourse_role_prob_8": 0.0011096305679529905, "previous_discourse_relation": 3, "previous_discourse_relation_prob_comp": 0.000385261548217386, "previous_discourse_relation_prob_cont": 7.034958252916113e-05, "previous_discourse_relation_prob_temp": 3.937430665246211e-05, "previous_discourse_relation_prob_expan": 0.9995050430297852, "latter_discourse_relation": 3, "latter_discourse_relation_prob_comp": 0.0025485409423708916, "latter_discourse_relation_prob_cont": 0.003453171346336603, "latter_discourse_relation_prob_temp": 0.002709641819819808, "latter_discourse_relation_prob_expan": 0.9912886619567871}, {"sentence_id": 9, "sentence_start": 1540, "sentence_end": 1558, "sentence_text": "Infowars reports:", "sentence_label": "NA", "tokens_list": ["Infowars", "reports", ":"], "tokens_dicts_list": [{"token": "Infowars", "start_char": 1540, "end_char": 1548, "token_label": "NA"}, {"token": "reports", "start_char": 1549, "end_char": 1556, "token_label": "NA"}, {"token": ":", "start_char": 1556, "end_char": 1557, "token_label": "NA"}], "news_discourse_role": 4, "news_discourse_role_prob_0": 0.047910261899232864, "news_discourse_role_prob_1": 0.0014692891854792833, "news_discourse_role_prob_2": 0.011434949934482574, "news_discourse_role_prob_3": 0.008227774873375893, "news_discourse_role_prob_4": 0.9200648069381714, "news_discourse_role_prob_5": 0.006557296495884657, "news_discourse_role_prob_6": 0.0018180349143221974, "news_discourse_role_prob_7": 0.0022999742068350315, "news_discourse_role_prob_8": 0.00021766334248241037, "previous_discourse_relation": 3, "previous_discourse_relation_prob_comp": 0.0025485409423708916, "previous_discourse_relation_prob_cont": 0.003453171346336603, "previous_discourse_relation_prob_temp": 0.002709641819819808, "previous_discourse_relation_prob_expan": 0.9912886619567871, "latter_discourse_relation": -1}]}