{"file_name": "./Propaganda/json_annotations/train/article716469423.json", "num_sentences": 23, "sentences": [{"sentence_id": 0, "sentence_start": 0, "sentence_end": 67, "sentence_text": "The Sun Is Going DARK: No Sunspots For 96 Days; Ice Age Approaches", "sentence_label": "NA", "tokens_list": ["The", "Sun", "Is", "Going", "DARK", ":", "No", "Sunspots", "For", "96", "Days", ";", "Ice", "Age", "Approaches"], "tokens_dicts_list": [{"token": "The", "start_char": 0, "end_char": 3, "token_label": "NA"}, {"token": "Sun", "start_char": 4, "end_char": 7, "token_label": "NA"}, {"token": "Is", "start_char": 8, "end_char": 10, "token_label": "NA"}, {"token": "Going", "start_char": 11, "end_char": 16, "token_label": "NA"}, {"token": "DARK", "start_char": 17, "end_char": 21, "token_label": "NA"}, {"token": ":", "start_char": 21, "end_char": 22, "token_label": "NA"}, {"token": "No", "start_char": 23, "end_char": 25, "token_label": "NA"}, {"token": "Sunspots", "start_char": 26, "end_char": 34, "token_label": "NA"}, {"token": "For", "start_char": 35, "end_char": 38, "token_label": "NA"}, {"token": "96", "start_char": 39, "end_char": 41, "token_label": "NA"}, {"token": "Days", "start_char": 42, "end_char": 46, "token_label": "NA"}, {"token": ";", "start_char": 46, "end_char": 47, "token_label": "NA"}, {"token": "Ice", "start_char": 48, "end_char": 51, "token_label": "NA"}, {"token": "Age", "start_char": 52, "end_char": 55, "token_label": "NA"}, {"token": "Approaches", "start_char": 56, "end_char": 66, "token_label": "NA"}], "news_discourse_role": 1, "news_discourse_role_prob_0": 0.25685134530067444, "news_discourse_role_prob_1": 0.7387731075286865, "news_discourse_role_prob_2": 0.0011918536620214581, "news_discourse_role_prob_3": 0.0015111705288290977, "news_discourse_role_prob_4": 0.0013964098179712892, "news_discourse_role_prob_5": 2.004220186790917e-05, "news_discourse_role_prob_6": 5.224964115768671e-05, "news_discourse_role_prob_7": 0.00011287622328381985, "news_discourse_role_prob_8": 9.091813990380615e-05, "latter_discourse_relation": 3, "latter_discourse_relation_prob_comp": 0.001392063801176846, "latter_discourse_relation_prob_cont": 0.031127270311117172, "latter_discourse_relation_prob_temp": 0.000507693097461015, "latter_discourse_relation_prob_expan": 0.9669728875160217, "previous_discourse_relation": -1}, {"sentence_id": 1, "sentence_start": 68, "sentence_end": 147, "sentence_text": "NASA\u2019s own data is showing that the star our globe revolves around is dimming.", "sentence_label": "NA", "tokens_list": ["NASA\u2019s", "own", "data", "is", "showing", "that", "the", "star", "our", "globe", "revolves", "around", "is", "dimming", "."], "tokens_dicts_list": [{"token": "NASA\u2019s", "start_char": 68, "end_char": 74, "token_label": "NA"}, {"token": "own", "start_char": 75, "end_char": 78, "token_label": "NA"}, {"token": "data", "start_char": 79, "end_char": 83, "token_label": "NA"}, {"token": "is", "start_char": 84, "end_char": 86, "token_label": "NA"}, {"token": "showing", "start_char": 87, "end_char": 94, "token_label": "NA"}, {"token": "that", "start_char": 95, "end_char": 99, "token_label": "NA"}, {"token": "the", "start_char": 100, "end_char": 103, "token_label": "NA"}, {"token": "star", "start_char": 104, "end_char": 108, "token_label": "NA"}, {"token": "our", "start_char": 109, "end_char": 112, "token_label": "NA"}, {"token": "globe", "start_char": 113, "end_char": 118, "token_label": "NA"}, {"token": "revolves", "start_char": 119, "end_char": 127, "token_label": "NA"}, {"token": "around", "start_char": 128, "end_char": 134, "token_label": "NA"}, {"token": "is", "start_char": 135, "end_char": 137, "token_label": "NA"}, {"token": "dimming", "start_char": 138, "end_char": 145, "token_label": "NA"}, {"token": ".", "start_char": 145, "end_char": 146, "token_label": "NA"}], "news_discourse_role": 1, "news_discourse_role_prob_0": 0.0008764337399043143, "news_discourse_role_prob_1": 0.9395729899406433, "news_discourse_role_prob_2": 0.001536799012683332, "news_discourse_role_prob_3": 0.03830307349562645, "news_discourse_role_prob_4": 0.018571486696600914, "news_discourse_role_prob_5": 2.3832229999243282e-05, "news_discourse_role_prob_6": 6.948434747755527e-05, "news_discourse_role_prob_7": 0.0008237527217715979, "news_discourse_role_prob_8": 0.00022207017173059285, "previous_discourse_relation": 3, "previous_discourse_relation_prob_comp": 0.001392063801176846, "previous_discourse_relation_prob_cont": 0.031127270311117172, "previous_discourse_relation_prob_temp": 0.000507693097461015, "previous_discourse_relation_prob_expan": 0.9669728875160217, "latter_discourse_relation": 3, "latter_discourse_relation_prob_comp": 0.0001742727035889402, "latter_discourse_relation_prob_cont": 0.010811632499098778, "latter_discourse_relation_prob_temp": 7.720357098150998e-05, "latter_discourse_relation_prob_expan": 0.9889369010925293}, {"sentence_id": 2, "sentence_start": 147, "sentence_end": 263, "sentence_text": "With no sunspots reported in 96 days, the sun is going dark and the evidence could point to an approaching ice age.", "sentence_label": "NA", "tokens_list": ["With", "no", "sunspots", "reported", "in", "96", "days", ",", "the", "sun", "is", "going", "dark", "and", "the", "evidence", "could", "point", "to", "an", "approaching", "ice", "age", "."], "tokens_dicts_list": [{"token": "With", "start_char": 147, "end_char": 151, "token_label": "NA"}, {"token": "no", "start_char": 152, "end_char": 154, "token_label": "NA"}, {"token": "sunspots", "start_char": 155, "end_char": 163, "token_label": "NA"}, {"token": "reported", "start_char": 164, "end_char": 172, "token_label": "NA"}, {"token": "in", "start_char": 173, "end_char": 175, "token_label": "NA"}, {"token": "96", "start_char": 176, "end_char": 178, "token_label": "NA"}, {"token": "days", "start_char": 179, "end_char": 183, "token_label": "NA"}, {"token": ",", "start_char": 183, "end_char": 184, "token_label": "NA"}, {"token": "the", "start_char": 185, "end_char": 188, "token_label": "NA"}, {"token": "sun", "start_char": 189, "end_char": 192, "token_label": "NA"}, {"token": "is", "start_char": 193, "end_char": 195, "token_label": "NA"}, {"token": "going", "start_char": 196, "end_char": 201, "token_label": "NA"}, {"token": "dark", "start_char": 202, "end_char": 206, "token_label": "NA"}, {"token": "and", "start_char": 207, "end_char": 210, "token_label": "NA"}, {"token": "the", "start_char": 211, "end_char": 214, "token_label": "NA"}, {"token": "evidence", "start_char": 215, "end_char": 223, "token_label": "NA"}, {"token": "could", "start_char": 224, "end_char": 229, "token_label": "NA"}, {"token": "point", "start_char": 230, "end_char": 235, "token_label": "NA"}, {"token": "to", "start_char": 236, "end_char": 238, "token_label": "NA"}, {"token": "an", "start_char": 239, "end_char": 241, "token_label": "NA"}, {"token": "approaching", "start_char": 242, "end_char": 253, "token_label": "NA"}, {"token": "ice", "start_char": 254, "end_char": 257, "token_label": "NA"}, {"token": "age", "start_char": 258, "end_char": 261, "token_label": "NA"}, {"token": ".", "start_char": 261, "end_char": 262, "token_label": "NA"}], "news_discourse_role": 1, "news_discourse_role_prob_0": 0.0009785625152289867, "news_discourse_role_prob_1": 0.8884281516075134, "news_discourse_role_prob_2": 0.0025412195827811956, "news_discourse_role_prob_3": 0.004329551476985216, "news_discourse_role_prob_4": 0.002525094198063016, "news_discourse_role_prob_5": 5.109321136842482e-05, "news_discourse_role_prob_6": 0.0006361919804476202, "news_discourse_role_prob_7": 0.005181381944566965, "news_discourse_role_prob_8": 0.09532874077558517, "previous_discourse_relation": 3, "previous_discourse_relation_prob_comp": 0.0001742727035889402, "previous_discourse_relation_prob_cont": 0.010811632499098778, "previous_discourse_relation_prob_temp": 7.720357098150998e-05, "previous_discourse_relation_prob_expan": 0.9889369010925293, "latter_discourse_relation": 3, "latter_discourse_relation_prob_comp": 0.00027442368445917964, "latter_discourse_relation_prob_cont": 0.0016394731355831027, "latter_discourse_relation_prob_temp": 9.741711983224377e-05, "latter_discourse_relation_prob_expan": 0.9979885816574097}, {"sentence_id": 3, "sentence_start": 263, "sentence_end": 400, "sentence_text": "As the sun gets successively more blank with each day, due to lack of sunspots, it is also dimming, says the website Watts Up With That?", "sentence_label": "NA", "tokens_list": ["As", "the", "sun", "gets", "successively", "more", "blank", "with", "each", "day", ",", "due", "to", "lack", "of", "sunspots", ",", "it", "is", "also", "dimming", ",", "says", "the", "website", "Watts", "Up", "With", "That", "?"], "tokens_dicts_list": [{"token": "As", "start_char": 263, "end_char": 265, "token_label": "NA"}, {"token": "the", "start_char": 266, "end_char": 269, "token_label": "NA"}, {"token": "sun", "start_char": 270, "end_char": 273, "token_label": "NA"}, {"token": "gets", "start_char": 274, "end_char": 278, "token_label": "NA"}, {"token": "successively", "start_char": 279, "end_char": 291, "token_label": "NA"}, {"token": "more", "start_char": 292, "end_char": 296, "token_label": "NA"}, {"token": "blank", "start_char": 297, "end_char": 302, "token_label": "NA"}, {"token": "with", "start_char": 303, "end_char": 307, "token_label": "NA"}, {"token": "each", "start_char": 308, "end_char": 312, "token_label": "NA"}, {"token": "day", "start_char": 313, "end_char": 316, "token_label": "NA"}, {"token": ",", "start_char": 316, "end_char": 317, "token_label": "NA"}, {"token": "due", "start_char": 318, "end_char": 321, "token_label": "NA"}, {"token": "to", "start_char": 322, "end_char": 324, "token_label": "NA"}, {"token": "lack", "start_char": 325, "end_char": 329, "token_label": "NA"}, {"token": "of", "start_char": 330, "end_char": 332, "token_label": "NA"}, {"token": "sunspots", "start_char": 333, "end_char": 341, "token_label": "NA"}, {"token": ",", "start_char": 341, "end_char": 342, "token_label": "NA"}, {"token": "it", "start_char": 343, "end_char": 345, "token_label": "NA"}, {"token": "is", "start_char": 346, "end_char": 348, "token_label": "NA"}, {"token": "also", "start_char": 349, "end_char": 353, "token_label": "NA"}, {"token": "dimming", "start_char": 354, "end_char": 361, "token_label": "NA"}, {"token": ",", "start_char": 361, "end_char": 362, "token_label": "NA"}, {"token": "says", "start_char": 363, "end_char": 367, "token_label": "NA"}, {"token": "the", "start_char": 368, "end_char": 371, "token_label": "NA"}, {"token": "website", "start_char": 372, "end_char": 379, "token_label": "NA"}, {"token": "Watts", "start_char": 380, "end_char": 385, "token_label": "NA"}, {"token": "Up", "start_char": 386, "end_char": 388, "token_label": "NA"}, {"token": "With", "start_char": 389, "end_char": 393, "token_label": "NA"}, {"token": "That", "start_char": 394, "end_char": 398, "token_label": "NA"}, {"token": "?", "start_char": 398, "end_char": 399, "token_label": "NA"}], "news_discourse_role": 1, "news_discourse_role_prob_0": 0.0010477097239345312, "news_discourse_role_prob_1": 0.8421559929847717, "news_discourse_role_prob_2": 0.008475941605865955, "news_discourse_role_prob_3": 0.04910067468881607, "news_discourse_role_prob_4": 0.0840434581041336, "news_discourse_role_prob_5": 0.00024957372806966305, "news_discourse_role_prob_6": 0.0005430835299193859, "news_discourse_role_prob_7": 0.008018641732633114, "news_discourse_role_prob_8": 0.006364982109516859, "previous_discourse_relation": 3, "previous_discourse_relation_prob_comp": 0.00027442368445917964, "previous_discourse_relation_prob_cont": 0.0016394731355831027, "previous_discourse_relation_prob_temp": 9.741711983224377e-05, "previous_discourse_relation_prob_expan": 0.9979885816574097, "latter_discourse_relation": 3, "latter_discourse_relation_prob_comp": 0.00022401560272555798, "latter_discourse_relation_prob_cont": 0.0012789667816832662, "latter_discourse_relation_prob_temp": 6.321826367639005e-05, "latter_discourse_relation_prob_expan": 0.9984337687492371}, {"sentence_id": 4, "sentence_start": 400, "sentence_end": 532, "sentence_text": "According to data from NASA\u2019s Spaceweather, so far in 2017, 96 days (27%) of the days observing the sun have been without sunspots.", "sentence_label": "NA", "tokens_list": ["According", "to", "data", "from", "NASA\u2019s", "Spaceweather", ",", "so", "far", "in", "2017", ",", "96", "days", "(", "27", "%", ")", "of", "the", "days", "observing", "the", "sun", "have", "been", "without", "sunspots", "."], "tokens_dicts_list": [{"token": "According", "start_char": 400, "end_char": 409, "token_label": "NA"}, {"token": "to", "start_char": 410, "end_char": 412, "token_label": "NA"}, {"token": "data", "start_char": 413, "end_char": 417, "token_label": "NA"}, {"token": "from", "start_char": 418, "end_char": 422, "token_label": "NA"}, {"token": "NASA\u2019s", "start_char": 423, "end_char": 429, "token_label": "NA"}, {"token": "Spaceweather", "start_char": 430, "end_char": 442, "token_label": "NA"}, {"token": ",", "start_char": 442, "end_char": 443, "token_label": "NA"}, {"token": "so", "start_char": 444, "end_char": 446, "token_label": "NA"}, {"token": "far", "start_char": 447, "end_char": 450, "token_label": "NA"}, {"token": "in", "start_char": 451, "end_char": 453, "token_label": "NA"}, {"token": "2017", "start_char": 454, "end_char": 458, "token_label": "NA"}, {"token": ",", "start_char": 458, "end_char": 459, "token_label": "NA"}, {"token": "96", "start_char": 460, "end_char": 462, "token_label": "NA"}, {"token": "days", "start_char": 463, "end_char": 467, "token_label": "NA"}, {"token": "(", "start_char": 468, "end_char": 469, "token_label": "NA"}, {"token": "27", "start_char": 469, "end_char": 471, "token_label": "NA"}, {"token": "%", "start_char": 471, "end_char": 472, "token_label": "NA"}, {"token": ")", "start_char": 472, "end_char": 473, "token_label": "NA"}, {"token": "of", "start_char": 474, "end_char": 476, "token_label": "NA"}, {"token": "the", "start_char": 477, "end_char": 480, "token_label": "NA"}, {"token": "days", "start_char": 481, "end_char": 485, "token_label": "NA"}, {"token": "observing", "start_char": 486, "end_char": 495, "token_label": "NA"}, {"token": "the", "start_char": 496, "end_char": 499, "token_label": "NA"}, {"token": "sun", "start_char": 500, "end_char": 503, "token_label": "NA"}, {"token": "have", "start_char": 504, "end_char": 508, "token_label": "NA"}, {"token": "been", "start_char": 509, "end_char": 513, "token_label": "NA"}, {"token": "without", "start_char": 514, "end_char": 521, "token_label": "NA"}, {"token": "sunspots", "start_char": 522, "end_char": 530, "token_label": "NA"}, {"token": ".", "start_char": 530, "end_char": 531, "token_label": "NA"}], "news_discourse_role": 4, "news_discourse_role_prob_0": 7.958910282468423e-05, "news_discourse_role_prob_1": 0.0003633411251939833, "news_discourse_role_prob_2": 0.0003182599029969424, "news_discourse_role_prob_3": 0.0031219185329973698, "news_discourse_role_prob_4": 0.5357760190963745, "news_discourse_role_prob_5": 0.4592152237892151, "news_discourse_role_prob_6": 7.04778140061535e-05, "news_discourse_role_prob_7": 0.0008088158792816103, "news_discourse_role_prob_8": 0.0002463784476276487, "previous_discourse_relation": 3, "previous_discourse_relation_prob_comp": 0.00022401560272555798, "previous_discourse_relation_prob_cont": 0.0012789667816832662, "previous_discourse_relation_prob_temp": 6.321826367639005e-05, "previous_discourse_relation_prob_expan": 0.9984337687492371, "latter_discourse_relation": 3, "latter_discourse_relation_prob_comp": 0.0022158720530569553, "latter_discourse_relation_prob_cont": 0.03783869743347168, "latter_discourse_relation_prob_temp": 0.002939277794212103, "latter_discourse_relation_prob_expan": 0.9570061564445496}, {"sentence_id": 5, "sentence_start": 532, "sentence_end": 634, "sentence_text": "Today at Cape Canaveral, SpaceXlaunched a new sensor to the International Space Station named TSIS-1.", "sentence_label": "NA", "tokens_list": ["Today", "at", "Cape", "Canaveral", ",", "SpaceXlaunched", "a", "new", "sensor", "to", "the", "International", "Space", "Station", "named", "TSIS-1", "."], "tokens_dicts_list": [{"token": "Today", "start_char": 532, "end_char": 537, "token_label": "NA"}, {"token": "at", "start_char": 538, "end_char": 540, "token_label": "NA"}, {"token": "Cape", "start_char": 541, "end_char": 545, "token_label": "NA"}, {"token": "Canaveral", "start_char": 546, "end_char": 555, "token_label": "NA"}, {"token": ",", "start_char": 555, "end_char": 556, "token_label": "NA"}, {"token": "SpaceXlaunched", "start_char": 557, "end_char": 571, "token_label": "NA"}, {"token": "a", "start_char": 572, "end_char": 573, "token_label": "NA"}, {"token": "new", "start_char": 574, "end_char": 577, "token_label": "NA"}, {"token": "sensor", "start_char": 578, "end_char": 584, "token_label": "NA"}, {"token": "to", "start_char": 585, "end_char": 587, "token_label": "NA"}, {"token": "the", "start_char": 588, "end_char": 591, "token_label": "NA"}, {"token": "International", "start_char": 592, "end_char": 605, "token_label": "NA"}, {"token": "Space", "start_char": 606, "end_char": 611, "token_label": "NA"}, {"token": "Station", "start_char": 612, "end_char": 619, "token_label": "NA"}, {"token": "named", "start_char": 620, "end_char": 625, "token_label": "NA"}, {"token": "TSIS-1", "start_char": 626, "end_char": 632, "token_label": "NA"}, {"token": ".", "start_char": 632, "end_char": 633, "token_label": "NA"}], "news_discourse_role": 4, "news_discourse_role_prob_0": 8.315379091072828e-05, "news_discourse_role_prob_1": 0.010066154412925243, "news_discourse_role_prob_2": 0.006596423219889402, "news_discourse_role_prob_3": 0.0035431883297860622, "news_discourse_role_prob_4": 0.9789039492607117, "news_discourse_role_prob_5": 0.00011596015974646434, "news_discourse_role_prob_6": 2.6164852897636592e-05, "news_discourse_role_prob_7": 0.0002835695631802082, "news_discourse_role_prob_8": 0.00038135662907734513, "previous_discourse_relation": 3, "previous_discourse_relation_prob_comp": 0.0022158720530569553, "previous_discourse_relation_prob_cont": 0.03783869743347168, "previous_discourse_relation_prob_temp": 0.002939277794212103, "previous_discourse_relation_prob_expan": 0.9570061564445496, "latter_discourse_relation": 3, "latter_discourse_relation_prob_comp": 0.0032038253266364336, "latter_discourse_relation_prob_cont": 0.3385453522205353, "latter_discourse_relation_prob_temp": 0.013801715336740017, "latter_discourse_relation_prob_expan": 0.6444491744041443}, {"sentence_id": 6, "sentence_start": 634, "sentence_end": 695, "sentence_text": "Its mission: to measure the dimming of the sun\u2019s irradiance.", "sentence_label": "NA", "tokens_list": ["Its", "mission", ":", "to", "measure", "the", "dimming", "of", "the", "sun\u2019s", "irradiance", "."], "tokens_dicts_list": [{"token": "Its", "start_char": 634, "end_char": 637, "token_label": "NA"}, {"token": "mission", "start_char": 638, "end_char": 645, "token_label": "NA"}, {"token": ":", "start_char": 645, "end_char": 646, "token_label": "NA"}, {"token": "to", "start_char": 647, "end_char": 649, "token_label": "NA"}, {"token": "measure", "start_char": 650, "end_char": 657, "token_label": "NA"}, {"token": "the", "start_char": 658, "end_char": 661, "token_label": "NA"}, {"token": "dimming", "start_char": 662, "end_char": 669, "token_label": "NA"}, {"token": "of", "start_char": 670, "end_char": 672, "token_label": "NA"}, {"token": "the", "start_char": 673, "end_char": 676, "token_label": "NA"}, {"token": "sun\u2019s", "start_char": 677, "end_char": 682, "token_label": "NA"}, {"token": "irradiance", "start_char": 683, "end_char": 693, "token_label": "NA"}, {"token": ".", "start_char": 693, "end_char": 694, "token_label": "NA"}], "news_discourse_role": 4, "news_discourse_role_prob_0": 0.00025424183695577085, "news_discourse_role_prob_1": 0.015112701803445816, "news_discourse_role_prob_2": 0.002510606776922941, "news_discourse_role_prob_3": 0.007560563273727894, "news_discourse_role_prob_4": 0.9688736796379089, "news_discourse_role_prob_5": 0.0006892106612212956, "news_discourse_role_prob_6": 7.84224976086989e-05, "news_discourse_role_prob_7": 0.0010704681044444442, "news_discourse_role_prob_8": 0.0038500833325088024, "previous_discourse_relation": 3, "previous_discourse_relation_prob_comp": 0.0032038253266364336, "previous_discourse_relation_prob_cont": 0.3385453522205353, "previous_discourse_relation_prob_temp": 0.013801715336740017, "previous_discourse_relation_prob_expan": 0.6444491744041443, "latter_discourse_relation": 3, "latter_discourse_relation_prob_comp": 0.00032145949080586433, "latter_discourse_relation_prob_cont": 0.0008728987886570394, "latter_discourse_relation_prob_temp": 0.00032771032419987023, "latter_discourse_relation_prob_expan": 0.9984778761863708}, {"sentence_id": 7, "sentence_start": 695, "sentence_end": 739, "sentence_text": "It will replace the aging SORCE spacecraft.", "sentence_label": "NA", "tokens_list": ["It", "will", "replace", "the", "aging", "SORCE", "spacecraft", "."], "tokens_dicts_list": [{"token": "It", "start_char": 695, "end_char": 697, "token_label": "NA"}, {"token": "will", "start_char": 698, "end_char": 702, "token_label": "NA"}, {"token": "replace", "start_char": 703, "end_char": 710, "token_label": "NA"}, {"token": "the", "start_char": 711, "end_char": 714, "token_label": "NA"}, {"token": "aging", "start_char": 715, "end_char": 720, "token_label": "NA"}, {"token": "SORCE", "start_char": 721, "end_char": 726, "token_label": "NA"}, {"token": "spacecraft", "start_char": 727, "end_char": 737, "token_label": "NA"}, {"token": ".", "start_char": 737, "end_char": 738, "token_label": "NA"}], "news_discourse_role": 4, "news_discourse_role_prob_0": 0.0010834443382918835, "news_discourse_role_prob_1": 0.019733725115656853, "news_discourse_role_prob_2": 0.036857970058918, "news_discourse_role_prob_3": 0.0017727211816236377, "news_discourse_role_prob_4": 0.6910973191261292, "news_discourse_role_prob_5": 0.0013170252786949277, "news_discourse_role_prob_6": 0.0003911119420081377, "news_discourse_role_prob_7": 0.004164164885878563, "news_discourse_role_prob_8": 0.24358245730400085, "previous_discourse_relation": 3, "previous_discourse_relation_prob_comp": 0.00032145949080586433, "previous_discourse_relation_prob_cont": 0.0008728987886570394, "previous_discourse_relation_prob_temp": 0.00032771032419987023, "previous_discourse_relation_prob_expan": 0.9984778761863708, "latter_discourse_relation": 3, "latter_discourse_relation_prob_comp": 0.004508808255195618, "latter_discourse_relation_prob_cont": 0.046810951083898544, "latter_discourse_relation_prob_temp": 0.012570441700518131, "latter_discourse_relation_prob_expan": 0.9361099004745483}, {"sentence_id": 8, "sentence_start": 739, "sentence_end": 890, "sentence_text": "NASA SDO reports that as the sunspot cycle plunges toward its 11-year minimum, NASA satellites are tracking a decline in total solar irradiance (TSI).", "sentence_label": "NA", "tokens_list": ["NASA", "SDO", "reports", "that", "as", "the", "sunspot", "cycle", "plunges", "toward", "its", "11-year", "minimum", ",", "NASA", "satellites", "are", "tracking", "a", "decline", "in", "total", "solar", "irradiance", "(", "TSI", ")", "."], "tokens_dicts_list": [{"token": "NASA", "start_char": 739, "end_char": 743, "token_label": "NA"}, {"token": "SDO", "start_char": 744, "end_char": 747, "token_label": "NA"}, {"token": "reports", "start_char": 748, "end_char": 755, "token_label": "NA"}, {"token": "that", "start_char": 756, "end_char": 760, "token_label": "NA"}, {"token": "as", "start_char": 761, "end_char": 763, "token_label": "NA"}, {"token": "the", "start_char": 764, "end_char": 767, "token_label": "NA"}, {"token": "sunspot", "start_char": 768, "end_char": 775, "token_label": "NA"}, {"token": "cycle", "start_char": 776, "end_char": 781, "token_label": "NA"}, {"token": "plunges", "start_char": 782, "end_char": 789, "token_label": "NA"}, {"token": "toward", "start_char": 790, "end_char": 796, "token_label": "NA"}, {"token": "its", "start_char": 797, "end_char": 800, "token_label": "NA"}, {"token": "11-year", "start_char": 801, "end_char": 808, "token_label": "NA"}, {"token": "minimum", "start_char": 809, "end_char": 816, "token_label": "NA"}, {"token": ",", "start_char": 816, "end_char": 817, "token_label": "NA"}, {"token": "NASA", "start_char": 818, "end_char": 822, "token_label": "NA"}, {"token": "satellites", "start_char": 823, "end_char": 833, "token_label": "NA"}, {"token": "are", "start_char": 834, "end_char": 837, "token_label": "NA"}, {"token": "tracking", "start_char": 838, "end_char": 846, "token_label": "NA"}, {"token": "a", "start_char": 847, "end_char": 848, "token_label": "NA"}, {"token": "decline", "start_char": 849, "end_char": 856, "token_label": "NA"}, {"token": "in", "start_char": 857, "end_char": 859, "token_label": "NA"}, {"token": "total", "start_char": 860, "end_char": 865, "token_label": "NA"}, {"token": "solar", "start_char": 866, "end_char": 871, "token_label": "NA"}, {"token": "irradiance", "start_char": 872, "end_char": 882, "token_label": "NA"}, {"token": "(", "start_char": 883, "end_char": 884, "token_label": "NA"}, {"token": "TSI", "start_char": 884, "end_char": 887, "token_label": "NA"}, {"token": ")", "start_char": 887, "end_char": 888, "token_label": "NA"}, {"token": ".", "start_char": 888, "end_char": 889, "token_label": "NA"}], "news_discourse_role": 4, "news_discourse_role_prob_0": 1.267816151084844e-05, "news_discourse_role_prob_1": 0.0164862722158432, "news_discourse_role_prob_2": 0.0025402833707630634, "news_discourse_role_prob_3": 0.09915249794721603, "news_discourse_role_prob_4": 0.8801313042640686, "news_discourse_role_prob_5": 0.00026033271569758654, "news_discourse_role_prob_6": 2.8656035283347592e-05, "news_discourse_role_prob_7": 0.001256101531907916, "news_discourse_role_prob_8": 0.00013188854791224003, "previous_discourse_relation": 3, "previous_discourse_relation_prob_comp": 0.004508808255195618, "previous_discourse_relation_prob_cont": 0.046810951083898544, "previous_discourse_relation_prob_temp": 0.012570441700518131, "previous_discourse_relation_prob_expan": 0.9361099004745483, "latter_discourse_relation": 1, "latter_discourse_relation_prob_comp": 0.012868569232523441, "latter_discourse_relation_prob_cont": 0.5104806423187256, "latter_discourse_relation_prob_temp": 0.0034380366560071707, "latter_discourse_relation_prob_expan": 0.47321274876594543}, {"sentence_id": 9, "sentence_start": 890, "sentence_end": 911, "sentence_text": "\u2013Watts Up With That?", "sentence_label": "NA", "tokens_list": ["\u2013Watts", "Up", "With", "That", "?"], "tokens_dicts_list": [{"token": "\u2013Watts", "start_char": 890, "end_char": 896, "token_label": "NA"}, {"token": "Up", "start_char": 897, "end_char": 899, "token_label": "NA"}, {"token": "With", "start_char": 900, "end_char": 904, "token_label": "NA"}, {"token": "That", "start_char": 905, "end_char": 909, "token_label": "NA"}, {"token": "?", "start_char": 909, "end_char": 910, "token_label": "NA"}], "news_discourse_role": 0, "news_discourse_role_prob_0": 0.41959476470947266, "news_discourse_role_prob_1": 0.0023410001304000616, "news_discourse_role_prob_2": 0.006239345297217369, "news_discourse_role_prob_3": 0.008257394656538963, "news_discourse_role_prob_4": 0.2951854467391968, "news_discourse_role_prob_5": 0.06587030738592148, "news_discourse_role_prob_6": 0.021892838180065155, "news_discourse_role_prob_7": 0.17560836672782898, "news_discourse_role_prob_8": 0.005010501481592655, "previous_discourse_relation": 1, "previous_discourse_relation_prob_comp": 0.012868569232523441, "previous_discourse_relation_prob_cont": 0.5104806423187256, "previous_discourse_relation_prob_temp": 0.0034380366560071707, "previous_discourse_relation_prob_expan": 0.47321274876594543, "latter_discourse_relation": 3, "latter_discourse_relation_prob_comp": 0.002496589906513691, "latter_discourse_relation_prob_cont": 0.04062690585851669, "latter_discourse_relation_prob_temp": 0.0038087007123976946, "latter_discourse_relation_prob_expan": 0.9530678987503052}, {"sentence_id": 10, "sentence_start": 911, "sentence_end": 1011, "sentence_text": "The Daily Sheeple\u2019s Joe Joseph breaks it down for those who don\u2019t closely follow the sun\u2019s changes.", "sentence_label": "NA", "tokens_list": ["The", "Daily", "Sheeple\u2019s", "Joe", "Joseph", "breaks", "it", "down", "for", "those", "who", "don\u2019t", "closely", "follow", "the", "sun\u2019s", "changes", "."], "tokens_dicts_list": [{"token": "The", "start_char": 911, "end_char": 914, "token_label": "NA"}, {"token": "Daily", "start_char": 915, "end_char": 920, "token_label": "NA"}, {"token": "Sheeple\u2019s", "start_char": 921, "end_char": 930, "token_label": "NA"}, {"token": "Joe", "start_char": 931, "end_char": 934, "token_label": "NA"}, {"token": "Joseph", "start_char": 935, "end_char": 941, "token_label": "NA"}, {"token": "breaks", "start_char": 942, "end_char": 948, "token_label": "NA"}, {"token": "it", "start_char": 949, "end_char": 951, "token_label": "NA"}, {"token": "down", "start_char": 952, "end_char": 956, "token_label": "NA"}, {"token": "for", "start_char": 957, "end_char": 960, "token_label": "NA"}, {"token": "those", "start_char": 961, "end_char": 966, "token_label": "NA"}, {"token": "who", "start_char": 967, "end_char": 970, "token_label": "NA"}, {"token": "don\u2019t", "start_char": 971, "end_char": 976, "token_label": "NA"}, {"token": "closely", "start_char": 977, "end_char": 984, "token_label": "NA"}, {"token": "follow", "start_char": 985, "end_char": 991, "token_label": "NA"}, {"token": "the", "start_char": 992, "end_char": 995, "token_label": "NA"}, {"token": "sun\u2019s", "start_char": 996, "end_char": 1001, "token_label": "NA"}, {"token": "changes", "start_char": 1002, "end_char": 1009, "token_label": "NA"}, {"token": ".", "start_char": 1009, "end_char": 1010, "token_label": "NA"}], "news_discourse_role": 7, "news_discourse_role_prob_0": 0.0002427596045890823, "news_discourse_role_prob_1": 0.00142219930421561, "news_discourse_role_prob_2": 0.0009474256075918674, "news_discourse_role_prob_3": 0.0026073565240949392, "news_discourse_role_prob_4": 0.03297913819551468, "news_discourse_role_prob_5": 0.0025440563913434744, "news_discourse_role_prob_6": 0.007324415724724531, "news_discourse_role_prob_7": 0.9403378367424011, "news_discourse_role_prob_8": 0.011594885028898716, "previous_discourse_relation": 3, "previous_discourse_relation_prob_comp": 0.002496589906513691, "previous_discourse_relation_prob_cont": 0.04062690585851669, "previous_discourse_relation_prob_temp": 0.0038087007123976946, "previous_discourse_relation_prob_expan": 0.9530678987503052, "latter_discourse_relation": 3, "latter_discourse_relation_prob_comp": 0.00010484509402886033, "latter_discourse_relation_prob_cont": 0.0006335363141261041, "latter_discourse_relation_prob_temp": 0.00019855218124575913, "latter_discourse_relation_prob_expan": 0.9990631937980652}, {"sentence_id": 11, "sentence_start": 1011, "sentence_end": 1170, "sentence_text": "He says there is a correlation between major changes on the sun and the behavior of the Earth, especially now as it reaches its 11-year-cycle\u2019s solar minimum.", "sentence_label": "NA", "tokens_list": ["He", "says", "there", "is", "a", "correlation", "between", "major", "changes", "on", "the", "sun", "and", "the", "behavior", "of", "the", "Earth", ",", "especially", "now", "as", "it", "reaches", "its", "11-year-cycle\u2019s", "solar", "minimum", "."], "tokens_dicts_list": [{"token": "He", "start_char": 1011, "end_char": 1013, "token_label": "NA"}, {"token": "says", "start_char": 1014, "end_char": 1018, "token_label": "NA"}, {"token": "there", "start_char": 1019, "end_char": 1024, "token_label": "NA"}, {"token": "is", "start_char": 1025, "end_char": 1027, "token_label": "NA"}, {"token": "a", "start_char": 1028, "end_char": 1029, "token_label": "NA"}, {"token": "correlation", "start_char": 1030, "end_char": 1041, "token_label": "NA"}, {"token": "between", "start_char": 1042, "end_char": 1049, "token_label": "NA"}, {"token": "major", "start_char": 1050, "end_char": 1055, "token_label": "NA"}, {"token": "changes", "start_char": 1056, "end_char": 1063, "token_label": "NA"}, {"token": "on", "start_char": 1064, "end_char": 1066, "token_label": "NA"}, {"token": "the", "start_char": 1067, "end_char": 1070, "token_label": "NA"}, {"token": "sun", "start_char": 1071, "end_char": 1074, "token_label": "NA"}, {"token": "and", "start_char": 1075, "end_char": 1078, "token_label": "NA"}, {"token": "the", "start_char": 1079, "end_char": 1082, "token_label": "NA"}, {"token": "behavior", "start_char": 1083, "end_char": 1091, "token_label": "NA"}, {"token": "of", "start_char": 1092, "end_char": 1094, "token_label": "NA"}, {"token": "the", "start_char": 1095, "end_char": 1098, "token_label": "NA"}, {"token": "Earth", "start_char": 1099, "end_char": 1104, "token_label": "NA"}, {"token": ",", "start_char": 1104, "end_char": 1105, "token_label": "NA"}, {"token": "especially", "start_char": 1106, "end_char": 1116, "token_label": "NA"}, {"token": "now", "start_char": 1117, "end_char": 1120, "token_label": "NA"}, {"token": "as", "start_char": 1121, "end_char": 1123, "token_label": "NA"}, {"token": "it", "start_char": 1124, "end_char": 1126, "token_label": "NA"}, {"token": "reaches", "start_char": 1127, "end_char": 1134, "token_label": "NA"}, {"token": "its", "start_char": 1135, "end_char": 1138, "token_label": "NA"}, {"token": "11-year-cycle\u2019s", "start_char": 1139, "end_char": 1154, "token_label": "NA"}, {"token": "solar", "start_char": 1155, "end_char": 1160, "token_label": "NA"}, {"token": "minimum", "start_char": 1161, "end_char": 1168, "token_label": "NA"}, {"token": ".", "start_char": 1168, "end_char": 1169, "token_label": "NA"}], "news_discourse_role": 7, "news_discourse_role_prob_0": 4.443220313987695e-05, "news_discourse_role_prob_1": 0.0035605509765446186, "news_discourse_role_prob_2": 0.0003759172686841339, "news_discourse_role_prob_3": 0.01948765106499195, "news_discourse_role_prob_4": 0.020975342020392418, "news_discourse_role_prob_5": 0.001535699819214642, "news_discourse_role_prob_6": 0.0025630234740674496, "news_discourse_role_prob_7": 0.9454837441444397, "news_discourse_role_prob_8": 0.005973643623292446, "previous_discourse_relation": 3, "previous_discourse_relation_prob_comp": 0.00010484509402886033, "previous_discourse_relation_prob_cont": 0.0006335363141261041, "previous_discourse_relation_prob_temp": 0.00019855218124575913, "previous_discourse_relation_prob_expan": 0.9990631937980652, "latter_discourse_relation": 3, "latter_discourse_relation_prob_comp": 0.00035892362939193845, "latter_discourse_relation_prob_cont": 0.0016319550340995193, "latter_discourse_relation_prob_temp": 0.000604745524469763, "latter_discourse_relation_prob_expan": 0.9974043965339661}, {"sentence_id": 12, "sentence_start": 1170, "sentence_end": 1387, "sentence_text": "\u201cI guess you could say, in a very generalistic sense\u2026and I mean, this is as vanilla as you can possibly make it\u2026that as the sun gets quieter so does our magnetic field get weaker or so it appears to be,\u201d says Joseph.", "sentence_label": "NA", "tokens_list": ["\u201cI", "guess", "you", "could", "say", ",", "in", "a", "very", "generalistic", "sense\u2026and", "I", "mean", ",", "this", "is", "as", "vanilla", "as", "you", "can", "possibly", "make", "it\u2026that", "as", "the", "sun", "gets", "quieter", "so", "does", "our", "magnetic", "field", "get", "weaker", "or", "so", "it", "appears", "to", "be", ",", "\u201d", "says", "Joseph", "."], "tokens_dicts_list": [{"token": "\u201cI", "start_char": 1170, "end_char": 1172, "token_label": "NA"}, {"token": "guess", "start_char": 1173, "end_char": 1178, "token_label": "NA"}, {"token": "you", "start_char": 1179, "end_char": 1182, "token_label": "NA"}, {"token": "could", "start_char": 1183, "end_char": 1188, "token_label": "NA"}, {"token": "say", "start_char": 1189, "end_char": 1192, "token_label": "NA"}, {"token": ",", "start_char": 1192, "end_char": 1193, "token_label": "NA"}, {"token": "in", "start_char": 1194, "end_char": 1196, "token_label": "NA"}, {"token": "a", "start_char": 1197, "end_char": 1198, "token_label": "NA"}, {"token": "very", "start_char": 1199, "end_char": 1203, "token_label": "NA"}, {"token": "generalistic", "start_char": 1204, "end_char": 1216, "token_label": "NA"}, {"token": "sense\u2026and", "start_char": 1217, "end_char": 1226, "token_label": "NA"}, {"token": "I", "start_char": 1227, "end_char": 1228, "token_label": "NA"}, {"token": "mean", "start_char": 1229, "end_char": 1233, "token_label": "NA"}, {"token": ",", "start_char": 1233, "end_char": 1234, "token_label": "NA"}, {"token": "this", "start_char": 1235, "end_char": 1239, "token_label": "NA"}, {"token": "is", "start_char": 1240, "end_char": 1242, "token_label": "NA"}, {"token": "as", "start_char": 1243, "end_char": 1245, "token_label": "NA"}, {"token": "vanilla", "start_char": 1246, "end_char": 1253, "token_label": "NA"}, {"token": "as", "start_char": 1254, "end_char": 1256, "token_label": "NA"}, {"token": "you", "start_char": 1257, "end_char": 1260, "token_label": "NA"}, {"token": "can", "start_char": 1261, "end_char": 1264, "token_label": "NA"}, {"token": "possibly", "start_char": 1265, "end_char": 1273, "token_label": "NA"}, {"token": "make", "start_char": 1274, "end_char": 1278, "token_label": "NA"}, {"token": "it\u2026that", "start_char": 1279, "end_char": 1286, "token_label": "NA"}, {"token": "as", "start_char": 1287, "end_char": 1289, "token_label": "NA"}, {"token": "the", "start_char": 1290, "end_char": 1293, "token_label": "NA"}, {"token": "sun", "start_char": 1294, "end_char": 1297, "token_label": "NA"}, {"token": "gets", "start_char": 1298, "end_char": 1302, "token_label": "NA"}, {"token": "quieter", "start_char": 1303, "end_char": 1310, "token_label": "NA"}, {"token": "so", "start_char": 1311, "end_char": 1313, "token_label": "NA"}, {"token": "does", "start_char": 1314, "end_char": 1318, "token_label": "NA"}, {"token": "our", "start_char": 1319, "end_char": 1322, "token_label": "NA"}, {"token": "magnetic", "start_char": 1323, "end_char": 1331, "token_label": "NA"}, {"token": "field", "start_char": 1332, "end_char": 1337, "token_label": "NA"}, {"token": "get", "start_char": 1338, "end_char": 1341, "token_label": "NA"}, {"token": "weaker", "start_char": 1342, "end_char": 1348, "token_label": "NA"}, {"token": "or", "start_char": 1349, "end_char": 1351, "token_label": "NA"}, {"token": "so", "start_char": 1352, "end_char": 1354, "token_label": "NA"}, {"token": "it", "start_char": 1355, "end_char": 1357, "token_label": "NA"}, {"token": "appears", "start_char": 1358, "end_char": 1365, "token_label": "NA"}, {"token": "to", "start_char": 1366, "end_char": 1368, "token_label": "NA"}, {"token": "be", "start_char": 1369, "end_char": 1371, "token_label": "NA"}, {"token": ",", "start_char": 1371, "end_char": 1372, "token_label": "NA"}, {"token": "\u201d", "start_char": 1372, "end_char": 1373, "token_label": "NA"}, {"token": "says", "start_char": 1374, "end_char": 1378, "token_label": "NA"}, {"token": "Joseph", "start_char": 1379, "end_char": 1385, "token_label": "NA"}, {"token": ".", "start_char": 1385, "end_char": 1386, "token_label": "NA"}], "news_discourse_role": 7, "news_discourse_role_prob_0": 7.69183025113307e-05, "news_discourse_role_prob_1": 0.00415443442761898, "news_discourse_role_prob_2": 0.00019651463662739843, "news_discourse_role_prob_3": 0.005496793892234564, "news_discourse_role_prob_4": 0.005225291475653648, "news_discourse_role_prob_5": 0.012595709413290024, "news_discourse_role_prob_6": 0.01218158844858408, "news_discourse_role_prob_7": 0.9503281116485596, "news_discourse_role_prob_8": 0.009744596667587757, "previous_discourse_relation": 3, "previous_discourse_relation_prob_comp": 0.00035892362939193845, "previous_discourse_relation_prob_cont": 0.0016319550340995193, "previous_discourse_relation_prob_temp": 0.000604745524469763, "previous_discourse_relation_prob_expan": 0.9974043965339661, "latter_discourse_relation": 3, "latter_discourse_relation_prob_comp": 0.000327066401951015, "latter_discourse_relation_prob_cont": 0.0028163751121610403, "latter_discourse_relation_prob_temp": 0.00016958451305981725, "latter_discourse_relation_prob_expan": 0.9966869950294495}, {"sentence_id": 13, "sentence_start": 1387, "sentence_end": 1420, "sentence_text": "\u201cIs there a mini ice age coming?", "sentence_label": "NA", "tokens_list": ["\u201cIs", "there", "a", "mini", "ice", "age", "coming", "?"], "tokens_dicts_list": [{"token": "\u201cIs", "start_char": 1387, "end_char": 1390, "token_label": "NA"}, {"token": "there", "start_char": 1391, "end_char": 1396, "token_label": "NA"}, {"token": "a", "start_char": 1397, "end_char": 1398, "token_label": "NA"}, {"token": "mini", "start_char": 1399, "end_char": 1403, "token_label": "NA"}, {"token": "ice", "start_char": 1404, "end_char": 1407, "token_label": "NA"}, {"token": "age", "start_char": 1408, "end_char": 1411, "token_label": "NA"}, {"token": "coming", "start_char": 1412, "end_char": 1418, "token_label": "NA"}, {"token": "?", "start_char": 1418, "end_char": 1419, "token_label": "NA"}], "news_discourse_role": 7, "news_discourse_role_prob_0": 0.0009306542342528701, "news_discourse_role_prob_1": 0.01400573831051588, "news_discourse_role_prob_2": 0.0011993878288194537, "news_discourse_role_prob_3": 0.004628444090485573, "news_discourse_role_prob_4": 0.00490987952798605, "news_discourse_role_prob_5": 0.006875780411064625, "news_discourse_role_prob_6": 0.05860322713851929, "news_discourse_role_prob_7": 0.7208924889564514, "news_discourse_role_prob_8": 0.1879543960094452, "previous_discourse_relation": 3, "previous_discourse_relation_prob_comp": 0.000327066401951015, "previous_discourse_relation_prob_cont": 0.0028163751121610403, "previous_discourse_relation_prob_temp": 0.00016958451305981725, "previous_discourse_relation_prob_expan": 0.9966869950294495, "latter_discourse_relation": 3, "latter_discourse_relation_prob_comp": 0.12862369418144226, "latter_discourse_relation_prob_cont": 0.00196585850790143, "latter_discourse_relation_prob_temp": 0.006320417392998934, "latter_discourse_relation_prob_expan": 0.8630899786949158}, {"sentence_id": 14, "sentence_start": 1420, "sentence_end": 1444, "sentence_text": "I don\u2019t know,\u201d he said.", "sentence_label": "NA", "tokens_list": ["I", "don\u2019t", "know", ",", "\u201d", "he", "said", "."], "tokens_dicts_list": [{"token": "I", "start_char": 1420, "end_char": 1421, "token_label": "NA"}, {"token": "don\u2019t", "start_char": 1422, "end_char": 1427, "token_label": "NA"}, {"token": "know", "start_char": 1428, "end_char": 1432, "token_label": "NA"}, {"token": ",", "start_char": 1432, "end_char": 1433, "token_label": "NA"}, {"token": "\u201d", "start_char": 1433, "end_char": 1434, "token_label": "NA"}, {"token": "he", "start_char": 1435, "end_char": 1437, "token_label": "NA"}, {"token": "said", "start_char": 1438, "end_char": 1442, "token_label": "NA"}, {"token": ".", "start_char": 1442, "end_char": 1443, "token_label": "NA"}], "news_discourse_role": 7, "news_discourse_role_prob_0": 4.5923530706204474e-05, "news_discourse_role_prob_1": 0.005300283897668123, "news_discourse_role_prob_2": 0.0005456509534269571, "news_discourse_role_prob_3": 0.004263544920831919, "news_discourse_role_prob_4": 0.002660478698089719, "news_discourse_role_prob_5": 0.0028129226993769407, "news_discourse_role_prob_6": 0.023896923288702965, "news_discourse_role_prob_7": 0.9216141104698181, "news_discourse_role_prob_8": 0.038860198110342026, "previous_discourse_relation": 3, "previous_discourse_relation_prob_comp": 0.12862369418144226, "previous_discourse_relation_prob_cont": 0.00196585850790143, "previous_discourse_relation_prob_temp": 0.006320417392998934, "previous_discourse_relation_prob_expan": 0.8630899786949158, "latter_discourse_relation": 0, "latter_discourse_relation_prob_comp": 0.9324336051940918, "latter_discourse_relation_prob_cont": 0.0005239924066700041, "latter_discourse_relation_prob_temp": 0.0018828660249710083, "latter_discourse_relation_prob_expan": 0.06515956670045853}, {"sentence_id": 15, "sentence_start": 1444, "sentence_end": 1577, "sentence_text": "But other sources say it\u2019s more than possible that we will see a mini ice age in the next three years due to the dimming of our sun.", "sentence_label": "NA", "tokens_list": ["But", "other", "sources", "say", "it\u2019s", "more", "than", "possible", "that", "we", "will", "see", "a", "mini", "ice", "age", "in", "the", "next", "three", "years", "due", "to", "the", "dimming", "of", "our", "sun", "."], "tokens_dicts_list": [{"token": "But", "start_char": 1444, "end_char": 1447, "token_label": "NA"}, {"token": "other", "start_char": 1448, "end_char": 1453, "token_label": "NA"}, {"token": "sources", "start_char": 1454, "end_char": 1461, "token_label": "NA"}, {"token": "say", "start_char": 1462, "end_char": 1465, "token_label": "NA"}, {"token": "it\u2019s", "start_char": 1466, "end_char": 1470, "token_label": "NA"}, {"token": "more", "start_char": 1471, "end_char": 1475, "token_label": "NA"}, {"token": "than", "start_char": 1476, "end_char": 1480, "token_label": "NA"}, {"token": "possible", "start_char": 1481, "end_char": 1489, "token_label": "NA"}, {"token": "that", "start_char": 1490, "end_char": 1494, "token_label": "NA"}, {"token": "we", "start_char": 1495, "end_char": 1497, "token_label": "NA"}, {"token": "will", "start_char": 1498, "end_char": 1502, "token_label": "NA"}, {"token": "see", "start_char": 1503, "end_char": 1506, "token_label": "NA"}, {"token": "a", "start_char": 1507, "end_char": 1508, "token_label": "NA"}, {"token": "mini", "start_char": 1509, "end_char": 1513, "token_label": "NA"}, {"token": "ice", "start_char": 1514, "end_char": 1517, "token_label": "NA"}, {"token": "age", "start_char": 1518, "end_char": 1521, "token_label": "NA"}, {"token": "in", "start_char": 1522, "end_char": 1524, "token_label": "NA"}, {"token": "the", "start_char": 1525, "end_char": 1528, "token_label": "NA"}, {"token": "next", "start_char": 1529, "end_char": 1533, "token_label": "NA"}, {"token": "three", "start_char": 1534, "end_char": 1539, "token_label": "NA"}, {"token": "years", "start_char": 1540, "end_char": 1545, "token_label": "NA"}, {"token": "due", "start_char": 1546, "end_char": 1549, "token_label": "NA"}, {"token": "to", "start_char": 1550, "end_char": 1552, "token_label": "NA"}, {"token": "the", "start_char": 1553, "end_char": 1556, "token_label": "NA"}, {"token": "dimming", "start_char": 1557, "end_char": 1564, "token_label": "NA"}, {"token": "of", "start_char": 1565, "end_char": 1567, "token_label": "NA"}, {"token": "our", "start_char": 1568, "end_char": 1571, "token_label": "NA"}, {"token": "sun", "start_char": 1572, "end_char": 1575, "token_label": "NA"}, {"token": ".", "start_char": 1575, "end_char": 1576, "token_label": "NA"}], "news_discourse_role": 8, "news_discourse_role_prob_0": 3.2689578802092e-05, "news_discourse_role_prob_1": 0.004895286168903112, "news_discourse_role_prob_2": 0.0005301260389387608, "news_discourse_role_prob_3": 0.001156928134150803, "news_discourse_role_prob_4": 0.0037418680731207132, "news_discourse_role_prob_5": 0.00033666889066807926, "news_discourse_role_prob_6": 0.0026492669712752104, "news_discourse_role_prob_7": 0.039997413754463196, "news_discourse_role_prob_8": 0.9466598033905029, "previous_discourse_relation": 0, "previous_discourse_relation_prob_comp": 0.9324336051940918, "previous_discourse_relation_prob_cont": 0.0005239924066700041, "previous_discourse_relation_prob_temp": 0.0018828660249710083, "previous_discourse_relation_prob_expan": 0.06515956670045853, "latter_discourse_relation": 3, "latter_discourse_relation_prob_comp": 0.00016824390331748873, "latter_discourse_relation_prob_cont": 0.0030036084353923798, "latter_discourse_relation_prob_temp": 3.213781747035682e-05, "latter_discourse_relation_prob_expan": 0.9967960715293884}, {"sentence_id": 16, "sentence_start": 1577, "sentence_end": 1781, "sentence_text": "A 15-YEAR long mini ice age could be due to hit the Northern hemisphere in just four years as the sun prepares for \u201chibernation\u201d \u2013 triggering a barrage of cataclysmic events, says The Express UK in 2016.", "sentence_label": "NA", "tokens_list": ["A", "15-YEAR", "long", "mini", "ice", "age", "could", "be", "due", "to", "hit", "the", "Northern", "hemisphere", "in", "just", "four", "years", "as", "the", "sun", "prepares", "for", "\u201chibernation\u201d", "\u2013", "triggering", "a", "barrage", "of", "cataclysmic", "events", ",", "says", "The", "Express", "UK", "in", "2016", "."], "tokens_dicts_list": [{"token": "A", "start_char": 1577, "end_char": 1578, "token_label": "NA"}, {"token": "15-YEAR", "start_char": 1579, "end_char": 1586, "token_label": "NA"}, {"token": "long", "start_char": 1587, "end_char": 1591, "token_label": "NA"}, {"token": "mini", "start_char": 1592, "end_char": 1596, "token_label": "NA"}, {"token": "ice", "start_char": 1597, "end_char": 1600, "token_label": "NA"}, {"token": "age", "start_char": 1601, "end_char": 1604, "token_label": "NA"}, {"token": "could", "start_char": 1605, "end_char": 1610, "token_label": "NA"}, {"token": "be", "start_char": 1611, "end_char": 1613, "token_label": "NA"}, {"token": "due", "start_char": 1614, "end_char": 1617, "token_label": "NA"}, {"token": "to", "start_char": 1618, "end_char": 1620, "token_label": "NA"}, {"token": "hit", "start_char": 1621, "end_char": 1624, "token_label": "NA"}, {"token": "the", "start_char": 1625, "end_char": 1628, "token_label": "NA"}, {"token": "Northern", "start_char": 1629, "end_char": 1637, "token_label": "NA"}, {"token": "hemisphere", "start_char": 1638, "end_char": 1648, "token_label": "NA"}, {"token": "in", "start_char": 1649, "end_char": 1651, "token_label": "NA"}, {"token": "just", "start_char": 1652, "end_char": 1656, "token_label": "NA"}, {"token": "four", "start_char": 1657, "end_char": 1661, "token_label": "NA"}, {"token": "years", "start_char": 1662, "end_char": 1667, "token_label": "NA"}, {"token": "as", "start_char": 1668, "end_char": 1670, "token_label": "NA"}, {"token": "the", "start_char": 1671, "end_char": 1674, "token_label": "NA"}, {"token": "sun", "start_char": 1675, "end_char": 1678, "token_label": "NA"}, {"token": "prepares", "start_char": 1679, "end_char": 1687, "token_label": "NA"}, {"token": "for", "start_char": 1688, "end_char": 1691, "token_label": "NA"}, {"token": "\u201chibernation\u201d", "start_char": 1692, "end_char": 1705, "token_label": "NA"}, {"token": "\u2013", "start_char": 1706, "end_char": 1707, "token_label": "NA"}, {"token": "triggering", "start_char": 1708, "end_char": 1718, "token_label": "NA"}, {"token": "a", "start_char": 1719, "end_char": 1720, "token_label": "NA"}, {"token": "barrage", "start_char": 1721, "end_char": 1728, "token_label": "NA"}, {"token": "of", "start_char": 1729, "end_char": 1731, "token_label": "NA"}, {"token": "cataclysmic", "start_char": 1732, "end_char": 1743, "token_label": "NA"}, {"token": "events", "start_char": 1744, "end_char": 1750, "token_label": "NA"}, {"token": ",", "start_char": 1750, "end_char": 1751, "token_label": "NA"}, {"token": "says", "start_char": 1752, "end_char": 1756, "token_label": "NA"}, {"token": "The", "start_char": 1757, "end_char": 1760, "token_label": "NA"}, {"token": "Express", "start_char": 1761, "end_char": 1768, "token_label": "NA"}, {"token": "UK", "start_char": 1769, "end_char": 1771, "token_label": "NA"}, {"token": "in", "start_char": 1772, "end_char": 1774, "token_label": "NA"}, {"token": "2016", "start_char": 1775, "end_char": 1779, "token_label": "NA"}, {"token": ".", "start_char": 1779, "end_char": 1780, "token_label": "NA"}], "news_discourse_role": 8, "news_discourse_role_prob_0": 7.370696403086185e-05, "news_discourse_role_prob_1": 0.0010701706632971764, "news_discourse_role_prob_2": 0.0002913463395088911, "news_discourse_role_prob_3": 0.00047211229684762657, "news_discourse_role_prob_4": 0.005178011022508144, "news_discourse_role_prob_5": 0.001956320134922862, "news_discourse_role_prob_6": 0.0008016204810701311, "news_discourse_role_prob_7": 0.00631540734320879, "news_discourse_role_prob_8": 0.9838413596153259, "previous_discourse_relation": 3, "previous_discourse_relation_prob_comp": 0.00016824390331748873, "previous_discourse_relation_prob_cont": 0.0030036084353923798, "previous_discourse_relation_prob_temp": 3.213781747035682e-05, "previous_discourse_relation_prob_expan": 0.9967960715293884, "latter_discourse_relation": 3, "latter_discourse_relation_prob_comp": 0.000904309970792383, "latter_discourse_relation_prob_cont": 0.010903115384280682, "latter_discourse_relation_prob_temp": 0.00037661654641851783, "latter_discourse_relation_prob_expan": 0.9878159165382385}, {"sentence_id": 17, "sentence_start": 1781, "sentence_end": 1910, "sentence_text": "Solar activity, measured by the appearance of sun spots, has been declining at a greater rate than at any other time in history.", "sentence_label": "NA", "tokens_list": ["Solar", "activity", ",", "measured", "by", "the", "appearance", "of", "sun", "spots", ",", "has", "been", "declining", "at", "a", "greater", "rate", "than", "at", "any", "other", "time", "in", "history", "."], "tokens_dicts_list": [{"token": "Solar", "start_char": 1781, "end_char": 1786, "token_label": "NA"}, {"token": "activity", "start_char": 1787, "end_char": 1795, "token_label": "NA"}, {"token": ",", "start_char": 1795, "end_char": 1796, "token_label": "NA"}, {"token": "measured", "start_char": 1797, "end_char": 1805, "token_label": "NA"}, {"token": "by", "start_char": 1806, "end_char": 1808, "token_label": "NA"}, {"token": "the", "start_char": 1809, "end_char": 1812, "token_label": "NA"}, {"token": "appearance", "start_char": 1813, "end_char": 1823, "token_label": "NA"}, {"token": "of", "start_char": 1824, "end_char": 1826, "token_label": "NA"}, {"token": "sun", "start_char": 1827, "end_char": 1830, "token_label": "NA"}, {"token": "spots", "start_char": 1831, "end_char": 1836, "token_label": "NA"}, {"token": ",", "start_char": 1836, "end_char": 1837, "token_label": "NA"}, {"token": "has", "start_char": 1838, "end_char": 1841, "token_label": "NA"}, {"token": "been", "start_char": 1842, "end_char": 1846, "token_label": "NA"}, {"token": "declining", "start_char": 1847, "end_char": 1856, "token_label": "NA"}, {"token": "at", "start_char": 1857, "end_char": 1859, "token_label": "NA"}, {"token": "a", "start_char": 1860, "end_char": 1861, "token_label": "NA"}, {"token": "greater", "start_char": 1862, "end_char": 1869, "token_label": "NA"}, {"token": "rate", "start_char": 1870, "end_char": 1874, "token_label": "NA"}, {"token": "than", "start_char": 1875, "end_char": 1879, "token_label": "NA"}, {"token": "at", "start_char": 1880, "end_char": 1882, "token_label": "NA"}, {"token": "any", "start_char": 1883, "end_char": 1886, "token_label": "NA"}, {"token": "other", "start_char": 1887, "end_char": 1892, "token_label": "NA"}, {"token": "time", "start_char": 1893, "end_char": 1897, "token_label": "NA"}, {"token": "in", "start_char": 1898, "end_char": 1900, "token_label": "NA"}, {"token": "history", "start_char": 1901, "end_char": 1908, "token_label": "NA"}, {"token": ".", "start_char": 1908, "end_char": 1909, "token_label": "NA"}], "news_discourse_role": 4, "news_discourse_role_prob_0": 1.1814417121058796e-05, "news_discourse_role_prob_1": 0.0009718938381411135, "news_discourse_role_prob_2": 0.0007401048787869513, "news_discourse_role_prob_3": 0.007840931415557861, "news_discourse_role_prob_4": 0.9800987243652344, "news_discourse_role_prob_5": 0.004743420053273439, "news_discourse_role_prob_6": 5.631067688227631e-05, "news_discourse_role_prob_7": 0.005303127691149712, "news_discourse_role_prob_8": 0.00023378888727165759, "previous_discourse_relation": 3, "previous_discourse_relation_prob_comp": 0.000904309970792383, "previous_discourse_relation_prob_cont": 0.010903115384280682, "previous_discourse_relation_prob_temp": 0.00037661654641851783, "previous_discourse_relation_prob_expan": 0.9878159165382385, "latter_discourse_relation": 3, "latter_discourse_relation_prob_comp": 0.0005494255456142128, "latter_discourse_relation_prob_cont": 0.16710957884788513, "latter_discourse_relation_prob_temp": 0.00037718546809628606, "latter_discourse_relation_prob_expan": 0.831963837146759}, {"sentence_id": 18, "sentence_start": 1910, "sentence_end": 1955, "sentence_text": "And that could have widespread implications.", "sentence_label": "NA", "tokens_list": ["And", "that", "could", "have", "widespread", "implications", "."], "tokens_dicts_list": [{"token": "And", "start_char": 1910, "end_char": 1913, "token_label": "NA"}, {"token": "that", "start_char": 1914, "end_char": 1918, "token_label": "NA"}, {"token": "could", "start_char": 1919, "end_char": 1924, "token_label": "NA"}, {"token": "have", "start_char": 1925, "end_char": 1929, "token_label": "NA"}, {"token": "widespread", "start_char": 1930, "end_char": 1940, "token_label": "NA"}, {"token": "implications", "start_char": 1941, "end_char": 1953, "token_label": "NA"}, {"token": ".", "start_char": 1953, "end_char": 1954, "token_label": "NA"}], "news_discourse_role": 8, "news_discourse_role_prob_0": 0.00014418871433008462, "news_discourse_role_prob_1": 0.0025397345889359713, "news_discourse_role_prob_2": 0.0009740925161167979, "news_discourse_role_prob_3": 0.00040193847962655127, "news_discourse_role_prob_4": 0.003189962822943926, "news_discourse_role_prob_5": 0.0008015429484657943, "news_discourse_role_prob_6": 0.0016979736974462867, "news_discourse_role_prob_7": 0.04115491732954979, "news_discourse_role_prob_8": 0.9490957260131836, "previous_discourse_relation": 3, "previous_discourse_relation_prob_comp": 0.0005494255456142128, "previous_discourse_relation_prob_cont": 0.16710957884788513, "previous_discourse_relation_prob_temp": 0.00037718546809628606, "previous_discourse_relation_prob_expan": 0.831963837146759, "latter_discourse_relation": 3, "latter_discourse_relation_prob_comp": 0.0008061248227022588, "latter_discourse_relation_prob_cont": 0.2765791714191437, "latter_discourse_relation_prob_temp": 0.0022807051427662373, "latter_discourse_relation_prob_expan": 0.720333993434906}, {"sentence_id": 19, "sentence_start": 1955, "sentence_end": 2199, "sentence_text": "A team of experts have warned that huge seismic events, including volcanic eruptions, plunging global temperatures and destabilization of the Earth\u2019s crust will become more common after worrying changes to the surface of the Sun were recorded.", "sentence_label": "Appeal_to_Authority", "tokens_list": ["A", "team", "of", "experts", "have", "warned", "that", "huge", "seismic", "events", ",", "including", "volcanic", "eruptions", ",", "plunging", "global", "temperatures", "and", "destabilization", "of", "the", "Earth\u2019s", "crust", "will", "become", "more", "common", "after", "worrying", "changes", "to", "the", "surface", "of", "the", "Sun", "were", "recorded", "."], "tokens_dicts_list": [{"token": "A", "start_char": 1955, "end_char": 1956, "token_label": "Appeal_to_Authority"}, {"token": "team", "start_char": 1957, "end_char": 1961, "token_label": "Appeal_to_Authority"}, {"token": "of", "start_char": 1962, "end_char": 1964, "token_label": "Appeal_to_Authority"}, {"token": "experts", "start_char": 1965, "end_char": 1972, "token_label": "Appeal_to_Authority"}, {"token": "have", "start_char": 1973, "end_char": 1977, "token_label": "Appeal_to_Authority"}, {"token": "warned", "start_char": 1978, "end_char": 1984, "token_label": "Appeal_to_Authority"}, {"token": "that", "start_char": 1985, "end_char": 1989, "token_label": "Appeal_to_Authority"}, {"token": "huge", "start_char": 1990, "end_char": 1994, "token_label": "Appeal_to_Authority"}, {"token": "seismic", "start_char": 1995, "end_char": 2002, "token_label": "Appeal_to_Authority"}, {"token": "events", "start_char": 2003, "end_char": 2009, "token_label": "Appeal_to_Authority"}, {"token": ",", "start_char": 2009, "end_char": 2010, "token_label": "Appeal_to_Authority"}, {"token": "including", "start_char": 2011, "end_char": 2020, "token_label": "Appeal_to_Authority"}, {"token": "volcanic", "start_char": 2021, "end_char": 2029, "token_label": "Appeal_to_Authority"}, {"token": "eruptions", "start_char": 2030, "end_char": 2039, "token_label": "Appeal_to_Authority"}, {"token": ",", "start_char": 2039, "end_char": 2040, "token_label": "Appeal_to_Authority"}, {"token": "plunging", "start_char": 2041, "end_char": 2049, "token_label": "Appeal_to_Authority"}, {"token": "global", "start_char": 2050, "end_char": 2056, "token_label": "Appeal_to_Authority"}, {"token": "temperatures", "start_char": 2057, "end_char": 2069, "token_label": "Appeal_to_Authority"}, {"token": "and", "start_char": 2070, "end_char": 2073, "token_label": "Appeal_to_Authority"}, {"token": "destabilization", "start_char": 2074, "end_char": 2089, "token_label": "Appeal_to_Authority"}, {"token": "of", "start_char": 2090, "end_char": 2092, "token_label": "Appeal_to_Authority"}, {"token": "the", "start_char": 2093, "end_char": 2096, "token_label": "Appeal_to_Authority"}, {"token": "Earth\u2019s", "start_char": 2097, "end_char": 2104, "token_label": "Appeal_to_Authority"}, {"token": "crust", "start_char": 2105, "end_char": 2110, "token_label": "Appeal_to_Authority"}, {"token": "will", "start_char": 2111, "end_char": 2115, "token_label": "Appeal_to_Authority"}, {"token": "become", "start_char": 2116, "end_char": 2122, "token_label": "Appeal_to_Authority"}, {"token": "more", "start_char": 2123, "end_char": 2127, "token_label": "Appeal_to_Authority"}, {"token": "common", "start_char": 2128, "end_char": 2134, "token_label": "Appeal_to_Authority"}, {"token": "after", "start_char": 2135, "end_char": 2140, "token_label": "Appeal_to_Authority"}, {"token": "worrying", "start_char": 2141, "end_char": 2149, "token_label": "Appeal_to_Authority"}, {"token": "changes", "start_char": 2150, "end_char": 2157, "token_label": "Appeal_to_Authority"}, {"token": "to", "start_char": 2158, "end_char": 2160, "token_label": "Appeal_to_Authority"}, {"token": "the", "start_char": 2161, "end_char": 2164, "token_label": "Appeal_to_Authority"}, {"token": "surface", "start_char": 2165, "end_char": 2172, "token_label": "Appeal_to_Authority"}, {"token": "of", "start_char": 2173, "end_char": 2175, "token_label": "Appeal_to_Authority"}, {"token": "the", "start_char": 2176, "end_char": 2179, "token_label": "Appeal_to_Authority"}, {"token": "Sun", "start_char": 2180, "end_char": 2183, "token_label": "Appeal_to_Authority"}, {"token": "were", "start_char": 2184, "end_char": 2188, "token_label": "Appeal_to_Authority"}, {"token": "recorded", "start_char": 2189, "end_char": 2197, "token_label": "Appeal_to_Authority"}, {"token": ".", "start_char": 2197, "end_char": 2198, "token_label": "Appeal_to_Authority"}], "news_discourse_role": 8, "news_discourse_role_prob_0": 3.1241852411767468e-06, "news_discourse_role_prob_1": 0.0006782784475944936, "news_discourse_role_prob_2": 0.00032692350214347243, "news_discourse_role_prob_3": 0.00024291743466164917, "news_discourse_role_prob_4": 0.0032941645476967096, "news_discourse_role_prob_5": 0.00010460220801178366, "news_discourse_role_prob_6": 0.00015420977433677763, "news_discourse_role_prob_7": 0.002976750722154975, "news_discourse_role_prob_8": 0.992219090461731, "previous_discourse_relation": 3, "previous_discourse_relation_prob_comp": 0.0008061248227022588, "previous_discourse_relation_prob_cont": 0.2765791714191437, "previous_discourse_relation_prob_temp": 0.0022807051427662373, "previous_discourse_relation_prob_expan": 0.720333993434906, "latter_discourse_relation": 3, "latter_discourse_relation_prob_comp": 0.0023456744384020567, "latter_discourse_relation_prob_cont": 0.005636159330606461, "latter_discourse_relation_prob_temp": 0.0016526300460100174, "latter_discourse_relation_prob_expan": 0.9903656244277954}, {"sentence_id": 20, "sentence_start": 2199, "sentence_end": 2334, "sentence_text": "Research by the The Space and Science Research Center in Florida revealed a strong link between low solar activity and seismic events.", "sentence_label": "NA", "tokens_list": ["Research", "by", "the", "The", "Space", "and", "Science", "Research", "Center", "in", "Florida", "revealed", "a", "strong", "link", "between", "low", "solar", "activity", "and", "seismic", "events", "."], "tokens_dicts_list": [{"token": "Research", "start_char": 2199, "end_char": 2207, "token_label": "NA"}, {"token": "by", "start_char": 2208, "end_char": 2210, "token_label": "NA"}, {"token": "the", "start_char": 2211, "end_char": 2214, "token_label": "NA"}, {"token": "The", "start_char": 2215, "end_char": 2218, "token_label": "NA"}, {"token": "Space", "start_char": 2219, "end_char": 2224, "token_label": "NA"}, {"token": "and", "start_char": 2225, "end_char": 2228, "token_label": "NA"}, {"token": "Science", "start_char": 2229, "end_char": 2236, "token_label": "NA"}, {"token": "Research", "start_char": 2237, "end_char": 2245, "token_label": "NA"}, {"token": "Center", "start_char": 2246, "end_char": 2252, "token_label": "NA"}, {"token": "in", "start_char": 2253, "end_char": 2255, "token_label": "NA"}, {"token": "Florida", "start_char": 2256, "end_char": 2263, "token_label": "NA"}, {"token": "revealed", "start_char": 2264, "end_char": 2272, "token_label": "NA"}, {"token": "a", "start_char": 2273, "end_char": 2274, "token_label": "NA"}, {"token": "strong", "start_char": 2275, "end_char": 2281, "token_label": "NA"}, {"token": "link", "start_char": 2282, "end_char": 2286, "token_label": "NA"}, {"token": "between", "start_char": 2287, "end_char": 2294, "token_label": "NA"}, {"token": "low", "start_char": 2295, "end_char": 2298, "token_label": "NA"}, {"token": "solar", "start_char": 2299, "end_char": 2304, "token_label": "NA"}, {"token": "activity", "start_char": 2305, "end_char": 2313, "token_label": "NA"}, {"token": "and", "start_char": 2314, "end_char": 2317, "token_label": "NA"}, {"token": "seismic", "start_char": 2318, "end_char": 2325, "token_label": "NA"}, {"token": "events", "start_char": 2326, "end_char": 2332, "token_label": "NA"}, {"token": ".", "start_char": 2332, "end_char": 2333, "token_label": "NA"}], "news_discourse_role": 4, "news_discourse_role_prob_0": 2.5441666366532445e-05, "news_discourse_role_prob_1": 0.003006578190252185, "news_discourse_role_prob_2": 0.0008678020676597953, "news_discourse_role_prob_3": 0.2007783055305481, "news_discourse_role_prob_4": 0.6740269064903259, "news_discourse_role_prob_5": 0.11171793937683105, "news_discourse_role_prob_6": 0.00019194754713680595, "news_discourse_role_prob_7": 0.008231117390096188, "news_discourse_role_prob_8": 0.0011539282277226448, "previous_discourse_relation": 3, "previous_discourse_relation_prob_comp": 0.0023456744384020567, "previous_discourse_relation_prob_cont": 0.005636159330606461, "previous_discourse_relation_prob_temp": 0.0016526300460100174, "previous_discourse_relation_prob_expan": 0.9903656244277954, "latter_discourse_relation": 3, "latter_discourse_relation_prob_comp": 5.31917430635076e-05, "latter_discourse_relation_prob_cont": 0.002727751387283206, "latter_discourse_relation_prob_temp": 0.00010202451085206121, "latter_discourse_relation_prob_expan": 0.9971170425415039}, {"sentence_id": 21, "sentence_start": 2334, "sentence_end": 2492, "sentence_text": "Scientists say that it could take up to 15 years for solar activity to return to normal with extreme weather and freezing temperatures continuing until 2035.", "sentence_label": "NA", "tokens_list": ["Scientists", "say", "that", "it", "could", "take", "up", "to", "15", "years", "for", "solar", "activity", "to", "return", "to", "normal", "with", "extreme", "weather", "and", "freezing", "temperatures", "continuing", "until", "2035", "."], "tokens_dicts_list": [{"token": "Scientists", "start_char": 2334, "end_char": 2344, "token_label": "NA"}, {"token": "say", "start_char": 2345, "end_char": 2348, "token_label": "NA"}, {"token": "that", "start_char": 2349, "end_char": 2353, "token_label": "NA"}, {"token": "it", "start_char": 2354, "end_char": 2356, "token_label": "NA"}, {"token": "could", "start_char": 2357, "end_char": 2362, "token_label": "NA"}, {"token": "take", "start_char": 2363, "end_char": 2367, "token_label": "NA"}, {"token": "up", "start_char": 2368, "end_char": 2370, "token_label": "NA"}, {"token": "to", "start_char": 2371, "end_char": 2373, "token_label": "NA"}, {"token": "15", "start_char": 2374, "end_char": 2376, "token_label": "NA"}, {"token": "years", "start_char": 2377, "end_char": 2382, "token_label": "NA"}, {"token": "for", "start_char": 2383, "end_char": 2386, "token_label": "NA"}, {"token": "solar", "start_char": 2387, "end_char": 2392, "token_label": "NA"}, {"token": "activity", "start_char": 2393, "end_char": 2401, "token_label": "NA"}, {"token": "to", "start_char": 2402, "end_char": 2404, "token_label": "NA"}, {"token": "return", "start_char": 2405, "end_char": 2411, "token_label": "NA"}, {"token": "to", "start_char": 2412, "end_char": 2414, "token_label": "NA"}, {"token": "normal", "start_char": 2415, "end_char": 2421, "token_label": "NA"}, {"token": "with", "start_char": 2422, "end_char": 2426, "token_label": "NA"}, {"token": "extreme", "start_char": 2427, "end_char": 2434, "token_label": "NA"}, {"token": "weather", "start_char": 2435, "end_char": 2442, "token_label": "NA"}, {"token": "and", "start_char": 2443, "end_char": 2446, "token_label": "NA"}, {"token": "freezing", "start_char": 2447, "end_char": 2455, "token_label": "NA"}, {"token": "temperatures", "start_char": 2456, "end_char": 2468, "token_label": "NA"}, {"token": "continuing", "start_char": 2469, "end_char": 2479, "token_label": "NA"}, {"token": "until", "start_char": 2480, "end_char": 2485, "token_label": "NA"}, {"token": "2035", "start_char": 2486, "end_char": 2490, "token_label": "NA"}, {"token": ".", "start_char": 2490, "end_char": 2491, "token_label": "NA"}], "news_discourse_role": 8, "news_discourse_role_prob_0": 9.401789611729328e-06, "news_discourse_role_prob_1": 0.0006182660581544042, "news_discourse_role_prob_2": 0.0003121746121905744, "news_discourse_role_prob_3": 0.00018534950504545122, "news_discourse_role_prob_4": 0.0015757203800603747, "news_discourse_role_prob_5": 8.001106471056119e-05, "news_discourse_role_prob_6": 0.00037052054540254176, "news_discourse_role_prob_7": 0.002889780793339014, "news_discourse_role_prob_8": 0.9939588308334351, "previous_discourse_relation": 3, "previous_discourse_relation_prob_comp": 5.31917430635076e-05, "previous_discourse_relation_prob_cont": 0.002727751387283206, "previous_discourse_relation_prob_temp": 0.00010202451085206121, "previous_discourse_relation_prob_expan": 0.9971170425415039, "latter_discourse_relation": 1, "latter_discourse_relation_prob_comp": 0.0054604788310825825, "latter_discourse_relation_prob_cont": 0.8286668062210083, "latter_discourse_relation_prob_temp": 0.0006277990760281682, "latter_discourse_relation_prob_expan": 0.165244922041893}, {"sentence_id": 22, "sentence_start": 2492, "sentence_end": 2675, "sentence_text": "This warning will infuriate environmental campaigners who argue by 2030 the world faces increased sea levels and flooding due to glacial melt at the poles and a warming of the globe.", "sentence_label": "Red_Herring", "tokens_list": ["This", "warning", "will", "infuriate", "environmental", "campaigners", "who", "argue", "by", "2030", "the", "world", "faces", "increased", "sea", "levels", "and", "flooding", "due", "to", "glacial", "melt", "at", "the", "poles", "and", "a", "warming", "of", "the", "globe", "."], "tokens_dicts_list": [{"token": "This", "start_char": 2492, "end_char": 2496, "token_label": "Red_Herring"}, {"token": "warning", "start_char": 2497, "end_char": 2504, "token_label": "Red_Herring"}, {"token": "will", "start_char": 2505, "end_char": 2509, "token_label": "Red_Herring"}, {"token": "infuriate", "start_char": 2510, "end_char": 2519, "token_label": "Red_Herring"}, {"token": "environmental", "start_char": 2520, "end_char": 2533, "token_label": "Red_Herring"}, {"token": "campaigners", "start_char": 2534, "end_char": 2545, "token_label": "Red_Herring"}, {"token": "who", "start_char": 2546, "end_char": 2549, "token_label": "Red_Herring"}, {"token": "argue", "start_char": 2550, "end_char": 2555, "token_label": "Red_Herring"}, {"token": "by", "start_char": 2556, "end_char": 2558, "token_label": "Red_Herring"}, {"token": "2030", "start_char": 2559, "end_char": 2563, "token_label": "Red_Herring"}, {"token": "the", "start_char": 2564, "end_char": 2567, "token_label": "Red_Herring"}, {"token": "world", "start_char": 2568, "end_char": 2573, "token_label": "Red_Herring"}, {"token": "faces", "start_char": 2574, "end_char": 2579, "token_label": "Red_Herring"}, {"token": "increased", "start_char": 2580, "end_char": 2589, "token_label": "Red_Herring"}, {"token": "sea", "start_char": 2590, "end_char": 2593, "token_label": "Red_Herring"}, {"token": "levels", "start_char": 2594, "end_char": 2600, "token_label": "Red_Herring"}, {"token": "and", "start_char": 2601, "end_char": 2604, "token_label": "Red_Herring"}, {"token": "flooding", "start_char": 2605, "end_char": 2613, "token_label": "Red_Herring"}, {"token": "due", "start_char": 2614, "end_char": 2617, "token_label": "Red_Herring"}, {"token": "to", "start_char": 2618, "end_char": 2620, "token_label": "Red_Herring"}, {"token": "glacial", "start_char": 2621, "end_char": 2628, "token_label": "Red_Herring"}, {"token": "melt", "start_char": 2629, "end_char": 2633, "token_label": "Red_Herring"}, {"token": "at", "start_char": 2634, "end_char": 2636, "token_label": "Red_Herring"}, {"token": "the", "start_char": 2637, "end_char": 2640, "token_label": "Red_Herring"}, {"token": "poles", "start_char": 2641, "end_char": 2646, "token_label": "Red_Herring"}, {"token": "and", "start_char": 2647, "end_char": 2650, "token_label": "Red_Herring"}, {"token": "a", "start_char": 2651, "end_char": 2652, "token_label": "Red_Herring"}, {"token": "warming", "start_char": 2653, "end_char": 2660, "token_label": "Red_Herring"}, {"token": "of", "start_char": 2661, "end_char": 2663, "token_label": "Red_Herring"}, {"token": "the", "start_char": 2664, "end_char": 2667, "token_label": "Red_Herring"}, {"token": "globe", "start_char": 2668, "end_char": 2673, "token_label": "Red_Herring"}, {"token": ".", "start_char": 2673, "end_char": 2674, "token_label": "Red_Herring"}], "news_discourse_role": 8, "news_discourse_role_prob_0": 1.4619407920690719e-05, "news_discourse_role_prob_1": 0.0001455041056033224, "news_discourse_role_prob_2": 0.0001826858933782205, "news_discourse_role_prob_3": 0.00015790572797413915, "news_discourse_role_prob_4": 0.001570258871652186, "news_discourse_role_prob_5": 0.0002088227483909577, "news_discourse_role_prob_6": 0.0004749059153255075, "news_discourse_role_prob_7": 0.006578060332685709, "news_discourse_role_prob_8": 0.9906672835350037, "previous_discourse_relation": 1, "previous_discourse_relation_prob_comp": 0.0054604788310825825, "previous_discourse_relation_prob_cont": 0.8286668062210083, "previous_discourse_relation_prob_temp": 0.0006277990760281682, "previous_discourse_relation_prob_expan": 0.165244922041893, "latter_discourse_relation": -1}]}