{"file_name": "./Propaganda/json_annotations/train/article737457870.json", "num_sentences": 32, "sentences": [{"sentence_id": 0, "sentence_start": 0, "sentence_end": 77, "sentence_text": "3rd Highest Ranked Dem Civil Rights Hero Appeared w/Farrakhan, Won't Condemn", "sentence_label": "NA", "tokens_list": ["3rd", "Highest", "Ranked", "Dem", "Civil", "Rights", "Hero", "Appeared", "w/Farrakhan", ",", "Wo", "n't", "Condemn"], "tokens_dicts_list": [{"token": "3rd", "start_char": 0, "end_char": 3, "token_label": "NA"}, {"token": "Highest", "start_char": 4, "end_char": 11, "token_label": "NA"}, {"token": "Ranked", "start_char": 12, "end_char": 18, "token_label": "NA"}, {"token": "Dem", "start_char": 19, "end_char": 22, "token_label": "NA"}, {"token": "Civil", "start_char": 23, "end_char": 28, "token_label": "NA"}, {"token": "Rights", "start_char": 29, "end_char": 35, "token_label": "NA"}, {"token": "Hero", "start_char": 36, "end_char": 40, "token_label": "NA"}, {"token": "Appeared", "start_char": 41, "end_char": 49, "token_label": "NA"}, {"token": "w/Farrakhan", "start_char": 50, "end_char": 61, "token_label": "NA"}, {"token": ",", "start_char": 61, "end_char": 62, "token_label": "NA"}, {"token": "Wo", "start_char": 63, "end_char": 65, "token_label": "NA"}, {"token": "n't", "start_char": 65, "end_char": 68, "token_label": "NA"}, {"token": "Condemn", "start_char": 69, "end_char": 76, "token_label": "NA"}], "news_discourse_role": 0, "news_discourse_role_prob_0": 0.9390978217124939, "news_discourse_role_prob_1": 0.013937458395957947, "news_discourse_role_prob_2": 0.015943756327033043, "news_discourse_role_prob_3": 0.0017778108594939113, "news_discourse_role_prob_4": 0.028459828346967697, "news_discourse_role_prob_5": 0.00013476016465574503, "news_discourse_role_prob_6": 0.0003502112813293934, "news_discourse_role_prob_7": 0.00019730784697458148, "news_discourse_role_prob_8": 0.00010095880861626938, "latter_discourse_relation": 3, "latter_discourse_relation_prob_comp": 0.015416250564157963, "latter_discourse_relation_prob_cont": 0.3274807333946228, "latter_discourse_relation_prob_temp": 0.0003960136091336608, "latter_discourse_relation_prob_expan": 0.6567069888114929, "previous_discourse_relation": -1}, {"sentence_id": 1, "sentence_start": 78, "sentence_end": 123, "sentence_text": "The media's Farrakhan embargo is collapsing.", "sentence_label": "NA", "tokens_list": ["The", "media", "'s", "Farrakhan", "embargo", "is", "collapsing", "."], "tokens_dicts_list": [{"token": "The", "start_char": 78, "end_char": 81, "token_label": "NA"}, {"token": "media", "start_char": 82, "end_char": 87, "token_label": "NA"}, {"token": "'s", "start_char": 87, "end_char": 89, "token_label": "NA"}, {"token": "Farrakhan", "start_char": 90, "end_char": 99, "token_label": "NA"}, {"token": "embargo", "start_char": 100, "end_char": 107, "token_label": "NA"}, {"token": "is", "start_char": 108, "end_char": 110, "token_label": "NA"}, {"token": "collapsing", "start_char": 111, "end_char": 121, "token_label": "NA"}, {"token": ".", "start_char": 121, "end_char": 122, "token_label": "NA"}], "news_discourse_role": 1, "news_discourse_role_prob_0": 0.004631032235920429, "news_discourse_role_prob_1": 0.4920779764652252, "news_discourse_role_prob_2": 0.04752640053629875, "news_discourse_role_prob_3": 0.029375065118074417, "news_discourse_role_prob_4": 0.12786662578582764, "news_discourse_role_prob_5": 0.0005831033340655267, "news_discourse_role_prob_6": 0.003937115427106619, "news_discourse_role_prob_7": 0.2831639051437378, "news_discourse_role_prob_8": 0.010838819667696953, "previous_discourse_relation": 3, "previous_discourse_relation_prob_comp": 0.015416250564157963, "previous_discourse_relation_prob_cont": 0.3274807333946228, "previous_discourse_relation_prob_temp": 0.0003960136091336608, "previous_discourse_relation_prob_expan": 0.6567069888114929, "latter_discourse_relation": 3, "latter_discourse_relation_prob_comp": 0.003723012050613761, "latter_discourse_relation_prob_cont": 0.03525293245911598, "latter_discourse_relation_prob_temp": 0.0004311121883802116, "latter_discourse_relation_prob_expan": 0.9605928659439087}, {"sentence_id": 2, "sentence_start": 123, "sentence_end": 291, "sentence_text": "And that's due to the hard work of committed conservative journalists who stayed on this story, especially at the Daily Caller, which got the Rep. Davis quotes, twice.", "sentence_label": "NA", "tokens_list": ["And", "that", "'s", "due", "to", "the", "hard", "work", "of", "committed", "conservative", "journalists", "who", "stayed", "on", "this", "story", ",", "especially", "at", "the", "Daily", "Caller", ",", "which", "got", "the", "Rep.", "Davis", "quotes", ",", "twice", "."], "tokens_dicts_list": [{"token": "And", "start_char": 123, "end_char": 126, "token_label": "NA"}, {"token": "that", "start_char": 127, "end_char": 131, "token_label": "NA"}, {"token": "'s", "start_char": 131, "end_char": 133, "token_label": "NA"}, {"token": "due", "start_char": 134, "end_char": 137, "token_label": "NA"}, {"token": "to", "start_char": 138, "end_char": 140, "token_label": "NA"}, {"token": "the", "start_char": 141, "end_char": 144, "token_label": "NA"}, {"token": "hard", "start_char": 145, "end_char": 149, "token_label": "NA"}, {"token": "work", "start_char": 150, "end_char": 154, "token_label": "NA"}, {"token": "of", "start_char": 155, "end_char": 157, "token_label": "NA"}, {"token": "committed", "start_char": 158, "end_char": 167, "token_label": "NA"}, {"token": "conservative", "start_char": 168, "end_char": 180, "token_label": "NA"}, {"token": "journalists", "start_char": 181, "end_char": 192, "token_label": "NA"}, {"token": "who", "start_char": 193, "end_char": 196, "token_label": "NA"}, {"token": "stayed", "start_char": 197, "end_char": 203, "token_label": "NA"}, {"token": "on", "start_char": 204, "end_char": 206, "token_label": "NA"}, {"token": "this", "start_char": 207, "end_char": 211, "token_label": "NA"}, {"token": "story", "start_char": 212, "end_char": 217, "token_label": "NA"}, {"token": ",", "start_char": 217, "end_char": 218, "token_label": "NA"}, {"token": "especially", "start_char": 219, "end_char": 229, "token_label": "NA"}, {"token": "at", "start_char": 230, "end_char": 232, "token_label": "NA"}, {"token": "the", "start_char": 233, "end_char": 236, "token_label": "NA"}, {"token": "Daily", "start_char": 237, "end_char": 242, "token_label": "NA"}, {"token": "Caller", "start_char": 243, "end_char": 249, "token_label": "NA"}, {"token": ",", "start_char": 249, "end_char": 250, "token_label": "NA"}, {"token": "which", "start_char": 251, "end_char": 256, "token_label": "NA"}, {"token": "got", "start_char": 257, "end_char": 260, "token_label": "NA"}, {"token": "the", "start_char": 261, "end_char": 264, "token_label": "NA"}, {"token": "Rep.", "start_char": 265, "end_char": 269, "token_label": "NA"}, {"token": "Davis", "start_char": 270, "end_char": 275, "token_label": "NA"}, {"token": "quotes", "start_char": 276, "end_char": 282, "token_label": "NA"}, {"token": ",", "start_char": 282, "end_char": 283, "token_label": "NA"}, {"token": "twice", "start_char": 284, "end_char": 289, "token_label": "NA"}, {"token": ".", "start_char": 289, "end_char": 290, "token_label": "NA"}], "news_discourse_role": 7, "news_discourse_role_prob_0": 0.0010673128999769688, "news_discourse_role_prob_1": 0.019951701164245605, "news_discourse_role_prob_2": 0.00630629388615489, "news_discourse_role_prob_3": 0.01423790492117405, "news_discourse_role_prob_4": 0.06606953591108322, "news_discourse_role_prob_5": 0.0009009773493744433, "news_discourse_role_prob_6": 0.0028323044534772635, "news_discourse_role_prob_7": 0.8842430710792542, "news_discourse_role_prob_8": 0.004390887450426817, "previous_discourse_relation": 3, "previous_discourse_relation_prob_comp": 0.003723012050613761, "previous_discourse_relation_prob_cont": 0.03525293245911598, "previous_discourse_relation_prob_temp": 0.0004311121883802116, "previous_discourse_relation_prob_expan": 0.9605928659439087, "latter_discourse_relation": 3, "latter_discourse_relation_prob_comp": 0.0031093417201191187, "latter_discourse_relation_prob_cont": 0.00017381880024913698, "latter_discourse_relation_prob_temp": 0.00020284880883991718, "latter_discourse_relation_prob_expan": 0.9965140223503113}, {"sentence_id": 3, "sentence_start": 291, "sentence_end": 463, "sentence_text": "Some credit also goes to Jake Tapper at CNN and Glenn Kessler at the Washington Post for a willingness to discuss the subject even when their media outlets didn't want to.", "sentence_label": "NA", "tokens_list": ["Some", "credit", "also", "goes", "to", "Jake", "Tapper", "at", "CNN", "and", "Glenn", "Kessler", "at", "the", "Washington", "Post", "for", "a", "willingness", "to", "discuss", "the", "subject", "even", "when", "their", "media", "outlets", "did", "n't", "want", "to", "."], "tokens_dicts_list": [{"token": "Some", "start_char": 291, "end_char": 295, "token_label": "NA"}, {"token": "credit", "start_char": 296, "end_char": 302, "token_label": "NA"}, {"token": "also", "start_char": 303, "end_char": 307, "token_label": "NA"}, {"token": "goes", "start_char": 308, "end_char": 312, "token_label": "NA"}, {"token": "to", "start_char": 313, "end_char": 315, "token_label": "NA"}, {"token": "Jake", "start_char": 316, "end_char": 320, "token_label": "NA"}, {"token": "Tapper", "start_char": 321, "end_char": 327, "token_label": "NA"}, {"token": "at", "start_char": 328, "end_char": 330, "token_label": "NA"}, {"token": "CNN", "start_char": 331, "end_char": 334, "token_label": "NA"}, {"token": "and", "start_char": 335, "end_char": 338, "token_label": "NA"}, {"token": "Glenn", "start_char": 339, "end_char": 344, "token_label": "NA"}, {"token": "Kessler", "start_char": 345, "end_char": 352, "token_label": "NA"}, {"token": "at", "start_char": 353, "end_char": 355, "token_label": "NA"}, {"token": "the", "start_char": 356, "end_char": 359, "token_label": "NA"}, {"token": "Washington", "start_char": 360, "end_char": 370, "token_label": "NA"}, {"token": "Post", "start_char": 371, "end_char": 375, "token_label": "NA"}, {"token": "for", "start_char": 376, "end_char": 379, "token_label": "NA"}, {"token": "a", "start_char": 380, "end_char": 381, "token_label": "NA"}, {"token": "willingness", "start_char": 382, "end_char": 393, "token_label": "NA"}, {"token": "to", "start_char": 394, "end_char": 396, "token_label": "NA"}, {"token": "discuss", "start_char": 397, "end_char": 404, "token_label": "NA"}, {"token": "the", "start_char": 405, "end_char": 408, "token_label": "NA"}, {"token": "subject", "start_char": 409, "end_char": 416, "token_label": "NA"}, {"token": "even", "start_char": 417, "end_char": 421, "token_label": "NA"}, {"token": "when", "start_char": 422, "end_char": 426, "token_label": "NA"}, {"token": "their", "start_char": 427, "end_char": 432, "token_label": "NA"}, {"token": "media", "start_char": 433, "end_char": 438, "token_label": "NA"}, {"token": "outlets", "start_char": 439, "end_char": 446, "token_label": "NA"}, {"token": "did", "start_char": 447, "end_char": 450, "token_label": "NA"}, {"token": "n't", "start_char": 450, "end_char": 453, "token_label": "NA"}, {"token": "want", "start_char": 454, "end_char": 458, "token_label": "NA"}, {"token": "to", "start_char": 459, "end_char": 461, "token_label": "NA"}, {"token": ".", "start_char": 461, "end_char": 462, "token_label": "NA"}], "news_discourse_role": 7, "news_discourse_role_prob_0": 0.00046557694440707564, "news_discourse_role_prob_1": 0.005697919055819511, "news_discourse_role_prob_2": 0.010615229606628418, "news_discourse_role_prob_3": 0.0032431387808173895, "news_discourse_role_prob_4": 0.18898281455039978, "news_discourse_role_prob_5": 0.0007410988328047097, "news_discourse_role_prob_6": 0.0009948143269866705, "news_discourse_role_prob_7": 0.7859470844268799, "news_discourse_role_prob_8": 0.0033123355824500322, "previous_discourse_relation": 3, "previous_discourse_relation_prob_comp": 0.0031093417201191187, "previous_discourse_relation_prob_cont": 0.00017381880024913698, "previous_discourse_relation_prob_temp": 0.00020284880883991718, "previous_discourse_relation_prob_expan": 0.9965140223503113, "latter_discourse_relation": 3, "latter_discourse_relation_prob_comp": 0.0014113143552094698, "latter_discourse_relation_prob_cont": 0.0022772483061999083, "latter_discourse_relation_prob_temp": 0.00031178779317997396, "latter_discourse_relation_prob_expan": 0.9959996938705444}, {"sentence_id": 4, "sentence_start": 463, "sentence_end": 564, "sentence_text": "The debate over the ties between Women's March leaders and Farrakhan made into a debate on the View.", "sentence_label": "NA", "tokens_list": ["The", "debate", "over", "the", "ties", "between", "Women", "'s", "March", "leaders", "and", "Farrakhan", "made", "into", "a", "debate", "on", "the", "View", "."], "tokens_dicts_list": [{"token": "The", "start_char": 463, "end_char": 466, "token_label": "NA"}, {"token": "debate", "start_char": 467, "end_char": 473, "token_label": "NA"}, {"token": "over", "start_char": 474, "end_char": 478, "token_label": "NA"}, {"token": "the", "start_char": 479, "end_char": 482, "token_label": "NA"}, {"token": "ties", "start_char": 483, "end_char": 487, "token_label": "NA"}, {"token": "between", "start_char": 488, "end_char": 495, "token_label": "NA"}, {"token": "Women", "start_char": 496, "end_char": 501, "token_label": "NA"}, {"token": "'s", "start_char": 501, "end_char": 503, "token_label": "NA"}, {"token": "March", "start_char": 504, "end_char": 509, "token_label": "NA"}, {"token": "leaders", "start_char": 510, "end_char": 517, "token_label": "NA"}, {"token": "and", "start_char": 518, "end_char": 521, "token_label": "NA"}, {"token": "Farrakhan", "start_char": 522, "end_char": 531, "token_label": "NA"}, {"token": "made", "start_char": 532, "end_char": 536, "token_label": "NA"}, {"token": "into", "start_char": 537, "end_char": 541, "token_label": "NA"}, {"token": "a", "start_char": 542, "end_char": 543, "token_label": "NA"}, {"token": "debate", "start_char": 544, "end_char": 550, "token_label": "NA"}, {"token": "on", "start_char": 551, "end_char": 553, "token_label": "NA"}, {"token": "the", "start_char": 554, "end_char": 557, "token_label": "NA"}, {"token": "View", "start_char": 558, "end_char": 562, "token_label": "NA"}, {"token": ".", "start_char": 562, "end_char": 563, "token_label": "NA"}], "news_discourse_role": 4, "news_discourse_role_prob_0": 0.0003107856900896877, "news_discourse_role_prob_1": 0.011079694144427776, "news_discourse_role_prob_2": 0.006367741152644157, "news_discourse_role_prob_3": 0.19527405500411987, "news_discourse_role_prob_4": 0.7730655074119568, "news_discourse_role_prob_5": 0.012436343356966972, "news_discourse_role_prob_6": 0.0002323981752851978, "news_discourse_role_prob_7": 0.0010615675710141659, "news_discourse_role_prob_8": 0.00017193294479511678, "previous_discourse_relation": 3, "previous_discourse_relation_prob_comp": 0.0014113143552094698, "previous_discourse_relation_prob_cont": 0.0022772483061999083, "previous_discourse_relation_prob_temp": 0.00031178779317997396, "previous_discourse_relation_prob_expan": 0.9959996938705444, "latter_discourse_relation": 3, "latter_discourse_relation_prob_comp": 0.0003632910083979368, "latter_discourse_relation_prob_cont": 0.0003755727084353566, "latter_discourse_relation_prob_temp": 0.00038988946471363306, "latter_discourse_relation_prob_expan": 0.9988712668418884}, {"sentence_id": 5, "sentence_start": 564, "sentence_end": 622, "sentence_text": "And that debate involved none other than Valerie Jarrett.", "sentence_label": "NA", "tokens_list": ["And", "that", "debate", "involved", "none", "other", "than", "Valerie", "Jarrett", "."], "tokens_dicts_list": [{"token": "And", "start_char": 564, "end_char": 567, "token_label": "NA"}, {"token": "that", "start_char": 568, "end_char": 572, "token_label": "NA"}, {"token": "debate", "start_char": 573, "end_char": 579, "token_label": "NA"}, {"token": "involved", "start_char": 580, "end_char": 588, "token_label": "NA"}, {"token": "none", "start_char": 589, "end_char": 593, "token_label": "NA"}, {"token": "other", "start_char": 594, "end_char": 599, "token_label": "NA"}, {"token": "than", "start_char": 600, "end_char": 604, "token_label": "NA"}, {"token": "Valerie", "start_char": 605, "end_char": 612, "token_label": "NA"}, {"token": "Jarrett", "start_char": 613, "end_char": 620, "token_label": "NA"}, {"token": ".", "start_char": 620, "end_char": 621, "token_label": "NA"}], "news_discourse_role": 4, "news_discourse_role_prob_0": 0.0006464376929216087, "news_discourse_role_prob_1": 0.004353624302893877, "news_discourse_role_prob_2": 0.005847130436450243, "news_discourse_role_prob_3": 0.0629209578037262, "news_discourse_role_prob_4": 0.8835251331329346, "news_discourse_role_prob_5": 0.03991810232400894, "news_discourse_role_prob_6": 0.0003349310427438468, "news_discourse_role_prob_7": 0.002344094216823578, "news_discourse_role_prob_8": 0.00010968404967570677, "previous_discourse_relation": 3, "previous_discourse_relation_prob_comp": 0.0003632910083979368, "previous_discourse_relation_prob_cont": 0.0003755727084353566, "previous_discourse_relation_prob_temp": 0.00038988946471363306, "previous_discourse_relation_prob_expan": 0.9988712668418884, "latter_discourse_relation": 3, "latter_discourse_relation_prob_comp": 0.0008092441130429506, "latter_discourse_relation_prob_cont": 0.031186511740088463, "latter_discourse_relation_prob_temp": 0.000283803470665589, "latter_discourse_relation_prob_expan": 0.9677203893661499}, {"sentence_id": 6, "sentence_start": 622, "sentence_end": 754, "sentence_text": "The New York Times has now run its own explainer piece on Farrakhan and the Dems which mentions the infamous Obama-Farrakhan photo.", "sentence_label": "NA", "tokens_list": ["The", "New", "York", "Times", "has", "now", "run", "its", "own", "explainer", "piece", "on", "Farrakhan", "and", "the", "Dems", "which", "mentions", "the", "infamous", "Obama-Farrakhan", "photo", "."], "tokens_dicts_list": [{"token": "The", "start_char": 622, "end_char": 625, "token_label": "NA"}, {"token": "New", "start_char": 626, "end_char": 629, "token_label": "NA"}, {"token": "York", "start_char": 630, "end_char": 634, "token_label": "NA"}, {"token": "Times", "start_char": 635, "end_char": 640, "token_label": "NA"}, {"token": "has", "start_char": 641, "end_char": 644, "token_label": "NA"}, {"token": "now", "start_char": 645, "end_char": 648, "token_label": "NA"}, {"token": "run", "start_char": 649, "end_char": 652, "token_label": "NA"}, {"token": "its", "start_char": 653, "end_char": 656, "token_label": "NA"}, {"token": "own", "start_char": 657, "end_char": 660, "token_label": "NA"}, {"token": "explainer", "start_char": 661, "end_char": 670, "token_label": "NA"}, {"token": "piece", "start_char": 671, "end_char": 676, "token_label": "NA"}, {"token": "on", "start_char": 677, "end_char": 679, "token_label": "NA"}, {"token": "Farrakhan", "start_char": 680, "end_char": 689, "token_label": "NA"}, {"token": "and", "start_char": 690, "end_char": 693, "token_label": "NA"}, {"token": "the", "start_char": 694, "end_char": 697, "token_label": "NA"}, {"token": "Dems", "start_char": 698, "end_char": 702, "token_label": "NA"}, {"token": "which", "start_char": 703, "end_char": 708, "token_label": "NA"}, {"token": "mentions", "start_char": 709, "end_char": 717, "token_label": "NA"}, {"token": "the", "start_char": 718, "end_char": 721, "token_label": "NA"}, {"token": "infamous", "start_char": 722, "end_char": 730, "token_label": "NA"}, {"token": "Obama-Farrakhan", "start_char": 731, "end_char": 746, "token_label": "NA"}, {"token": "photo", "start_char": 747, "end_char": 752, "token_label": "NA"}, {"token": ".", "start_char": 752, "end_char": 753, "token_label": "NA"}], "news_discourse_role": 4, "news_discourse_role_prob_0": 0.0002895210054703057, "news_discourse_role_prob_1": 0.02972164750099182, "news_discourse_role_prob_2": 0.07343839108943939, "news_discourse_role_prob_3": 0.0047636511735618114, "news_discourse_role_prob_4": 0.8911265134811401, "news_discourse_role_prob_5": 0.00011920712131541222, "news_discourse_role_prob_6": 5.724166112486273e-05, "news_discourse_role_prob_7": 0.00039920571725815535, "news_discourse_role_prob_8": 8.463738049613312e-05, "previous_discourse_relation": 3, "previous_discourse_relation_prob_comp": 0.0008092441130429506, "previous_discourse_relation_prob_cont": 0.031186511740088463, "previous_discourse_relation_prob_temp": 0.000283803470665589, "previous_discourse_relation_prob_expan": 0.9677203893661499, "latter_discourse_relation": 3, "latter_discourse_relation_prob_comp": 0.00020724767819046974, "latter_discourse_relation_prob_cont": 1.6245887309196405e-05, "latter_discourse_relation_prob_temp": 3.1068404496181756e-05, "latter_discourse_relation_prob_expan": 0.9997454285621643}, {"sentence_id": 7, "sentence_start": 754, "sentence_end": 889, "sentence_text": "There's also a quote from an Obama spokeswoman claiming that, \u201cPresident Obama has denounced racism and anti-Semitism his entire life.", "sentence_label": "NA", "tokens_list": ["There", "'s", "also", "a", "quote", "from", "an", "Obama", "spokeswoman", "claiming", "that", ",", "\u201cPresident", "Obama", "has", "denounced", "racism", "and", "anti-Semitism", "his", "entire", "life", "."], "tokens_dicts_list": [{"token": "There", "start_char": 754, "end_char": 759, "token_label": "NA"}, {"token": "'s", "start_char": 759, "end_char": 761, "token_label": "NA"}, {"token": "also", "start_char": 762, "end_char": 766, "token_label": "NA"}, {"token": "a", "start_char": 767, "end_char": 768, "token_label": "NA"}, {"token": "quote", "start_char": 769, "end_char": 774, "token_label": "NA"}, {"token": "from", "start_char": 775, "end_char": 779, "token_label": "NA"}, {"token": "an", "start_char": 780, "end_char": 782, "token_label": "NA"}, {"token": "Obama", "start_char": 783, "end_char": 788, "token_label": "NA"}, {"token": "spokeswoman", "start_char": 789, "end_char": 800, "token_label": "NA"}, {"token": "claiming", "start_char": 801, "end_char": 809, "token_label": "NA"}, {"token": "that", "start_char": 810, "end_char": 814, "token_label": "NA"}, {"token": ",", "start_char": 814, "end_char": 815, "token_label": "NA"}, {"token": "\u201cPresident", "start_char": 816, "end_char": 826, "token_label": "NA"}, {"token": "Obama", "start_char": 827, "end_char": 832, "token_label": "NA"}, {"token": "has", "start_char": 833, "end_char": 836, "token_label": "NA"}, {"token": "denounced", "start_char": 837, "end_char": 846, "token_label": "NA"}, {"token": "racism", "start_char": 847, "end_char": 853, "token_label": "NA"}, {"token": "and", "start_char": 854, "end_char": 857, "token_label": "NA"}, {"token": "anti-Semitism", "start_char": 858, "end_char": 871, "token_label": "NA"}, {"token": "his", "start_char": 872, "end_char": 875, "token_label": "NA"}, {"token": "entire", "start_char": 876, "end_char": 882, "token_label": "NA"}, {"token": "life", "start_char": 883, "end_char": 887, "token_label": "NA"}, {"token": ".", "start_char": 887, "end_char": 888, "token_label": "NA"}], "news_discourse_role": 4, "news_discourse_role_prob_0": 0.00030962086748331785, "news_discourse_role_prob_1": 0.001943419687449932, "news_discourse_role_prob_2": 0.005997030530124903, "news_discourse_role_prob_3": 0.0041403393261134624, "news_discourse_role_prob_4": 0.968518078327179, "news_discourse_role_prob_5": 0.002276769606396556, "news_discourse_role_prob_6": 0.0006516684079542756, "news_discourse_role_prob_7": 0.015866199508309364, "news_discourse_role_prob_8": 0.00029686177731491625, "previous_discourse_relation": 3, "previous_discourse_relation_prob_comp": 0.00020724767819046974, "previous_discourse_relation_prob_cont": 1.6245887309196405e-05, "previous_discourse_relation_prob_temp": 3.1068404496181756e-05, "previous_discourse_relation_prob_expan": 0.9997454285621643, "latter_discourse_relation": 3, "latter_discourse_relation_prob_comp": 0.0002922643325291574, "latter_discourse_relation_prob_cont": 0.0002694987633731216, "latter_discourse_relation_prob_temp": 9.153341670753434e-05, "latter_discourse_relation_prob_expan": 0.9993466734886169}, {"sentence_id": 8, "sentence_start": 889, "sentence_end": 983, "sentence_text": "That includes his public and repeated repudiations of Louis Farrakhan\u2019s views over the years.", "sentence_label": "NA", "tokens_list": ["That", "includes", "his", "public", "and", "repeated", "repudiations", "of", "Louis", "Farrakhan\u2019s", "views", "over", "the", "years", "."], "tokens_dicts_list": [{"token": "That", "start_char": 889, "end_char": 893, "token_label": "NA"}, {"token": "includes", "start_char": 894, "end_char": 902, "token_label": "NA"}, {"token": "his", "start_char": 903, "end_char": 906, "token_label": "NA"}, {"token": "public", "start_char": 907, "end_char": 913, "token_label": "NA"}, {"token": "and", "start_char": 914, "end_char": 917, "token_label": "NA"}, {"token": "repeated", "start_char": 918, "end_char": 926, "token_label": "NA"}, {"token": "repudiations", "start_char": 927, "end_char": 939, "token_label": "NA"}, {"token": "of", "start_char": 940, "end_char": 942, "token_label": "NA"}, {"token": "Louis", "start_char": 943, "end_char": 948, "token_label": "NA"}, {"token": "Farrakhan\u2019s", "start_char": 949, "end_char": 960, "token_label": "NA"}, {"token": "views", "start_char": 961, "end_char": 966, "token_label": "NA"}, {"token": "over", "start_char": 967, "end_char": 971, "token_label": "NA"}, {"token": "the", "start_char": 972, "end_char": 975, "token_label": "NA"}, {"token": "years", "start_char": 976, "end_char": 981, "token_label": "NA"}, {"token": ".", "start_char": 981, "end_char": 982, "token_label": "NA"}], "news_discourse_role": 7, "news_discourse_role_prob_0": 7.565604755654931e-05, "news_discourse_role_prob_1": 0.002385728759691119, "news_discourse_role_prob_2": 0.0015244287205860019, "news_discourse_role_prob_3": 0.010820147581398487, "news_discourse_role_prob_4": 0.11946169286966324, "news_discourse_role_prob_5": 0.036467865109443665, "news_discourse_role_prob_6": 0.002836801577359438, "news_discourse_role_prob_7": 0.8249570727348328, "news_discourse_role_prob_8": 0.001470677787438035, "previous_discourse_relation": 3, "previous_discourse_relation_prob_comp": 0.0002922643325291574, "previous_discourse_relation_prob_cont": 0.0002694987633731216, "previous_discourse_relation_prob_temp": 9.153341670753434e-05, "previous_discourse_relation_prob_expan": 0.9993466734886169, "latter_discourse_relation": 0, "latter_discourse_relation_prob_comp": 0.767245888710022, "latter_discourse_relation_prob_cont": 0.0087387440726161, "latter_discourse_relation_prob_temp": 0.0041598728857934475, "latter_discourse_relation_prob_expan": 0.2198554277420044}, {"sentence_id": 9, "sentence_start": 983, "sentence_end": 1088, "sentence_text": "Today is no different \u2013 he still rejects the harmful and divisive views Farrakhan continues to espouse.\u201d", "sentence_label": "Loaded_Language", "tokens_list": ["Today", "is", "no", "different", "\u2013", "he", "still", "rejects", "the", "harmful", "and", "divisive", "views", "Farrakhan", "continues", "to", "espouse.\u201d"], "tokens_dicts_list": [{"token": "Today", "start_char": 983, "end_char": 988, "token_label": "NA"}, {"token": "is", "start_char": 989, "end_char": 991, "token_label": "NA"}, {"token": "no", "start_char": 992, "end_char": 994, "token_label": "NA"}, {"token": "different", "start_char": 995, "end_char": 1004, "token_label": "NA"}, {"token": "\u2013", "start_char": 1005, "end_char": 1006, "token_label": "NA"}, {"token": "he", "start_char": 1007, "end_char": 1009, "token_label": "NA"}, {"token": "still", "start_char": 1010, "end_char": 1015, "token_label": "NA"}, {"token": "rejects", "start_char": 1016, "end_char": 1023, "token_label": "NA"}, {"token": "the", "start_char": 1024, "end_char": 1027, "token_label": "Loaded_Language"}, {"token": "harmful", "start_char": 1028, "end_char": 1035, "token_label": "Loaded_Language"}, {"token": "and", "start_char": 1036, "end_char": 1039, "token_label": "Loaded_Language"}, {"token": "divisive", "start_char": 1040, "end_char": 1048, "token_label": "Loaded_Language"}, {"token": "views", "start_char": 1049, "end_char": 1054, "token_label": "Loaded_Language"}, {"token": "Farrakhan", "start_char": 1055, "end_char": 1064, "token_label": "NA"}, {"token": "continues", "start_char": 1065, "end_char": 1074, "token_label": "NA"}, {"token": "to", "start_char": 1075, "end_char": 1077, "token_label": "NA"}, {"token": "espouse.\u201d", "start_char": 1078, "end_char": 1087, "token_label": "NA"}], "news_discourse_role": 7, "news_discourse_role_prob_0": 0.00013238591782283038, "news_discourse_role_prob_1": 0.013268860056996346, "news_discourse_role_prob_2": 0.0016500414349138737, "news_discourse_role_prob_3": 0.004164139274507761, "news_discourse_role_prob_4": 0.017892884090542793, "news_discourse_role_prob_5": 0.002283100737258792, "news_discourse_role_prob_6": 0.003836380783468485, "news_discourse_role_prob_7": 0.9510490298271179, "news_discourse_role_prob_8": 0.005723284091800451, "previous_discourse_relation": 0, "previous_discourse_relation_prob_comp": 0.767245888710022, "previous_discourse_relation_prob_cont": 0.0087387440726161, "previous_discourse_relation_prob_temp": 0.0041598728857934475, "previous_discourse_relation_prob_expan": 0.2198554277420044, "latter_discourse_relation": 0, "latter_discourse_relation_prob_comp": 0.6736380457878113, "latter_discourse_relation_prob_cont": 0.026954131200909615, "latter_discourse_relation_prob_temp": 0.0004268931515980512, "latter_discourse_relation_prob_expan": 0.2989809215068817}, {"sentence_id": 10, "sentence_start": 1088, "sentence_end": 1131, "sentence_text": "That fails to explain why he met with him.", "sentence_label": "Doubt", "tokens_list": ["That", "fails", "to", "explain", "why", "he", "met", "with", "him", "."], "tokens_dicts_list": [{"token": "That", "start_char": 1088, "end_char": 1092, "token_label": "NA"}, {"token": "fails", "start_char": 1093, "end_char": 1098, "token_label": "Doubt"}, {"token": "to", "start_char": 1099, "end_char": 1101, "token_label": "Doubt"}, {"token": "explain", "start_char": 1102, "end_char": 1109, "token_label": "Doubt"}, {"token": "why", "start_char": 1110, "end_char": 1113, "token_label": "Doubt"}, {"token": "he", "start_char": 1114, "end_char": 1116, "token_label": "Doubt"}, {"token": "met", "start_char": 1117, "end_char": 1120, "token_label": "Doubt"}, {"token": "with", "start_char": 1121, "end_char": 1125, "token_label": "Doubt"}, {"token": "him", "start_char": 1126, "end_char": 1129, "token_label": "Doubt"}, {"token": ".", "start_char": 1129, "end_char": 1130, "token_label": "Doubt"}], "news_discourse_role": 7, "news_discourse_role_prob_0": 0.00028411357197910547, "news_discourse_role_prob_1": 0.006492767948657274, "news_discourse_role_prob_2": 0.001127611380070448, "news_discourse_role_prob_3": 0.011555910110473633, "news_discourse_role_prob_4": 0.009672231040894985, "news_discourse_role_prob_5": 0.007231528405100107, "news_discourse_role_prob_6": 0.008319982327520847, "news_discourse_role_prob_7": 0.9466872215270996, "news_discourse_role_prob_8": 0.00862862542271614, "previous_discourse_relation": 0, "previous_discourse_relation_prob_comp": 0.6736380457878113, "previous_discourse_relation_prob_cont": 0.026954131200909615, "previous_discourse_relation_prob_temp": 0.0004268931515980512, "previous_discourse_relation_prob_expan": 0.2989809215068817, "latter_discourse_relation": 3, "latter_discourse_relation_prob_comp": 0.0011437530629336834, "latter_discourse_relation_prob_cont": 0.0004938534693792462, "latter_discourse_relation_prob_temp": 7.783363980706781e-05, "latter_discourse_relation_prob_expan": 0.9982845187187195}, {"sentence_id": 11, "sentence_start": 1131, "sentence_end": 1195, "sentence_text": "And maybe one of these days someone will ask him that question.", "sentence_label": "NA", "tokens_list": ["And", "maybe", "one", "of", "these", "days", "someone", "will", "ask", "him", "that", "question", "."], "tokens_dicts_list": [{"token": "And", "start_char": 1131, "end_char": 1134, "token_label": "NA"}, {"token": "maybe", "start_char": 1135, "end_char": 1140, "token_label": "NA"}, {"token": "one", "start_char": 1141, "end_char": 1144, "token_label": "NA"}, {"token": "of", "start_char": 1145, "end_char": 1147, "token_label": "NA"}, {"token": "these", "start_char": 1148, "end_char": 1153, "token_label": "NA"}, {"token": "days", "start_char": 1154, "end_char": 1158, "token_label": "NA"}, {"token": "someone", "start_char": 1159, "end_char": 1166, "token_label": "NA"}, {"token": "will", "start_char": 1167, "end_char": 1171, "token_label": "NA"}, {"token": "ask", "start_char": 1172, "end_char": 1175, "token_label": "NA"}, {"token": "him", "start_char": 1176, "end_char": 1179, "token_label": "NA"}, {"token": "that", "start_char": 1180, "end_char": 1184, "token_label": "NA"}, {"token": "question", "start_char": 1185, "end_char": 1193, "token_label": "NA"}, {"token": ".", "start_char": 1193, "end_char": 1194, "token_label": "NA"}], "news_discourse_role": 8, "news_discourse_role_prob_0": 0.000632043753284961, "news_discourse_role_prob_1": 0.0011354914167895913, "news_discourse_role_prob_2": 0.0028754109516739845, "news_discourse_role_prob_3": 0.00039146331255324185, "news_discourse_role_prob_4": 0.003802652470767498, "news_discourse_role_prob_5": 0.0013101835502311587, "news_discourse_role_prob_6": 0.04150396212935448, "news_discourse_role_prob_7": 0.07490846514701843, "news_discourse_role_prob_8": 0.8734403252601624, "previous_discourse_relation": 3, "previous_discourse_relation_prob_comp": 0.0011437530629336834, "previous_discourse_relation_prob_cont": 0.0004938534693792462, "previous_discourse_relation_prob_temp": 7.783363980706781e-05, "previous_discourse_relation_prob_expan": 0.9982845187187195, "latter_discourse_relation": 2, "latter_discourse_relation_prob_comp": 0.0008478507515974343, "latter_discourse_relation_prob_cont": 0.08041421324014664, "latter_discourse_relation_prob_temp": 0.8805804252624512, "latter_discourse_relation_prob_expan": 0.038157522678375244}, {"sentence_id": 12, "sentence_start": 1195, "sentence_end": 1253, "sentence_text": "And then Obama can give a new remix of his Wright speech.", "sentence_label": "NA", "tokens_list": ["And", "then", "Obama", "can", "give", "a", "new", "remix", "of", "his", "Wright", "speech", "."], "tokens_dicts_list": [{"token": "And", "start_char": 1195, "end_char": 1198, "token_label": "NA"}, {"token": "then", "start_char": 1199, "end_char": 1203, "token_label": "NA"}, {"token": "Obama", "start_char": 1204, "end_char": 1209, "token_label": "NA"}, {"token": "can", "start_char": 1210, "end_char": 1213, "token_label": "NA"}, {"token": "give", "start_char": 1214, "end_char": 1218, "token_label": "NA"}, {"token": "a", "start_char": 1219, "end_char": 1220, "token_label": "NA"}, {"token": "new", "start_char": 1221, "end_char": 1224, "token_label": "NA"}, {"token": "remix", "start_char": 1225, "end_char": 1230, "token_label": "NA"}, {"token": "of", "start_char": 1231, "end_char": 1233, "token_label": "NA"}, {"token": "his", "start_char": 1234, "end_char": 1237, "token_label": "NA"}, {"token": "Wright", "start_char": 1238, "end_char": 1244, "token_label": "NA"}, {"token": "speech", "start_char": 1245, "end_char": 1251, "token_label": "NA"}, {"token": ".", "start_char": 1251, "end_char": 1252, "token_label": "NA"}], "news_discourse_role": 8, "news_discourse_role_prob_0": 0.0033065269235521555, "news_discourse_role_prob_1": 0.0005456826183944941, "news_discourse_role_prob_2": 0.0076087480410933495, "news_discourse_role_prob_3": 0.0006899587460793555, "news_discourse_role_prob_4": 0.012920230627059937, "news_discourse_role_prob_5": 0.007655870635062456, "news_discourse_role_prob_6": 0.039220165461301804, "news_discourse_role_prob_7": 0.07563942670822144, "news_discourse_role_prob_8": 0.8524132966995239, "previous_discourse_relation": 2, "previous_discourse_relation_prob_comp": 0.0008478507515974343, "previous_discourse_relation_prob_cont": 0.08041421324014664, "previous_discourse_relation_prob_temp": 0.8805804252624512, "previous_discourse_relation_prob_expan": 0.038157522678375244, "latter_discourse_relation": 3, "latter_discourse_relation_prob_comp": 0.0006255859625525773, "latter_discourse_relation_prob_cont": 0.0022121521178632975, "latter_discourse_relation_prob_temp": 0.000518687826115638, "latter_discourse_relation_prob_expan": 0.9966436624526978}, {"sentence_id": 13, "sentence_start": 1253, "sentence_end": 1329, "sentence_text": "\"I can no more disavow Calypso Louie than I can my dead white grandmother.\"", "sentence_label": "NA", "tokens_list": ["\"", "I", "can", "no", "more", "disavow", "Calypso", "Louie", "than", "I", "can", "my", "dead", "white", "grandmother", ".", "\""], "tokens_dicts_list": [{"token": "\"", "start_char": 1253, "end_char": 1254, "token_label": "NA"}, {"token": "I", "start_char": 1254, "end_char": 1255, "token_label": "NA"}, {"token": "can", "start_char": 1256, "end_char": 1259, "token_label": "NA"}, {"token": "no", "start_char": 1260, "end_char": 1262, "token_label": "NA"}, {"token": "more", "start_char": 1263, "end_char": 1267, "token_label": "NA"}, {"token": "disavow", "start_char": 1268, "end_char": 1275, "token_label": "NA"}, {"token": "Calypso", "start_char": 1276, "end_char": 1283, "token_label": "NA"}, {"token": "Louie", "start_char": 1284, "end_char": 1289, "token_label": "NA"}, {"token": "than", "start_char": 1290, "end_char": 1294, "token_label": "NA"}, {"token": "I", "start_char": 1295, "end_char": 1296, "token_label": "NA"}, {"token": "can", "start_char": 1297, "end_char": 1300, "token_label": "NA"}, {"token": "my", "start_char": 1301, "end_char": 1303, "token_label": "NA"}, {"token": "dead", "start_char": 1304, "end_char": 1308, "token_label": "NA"}, {"token": "white", "start_char": 1309, "end_char": 1314, "token_label": "NA"}, {"token": "grandmother", "start_char": 1315, "end_char": 1326, "token_label": "NA"}, {"token": ".", "start_char": 1326, "end_char": 1327, "token_label": "NA"}, {"token": "\"", "start_char": 1327, "end_char": 1328, "token_label": "NA"}], "news_discourse_role": 7, "news_discourse_role_prob_0": 0.0006532510742545128, "news_discourse_role_prob_1": 0.004176717717200518, "news_discourse_role_prob_2": 0.0008904341957531869, "news_discourse_role_prob_3": 0.003076887456700206, "news_discourse_role_prob_4": 0.001979402033612132, "news_discourse_role_prob_5": 0.0052776155062019825, "news_discourse_role_prob_6": 0.06693005561828613, "news_discourse_role_prob_7": 0.9047287702560425, "news_discourse_role_prob_8": 0.012286855839192867, "previous_discourse_relation": 3, "previous_discourse_relation_prob_comp": 0.0006255859625525773, "previous_discourse_relation_prob_cont": 0.0022121521178632975, "previous_discourse_relation_prob_temp": 0.000518687826115638, "previous_discourse_relation_prob_expan": 0.9966436624526978, "latter_discourse_relation": 3, "latter_discourse_relation_prob_comp": 0.0067300270311534405, "latter_discourse_relation_prob_cont": 0.04231603071093559, "latter_discourse_relation_prob_temp": 0.002723757643252611, "latter_discourse_relation_prob_expan": 0.9482301473617554}, {"sentence_id": 14, "sentence_start": 1329, "sentence_end": 1410, "sentence_text": "Rep. Danny Davis, after defending Farrakhan, now has a statement condemning him.", "sentence_label": "NA", "tokens_list": ["Rep.", "Danny", "Davis", ",", "after", "defending", "Farrakhan", ",", "now", "has", "a", "statement", "condemning", "him", "."], "tokens_dicts_list": [{"token": "Rep.", "start_char": 1329, "end_char": 1333, "token_label": "NA"}, {"token": "Danny", "start_char": 1334, "end_char": 1339, "token_label": "NA"}, {"token": "Davis", "start_char": 1340, "end_char": 1345, "token_label": "NA"}, {"token": ",", "start_char": 1345, "end_char": 1346, "token_label": "NA"}, {"token": "after", "start_char": 1347, "end_char": 1352, "token_label": "NA"}, {"token": "defending", "start_char": 1353, "end_char": 1362, "token_label": "NA"}, {"token": "Farrakhan", "start_char": 1363, "end_char": 1372, "token_label": "NA"}, {"token": ",", "start_char": 1372, "end_char": 1373, "token_label": "NA"}, {"token": "now", "start_char": 1374, "end_char": 1377, "token_label": "NA"}, {"token": "has", "start_char": 1378, "end_char": 1381, "token_label": "NA"}, {"token": "a", "start_char": 1382, "end_char": 1383, "token_label": "NA"}, {"token": "statement", "start_char": 1384, "end_char": 1393, "token_label": "NA"}, {"token": "condemning", "start_char": 1394, "end_char": 1404, "token_label": "NA"}, {"token": "him", "start_char": 1405, "end_char": 1408, "token_label": "NA"}, {"token": ".", "start_char": 1408, "end_char": 1409, "token_label": "NA"}], "news_discourse_role": 4, "news_discourse_role_prob_0": 0.0016871137777343392, "news_discourse_role_prob_1": 0.17529816925525665, "news_discourse_role_prob_2": 0.12274593859910965, "news_discourse_role_prob_3": 0.00800870917737484, "news_discourse_role_prob_4": 0.690199077129364, "news_discourse_role_prob_5": 0.00013972165470477194, "news_discourse_role_prob_6": 0.0003357001405674964, "news_discourse_role_prob_7": 0.001131031778641045, "news_discourse_role_prob_8": 0.0004544717085082084, "previous_discourse_relation": 3, "previous_discourse_relation_prob_comp": 0.0067300270311534405, "previous_discourse_relation_prob_cont": 0.04231603071093559, "previous_discourse_relation_prob_temp": 0.002723757643252611, "previous_discourse_relation_prob_expan": 0.9482301473617554, "latter_discourse_relation": 1, "latter_discourse_relation_prob_comp": 0.16347889602184296, "latter_discourse_relation_prob_cont": 0.4377610683441162, "latter_discourse_relation_prob_temp": 0.011841962113976479, "latter_discourse_relation_prob_expan": 0.3869180679321289}, {"sentence_id": 15, "sentence_start": 1410, "sentence_end": 1438, "sentence_text": "But we've seen that before.", "sentence_label": "Doubt", "tokens_list": ["But", "we", "'ve", "seen", "that", "before", "."], "tokens_dicts_list": [{"token": "But", "start_char": 1410, "end_char": 1413, "token_label": "Doubt"}, {"token": "we", "start_char": 1414, "end_char": 1416, "token_label": "Doubt"}, {"token": "'ve", "start_char": 1416, "end_char": 1419, "token_label": "Doubt"}, {"token": "seen", "start_char": 1420, "end_char": 1424, "token_label": "Doubt"}, {"token": "that", "start_char": 1425, "end_char": 1429, "token_label": "Doubt"}, {"token": "before", "start_char": 1430, "end_char": 1436, "token_label": "Doubt"}, {"token": ".", "start_char": 1436, "end_char": 1437, "token_label": "Doubt"}], "news_discourse_role": 7, "news_discourse_role_prob_0": 0.0016166485147550702, "news_discourse_role_prob_1": 0.0037412731908261776, "news_discourse_role_prob_2": 0.003616539528593421, "news_discourse_role_prob_3": 0.01198678370565176, "news_discourse_role_prob_4": 0.05305176600813866, "news_discourse_role_prob_5": 0.03563167527318001, "news_discourse_role_prob_6": 0.19245152175426483, "news_discourse_role_prob_7": 0.6906813979148865, "news_discourse_role_prob_8": 0.007222401909530163, "previous_discourse_relation": 1, "previous_discourse_relation_prob_comp": 0.16347889602184296, "previous_discourse_relation_prob_cont": 0.4377610683441162, "previous_discourse_relation_prob_temp": 0.011841962113976479, "previous_discourse_relation_prob_expan": 0.3869180679321289, "latter_discourse_relation": 1, "latter_discourse_relation_prob_comp": 3.918354195775464e-05, "latter_discourse_relation_prob_cont": 0.9995703101158142, "latter_discourse_relation_prob_temp": 3.1946397029969376e-06, "latter_discourse_relation_prob_expan": 0.00038726121420040727}, {"sentence_id": 16, "sentence_start": 1438, "sentence_end": 1480, "sentence_text": "So it likely doesn't represent his views.", "sentence_label": "NA", "tokens_list": ["So", "it", "likely", "does", "n't", "represent", "his", "views", "."], "tokens_dicts_list": [{"token": "So", "start_char": 1438, "end_char": 1440, "token_label": "Doubt"}, {"token": "it", "start_char": 1441, "end_char": 1443, "token_label": "Doubt"}, {"token": "likely", "start_char": 1444, "end_char": 1450, "token_label": "Doubt"}, {"token": "does", "start_char": 1451, "end_char": 1455, "token_label": "Doubt"}, {"token": "n't", "start_char": 1455, "end_char": 1458, "token_label": "Doubt"}, {"token": "represent", "start_char": 1459, "end_char": 1468, "token_label": "Doubt"}, {"token": "his", "start_char": 1469, "end_char": 1472, "token_label": "Doubt"}, {"token": "views", "start_char": 1473, "end_char": 1478, "token_label": "Doubt"}, {"token": ".", "start_char": 1478, "end_char": 1479, "token_label": "Doubt"}], "news_discourse_role": 7, "news_discourse_role_prob_0": 0.0018814356299117208, "news_discourse_role_prob_1": 0.012037243694067001, "news_discourse_role_prob_2": 0.007482773624360561, "news_discourse_role_prob_3": 0.01304102037101984, "news_discourse_role_prob_4": 0.019980018958449364, "news_discourse_role_prob_5": 0.005800897255539894, "news_discourse_role_prob_6": 0.081504225730896, "news_discourse_role_prob_7": 0.7767990827560425, "news_discourse_role_prob_8": 0.08147338777780533, "previous_discourse_relation": 1, "previous_discourse_relation_prob_comp": 3.918354195775464e-05, "previous_discourse_relation_prob_cont": 0.9995703101158142, "previous_discourse_relation_prob_temp": 3.1946397029969376e-06, "previous_discourse_relation_prob_expan": 0.00038726121420040727, "latter_discourse_relation": 3, "latter_discourse_relation_prob_comp": 0.005142735783010721, "latter_discourse_relation_prob_cont": 0.014725602231919765, "latter_discourse_relation_prob_temp": 0.001919673988595605, "latter_discourse_relation_prob_expan": 0.9782119989395142}, {"sentence_id": 17, "sentence_start": 1480, "sentence_end": 1573, "sentence_text": "After a previous statement, Rep. Davis made an infamous comment about the \"Jewish question\".", "sentence_label": "NA", "tokens_list": ["After", "a", "previous", "statement", ",", "Rep.", "Davis", "made", "an", "infamous", "comment", "about", "the", "\"", "Jewish", "question", "\"", "."], "tokens_dicts_list": [{"token": "After", "start_char": 1480, "end_char": 1485, "token_label": "NA"}, {"token": "a", "start_char": 1486, "end_char": 1487, "token_label": "NA"}, {"token": "previous", "start_char": 1488, "end_char": 1496, "token_label": "NA"}, {"token": "statement", "start_char": 1497, "end_char": 1506, "token_label": "NA"}, {"token": ",", "start_char": 1506, "end_char": 1507, "token_label": "NA"}, {"token": "Rep.", "start_char": 1508, "end_char": 1512, "token_label": "NA"}, {"token": "Davis", "start_char": 1513, "end_char": 1518, "token_label": "NA"}, {"token": "made", "start_char": 1519, "end_char": 1523, "token_label": "NA"}, {"token": "an", "start_char": 1524, "end_char": 1526, "token_label": "NA"}, {"token": "infamous", "start_char": 1527, "end_char": 1535, "token_label": "NA"}, {"token": "comment", "start_char": 1536, "end_char": 1543, "token_label": "NA"}, {"token": "about", "start_char": 1544, "end_char": 1549, "token_label": "NA"}, {"token": "the", "start_char": 1550, "end_char": 1553, "token_label": "NA"}, {"token": "\"", "start_char": 1554, "end_char": 1555, "token_label": "NA"}, {"token": "Jewish", "start_char": 1555, "end_char": 1561, "token_label": "NA"}, {"token": "question", "start_char": 1562, "end_char": 1570, "token_label": "NA"}, {"token": "\"", "start_char": 1570, "end_char": 1571, "token_label": "NA"}, {"token": ".", "start_char": 1571, "end_char": 1572, "token_label": "NA"}], "news_discourse_role": 4, "news_discourse_role_prob_0": 0.0007721801521256566, "news_discourse_role_prob_1": 0.007534995675086975, "news_discourse_role_prob_2": 0.022270558401942253, "news_discourse_role_prob_3": 0.028419703245162964, "news_discourse_role_prob_4": 0.8667505979537964, "news_discourse_role_prob_5": 0.013038111850619316, "news_discourse_role_prob_6": 0.0056570000015199184, "news_discourse_role_prob_7": 0.05497356131672859, "news_discourse_role_prob_8": 0.0005833882023580372, "previous_discourse_relation": 3, "previous_discourse_relation_prob_comp": 0.005142735783010721, "previous_discourse_relation_prob_cont": 0.014725602231919765, "previous_discourse_relation_prob_temp": 0.001919673988595605, "previous_discourse_relation_prob_expan": 0.9782119989395142, "latter_discourse_relation": 1, "latter_discourse_relation_prob_comp": 0.004912897478789091, "latter_discourse_relation_prob_cont": 0.9573690295219421, "latter_discourse_relation_prob_temp": 0.0006135317380540073, "latter_discourse_relation_prob_expan": 0.03710460290312767}, {"sentence_id": 18, "sentence_start": 1573, "sentence_end": 1606, "sentence_text": "So it probably still isn't over.", "sentence_label": "NA", "tokens_list": ["So", "it", "probably", "still", "is", "n't", "over", "."], "tokens_dicts_list": [{"token": "So", "start_char": 1573, "end_char": 1575, "token_label": "NA"}, {"token": "it", "start_char": 1576, "end_char": 1578, "token_label": "NA"}, {"token": "probably", "start_char": 1579, "end_char": 1587, "token_label": "NA"}, {"token": "still", "start_char": 1588, "end_char": 1593, "token_label": "NA"}, {"token": "is", "start_char": 1594, "end_char": 1596, "token_label": "NA"}, {"token": "n't", "start_char": 1596, "end_char": 1599, "token_label": "NA"}, {"token": "over", "start_char": 1600, "end_char": 1604, "token_label": "NA"}, {"token": ".", "start_char": 1604, "end_char": 1605, "token_label": "NA"}], "news_discourse_role": 7, "news_discourse_role_prob_0": 0.0022484678775072098, "news_discourse_role_prob_1": 0.008433769457042217, "news_discourse_role_prob_2": 0.004375800956040621, "news_discourse_role_prob_3": 0.004497143439948559, "news_discourse_role_prob_4": 0.006187831982970238, "news_discourse_role_prob_5": 0.00393244344741106, "news_discourse_role_prob_6": 0.1624879688024521, "news_discourse_role_prob_7": 0.6481800079345703, "news_discourse_role_prob_8": 0.1596565544605255, "previous_discourse_relation": 1, "previous_discourse_relation_prob_comp": 0.004912897478789091, "previous_discourse_relation_prob_cont": 0.9573690295219421, "previous_discourse_relation_prob_temp": 0.0006135317380540073, "previous_discourse_relation_prob_expan": 0.03710460290312767, "latter_discourse_relation": 0, "latter_discourse_relation_prob_comp": 0.9947933554649353, "latter_discourse_relation_prob_cont": 0.00022824179905001074, "latter_discourse_relation_prob_temp": 2.881862747017294e-05, "latter_discourse_relation_prob_expan": 0.0049495757557451725}, {"sentence_id": 19, "sentence_start": 1606, "sentence_end": 1715, "sentence_text": "The statement though is full of conspiracy theories and blames everyone else for Davis' behavior except him.", "sentence_label": "Causal_Oversimplification", "tokens_list": ["The", "statement", "though", "is", "full", "of", "conspiracy", "theories", "and", "blames", "everyone", "else", "for", "Davis", "'", "behavior", "except", "him", "."], "tokens_dicts_list": [{"token": "The", "start_char": 1606, "end_char": 1609, "token_label": "Causal_Oversimplification"}, {"token": "statement", "start_char": 1610, "end_char": 1619, "token_label": "Causal_Oversimplification"}, {"token": "though", "start_char": 1620, "end_char": 1626, "token_label": "Causal_Oversimplification"}, {"token": "is", "start_char": 1627, "end_char": 1629, "token_label": "Causal_Oversimplification"}, {"token": "full", "start_char": 1630, "end_char": 1634, "token_label": "Causal_Oversimplification"}, {"token": "of", "start_char": 1635, "end_char": 1637, "token_label": "Causal_Oversimplification"}, {"token": "conspiracy", "start_char": 1638, "end_char": 1648, "token_label": "Causal_Oversimplification"}, {"token": "theories", "start_char": 1649, "end_char": 1657, "token_label": "Causal_Oversimplification"}, {"token": "and", "start_char": 1658, "end_char": 1661, "token_label": "Causal_Oversimplification"}, {"token": "blames", "start_char": 1662, "end_char": 1668, "token_label": "Causal_Oversimplification"}, {"token": "everyone", "start_char": 1669, "end_char": 1677, "token_label": "Causal_Oversimplification"}, {"token": "else", "start_char": 1678, "end_char": 1682, "token_label": "Causal_Oversimplification"}, {"token": "for", "start_char": 1683, "end_char": 1686, "token_label": "Causal_Oversimplification"}, {"token": "Davis", "start_char": 1687, "end_char": 1692, "token_label": "Causal_Oversimplification"}, {"token": "'", "start_char": 1692, "end_char": 1693, "token_label": "Causal_Oversimplification"}, {"token": "behavior", "start_char": 1694, "end_char": 1702, "token_label": "Causal_Oversimplification"}, {"token": "except", "start_char": 1703, "end_char": 1709, "token_label": "Causal_Oversimplification"}, {"token": "him", "start_char": 1710, "end_char": 1713, "token_label": "Causal_Oversimplification"}, {"token": ".", "start_char": 1713, "end_char": 1714, "token_label": "Causal_Oversimplification"}], "news_discourse_role": 7, "news_discourse_role_prob_0": 0.00037021448952145875, "news_discourse_role_prob_1": 0.007363162934780121, "news_discourse_role_prob_2": 0.0030951923690736294, "news_discourse_role_prob_3": 0.00424341531470418, "news_discourse_role_prob_4": 0.0451170913875103, "news_discourse_role_prob_5": 0.001486621331423521, "news_discourse_role_prob_6": 0.022853897884488106, "news_discourse_role_prob_7": 0.906315803527832, "news_discourse_role_prob_8": 0.009154612198472023, "previous_discourse_relation": 0, "previous_discourse_relation_prob_comp": 0.9947933554649353, "previous_discourse_relation_prob_cont": 0.00022824179905001074, "previous_discourse_relation_prob_temp": 2.881862747017294e-05, "previous_discourse_relation_prob_expan": 0.0049495757557451725, "latter_discourse_relation": 3, "latter_discourse_relation_prob_comp": 0.0031448956578969955, "latter_discourse_relation_prob_cont": 0.024400314316153526, "latter_discourse_relation_prob_temp": 0.06574340164661407, "latter_discourse_relation_prob_expan": 0.9067113995552063}, {"sentence_id": 20, "sentence_start": 1715, "sentence_end": 1768, "sentence_text": "And now on to \"civil rights hero\" (TM) Rep. Clyburn.", "sentence_label": "Name_Calling,Labeling", "tokens_list": ["And", "now", "on", "to", "\"", "civil", "rights", "hero", "\"", "(", "TM", ")", "Rep.", "Clyburn", "."], "tokens_dicts_list": [{"token": "And", "start_char": 1715, "end_char": 1718, "token_label": "NA"}, {"token": "now", "start_char": 1719, "end_char": 1722, "token_label": "NA"}, {"token": "on", "start_char": 1723, "end_char": 1725, "token_label": "NA"}, {"token": "to", "start_char": 1726, "end_char": 1728, "token_label": "NA"}, {"token": "\"", "start_char": 1729, "end_char": 1730, "token_label": "NA"}, {"token": "civil", "start_char": 1730, "end_char": 1735, "token_label": "Name_Calling,Labeling"}, {"token": "rights", "start_char": 1736, "end_char": 1742, "token_label": "Name_Calling,Labeling"}, {"token": "hero", "start_char": 1743, "end_char": 1747, "token_label": "Name_Calling,Labeling"}, {"token": "\"", "start_char": 1747, "end_char": 1748, "token_label": "NA"}, {"token": "(", "start_char": 1749, "end_char": 1750, "token_label": "NA"}, {"token": "TM", "start_char": 1750, "end_char": 1752, "token_label": "NA"}, {"token": ")", "start_char": 1752, "end_char": 1753, "token_label": "NA"}, {"token": "Rep.", "start_char": 1754, "end_char": 1758, "token_label": "NA"}, {"token": "Clyburn", "start_char": 1759, "end_char": 1766, "token_label": "NA"}, {"token": ".", "start_char": 1766, "end_char": 1767, "token_label": "NA"}], "news_discourse_role": 4, "news_discourse_role_prob_0": 0.0038737559225410223, "news_discourse_role_prob_1": 0.031246019527316093, "news_discourse_role_prob_2": 0.01690010540187359, "news_discourse_role_prob_3": 0.004329373594373465, "news_discourse_role_prob_4": 0.929800271987915, "news_discourse_role_prob_5": 0.0008712954586371779, "news_discourse_role_prob_6": 0.0004076399782206863, "news_discourse_role_prob_7": 0.009721203707158566, "news_discourse_role_prob_8": 0.002850344404578209, "previous_discourse_relation": 3, "previous_discourse_relation_prob_comp": 0.0031448956578969955, "previous_discourse_relation_prob_cont": 0.024400314316153526, "previous_discourse_relation_prob_temp": 0.06574340164661407, "previous_discourse_relation_prob_expan": 0.9067113995552063, "latter_discourse_relation": 3, "latter_discourse_relation_prob_comp": 0.0017534944927319884, "latter_discourse_relation_prob_cont": 0.04539909586310387, "latter_discourse_relation_prob_temp": 0.00512723857536912, "latter_discourse_relation_prob_expan": 0.9477201104164124}, {"sentence_id": 21, "sentence_start": 1768, "sentence_end": 1951, "sentence_text": "South Carolina Rep. James Clyburn attended a 2011 event with Farrakhan and shared the stage with him, even after Jewish groups voiced their opposition to Clyburn attending the event.", "sentence_label": "NA", "tokens_list": ["South", "Carolina", "Rep.", "James", "Clyburn", "attended", "a", "2011", "event", "with", "Farrakhan", "and", "shared", "the", "stage", "with", "him", ",", "even", "after", "Jewish", "groups", "voiced", "their", "opposition", "to", "Clyburn", "attending", "the", "event", "."], "tokens_dicts_list": [{"token": "South", "start_char": 1768, "end_char": 1773, "token_label": "NA"}, {"token": "Carolina", "start_char": 1774, "end_char": 1782, "token_label": "NA"}, {"token": "Rep.", "start_char": 1783, "end_char": 1787, "token_label": "NA"}, {"token": "James", "start_char": 1788, "end_char": 1793, "token_label": "NA"}, {"token": "Clyburn", "start_char": 1794, "end_char": 1801, "token_label": "NA"}, {"token": "attended", "start_char": 1802, "end_char": 1810, "token_label": "NA"}, {"token": "a", "start_char": 1811, "end_char": 1812, "token_label": "NA"}, {"token": "2011", "start_char": 1813, "end_char": 1817, "token_label": "NA"}, {"token": "event", "start_char": 1818, "end_char": 1823, "token_label": "NA"}, {"token": "with", "start_char": 1824, "end_char": 1828, "token_label": "NA"}, {"token": "Farrakhan", "start_char": 1829, "end_char": 1838, "token_label": "NA"}, {"token": "and", "start_char": 1839, "end_char": 1842, "token_label": "NA"}, {"token": "shared", "start_char": 1843, "end_char": 1849, "token_label": "NA"}, {"token": "the", "start_char": 1850, "end_char": 1853, "token_label": "NA"}, {"token": "stage", "start_char": 1854, "end_char": 1859, "token_label": "NA"}, {"token": "with", "start_char": 1860, "end_char": 1864, "token_label": "NA"}, {"token": "him", "start_char": 1865, "end_char": 1868, "token_label": "NA"}, {"token": ",", "start_char": 1868, "end_char": 1869, "token_label": "NA"}, {"token": "even", "start_char": 1870, "end_char": 1874, "token_label": "NA"}, {"token": "after", "start_char": 1875, "end_char": 1880, "token_label": "NA"}, {"token": "Jewish", "start_char": 1881, "end_char": 1887, "token_label": "NA"}, {"token": "groups", "start_char": 1888, "end_char": 1894, "token_label": "NA"}, {"token": "voiced", "start_char": 1895, "end_char": 1901, "token_label": "NA"}, {"token": "their", "start_char": 1902, "end_char": 1907, "token_label": "NA"}, {"token": "opposition", "start_char": 1908, "end_char": 1918, "token_label": "NA"}, {"token": "to", "start_char": 1919, "end_char": 1921, "token_label": "NA"}, {"token": "Clyburn", "start_char": 1922, "end_char": 1929, "token_label": "NA"}, {"token": "attending", "start_char": 1930, "end_char": 1939, "token_label": "NA"}, {"token": "the", "start_char": 1940, "end_char": 1943, "token_label": "NA"}, {"token": "event", "start_char": 1944, "end_char": 1949, "token_label": "NA"}, {"token": ".", "start_char": 1949, "end_char": 1950, "token_label": "NA"}], "news_discourse_role": 5, "news_discourse_role_prob_0": 3.6717819966725074e-06, "news_discourse_role_prob_1": 1.3919783668825403e-05, "news_discourse_role_prob_2": 1.3319833669811487e-05, "news_discourse_role_prob_3": 0.0003130474651698023, "news_discourse_role_prob_4": 0.00044325008639134467, "news_discourse_role_prob_5": 0.998802900314331, "news_discourse_role_prob_6": 8.019278175197542e-05, "news_discourse_role_prob_7": 0.0003187092370353639, "news_discourse_role_prob_8": 1.1001965503965039e-05, "previous_discourse_relation": 3, "previous_discourse_relation_prob_comp": 0.0017534944927319884, "previous_discourse_relation_prob_cont": 0.04539909586310387, "previous_discourse_relation_prob_temp": 0.00512723857536912, "previous_discourse_relation_prob_expan": 0.9477201104164124, "latter_discourse_relation": 3, "latter_discourse_relation_prob_comp": 0.014439800754189491, "latter_discourse_relation_prob_cont": 0.0127788707613945, "latter_discourse_relation_prob_temp": 0.021104007959365845, "latter_discourse_relation_prob_expan": 0.9516772627830505}, {"sentence_id": 22, "sentence_start": 1951, "sentence_end": 2101, "sentence_text": "Clyburn told the Final Call, a Nation of Islam publication, that he was \u201cnot bothered in the least bit\u201d by criticisms of his attendance at the event.", "sentence_label": "NA", "tokens_list": ["Clyburn", "told", "the", "Final", "Call", ",", "a", "Nation", "of", "Islam", "publication", ",", "that", "he", "was", "\u201cnot", "bothered", "in", "the", "least", "bit\u201d", "by", "criticisms", "of", "his", "attendance", "at", "the", "event", "."], "tokens_dicts_list": [{"token": "Clyburn", "start_char": 1951, "end_char": 1958, "token_label": "NA"}, {"token": "told", "start_char": 1959, "end_char": 1963, "token_label": "NA"}, {"token": "the", "start_char": 1964, "end_char": 1967, "token_label": "NA"}, {"token": "Final", "start_char": 1968, "end_char": 1973, "token_label": "NA"}, {"token": "Call", "start_char": 1974, "end_char": 1978, "token_label": "NA"}, {"token": ",", "start_char": 1978, "end_char": 1979, "token_label": "NA"}, {"token": "a", "start_char": 1980, "end_char": 1981, "token_label": "NA"}, {"token": "Nation", "start_char": 1982, "end_char": 1988, "token_label": "NA"}, {"token": "of", "start_char": 1989, "end_char": 1991, "token_label": "NA"}, {"token": "Islam", "start_char": 1992, "end_char": 1997, "token_label": "NA"}, {"token": "publication", "start_char": 1998, "end_char": 2009, "token_label": "NA"}, {"token": ",", "start_char": 2009, "end_char": 2010, "token_label": "NA"}, {"token": "that", "start_char": 2011, "end_char": 2015, "token_label": "NA"}, {"token": "he", "start_char": 2016, "end_char": 2018, "token_label": "NA"}, {"token": "was", "start_char": 2019, "end_char": 2022, "token_label": "NA"}, {"token": "\u201cnot", "start_char": 2023, "end_char": 2027, "token_label": "NA"}, {"token": "bothered", "start_char": 2028, "end_char": 2036, "token_label": "NA"}, {"token": "in", "start_char": 2037, "end_char": 2039, "token_label": "NA"}, {"token": "the", "start_char": 2040, "end_char": 2043, "token_label": "NA"}, {"token": "least", "start_char": 2044, "end_char": 2049, "token_label": "NA"}, {"token": "bit\u201d", "start_char": 2050, "end_char": 2054, "token_label": "NA"}, {"token": "by", "start_char": 2055, "end_char": 2057, "token_label": "NA"}, {"token": "criticisms", "start_char": 2058, "end_char": 2068, "token_label": "NA"}, {"token": "of", "start_char": 2069, "end_char": 2071, "token_label": "NA"}, {"token": "his", "start_char": 2072, "end_char": 2075, "token_label": "NA"}, {"token": "attendance", "start_char": 2076, "end_char": 2086, "token_label": "NA"}, {"token": "at", "start_char": 2087, "end_char": 2089, "token_label": "NA"}, {"token": "the", "start_char": 2090, "end_char": 2093, "token_label": "NA"}, {"token": "event", "start_char": 2094, "end_char": 2099, "token_label": "NA"}, {"token": ".", "start_char": 2099, "end_char": 2100, "token_label": "NA"}], "news_discourse_role": 5, "news_discourse_role_prob_0": 3.721500252140686e-05, "news_discourse_role_prob_1": 0.0011025521671399474, "news_discourse_role_prob_2": 0.0003814948722720146, "news_discourse_role_prob_3": 0.012959521263837814, "news_discourse_role_prob_4": 0.005478988867253065, "news_discourse_role_prob_5": 0.5061115026473999, "news_discourse_role_prob_6": 0.02666088193655014, "news_discourse_role_prob_7": 0.44482460618019104, "news_discourse_role_prob_8": 0.0024432253558188677, "previous_discourse_relation": 3, "previous_discourse_relation_prob_comp": 0.014439800754189491, "previous_discourse_relation_prob_cont": 0.0127788707613945, "previous_discourse_relation_prob_temp": 0.021104007959365845, "previous_discourse_relation_prob_expan": 0.9516772627830505, "latter_discourse_relation": 1, "latter_discourse_relation_prob_comp": 0.0064762351103127, "latter_discourse_relation_prob_cont": 0.8396831750869751, "latter_discourse_relation_prob_temp": 0.004232514649629593, "latter_discourse_relation_prob_expan": 0.14960803091526031}, {"sentence_id": 23, "sentence_start": 2101, "sentence_end": 2196, "sentence_text": "As the assistant Democratic leader, Clyburn is the third-highest ranked Democrat in the House.", "sentence_label": "NA", "tokens_list": ["As", "the", "assistant", "Democratic", "leader", ",", "Clyburn", "is", "the", "third-highest", "ranked", "Democrat", "in", "the", "House", "."], "tokens_dicts_list": [{"token": "As", "start_char": 2101, "end_char": 2103, "token_label": "NA"}, {"token": "the", "start_char": 2104, "end_char": 2107, "token_label": "NA"}, {"token": "assistant", "start_char": 2108, "end_char": 2117, "token_label": "NA"}, {"token": "Democratic", "start_char": 2118, "end_char": 2128, "token_label": "NA"}, {"token": "leader", "start_char": 2129, "end_char": 2135, "token_label": "NA"}, {"token": ",", "start_char": 2135, "end_char": 2136, "token_label": "NA"}, {"token": "Clyburn", "start_char": 2137, "end_char": 2144, "token_label": "NA"}, {"token": "is", "start_char": 2145, "end_char": 2147, "token_label": "NA"}, {"token": "the", "start_char": 2148, "end_char": 2151, "token_label": "NA"}, {"token": "third-highest", "start_char": 2152, "end_char": 2165, "token_label": "NA"}, {"token": "ranked", "start_char": 2166, "end_char": 2172, "token_label": "NA"}, {"token": "Democrat", "start_char": 2173, "end_char": 2181, "token_label": "NA"}, {"token": "in", "start_char": 2182, "end_char": 2184, "token_label": "NA"}, {"token": "the", "start_char": 2185, "end_char": 2188, "token_label": "NA"}, {"token": "House", "start_char": 2189, "end_char": 2194, "token_label": "NA"}, {"token": ".", "start_char": 2194, "end_char": 2195, "token_label": "NA"}], "news_discourse_role": 4, "news_discourse_role_prob_0": 4.28862313128775e-06, "news_discourse_role_prob_1": 5.2954168495489284e-05, "news_discourse_role_prob_2": 0.002222426002845168, "news_discourse_role_prob_3": 8.873594197211787e-05, "news_discourse_role_prob_4": 0.99623703956604, "news_discourse_role_prob_5": 0.0002794601896312088, "news_discourse_role_prob_6": 2.9151206035749055e-05, "news_discourse_role_prob_7": 0.0010458953911438584, "news_discourse_role_prob_8": 4.0018814615905285e-05, "previous_discourse_relation": 1, "previous_discourse_relation_prob_comp": 0.0064762351103127, "previous_discourse_relation_prob_cont": 0.8396831750869751, "previous_discourse_relation_prob_temp": 0.004232514649629593, "previous_discourse_relation_prob_expan": 0.14960803091526031, "latter_discourse_relation": 3, "latter_discourse_relation_prob_comp": 0.15631242096424103, "latter_discourse_relation_prob_cont": 0.09280869364738464, "latter_discourse_relation_prob_temp": 0.005428767763078213, "latter_discourse_relation_prob_expan": 0.7454501390457153}, {"sentence_id": 24, "sentence_start": 2196, "sentence_end": 2302, "sentence_text": "He declined to condemn Farrakhan in a statement released to The Daily Caller News Foundation on Thursday.", "sentence_label": "Red_Herring", "tokens_list": ["He", "declined", "to", "condemn", "Farrakhan", "in", "a", "statement", "released", "to", "The", "Daily", "Caller", "News", "Foundation", "on", "Thursday", "."], "tokens_dicts_list": [{"token": "He", "start_char": 2196, "end_char": 2198, "token_label": "Red_Herring"}, {"token": "declined", "start_char": 2199, "end_char": 2207, "token_label": "Red_Herring"}, {"token": "to", "start_char": 2208, "end_char": 2210, "token_label": "Red_Herring"}, {"token": "condemn", "start_char": 2211, "end_char": 2218, "token_label": "Red_Herring"}, {"token": "Farrakhan", "start_char": 2219, "end_char": 2228, "token_label": "Red_Herring"}, {"token": "in", "start_char": 2229, "end_char": 2231, "token_label": "Red_Herring"}, {"token": "a", "start_char": 2232, "end_char": 2233, "token_label": "Red_Herring"}, {"token": "statement", "start_char": 2234, "end_char": 2243, "token_label": "Red_Herring"}, {"token": "released", "start_char": 2244, "end_char": 2252, "token_label": "Red_Herring"}, {"token": "to", "start_char": 2253, "end_char": 2255, "token_label": "Red_Herring"}, {"token": "The", "start_char": 2256, "end_char": 2259, "token_label": "Red_Herring"}, {"token": "Daily", "start_char": 2260, "end_char": 2265, "token_label": "Red_Herring"}, {"token": "Caller", "start_char": 2266, "end_char": 2272, "token_label": "Red_Herring"}, {"token": "News", "start_char": 2273, "end_char": 2277, "token_label": "Red_Herring"}, {"token": "Foundation", "start_char": 2278, "end_char": 2288, "token_label": "Red_Herring"}, {"token": "on", "start_char": 2289, "end_char": 2291, "token_label": "Red_Herring"}, {"token": "Thursday", "start_char": 2292, "end_char": 2300, "token_label": "Red_Herring"}, {"token": ".", "start_char": 2300, "end_char": 2301, "token_label": "Red_Herring"}], "news_discourse_role": 1, "news_discourse_role_prob_0": 0.000545525923371315, "news_discourse_role_prob_1": 0.5673484206199646, "news_discourse_role_prob_2": 0.0790373831987381, "news_discourse_role_prob_3": 0.033057983964681625, "news_discourse_role_prob_4": 0.300499826669693, "news_discourse_role_prob_5": 0.0005942225106991827, "news_discourse_role_prob_6": 0.0005656640860252082, "news_discourse_role_prob_7": 0.0127722742035985, "news_discourse_role_prob_8": 0.005578686483204365, "previous_discourse_relation": 3, "previous_discourse_relation_prob_comp": 0.15631242096424103, "previous_discourse_relation_prob_cont": 0.09280869364738464, "previous_discourse_relation_prob_temp": 0.005428767763078213, "previous_discourse_relation_prob_expan": 0.7454501390457153, "latter_discourse_relation": 3, "latter_discourse_relation_prob_comp": 0.21672098338603973, "latter_discourse_relation_prob_cont": 0.0054949368350207806, "latter_discourse_relation_prob_temp": 0.008482384495437145, "latter_discourse_relation_prob_expan": 0.76930171251297}, {"sentence_id": 25, "sentence_start": 2302, "sentence_end": 2466, "sentence_text": "\u201cI have fought all my life to advance the cause of social justice and equality, and I have always opposed bigotry in all its forms,\u201d Clyburn said in the statement.", "sentence_label": "NA", "tokens_list": ["\u201cI", "have", "fought", "all", "my", "life", "to", "advance", "the", "cause", "of", "social", "justice", "and", "equality", ",", "and", "I", "have", "always", "opposed", "bigotry", "in", "all", "its", "forms", ",", "\u201d", "Clyburn", "said", "in", "the", "statement", "."], "tokens_dicts_list": [{"token": "\u201cI", "start_char": 2302, "end_char": 2304, "token_label": "Red_Herring"}, {"token": "have", "start_char": 2305, "end_char": 2309, "token_label": "Red_Herring"}, {"token": "fought", "start_char": 2310, "end_char": 2316, "token_label": "Red_Herring"}, {"token": "all", "start_char": 2317, "end_char": 2320, "token_label": "Red_Herring"}, {"token": "my", "start_char": 2321, "end_char": 2323, "token_label": "Red_Herring"}, {"token": "life", "start_char": 2324, "end_char": 2328, "token_label": "Red_Herring"}, {"token": "to", "start_char": 2329, "end_char": 2331, "token_label": "Red_Herring"}, {"token": "advance", "start_char": 2332, "end_char": 2339, "token_label": "Red_Herring"}, {"token": "the", "start_char": 2340, "end_char": 2343, "token_label": "Red_Herring"}, {"token": "cause", "start_char": 2344, "end_char": 2349, "token_label": "Red_Herring"}, {"token": "of", "start_char": 2350, "end_char": 2352, "token_label": "Red_Herring"}, {"token": "social", "start_char": 2353, "end_char": 2359, "token_label": "Red_Herring"}, {"token": "justice", "start_char": 2360, "end_char": 2367, "token_label": "Red_Herring"}, {"token": "and", "start_char": 2368, "end_char": 2371, "token_label": "Red_Herring"}, {"token": "equality", "start_char": 2372, "end_char": 2380, "token_label": "Red_Herring"}, {"token": ",", "start_char": 2380, "end_char": 2381, "token_label": "Red_Herring"}, {"token": "and", "start_char": 2382, "end_char": 2385, "token_label": "Red_Herring"}, {"token": "I", "start_char": 2386, "end_char": 2387, "token_label": "Red_Herring"}, {"token": "have", "start_char": 2388, "end_char": 2392, "token_label": "Red_Herring"}, {"token": "always", "start_char": 2393, "end_char": 2399, "token_label": "Red_Herring"}, {"token": "opposed", "start_char": 2400, "end_char": 2407, "token_label": "Red_Herring"}, {"token": "bigotry", "start_char": 2408, "end_char": 2415, "token_label": "Red_Herring"}, {"token": "in", "start_char": 2416, "end_char": 2418, "token_label": "Red_Herring"}, {"token": "all", "start_char": 2419, "end_char": 2422, "token_label": "Red_Herring"}, {"token": "its", "start_char": 2423, "end_char": 2426, "token_label": "Red_Herring"}, {"token": "forms", "start_char": 2427, "end_char": 2432, "token_label": "Red_Herring"}, {"token": ",", "start_char": 2432, "end_char": 2433, "token_label": "Red_Herring"}, {"token": "\u201d", "start_char": 2433, "end_char": 2434, "token_label": "Red_Herring"}, {"token": "Clyburn", "start_char": 2435, "end_char": 2442, "token_label": "Red_Herring"}, {"token": "said", "start_char": 2443, "end_char": 2447, "token_label": "Red_Herring"}, {"token": "in", "start_char": 2448, "end_char": 2450, "token_label": "Red_Herring"}, {"token": "the", "start_char": 2451, "end_char": 2454, "token_label": "Red_Herring"}, {"token": "statement", "start_char": 2455, "end_char": 2464, "token_label": "Red_Herring"}, {"token": ".", "start_char": 2464, "end_char": 2465, "token_label": "Red_Herring"}], "news_discourse_role": 7, "news_discourse_role_prob_0": 7.54383800085634e-05, "news_discourse_role_prob_1": 0.009907063096761703, "news_discourse_role_prob_2": 0.0014863769756630063, "news_discourse_role_prob_3": 0.007253206800669432, "news_discourse_role_prob_4": 0.019457627087831497, "news_discourse_role_prob_5": 0.04443236067891121, "news_discourse_role_prob_6": 0.007177596911787987, "news_discourse_role_prob_7": 0.9037666916847229, "news_discourse_role_prob_8": 0.006443698424845934, "previous_discourse_relation": 3, "previous_discourse_relation_prob_comp": 0.21672098338603973, "previous_discourse_relation_prob_cont": 0.0054949368350207806, "previous_discourse_relation_prob_temp": 0.008482384495437145, "previous_discourse_relation_prob_expan": 0.76930171251297, "latter_discourse_relation": 0, "latter_discourse_relation_prob_comp": 0.9077589511871338, "latter_discourse_relation_prob_cont": 0.0016728348564356565, "latter_discourse_relation_prob_temp": 0.022806435823440552, "latter_discourse_relation_prob_expan": 0.06776183098554611}, {"sentence_id": 26, "sentence_start": 2466, "sentence_end": 2655, "sentence_text": "His office declined repeated inquiries regarding whether the congressman is willing to condemn Farrakhan, and whether he stood by his decision in 2011 to shrug off criticisms of Farrakhan.", "sentence_label": "NA", "tokens_list": ["His", "office", "declined", "repeated", "inquiries", "regarding", "whether", "the", "congressman", "is", "willing", "to", "condemn", "Farrakhan", ",", "and", "whether", "he", "stood", "by", "his", "decision", "in", "2011", "to", "shrug", "off", "criticisms", "of", "Farrakhan", "."], "tokens_dicts_list": [{"token": "His", "start_char": 2466, "end_char": 2469, "token_label": "NA"}, {"token": "office", "start_char": 2470, "end_char": 2476, "token_label": "NA"}, {"token": "declined", "start_char": 2477, "end_char": 2485, "token_label": "NA"}, {"token": "repeated", "start_char": 2486, "end_char": 2494, "token_label": "NA"}, {"token": "inquiries", "start_char": 2495, "end_char": 2504, "token_label": "NA"}, {"token": "regarding", "start_char": 2505, "end_char": 2514, "token_label": "NA"}, {"token": "whether", "start_char": 2515, "end_char": 2522, "token_label": "NA"}, {"token": "the", "start_char": 2523, "end_char": 2526, "token_label": "NA"}, {"token": "congressman", "start_char": 2527, "end_char": 2538, "token_label": "NA"}, {"token": "is", "start_char": 2539, "end_char": 2541, "token_label": "NA"}, {"token": "willing", "start_char": 2542, "end_char": 2549, "token_label": "NA"}, {"token": "to", "start_char": 2550, "end_char": 2552, "token_label": "NA"}, {"token": "condemn", "start_char": 2553, "end_char": 2560, "token_label": "NA"}, {"token": "Farrakhan", "start_char": 2561, "end_char": 2570, "token_label": "NA"}, {"token": ",", "start_char": 2570, "end_char": 2571, "token_label": "NA"}, {"token": "and", "start_char": 2572, "end_char": 2575, "token_label": "NA"}, {"token": "whether", "start_char": 2576, "end_char": 2583, "token_label": "NA"}, {"token": "he", "start_char": 2584, "end_char": 2586, "token_label": "NA"}, {"token": "stood", "start_char": 2587, "end_char": 2592, "token_label": "NA"}, {"token": "by", "start_char": 2593, "end_char": 2595, "token_label": "NA"}, {"token": "his", "start_char": 2596, "end_char": 2599, "token_label": "NA"}, {"token": "decision", "start_char": 2600, "end_char": 2608, "token_label": "NA"}, {"token": "in", "start_char": 2609, "end_char": 2611, "token_label": "NA"}, {"token": "2011", "start_char": 2612, "end_char": 2616, "token_label": "NA"}, {"token": "to", "start_char": 2617, "end_char": 2619, "token_label": "NA"}, {"token": "shrug", "start_char": 2620, "end_char": 2625, "token_label": "NA"}, {"token": "off", "start_char": 2626, "end_char": 2629, "token_label": "NA"}, {"token": "criticisms", "start_char": 2630, "end_char": 2640, "token_label": "NA"}, {"token": "of", "start_char": 2641, "end_char": 2643, "token_label": "NA"}, {"token": "Farrakhan", "start_char": 2644, "end_char": 2653, "token_label": "NA"}, {"token": ".", "start_char": 2653, "end_char": 2654, "token_label": "NA"}], "news_discourse_role": 4, "news_discourse_role_prob_0": 4.2744900383695494e-06, "news_discourse_role_prob_1": 0.0007666860474273562, "news_discourse_role_prob_2": 0.002215415006503463, "news_discourse_role_prob_3": 0.004067777190357447, "news_discourse_role_prob_4": 0.9448962807655334, "news_discourse_role_prob_5": 0.0010004622163251042, "news_discourse_role_prob_6": 0.00017183380259666592, "news_discourse_role_prob_7": 0.04649628698825836, "news_discourse_role_prob_8": 0.00038090356974862516, "previous_discourse_relation": 0, "previous_discourse_relation_prob_comp": 0.9077589511871338, "previous_discourse_relation_prob_cont": 0.0016728348564356565, "previous_discourse_relation_prob_temp": 0.022806435823440552, "previous_discourse_relation_prob_expan": 0.06776183098554611, "latter_discourse_relation": 3, "latter_discourse_relation_prob_comp": 0.06265551596879959, "latter_discourse_relation_prob_cont": 0.11068189889192581, "latter_discourse_relation_prob_temp": 0.0015963034238666296, "latter_discourse_relation_prob_expan": 0.8250662684440613}, {"sentence_id": 27, "sentence_start": 2655, "sentence_end": 2730, "sentence_text": "Clyburn is now the eighth House Democrat to have direct ties to Farrakhan.", "sentence_label": "NA", "tokens_list": ["Clyburn", "is", "now", "the", "eighth", "House", "Democrat", "to", "have", "direct", "ties", "to", "Farrakhan", "."], "tokens_dicts_list": [{"token": "Clyburn", "start_char": 2655, "end_char": 2662, "token_label": "NA"}, {"token": "is", "start_char": 2663, "end_char": 2665, "token_label": "NA"}, {"token": "now", "start_char": 2666, "end_char": 2669, "token_label": "NA"}, {"token": "the", "start_char": 2670, "end_char": 2673, "token_label": "NA"}, {"token": "eighth", "start_char": 2674, "end_char": 2680, "token_label": "NA"}, {"token": "House", "start_char": 2681, "end_char": 2686, "token_label": "NA"}, {"token": "Democrat", "start_char": 2687, "end_char": 2695, "token_label": "NA"}, {"token": "to", "start_char": 2696, "end_char": 2698, "token_label": "NA"}, {"token": "have", "start_char": 2699, "end_char": 2703, "token_label": "NA"}, {"token": "direct", "start_char": 2704, "end_char": 2710, "token_label": "NA"}, {"token": "ties", "start_char": 2711, "end_char": 2715, "token_label": "NA"}, {"token": "to", "start_char": 2716, "end_char": 2718, "token_label": "NA"}, {"token": "Farrakhan", "start_char": 2719, "end_char": 2728, "token_label": "NA"}, {"token": ".", "start_char": 2728, "end_char": 2729, "token_label": "NA"}], "news_discourse_role": 4, "news_discourse_role_prob_0": 6.7928899625258055e-06, "news_discourse_role_prob_1": 0.0002735698944889009, "news_discourse_role_prob_2": 0.004506462253630161, "news_discourse_role_prob_3": 0.0002563097805250436, "news_discourse_role_prob_4": 0.9945173859596252, "news_discourse_role_prob_5": 0.00024191709235310555, "news_discourse_role_prob_6": 1.6870433682925068e-05, "news_discourse_role_prob_7": 0.00015108870866242796, "news_discourse_role_prob_8": 2.960195160994772e-05, "previous_discourse_relation": 3, "previous_discourse_relation_prob_comp": 0.06265551596879959, "previous_discourse_relation_prob_cont": 0.11068189889192581, "previous_discourse_relation_prob_temp": 0.0015963034238666296, "previous_discourse_relation_prob_expan": 0.8250662684440613, "latter_discourse_relation": 3, "latter_discourse_relation_prob_comp": 0.0016402119072154164, "latter_discourse_relation_prob_cont": 0.07100121676921844, "latter_discourse_relation_prob_temp": 0.000593179720453918, "latter_discourse_relation_prob_expan": 0.9267653226852417}, {"sentence_id": 28, "sentence_start": 2730, "sentence_end": 2850, "sentence_text": "The Republican Jewish Coalition has already called on the seven other Democrats to resign over their ties to Farrakhan.", "sentence_label": "NA", "tokens_list": ["The", "Republican", "Jewish", "Coalition", "has", "already", "called", "on", "the", "seven", "other", "Democrats", "to", "resign", "over", "their", "ties", "to", "Farrakhan", "."], "tokens_dicts_list": [{"token": "The", "start_char": 2730, "end_char": 2733, "token_label": "NA"}, {"token": "Republican", "start_char": 2734, "end_char": 2744, "token_label": "NA"}, {"token": "Jewish", "start_char": 2745, "end_char": 2751, "token_label": "NA"}, {"token": "Coalition", "start_char": 2752, "end_char": 2761, "token_label": "NA"}, {"token": "has", "start_char": 2762, "end_char": 2765, "token_label": "NA"}, {"token": "already", "start_char": 2766, "end_char": 2773, "token_label": "NA"}, {"token": "called", "start_char": 2774, "end_char": 2780, "token_label": "NA"}, {"token": "on", "start_char": 2781, "end_char": 2783, "token_label": "NA"}, {"token": "the", "start_char": 2784, "end_char": 2787, "token_label": "NA"}, {"token": "seven", "start_char": 2788, "end_char": 2793, "token_label": "NA"}, {"token": "other", "start_char": 2794, "end_char": 2799, "token_label": "NA"}, {"token": "Democrats", "start_char": 2800, "end_char": 2809, "token_label": "NA"}, {"token": "to", "start_char": 2810, "end_char": 2812, "token_label": "NA"}, {"token": "resign", "start_char": 2813, "end_char": 2819, "token_label": "NA"}, {"token": "over", "start_char": 2820, "end_char": 2824, "token_label": "NA"}, {"token": "their", "start_char": 2825, "end_char": 2830, "token_label": "NA"}, {"token": "ties", "start_char": 2831, "end_char": 2835, "token_label": "NA"}, {"token": "to", "start_char": 2836, "end_char": 2838, "token_label": "NA"}, {"token": "Farrakhan", "start_char": 2839, "end_char": 2848, "token_label": "NA"}, {"token": ".", "start_char": 2848, "end_char": 2849, "token_label": "NA"}], "news_discourse_role": 4, "news_discourse_role_prob_0": 5.5600259656785056e-05, "news_discourse_role_prob_1": 0.006430968176573515, "news_discourse_role_prob_2": 0.4592580199241638, "news_discourse_role_prob_3": 0.0006240649963729084, "news_discourse_role_prob_4": 0.5010268092155457, "news_discourse_role_prob_5": 0.00018689506396185607, "news_discourse_role_prob_6": 0.0008774206507951021, "news_discourse_role_prob_7": 0.00997214950621128, "news_discourse_role_prob_8": 0.02156812697649002, "previous_discourse_relation": 3, "previous_discourse_relation_prob_comp": 0.0016402119072154164, "previous_discourse_relation_prob_cont": 0.07100121676921844, "previous_discourse_relation_prob_temp": 0.000593179720453918, "previous_discourse_relation_prob_expan": 0.9267653226852417, "latter_discourse_relation": 0, "latter_discourse_relation_prob_comp": 0.9983381032943726, "latter_discourse_relation_prob_cont": 0.00018323167751077563, "latter_discourse_relation_prob_temp": 4.7505945985903963e-05, "latter_discourse_relation_prob_expan": 0.0014310969272628427}, {"sentence_id": 29, "sentence_start": 2850, "sentence_end": 2881, "sentence_text": "Obviously not going to happen.", "sentence_label": "Doubt", "tokens_list": ["Obviously", "not", "going", "to", "happen", "."], "tokens_dicts_list": [{"token": "Obviously", "start_char": 2850, "end_char": 2859, "token_label": "Doubt"}, {"token": "not", "start_char": 2860, "end_char": 2863, "token_label": "Doubt"}, {"token": "going", "start_char": 2864, "end_char": 2869, "token_label": "Doubt"}, {"token": "to", "start_char": 2870, "end_char": 2872, "token_label": "Doubt"}, {"token": "happen", "start_char": 2873, "end_char": 2879, "token_label": "Doubt"}, {"token": ".", "start_char": 2879, "end_char": 2880, "token_label": "Doubt"}], "news_discourse_role": 8, "news_discourse_role_prob_0": 0.00027457368560135365, "news_discourse_role_prob_1": 0.005330364219844341, "news_discourse_role_prob_2": 0.0057170516811311245, "news_discourse_role_prob_3": 0.0007421319605782628, "news_discourse_role_prob_4": 0.006027460563927889, "news_discourse_role_prob_5": 0.0004242265713401139, "news_discourse_role_prob_6": 0.008408940397202969, "news_discourse_role_prob_7": 0.12956523895263672, "news_discourse_role_prob_8": 0.8435100317001343, "previous_discourse_relation": 0, "previous_discourse_relation_prob_comp": 0.9983381032943726, "previous_discourse_relation_prob_cont": 0.00018323167751077563, "previous_discourse_relation_prob_temp": 4.7505945985903963e-05, "previous_discourse_relation_prob_expan": 0.0014310969272628427, "latter_discourse_relation": 0, "latter_discourse_relation_prob_comp": 0.6686035990715027, "latter_discourse_relation_prob_cont": 0.3172815442085266, "latter_discourse_relation_prob_temp": 0.00020527867309283465, "latter_discourse_relation_prob_expan": 0.013909514993429184}, {"sentence_id": 30, "sentence_start": 2881, "sentence_end": 2928, "sentence_text": "But the story is breaking through the embargo.", "sentence_label": "NA", "tokens_list": ["But", "the", "story", "is", "breaking", "through", "the", "embargo", "."], "tokens_dicts_list": [{"token": "But", "start_char": 2881, "end_char": 2884, "token_label": "NA"}, {"token": "the", "start_char": 2885, "end_char": 2888, "token_label": "NA"}, {"token": "story", "start_char": 2889, "end_char": 2894, "token_label": "NA"}, {"token": "is", "start_char": 2895, "end_char": 2897, "token_label": "NA"}, {"token": "breaking", "start_char": 2898, "end_char": 2906, "token_label": "NA"}, {"token": "through", "start_char": 2907, "end_char": 2914, "token_label": "NA"}, {"token": "the", "start_char": 2915, "end_char": 2918, "token_label": "NA"}, {"token": "embargo", "start_char": 2919, "end_char": 2926, "token_label": "NA"}, {"token": ".", "start_char": 2926, "end_char": 2927, "token_label": "NA"}], "news_discourse_role": 7, "news_discourse_role_prob_0": 0.0022056850139051676, "news_discourse_role_prob_1": 0.05392291769385338, "news_discourse_role_prob_2": 0.01509048417210579, "news_discourse_role_prob_3": 0.016497798264026642, "news_discourse_role_prob_4": 0.1522672176361084, "news_discourse_role_prob_5": 0.0013484149239957333, "news_discourse_role_prob_6": 0.010028433054685593, "news_discourse_role_prob_7": 0.7365357875823975, "news_discourse_role_prob_8": 0.012103244662284851, "previous_discourse_relation": 0, "previous_discourse_relation_prob_comp": 0.6686035990715027, "previous_discourse_relation_prob_cont": 0.3172815442085266, "previous_discourse_relation_prob_temp": 0.00020527867309283465, "previous_discourse_relation_prob_expan": 0.013909514993429184, "latter_discourse_relation": 3, "latter_discourse_relation_prob_comp": 0.0002116160176228732, "latter_discourse_relation_prob_cont": 0.10406534373760223, "latter_discourse_relation_prob_temp": 0.00011831523443106562, "latter_discourse_relation_prob_expan": 0.8956047296524048}, {"sentence_id": 31, "sentence_start": 2928, "sentence_end": 3029, "sentence_text": "We're starting to have that \"national dialogue\" about racism that the left keeps wanting us to have.", "sentence_label": "Red_Herring", "tokens_list": ["We", "'re", "starting", "to", "have", "that", "\"", "national", "dialogue", "\"", "about", "racism", "that", "the", "left", "keeps", "wanting", "us", "to", "have", "."], "tokens_dicts_list": [{"token": "We", "start_char": 2928, "end_char": 2930, "token_label": "Red_Herring"}, {"token": "'re", "start_char": 2930, "end_char": 2933, "token_label": "Red_Herring"}, {"token": "starting", "start_char": 2934, "end_char": 2942, "token_label": "Red_Herring"}, {"token": "to", "start_char": 2943, "end_char": 2945, "token_label": "Red_Herring"}, {"token": "have", "start_char": 2946, "end_char": 2950, "token_label": "Red_Herring"}, {"token": "that", "start_char": 2951, "end_char": 2955, "token_label": "Red_Herring"}, {"token": "\"", "start_char": 2956, "end_char": 2957, "token_label": "Red_Herring"}, {"token": "national", "start_char": 2957, "end_char": 2965, "token_label": "Red_Herring"}, {"token": "dialogue", "start_char": 2966, "end_char": 2974, "token_label": "Red_Herring"}, {"token": "\"", "start_char": 2974, "end_char": 2975, "token_label": "Red_Herring"}, {"token": "about", "start_char": 2976, "end_char": 2981, "token_label": "Red_Herring"}, {"token": "racism", "start_char": 2982, "end_char": 2988, "token_label": "Red_Herring"}, {"token": "that", "start_char": 2989, "end_char": 2993, "token_label": "Red_Herring"}, {"token": "the", "start_char": 2994, "end_char": 2997, "token_label": "Red_Herring"}, {"token": "left", "start_char": 2998, "end_char": 3002, "token_label": "Red_Herring"}, {"token": "keeps", "start_char": 3003, "end_char": 3008, "token_label": "Red_Herring"}, {"token": "wanting", "start_char": 3009, "end_char": 3016, "token_label": "Red_Herring"}, {"token": "us", "start_char": 3017, "end_char": 3019, "token_label": "Red_Herring"}, {"token": "to", "start_char": 3020, "end_char": 3022, "token_label": "Red_Herring"}, {"token": "have", "start_char": 3023, "end_char": 3027, "token_label": "Red_Herring"}, {"token": ".", "start_char": 3027, "end_char": 3028, "token_label": "Red_Herring"}], "news_discourse_role": 7, "news_discourse_role_prob_0": 0.00018457624537404627, "news_discourse_role_prob_1": 0.002630014205351472, "news_discourse_role_prob_2": 0.003406649688258767, "news_discourse_role_prob_3": 0.005224047228693962, "news_discourse_role_prob_4": 0.022559572011232376, "news_discourse_role_prob_5": 0.007232063915580511, "news_discourse_role_prob_6": 0.012335115112364292, "news_discourse_role_prob_7": 0.8863467574119568, "news_discourse_role_prob_8": 0.06008119881153107, "previous_discourse_relation": 3, "previous_discourse_relation_prob_comp": 0.0002116160176228732, "previous_discourse_relation_prob_cont": 0.10406534373760223, "previous_discourse_relation_prob_temp": 0.00011831523443106562, "previous_discourse_relation_prob_expan": 0.8956047296524048, "latter_discourse_relation": -1}]}