{"file_name": "./Propaganda/json_annotations/train/article729549972.json", "num_sentences": 17, "sentences": [{"sentence_id": 0, "sentence_start": 0, "sentence_end": 45, "sentence_text": "NASA captures farthest ever image from Earth", "sentence_label": "Exaggeration,Minimisation", "tokens_list": ["NASA", "captures", "farthest", "ever", "image", "from", "Earth"], "tokens_dicts_list": [{"token": "NASA", "start_char": 0, "end_char": 4, "token_label": "NA"}, {"token": "captures", "start_char": 5, "end_char": 13, "token_label": "NA"}, {"token": "farthest", "start_char": 14, "end_char": 22, "token_label": "Exaggeration,Minimisation"}, {"token": "ever", "start_char": 23, "end_char": 27, "token_label": "Exaggeration,Minimisation"}, {"token": "image", "start_char": 28, "end_char": 33, "token_label": "Exaggeration,Minimisation"}, {"token": "from", "start_char": 34, "end_char": 38, "token_label": "NA"}, {"token": "Earth", "start_char": 39, "end_char": 44, "token_label": "NA"}], "news_discourse_role": 0, "news_discourse_role_prob_0": 0.9088262319564819, "news_discourse_role_prob_1": 0.06050744280219078, "news_discourse_role_prob_2": 0.0032863465603441, "news_discourse_role_prob_3": 0.012878764420747757, "news_discourse_role_prob_4": 0.013262247666716576, "news_discourse_role_prob_5": 0.0004406666848808527, "news_discourse_role_prob_6": 0.0001257407566299662, "news_discourse_role_prob_7": 0.0005234354175627232, "news_discourse_role_prob_8": 0.00014902309339959174, "latter_discourse_relation": 3, "latter_discourse_relation_prob_comp": 0.0003495777491480112, "latter_discourse_relation_prob_cont": 0.0009346138685941696, "latter_discourse_relation_prob_temp": 0.00016805723134893924, "latter_discourse_relation_prob_expan": 0.9985476136207581, "previous_discourse_relation": -1}, {"sentence_id": 1, "sentence_start": 46, "sentence_end": 124, "sentence_text": "\u00a9 Press Release The historic photograph taken by the New Horizons spacecraft.", "sentence_label": "NA", "tokens_list": ["\u00a9", "Press", "Release", "The", "historic", "photograph", "taken", "by", "the", "New", "Horizons", "spacecraft", "."], "tokens_dicts_list": [{"token": "\u00a9", "start_char": 46, "end_char": 47, "token_label": "NA"}, {"token": "Press", "start_char": 48, "end_char": 53, "token_label": "NA"}, {"token": "Release", "start_char": 54, "end_char": 61, "token_label": "NA"}, {"token": "The", "start_char": 62, "end_char": 65, "token_label": "NA"}, {"token": "historic", "start_char": 66, "end_char": 74, "token_label": "NA"}, {"token": "photograph", "start_char": 75, "end_char": 85, "token_label": "NA"}, {"token": "taken", "start_char": 86, "end_char": 91, "token_label": "NA"}, {"token": "by", "start_char": 92, "end_char": 94, "token_label": "NA"}, {"token": "the", "start_char": 95, "end_char": 98, "token_label": "NA"}, {"token": "New", "start_char": 99, "end_char": 102, "token_label": "NA"}, {"token": "Horizons", "start_char": 103, "end_char": 111, "token_label": "NA"}, {"token": "spacecraft", "start_char": 112, "end_char": 122, "token_label": "NA"}, {"token": ".", "start_char": 122, "end_char": 123, "token_label": "NA"}], "news_discourse_role": 0, "news_discourse_role_prob_0": 0.9997186064720154, "news_discourse_role_prob_1": 6.955445860512555e-05, "news_discourse_role_prob_2": 1.2007053555862512e-05, "news_discourse_role_prob_3": 2.0332705389591865e-05, "news_discourse_role_prob_4": 0.00017730501713231206, "news_discourse_role_prob_5": 1.3262077800391125e-06, "news_discourse_role_prob_6": 2.0919814858189056e-07, "news_discourse_role_prob_7": 2.1031777919233718e-07, "news_discourse_role_prob_8": 3.5215518323639117e-07, "previous_discourse_relation": 3, "previous_discourse_relation_prob_comp": 0.0003495777491480112, "previous_discourse_relation_prob_cont": 0.0009346138685941696, "previous_discourse_relation_prob_temp": 0.00016805723134893924, "previous_discourse_relation_prob_expan": 0.9985476136207581, "latter_discourse_relation": 3, "latter_discourse_relation_prob_comp": 0.0003550242108758539, "latter_discourse_relation_prob_cont": 0.0008358524646610022, "latter_discourse_relation_prob_temp": 0.0021979331504553556, "latter_discourse_relation_prob_expan": 0.9966111779212952}, {"sentence_id": 2, "sentence_start": 124, "sentence_end": 134, "sentence_text": "Pic: NASA", "sentence_label": "NA", "tokens_list": ["Pic", ":", "NASA"], "tokens_dicts_list": [{"token": "Pic", "start_char": 124, "end_char": 127, "token_label": "NA"}, {"token": ":", "start_char": 127, "end_char": 128, "token_label": "NA"}, {"token": "NASA", "start_char": 129, "end_char": 133, "token_label": "NA"}], "news_discourse_role": 0, "news_discourse_role_prob_0": 0.9997987151145935, "news_discourse_role_prob_1": 2.4746714188950136e-06, "news_discourse_role_prob_2": 5.222950676397886e-06, "news_discourse_role_prob_3": 4.271092620911077e-06, "news_discourse_role_prob_4": 0.00018796115182340145, "news_discourse_role_prob_5": 1.168802668871649e-06, "news_discourse_role_prob_6": 6.303416455466504e-08, "news_discourse_role_prob_7": 1.3167010592951556e-07, "news_discourse_role_prob_8": 5.786822754316745e-08, "previous_discourse_relation": 3, "previous_discourse_relation_prob_comp": 0.0003550242108758539, "previous_discourse_relation_prob_cont": 0.0008358524646610022, "previous_discourse_relation_prob_temp": 0.0021979331504553556, "previous_discourse_relation_prob_expan": 0.9966111779212952, "latter_discourse_relation": 3, "latter_discourse_relation_prob_comp": 0.00288201030343771, "latter_discourse_relation_prob_cont": 0.033397551625967026, "latter_discourse_relation_prob_temp": 0.0019636244978755713, "latter_discourse_relation_prob_expan": 0.9617568850517273}, {"sentence_id": 3, "sentence_start": 134, "sentence_end": 270, "sentence_text": "NASA has released a record-breaking photograph taken by the New Horizons spacecraft when it was 3.79 billion miles away from the Earth.", "sentence_label": "Loaded_Language", "tokens_list": ["NASA", "has", "released", "a", "record-breaking", "photograph", "taken", "by", "the", "New", "Horizons", "spacecraft", "when", "it", "was", "3.79", "billion", "miles", "away", "from", "the", "Earth", "."], "tokens_dicts_list": [{"token": "NASA", "start_char": 134, "end_char": 138, "token_label": "NA"}, {"token": "has", "start_char": 139, "end_char": 142, "token_label": "NA"}, {"token": "released", "start_char": 143, "end_char": 151, "token_label": "NA"}, {"token": "a", "start_char": 152, "end_char": 153, "token_label": "NA"}, {"token": "record-breaking", "start_char": 154, "end_char": 169, "token_label": "Loaded_Language"}, {"token": "photograph", "start_char": 170, "end_char": 180, "token_label": "NA"}, {"token": "taken", "start_char": 181, "end_char": 186, "token_label": "NA"}, {"token": "by", "start_char": 187, "end_char": 189, "token_label": "NA"}, {"token": "the", "start_char": 190, "end_char": 193, "token_label": "NA"}, {"token": "New", "start_char": 194, "end_char": 197, "token_label": "NA"}, {"token": "Horizons", "start_char": 198, "end_char": 206, "token_label": "NA"}, {"token": "spacecraft", "start_char": 207, "end_char": 217, "token_label": "NA"}, {"token": "when", "start_char": 218, "end_char": 222, "token_label": "NA"}, {"token": "it", "start_char": 223, "end_char": 225, "token_label": "NA"}, {"token": "was", "start_char": 226, "end_char": 229, "token_label": "NA"}, {"token": "3.79", "start_char": 230, "end_char": 234, "token_label": "NA"}, {"token": "billion", "start_char": 235, "end_char": 242, "token_label": "NA"}, {"token": "miles", "start_char": 243, "end_char": 248, "token_label": "NA"}, {"token": "away", "start_char": 249, "end_char": 253, "token_label": "NA"}, {"token": "from", "start_char": 254, "end_char": 258, "token_label": "NA"}, {"token": "the", "start_char": 259, "end_char": 262, "token_label": "NA"}, {"token": "Earth", "start_char": 263, "end_char": 268, "token_label": "NA"}, {"token": ".", "start_char": 268, "end_char": 269, "token_label": "NA"}], "news_discourse_role": 1, "news_discourse_role_prob_0": 0.2585066556930542, "news_discourse_role_prob_1": 0.5371621251106262, "news_discourse_role_prob_2": 0.0018072022357955575, "news_discourse_role_prob_3": 0.16962532699108124, "news_discourse_role_prob_4": 0.03162504732608795, "news_discourse_role_prob_5": 0.0009269960573874414, "news_discourse_role_prob_6": 9.440082794753835e-05, "news_discourse_role_prob_7": 0.00017667101928964257, "news_discourse_role_prob_8": 7.55897635826841e-05, "previous_discourse_relation": 3, "previous_discourse_relation_prob_comp": 0.00288201030343771, "previous_discourse_relation_prob_cont": 0.033397551625967026, "previous_discourse_relation_prob_temp": 0.0019636244978755713, "previous_discourse_relation_prob_expan": 0.9617568850517273, "latter_discourse_relation": 3, "latter_discourse_relation_prob_comp": 0.001834114664234221, "latter_discourse_relation_prob_cont": 0.01699848100543022, "latter_discourse_relation_prob_temp": 0.02592516876757145, "latter_discourse_relation_prob_expan": 0.9552422761917114}, {"sentence_id": 4, "sentence_start": 270, "sentence_end": 416, "sentence_text": "New Horizons flew past Pluto in July 2015, taking pictures which revealed an even more diverse landscape than scientists had previously imagined.", "sentence_label": "NA", "tokens_list": ["New", "Horizons", "flew", "past", "Pluto", "in", "July", "2015", ",", "taking", "pictures", "which", "revealed", "an", "even", "more", "diverse", "landscape", "than", "scientists", "had", "previously", "imagined", "."], "tokens_dicts_list": [{"token": "New", "start_char": 270, "end_char": 273, "token_label": "NA"}, {"token": "Horizons", "start_char": 274, "end_char": 282, "token_label": "NA"}, {"token": "flew", "start_char": 283, "end_char": 287, "token_label": "NA"}, {"token": "past", "start_char": 288, "end_char": 292, "token_label": "NA"}, {"token": "Pluto", "start_char": 293, "end_char": 298, "token_label": "NA"}, {"token": "in", "start_char": 299, "end_char": 301, "token_label": "NA"}, {"token": "July", "start_char": 302, "end_char": 306, "token_label": "NA"}, {"token": "2015", "start_char": 307, "end_char": 311, "token_label": "NA"}, {"token": ",", "start_char": 311, "end_char": 312, "token_label": "NA"}, {"token": "taking", "start_char": 313, "end_char": 319, "token_label": "NA"}, {"token": "pictures", "start_char": 320, "end_char": 328, "token_label": "NA"}, {"token": "which", "start_char": 329, "end_char": 334, "token_label": "NA"}, {"token": "revealed", "start_char": 335, "end_char": 343, "token_label": "NA"}, {"token": "an", "start_char": 344, "end_char": 346, "token_label": "NA"}, {"token": "even", "start_char": 347, "end_char": 351, "token_label": "NA"}, {"token": "more", "start_char": 352, "end_char": 356, "token_label": "NA"}, {"token": "diverse", "start_char": 357, "end_char": 364, "token_label": "NA"}, {"token": "landscape", "start_char": 365, "end_char": 374, "token_label": "NA"}, {"token": "than", "start_char": 375, "end_char": 379, "token_label": "NA"}, {"token": "scientists", "start_char": 380, "end_char": 390, "token_label": "NA"}, {"token": "had", "start_char": 391, "end_char": 394, "token_label": "NA"}, {"token": "previously", "start_char": 395, "end_char": 405, "token_label": "NA"}, {"token": "imagined", "start_char": 406, "end_char": 414, "token_label": "NA"}, {"token": ".", "start_char": 414, "end_char": 415, "token_label": "NA"}], "news_discourse_role": 5, "news_discourse_role_prob_0": 1.6870015315362252e-05, "news_discourse_role_prob_1": 4.559721674013417e-06, "news_discourse_role_prob_2": 1.8873107592298766e-06, "news_discourse_role_prob_3": 0.00040255929343402386, "news_discourse_role_prob_4": 0.00032059504883363843, "news_discourse_role_prob_5": 0.999240517616272, "news_discourse_role_prob_6": 1.9301719476061407e-06, "news_discourse_role_prob_7": 8.757190698815975e-06, "news_discourse_role_prob_8": 2.380452315264847e-06, "previous_discourse_relation": 3, "previous_discourse_relation_prob_comp": 0.001834114664234221, "previous_discourse_relation_prob_cont": 0.01699848100543022, "previous_discourse_relation_prob_temp": 0.02592516876757145, "previous_discourse_relation_prob_expan": 0.9552422761917114, "latter_discourse_relation": 2, "latter_discourse_relation_prob_comp": 0.005155208054929972, "latter_discourse_relation_prob_cont": 0.0036011331249028444, "latter_discourse_relation_prob_temp": 0.6775721907615662, "latter_discourse_relation_prob_expan": 0.3136714696884155}, {"sentence_id": 5, "sentence_start": 416, "sentence_end": 612, "sentence_text": "After the fly-by, the spacecraft continued into the Kuiper Belt - similar to the asteroid belt but further out from the Sun and composed of dwarf planets and frozen ice, rather than rocky bodies.", "sentence_label": "NA", "tokens_list": ["After", "the", "fly-by", ",", "the", "spacecraft", "continued", "into", "the", "Kuiper", "Belt", "-", "similar", "to", "the", "asteroid", "belt", "but", "further", "out", "from", "the", "Sun", "and", "composed", "of", "dwarf", "planets", "and", "frozen", "ice", ",", "rather", "than", "rocky", "bodies", "."], "tokens_dicts_list": [{"token": "After", "start_char": 416, "end_char": 421, "token_label": "NA"}, {"token": "the", "start_char": 422, "end_char": 425, "token_label": "NA"}, {"token": "fly-by", "start_char": 426, "end_char": 432, "token_label": "NA"}, {"token": ",", "start_char": 432, "end_char": 433, "token_label": "NA"}, {"token": "the", "start_char": 434, "end_char": 437, "token_label": "NA"}, {"token": "spacecraft", "start_char": 438, "end_char": 448, "token_label": "NA"}, {"token": "continued", "start_char": 449, "end_char": 458, "token_label": "NA"}, {"token": "into", "start_char": 459, "end_char": 463, "token_label": "NA"}, {"token": "the", "start_char": 464, "end_char": 467, "token_label": "NA"}, {"token": "Kuiper", "start_char": 468, "end_char": 474, "token_label": "NA"}, {"token": "Belt", "start_char": 475, "end_char": 479, "token_label": "NA"}, {"token": "-", "start_char": 480, "end_char": 481, "token_label": "NA"}, {"token": "similar", "start_char": 482, "end_char": 489, "token_label": "NA"}, {"token": "to", "start_char": 490, "end_char": 492, "token_label": "NA"}, {"token": "the", "start_char": 493, "end_char": 496, "token_label": "NA"}, {"token": "asteroid", "start_char": 497, "end_char": 505, "token_label": "NA"}, {"token": "belt", "start_char": 506, "end_char": 510, "token_label": "NA"}, {"token": "but", "start_char": 511, "end_char": 514, "token_label": "NA"}, {"token": "further", "start_char": 515, "end_char": 522, "token_label": "NA"}, {"token": "out", "start_char": 523, "end_char": 526, "token_label": "NA"}, {"token": "from", "start_char": 527, "end_char": 531, "token_label": "NA"}, {"token": "the", "start_char": 532, "end_char": 535, "token_label": "NA"}, {"token": "Sun", "start_char": 536, "end_char": 539, "token_label": "NA"}, {"token": "and", "start_char": 540, "end_char": 543, "token_label": "NA"}, {"token": "composed", "start_char": 544, "end_char": 552, "token_label": "NA"}, {"token": "of", "start_char": 553, "end_char": 555, "token_label": "NA"}, {"token": "dwarf", "start_char": 556, "end_char": 561, "token_label": "NA"}, {"token": "planets", "start_char": 562, "end_char": 569, "token_label": "NA"}, {"token": "and", "start_char": 570, "end_char": 573, "token_label": "NA"}, {"token": "frozen", "start_char": 574, "end_char": 580, "token_label": "NA"}, {"token": "ice", "start_char": 581, "end_char": 584, "token_label": "NA"}, {"token": ",", "start_char": 584, "end_char": 585, "token_label": "NA"}, {"token": "rather", "start_char": 586, "end_char": 592, "token_label": "NA"}, {"token": "than", "start_char": 593, "end_char": 597, "token_label": "NA"}, {"token": "rocky", "start_char": 598, "end_char": 603, "token_label": "NA"}, {"token": "bodies", "start_char": 604, "end_char": 610, "token_label": "NA"}, {"token": ".", "start_char": 610, "end_char": 611, "token_label": "NA"}], "news_discourse_role": 5, "news_discourse_role_prob_0": 4.037674443679862e-06, "news_discourse_role_prob_1": 3.833649316220544e-05, "news_discourse_role_prob_2": 7.609154181409394e-06, "news_discourse_role_prob_3": 0.002234813291579485, "news_discourse_role_prob_4": 0.005457024555653334, "news_discourse_role_prob_5": 0.9922094345092773, "news_discourse_role_prob_6": 5.824379059049534e-06, "news_discourse_role_prob_7": 2.666669934114907e-05, "news_discourse_role_prob_8": 1.6257619790849276e-05, "previous_discourse_relation": 2, "previous_discourse_relation_prob_comp": 0.005155208054929972, "previous_discourse_relation_prob_cont": 0.0036011331249028444, "previous_discourse_relation_prob_temp": 0.6775721907615662, "previous_discourse_relation_prob_expan": 0.3136714696884155, "latter_discourse_relation": 1, "latter_discourse_relation_prob_comp": 0.09827106446027756, "latter_discourse_relation_prob_cont": 0.6173627376556396, "latter_discourse_relation_prob_temp": 0.03252895921468735, "latter_discourse_relation_prob_expan": 0.25183728337287903}, {"sentence_id": 6, "sentence_start": 612, "sentence_end": 772, "sentence_text": "Now, using its Long Range Reconnaissance Imager (LORRI), the spacecraft has photographed several Kuiper Belt objects (KBOs) and dwarf planets at unique angles.", "sentence_label": "NA", "tokens_list": ["Now", ",", "using", "its", "Long", "Range", "Reconnaissance", "Imager", "(", "LORRI", ")", ",", "the", "spacecraft", "has", "photographed", "several", "Kuiper", "Belt", "objects", "(", "KBOs", ")", "and", "dwarf", "planets", "at", "unique", "angles", "."], "tokens_dicts_list": [{"token": "Now", "start_char": 612, "end_char": 615, "token_label": "NA"}, {"token": ",", "start_char": 615, "end_char": 616, "token_label": "NA"}, {"token": "using", "start_char": 617, "end_char": 622, "token_label": "NA"}, {"token": "its", "start_char": 623, "end_char": 626, "token_label": "NA"}, {"token": "Long", "start_char": 627, "end_char": 631, "token_label": "NA"}, {"token": "Range", "start_char": 632, "end_char": 637, "token_label": "NA"}, {"token": "Reconnaissance", "start_char": 638, "end_char": 652, "token_label": "NA"}, {"token": "Imager", "start_char": 653, "end_char": 659, "token_label": "NA"}, {"token": "(", "start_char": 660, "end_char": 661, "token_label": "NA"}, {"token": "LORRI", "start_char": 661, "end_char": 666, "token_label": "NA"}, {"token": ")", "start_char": 666, "end_char": 667, "token_label": "NA"}, {"token": ",", "start_char": 667, "end_char": 668, "token_label": "NA"}, {"token": "the", "start_char": 669, "end_char": 672, "token_label": "NA"}, {"token": "spacecraft", "start_char": 673, "end_char": 683, "token_label": "NA"}, {"token": "has", "start_char": 684, "end_char": 687, "token_label": "NA"}, {"token": "photographed", "start_char": 688, "end_char": 700, "token_label": "NA"}, {"token": "several", "start_char": 701, "end_char": 708, "token_label": "NA"}, {"token": "Kuiper", "start_char": 709, "end_char": 715, "token_label": "NA"}, {"token": "Belt", "start_char": 716, "end_char": 720, "token_label": "NA"}, {"token": "objects", "start_char": 721, "end_char": 728, "token_label": "NA"}, {"token": "(", "start_char": 729, "end_char": 730, "token_label": "NA"}, {"token": "KBOs", "start_char": 730, "end_char": 734, "token_label": "NA"}, {"token": ")", "start_char": 734, "end_char": 735, "token_label": "NA"}, {"token": "and", "start_char": 736, "end_char": 739, "token_label": "NA"}, {"token": "dwarf", "start_char": 740, "end_char": 745, "token_label": "NA"}, {"token": "planets", "start_char": 746, "end_char": 753, "token_label": "NA"}, {"token": "at", "start_char": 754, "end_char": 756, "token_label": "NA"}, {"token": "unique", "start_char": 757, "end_char": 763, "token_label": "NA"}, {"token": "angles", "start_char": 764, "end_char": 770, "token_label": "NA"}, {"token": ".", "start_char": 770, "end_char": 771, "token_label": "NA"}], "news_discourse_role": 4, "news_discourse_role_prob_0": 0.00010001148621086031, "news_discourse_role_prob_1": 0.0067777992226183414, "news_discourse_role_prob_2": 0.0024751690216362476, "news_discourse_role_prob_3": 0.006655372213572264, "news_discourse_role_prob_4": 0.9820271134376526, "news_discourse_role_prob_5": 0.0013408681843429804, "news_discourse_role_prob_6": 6.234034663066268e-05, "news_discourse_role_prob_7": 0.0003618311311583966, "news_discourse_role_prob_8": 0.00019947958935517818, "previous_discourse_relation": 1, "previous_discourse_relation_prob_comp": 0.09827106446027756, "previous_discourse_relation_prob_cont": 0.6173627376556396, "previous_discourse_relation_prob_temp": 0.03252895921468735, "previous_discourse_relation_prob_expan": 0.25183728337287903, "latter_discourse_relation": 3, "latter_discourse_relation_prob_comp": 0.0006100637256167829, "latter_discourse_relation_prob_cont": 6.424103048630059e-05, "latter_discourse_relation_prob_temp": 0.00016853614943102002, "latter_discourse_relation_prob_expan": 0.999157190322876}, {"sentence_id": 7, "sentence_start": 772, "sentence_end": 829, "sentence_text": "\u00a9 Other A zoomed-in version of the 'Pale Blue Dot' image", "sentence_label": "NA", "tokens_list": ["\u00a9", "Other", "A", "zoomed-in", "version", "of", "the", "'Pale", "Blue", "Dot", "'", "image"], "tokens_dicts_list": [{"token": "\u00a9", "start_char": 772, "end_char": 773, "token_label": "NA"}, {"token": "Other", "start_char": 774, "end_char": 779, "token_label": "NA"}, {"token": "A", "start_char": 780, "end_char": 781, "token_label": "NA"}, {"token": "zoomed-in", "start_char": 782, "end_char": 791, "token_label": "NA"}, {"token": "version", "start_char": 792, "end_char": 799, "token_label": "NA"}, {"token": "of", "start_char": 800, "end_char": 802, "token_label": "NA"}, {"token": "the", "start_char": 803, "end_char": 806, "token_label": "NA"}, {"token": "'Pale", "start_char": 807, "end_char": 812, "token_label": "NA"}, {"token": "Blue", "start_char": 813, "end_char": 817, "token_label": "NA"}, {"token": "Dot", "start_char": 818, "end_char": 821, "token_label": "NA"}, {"token": "'", "start_char": 821, "end_char": 822, "token_label": "NA"}, {"token": "image", "start_char": 823, "end_char": 828, "token_label": "NA"}], "news_discourse_role": 0, "news_discourse_role_prob_0": 0.9979637861251831, "news_discourse_role_prob_1": 7.563543022115482e-06, "news_discourse_role_prob_2": 3.432313314988278e-05, "news_discourse_role_prob_3": 9.196920473186765e-06, "news_discourse_role_prob_4": 0.0019665160216391087, "news_discourse_role_prob_5": 1.3347345884540118e-05, "news_discourse_role_prob_6": 1.9912054085580166e-06, "news_discourse_role_prob_7": 2.4571768335590605e-06, "news_discourse_role_prob_8": 8.306209338115877e-07, "previous_discourse_relation": 3, "previous_discourse_relation_prob_comp": 0.0006100637256167829, "previous_discourse_relation_prob_cont": 6.424103048630059e-05, "previous_discourse_relation_prob_temp": 0.00016853614943102002, "previous_discourse_relation_prob_expan": 0.999157190322876, "latter_discourse_relation": 3, "latter_discourse_relation_prob_comp": 0.0011654839618131518, "latter_discourse_relation_prob_cont": 0.013268021866679192, "latter_discourse_relation_prob_temp": 0.0003772443742491305, "latter_discourse_relation_prob_expan": 0.9851893186569214}, {"sentence_id": 8, "sentence_start": 829, "sentence_end": 990, "sentence_text": "The false-colour images released by NASA are the farthest from Earth ever captured by a spacecraft, and are also the closest-ever images of Kuiper Belt objects.", "sentence_label": "NA", "tokens_list": ["The", "false-colour", "images", "released", "by", "NASA", "are", "the", "farthest", "from", "Earth", "ever", "captured", "by", "a", "spacecraft", ",", "and", "are", "also", "the", "closest-ever", "images", "of", "Kuiper", "Belt", "objects", "."], "tokens_dicts_list": [{"token": "The", "start_char": 829, "end_char": 832, "token_label": "NA"}, {"token": "false-colour", "start_char": 833, "end_char": 845, "token_label": "NA"}, {"token": "images", "start_char": 846, "end_char": 852, "token_label": "NA"}, {"token": "released", "start_char": 853, "end_char": 861, "token_label": "NA"}, {"token": "by", "start_char": 862, "end_char": 864, "token_label": "NA"}, {"token": "NASA", "start_char": 865, "end_char": 869, "token_label": "NA"}, {"token": "are", "start_char": 870, "end_char": 873, "token_label": "NA"}, {"token": "the", "start_char": 874, "end_char": 877, "token_label": "NA"}, {"token": "farthest", "start_char": 878, "end_char": 886, "token_label": "NA"}, {"token": "from", "start_char": 887, "end_char": 891, "token_label": "NA"}, {"token": "Earth", "start_char": 892, "end_char": 897, "token_label": "NA"}, {"token": "ever", "start_char": 898, "end_char": 902, "token_label": "NA"}, {"token": "captured", "start_char": 903, "end_char": 911, "token_label": "NA"}, {"token": "by", "start_char": 912, "end_char": 914, "token_label": "NA"}, {"token": "a", "start_char": 915, "end_char": 916, "token_label": "NA"}, {"token": "spacecraft", "start_char": 917, "end_char": 927, "token_label": "NA"}, {"token": ",", "start_char": 927, "end_char": 928, "token_label": "NA"}, {"token": "and", "start_char": 929, "end_char": 932, "token_label": "NA"}, {"token": "are", "start_char": 933, "end_char": 936, "token_label": "NA"}, {"token": "also", "start_char": 937, "end_char": 941, "token_label": "NA"}, {"token": "the", "start_char": 942, "end_char": 945, "token_label": "NA"}, {"token": "closest-ever", "start_char": 946, "end_char": 958, "token_label": "NA"}, {"token": "images", "start_char": 959, "end_char": 965, "token_label": "NA"}, {"token": "of", "start_char": 966, "end_char": 968, "token_label": "NA"}, {"token": "Kuiper", "start_char": 969, "end_char": 975, "token_label": "NA"}, {"token": "Belt", "start_char": 976, "end_char": 980, "token_label": "NA"}, {"token": "objects", "start_char": 981, "end_char": 988, "token_label": "NA"}, {"token": ".", "start_char": 988, "end_char": 989, "token_label": "NA"}], "news_discourse_role": 4, "news_discourse_role_prob_0": 0.0005907734157517552, "news_discourse_role_prob_1": 0.05193225294351578, "news_discourse_role_prob_2": 0.005353898741304874, "news_discourse_role_prob_3": 0.005796333309262991, "news_discourse_role_prob_4": 0.9352360367774963, "news_discourse_role_prob_5": 8.975833770819008e-05, "news_discourse_role_prob_6": 1.8154216377297416e-05, "news_discourse_role_prob_7": 0.0004162592231296003, "news_discourse_role_prob_8": 0.0005665181088261306, "previous_discourse_relation": 3, "previous_discourse_relation_prob_comp": 0.0011654839618131518, "previous_discourse_relation_prob_cont": 0.013268021866679192, "previous_discourse_relation_prob_temp": 0.0003772443742491305, "previous_discourse_relation_prob_expan": 0.9851893186569214, "latter_discourse_relation": 3, "latter_discourse_relation_prob_comp": 0.0008358901250176132, "latter_discourse_relation_prob_cont": 0.000980455195531249, "latter_discourse_relation_prob_temp": 0.0001340364688076079, "latter_discourse_relation_prob_expan": 0.9980496168136597}, {"sentence_id": 9, "sentence_start": 990, "sentence_end": 1154, "sentence_text": "New Horizons was even further away from Earth than the Voyager 1 space probe when it turned towards the Earth on 14 February 1990 and took a picture of a tiny dot.", "sentence_label": "NA", "tokens_list": ["New", "Horizons", "was", "even", "further", "away", "from", "Earth", "than", "the", "Voyager", "1", "space", "probe", "when", "it", "turned", "towards", "the", "Earth", "on", "14", "February", "1990", "and", "took", "a", "picture", "of", "a", "tiny", "dot", "."], "tokens_dicts_list": [{"token": "New", "start_char": 990, "end_char": 993, "token_label": "NA"}, {"token": "Horizons", "start_char": 994, "end_char": 1002, "token_label": "NA"}, {"token": "was", "start_char": 1003, "end_char": 1006, "token_label": "NA"}, {"token": "even", "start_char": 1007, "end_char": 1011, "token_label": "NA"}, {"token": "further", "start_char": 1012, "end_char": 1019, "token_label": "NA"}, {"token": "away", "start_char": 1020, "end_char": 1024, "token_label": "NA"}, {"token": "from", "start_char": 1025, "end_char": 1029, "token_label": "NA"}, {"token": "Earth", "start_char": 1030, "end_char": 1035, "token_label": "NA"}, {"token": "than", "start_char": 1036, "end_char": 1040, "token_label": "NA"}, {"token": "the", "start_char": 1041, "end_char": 1044, "token_label": "NA"}, {"token": "Voyager", "start_char": 1045, "end_char": 1052, "token_label": "NA"}, {"token": "1", "start_char": 1053, "end_char": 1054, "token_label": "NA"}, {"token": "space", "start_char": 1055, "end_char": 1060, "token_label": "NA"}, {"token": "probe", "start_char": 1061, "end_char": 1066, "token_label": "NA"}, {"token": "when", "start_char": 1067, "end_char": 1071, "token_label": "NA"}, {"token": "it", "start_char": 1072, "end_char": 1074, "token_label": "NA"}, {"token": "turned", "start_char": 1075, "end_char": 1081, "token_label": "NA"}, {"token": "towards", "start_char": 1082, "end_char": 1089, "token_label": "NA"}, {"token": "the", "start_char": 1090, "end_char": 1093, "token_label": "NA"}, {"token": "Earth", "start_char": 1094, "end_char": 1099, "token_label": "NA"}, {"token": "on", "start_char": 1100, "end_char": 1102, "token_label": "NA"}, {"token": "14", "start_char": 1103, "end_char": 1105, "token_label": "NA"}, {"token": "February", "start_char": 1106, "end_char": 1114, "token_label": "NA"}, {"token": "1990", "start_char": 1115, "end_char": 1119, "token_label": "NA"}, {"token": "and", "start_char": 1120, "end_char": 1123, "token_label": "NA"}, {"token": "took", "start_char": 1124, "end_char": 1128, "token_label": "NA"}, {"token": "a", "start_char": 1129, "end_char": 1130, "token_label": "NA"}, {"token": "picture", "start_char": 1131, "end_char": 1138, "token_label": "NA"}, {"token": "of", "start_char": 1139, "end_char": 1141, "token_label": "NA"}, {"token": "a", "start_char": 1142, "end_char": 1143, "token_label": "NA"}, {"token": "tiny", "start_char": 1144, "end_char": 1148, "token_label": "NA"}, {"token": "dot", "start_char": 1149, "end_char": 1152, "token_label": "NA"}, {"token": ".", "start_char": 1152, "end_char": 1153, "token_label": "NA"}], "news_discourse_role": 5, "news_discourse_role_prob_0": 2.5147819542326033e-06, "news_discourse_role_prob_1": 1.4101616443440435e-06, "news_discourse_role_prob_2": 9.771137001735042e-07, "news_discourse_role_prob_3": 0.00017572924843989313, "news_discourse_role_prob_4": 0.00037967367097735405, "news_discourse_role_prob_5": 0.9994053840637207, "news_discourse_role_prob_6": 2.1664534415322123e-06, "news_discourse_role_prob_7": 2.802991002681665e-05, "news_discourse_role_prob_8": 4.088247806066647e-06, "previous_discourse_relation": 3, "previous_discourse_relation_prob_comp": 0.0008358901250176132, "previous_discourse_relation_prob_cont": 0.000980455195531249, "previous_discourse_relation_prob_temp": 0.0001340364688076079, "previous_discourse_relation_prob_expan": 0.9980496168136597, "latter_discourse_relation": 3, "latter_discourse_relation_prob_comp": 0.009086256846785545, "latter_discourse_relation_prob_cont": 0.16024130582809448, "latter_discourse_relation_prob_temp": 0.3679676055908203, "latter_discourse_relation_prob_expan": 0.46270477771759033}, {"sentence_id": 10, "sentence_start": 1154, "sentence_end": 1390, "sentence_text": "In 1994, US astronomer Carl Sagan reflected on the significance of the photograph to an audience at Cornell University, famously coining its name as the \"Pale Blue Dot\", and giving one of the most widely published speeches of all time.", "sentence_label": "Name_Calling,Labeling", "tokens_list": ["In", "1994", ",", "US", "astronomer", "Carl", "Sagan", "reflected", "on", "the", "significance", "of", "the", "photograph", "to", "an", "audience", "at", "Cornell", "University", ",", "famously", "coining", "its", "name", "as", "the", "\"", "Pale", "Blue", "Dot", "\"", ",", "and", "giving", "one", "of", "the", "most", "widely", "published", "speeches", "of", "all", "time", "."], "tokens_dicts_list": [{"token": "In", "start_char": 1154, "end_char": 1156, "token_label": "NA"}, {"token": "1994", "start_char": 1157, "end_char": 1161, "token_label": "NA"}, {"token": ",", "start_char": 1161, "end_char": 1162, "token_label": "NA"}, {"token": "US", "start_char": 1163, "end_char": 1165, "token_label": "NA"}, {"token": "astronomer", "start_char": 1166, "end_char": 1176, "token_label": "NA"}, {"token": "Carl", "start_char": 1177, "end_char": 1181, "token_label": "NA"}, {"token": "Sagan", "start_char": 1182, "end_char": 1187, "token_label": "NA"}, {"token": "reflected", "start_char": 1188, "end_char": 1197, "token_label": "NA"}, {"token": "on", "start_char": 1198, "end_char": 1200, "token_label": "NA"}, {"token": "the", "start_char": 1201, "end_char": 1204, "token_label": "NA"}, {"token": "significance", "start_char": 1205, "end_char": 1217, "token_label": "NA"}, {"token": "of", "start_char": 1218, "end_char": 1220, "token_label": "NA"}, {"token": "the", "start_char": 1221, "end_char": 1224, "token_label": "NA"}, {"token": "photograph", "start_char": 1225, "end_char": 1235, "token_label": "NA"}, {"token": "to", "start_char": 1236, "end_char": 1238, "token_label": "NA"}, {"token": "an", "start_char": 1239, "end_char": 1241, "token_label": "NA"}, {"token": "audience", "start_char": 1242, "end_char": 1250, "token_label": "NA"}, {"token": "at", "start_char": 1251, "end_char": 1253, "token_label": "NA"}, {"token": "Cornell", "start_char": 1254, "end_char": 1261, "token_label": "NA"}, {"token": "University", "start_char": 1262, "end_char": 1272, "token_label": "NA"}, {"token": ",", "start_char": 1272, "end_char": 1273, "token_label": "NA"}, {"token": "famously", "start_char": 1274, "end_char": 1282, "token_label": "NA"}, {"token": "coining", "start_char": 1283, "end_char": 1290, "token_label": "NA"}, {"token": "its", "start_char": 1291, "end_char": 1294, "token_label": "NA"}, {"token": "name", "start_char": 1295, "end_char": 1299, "token_label": "NA"}, {"token": "as", "start_char": 1300, "end_char": 1302, "token_label": "NA"}, {"token": "the", "start_char": 1303, "end_char": 1306, "token_label": "Name_Calling,Labeling"}, {"token": "\"", "start_char": 1307, "end_char": 1308, "token_label": "Name_Calling,Labeling"}, {"token": "Pale", "start_char": 1308, "end_char": 1312, "token_label": "Name_Calling,Labeling"}, {"token": "Blue", "start_char": 1313, "end_char": 1317, "token_label": "Name_Calling,Labeling"}, {"token": "Dot", "start_char": 1318, "end_char": 1321, "token_label": "Name_Calling,Labeling"}, {"token": "\"", "start_char": 1321, "end_char": 1322, "token_label": "NA"}, {"token": ",", "start_char": 1322, "end_char": 1323, "token_label": "NA"}, {"token": "and", "start_char": 1324, "end_char": 1327, "token_label": "NA"}, {"token": "giving", "start_char": 1328, "end_char": 1334, "token_label": "NA"}, {"token": "one", "start_char": 1335, "end_char": 1338, "token_label": "NA"}, {"token": "of", "start_char": 1339, "end_char": 1341, "token_label": "NA"}, {"token": "the", "start_char": 1342, "end_char": 1345, "token_label": "NA"}, {"token": "most", "start_char": 1346, "end_char": 1350, "token_label": "NA"}, {"token": "widely", "start_char": 1351, "end_char": 1357, "token_label": "NA"}, {"token": "published", "start_char": 1358, "end_char": 1367, "token_label": "NA"}, {"token": "speeches", "start_char": 1368, "end_char": 1376, "token_label": "NA"}, {"token": "of", "start_char": 1377, "end_char": 1379, "token_label": "NA"}, {"token": "all", "start_char": 1380, "end_char": 1383, "token_label": "NA"}, {"token": "time", "start_char": 1384, "end_char": 1388, "token_label": "NA"}, {"token": ".", "start_char": 1388, "end_char": 1389, "token_label": "NA"}], "news_discourse_role": 5, "news_discourse_role_prob_0": 1.2551603276733658e-06, "news_discourse_role_prob_1": 8.218755738198524e-07, "news_discourse_role_prob_2": 1.3175373396734358e-06, "news_discourse_role_prob_3": 2.8330250643193722e-05, "news_discourse_role_prob_4": 0.0001681321009527892, "news_discourse_role_prob_5": 0.9997044205665588, "news_discourse_role_prob_6": 4.346266905486118e-06, "news_discourse_role_prob_7": 8.904648711904883e-05, "news_discourse_role_prob_8": 2.322551608813228e-06, "previous_discourse_relation": 3, "previous_discourse_relation_prob_comp": 0.009086256846785545, "previous_discourse_relation_prob_cont": 0.16024130582809448, "previous_discourse_relation_prob_temp": 0.3679676055908203, "previous_discourse_relation_prob_expan": 0.46270477771759033, "latter_discourse_relation": 3, "latter_discourse_relation_prob_comp": 0.00044070242438465357, "latter_discourse_relation_prob_cont": 0.016738498583436012, "latter_discourse_relation_prob_temp": 0.003989925142377615, "latter_discourse_relation_prob_expan": 0.978830873966217}, {"sentence_id": 11, "sentence_start": 1390, "sentence_end": 1444, "sentence_text": "\u00a9 Getty Carl Sagan and the 'Pale Blue Dot' photograph", "sentence_label": "Name_Calling,Labeling", "tokens_list": ["\u00a9", "Getty", "Carl", "Sagan", "and", "the", "'Pale", "Blue", "Dot", "'", "photograph"], "tokens_dicts_list": [{"token": "\u00a9", "start_char": 1390, "end_char": 1391, "token_label": "NA"}, {"token": "Getty", "start_char": 1392, "end_char": 1397, "token_label": "NA"}, {"token": "Carl", "start_char": 1398, "end_char": 1402, "token_label": "NA"}, {"token": "Sagan", "start_char": 1403, "end_char": 1408, "token_label": "NA"}, {"token": "and", "start_char": 1409, "end_char": 1412, "token_label": "NA"}, {"token": "the", "start_char": 1413, "end_char": 1416, "token_label": "Name_Calling,Labeling"}, {"token": "'Pale", "start_char": 1417, "end_char": 1422, "token_label": "Name_Calling,Labeling"}, {"token": "Blue", "start_char": 1423, "end_char": 1427, "token_label": "Name_Calling,Labeling"}, {"token": "Dot", "start_char": 1428, "end_char": 1431, "token_label": "Name_Calling,Labeling"}, {"token": "'", "start_char": 1431, "end_char": 1432, "token_label": "NA"}, {"token": "photograph", "start_char": 1433, "end_char": 1443, "token_label": "NA"}], "news_discourse_role": 0, "news_discourse_role_prob_0": 0.973942756652832, "news_discourse_role_prob_1": 0.00020308235252741724, "news_discourse_role_prob_2": 0.0002351531438762322, "news_discourse_role_prob_3": 0.0007678393158130348, "news_discourse_role_prob_4": 0.01739555224776268, "news_discourse_role_prob_5": 0.006474064663052559, "news_discourse_role_prob_6": 0.0001838410971686244, "news_discourse_role_prob_7": 0.0007413486600853503, "news_discourse_role_prob_8": 5.636252899421379e-05, "previous_discourse_relation": 3, "previous_discourse_relation_prob_comp": 0.00044070242438465357, "previous_discourse_relation_prob_cont": 0.016738498583436012, "previous_discourse_relation_prob_temp": 0.003989925142377615, "previous_discourse_relation_prob_expan": 0.978830873966217, "latter_discourse_relation": 3, "latter_discourse_relation_prob_comp": 0.0024269032292068005, "latter_discourse_relation_prob_cont": 0.029920892789959908, "latter_discourse_relation_prob_temp": 0.000803610950242728, "latter_discourse_relation_prob_expan": 0.9668485522270203}, {"sentence_id": 12, "sentence_start": 1444, "sentence_end": 1612, "sentence_text": "New Horizons is only the fifth man-made spacecraft to ever travel beyond the outer planets, and many of its activities are setting distance records, according to NASA.", "sentence_label": "NA", "tokens_list": ["New", "Horizons", "is", "only", "the", "fifth", "man-made", "spacecraft", "to", "ever", "travel", "beyond", "the", "outer", "planets", ",", "and", "many", "of", "its", "activities", "are", "setting", "distance", "records", ",", "according", "to", "NASA", "."], "tokens_dicts_list": [{"token": "New", "start_char": 1444, "end_char": 1447, "token_label": "NA"}, {"token": "Horizons", "start_char": 1448, "end_char": 1456, "token_label": "NA"}, {"token": "is", "start_char": 1457, "end_char": 1459, "token_label": "NA"}, {"token": "only", "start_char": 1460, "end_char": 1464, "token_label": "NA"}, {"token": "the", "start_char": 1465, "end_char": 1468, "token_label": "NA"}, {"token": "fifth", "start_char": 1469, "end_char": 1474, "token_label": "NA"}, {"token": "man-made", "start_char": 1475, "end_char": 1483, "token_label": "NA"}, {"token": "spacecraft", "start_char": 1484, "end_char": 1494, "token_label": "NA"}, {"token": "to", "start_char": 1495, "end_char": 1497, "token_label": "NA"}, {"token": "ever", "start_char": 1498, "end_char": 1502, "token_label": "NA"}, {"token": "travel", "start_char": 1503, "end_char": 1509, "token_label": "NA"}, {"token": "beyond", "start_char": 1510, "end_char": 1516, "token_label": "NA"}, {"token": "the", "start_char": 1517, "end_char": 1520, "token_label": "NA"}, {"token": "outer", "start_char": 1521, "end_char": 1526, "token_label": "NA"}, {"token": "planets", "start_char": 1527, "end_char": 1534, "token_label": "NA"}, {"token": ",", "start_char": 1534, "end_char": 1535, "token_label": "NA"}, {"token": "and", "start_char": 1536, "end_char": 1539, "token_label": "NA"}, {"token": "many", "start_char": 1540, "end_char": 1544, "token_label": "NA"}, {"token": "of", "start_char": 1545, "end_char": 1547, "token_label": "NA"}, {"token": "its", "start_char": 1548, "end_char": 1551, "token_label": "NA"}, {"token": "activities", "start_char": 1552, "end_char": 1562, "token_label": "NA"}, {"token": "are", "start_char": 1563, "end_char": 1566, "token_label": "NA"}, {"token": "setting", "start_char": 1567, "end_char": 1574, "token_label": "NA"}, {"token": "distance", "start_char": 1575, "end_char": 1583, "token_label": "NA"}, {"token": "records", "start_char": 1584, "end_char": 1591, "token_label": "NA"}, {"token": ",", "start_char": 1591, "end_char": 1592, "token_label": "NA"}, {"token": "according", "start_char": 1593, "end_char": 1602, "token_label": "NA"}, {"token": "to", "start_char": 1603, "end_char": 1605, "token_label": "NA"}, {"token": "NASA", "start_char": 1606, "end_char": 1610, "token_label": "NA"}, {"token": ".", "start_char": 1610, "end_char": 1611, "token_label": "NA"}], "news_discourse_role": 4, "news_discourse_role_prob_0": 5.38637596037006e-06, "news_discourse_role_prob_1": 0.0003154199512209743, "news_discourse_role_prob_2": 0.0004192722262814641, "news_discourse_role_prob_3": 0.0007469287374988198, "news_discourse_role_prob_4": 0.9979210495948792, "news_discourse_role_prob_5": 0.0002569339703768492, "news_discourse_role_prob_6": 5.236640845396323e-06, "news_discourse_role_prob_7": 0.0002330089919269085, "news_discourse_role_prob_8": 9.68434615060687e-05, "previous_discourse_relation": 3, "previous_discourse_relation_prob_comp": 0.0024269032292068005, "previous_discourse_relation_prob_cont": 0.029920892789959908, "previous_discourse_relation_prob_temp": 0.000803610950242728, "previous_discourse_relation_prob_expan": 0.9668485522270203, "latter_discourse_relation": 3, "latter_discourse_relation_prob_comp": 0.00015680192154832184, "latter_discourse_relation_prob_cont": 0.006226490717381239, "latter_discourse_relation_prob_temp": 0.0001248700573341921, "latter_discourse_relation_prob_expan": 0.9934918284416199}, {"sentence_id": 13, "sentence_start": 1612, "sentence_end": 1803, "sentence_text": "In December it successfully carried out the most-distant course-correction manoeuvre ever, with the mission team guiding it towards a close-encounter with a KBO scheduled for 1 January 2019.", "sentence_label": "Exaggeration,Minimisation", "tokens_list": ["In", "December", "it", "successfully", "carried", "out", "the", "most-distant", "course-correction", "manoeuvre", "ever", ",", "with", "the", "mission", "team", "guiding", "it", "towards", "a", "close-encounter", "with", "a", "KBO", "scheduled", "for", "1", "January", "2019", "."], "tokens_dicts_list": [{"token": "In", "start_char": 1612, "end_char": 1614, "token_label": "NA"}, {"token": "December", "start_char": 1615, "end_char": 1623, "token_label": "NA"}, {"token": "it", "start_char": 1624, "end_char": 1626, "token_label": "NA"}, {"token": "successfully", "start_char": 1627, "end_char": 1639, "token_label": "NA"}, {"token": "carried", "start_char": 1640, "end_char": 1647, "token_label": "NA"}, {"token": "out", "start_char": 1648, "end_char": 1651, "token_label": "NA"}, {"token": "the", "start_char": 1652, "end_char": 1655, "token_label": "Exaggeration,Minimisation"}, {"token": "most-distant", "start_char": 1656, "end_char": 1668, "token_label": "Exaggeration,Minimisation"}, {"token": "course-correction", "start_char": 1669, "end_char": 1686, "token_label": "Exaggeration,Minimisation"}, {"token": "manoeuvre", "start_char": 1687, "end_char": 1696, "token_label": "Exaggeration,Minimisation"}, {"token": "ever", "start_char": 1697, "end_char": 1701, "token_label": "Exaggeration,Minimisation"}, {"token": ",", "start_char": 1701, "end_char": 1702, "token_label": "NA"}, {"token": "with", "start_char": 1703, "end_char": 1707, "token_label": "NA"}, {"token": "the", "start_char": 1708, "end_char": 1711, "token_label": "NA"}, {"token": "mission", "start_char": 1712, "end_char": 1719, "token_label": "NA"}, {"token": "team", "start_char": 1720, "end_char": 1724, "token_label": "NA"}, {"token": "guiding", "start_char": 1725, "end_char": 1732, "token_label": "NA"}, {"token": "it", "start_char": 1733, "end_char": 1735, "token_label": "NA"}, {"token": "towards", "start_char": 1736, "end_char": 1743, "token_label": "NA"}, {"token": "a", "start_char": 1744, "end_char": 1745, "token_label": "NA"}, {"token": "close-encounter", "start_char": 1746, "end_char": 1761, "token_label": "NA"}, {"token": "with", "start_char": 1762, "end_char": 1766, "token_label": "NA"}, {"token": "a", "start_char": 1767, "end_char": 1768, "token_label": "NA"}, {"token": "KBO", "start_char": 1769, "end_char": 1772, "token_label": "NA"}, {"token": "scheduled", "start_char": 1773, "end_char": 1782, "token_label": "NA"}, {"token": "for", "start_char": 1783, "end_char": 1786, "token_label": "NA"}, {"token": "1", "start_char": 1787, "end_char": 1788, "token_label": "NA"}, {"token": "January", "start_char": 1789, "end_char": 1796, "token_label": "NA"}, {"token": "2019", "start_char": 1797, "end_char": 1801, "token_label": "NA"}, {"token": ".", "start_char": 1801, "end_char": 1802, "token_label": "NA"}], "news_discourse_role": 4, "news_discourse_role_prob_0": 2.7732034141081385e-05, "news_discourse_role_prob_1": 0.0015157662564888597, "news_discourse_role_prob_2": 0.0015737570356577635, "news_discourse_role_prob_3": 0.014448050409555435, "news_discourse_role_prob_4": 0.7797256112098694, "news_discourse_role_prob_5": 0.1978723406791687, "news_discourse_role_prob_6": 0.00015252953744493425, "news_discourse_role_prob_7": 0.0009244201355613768, "news_discourse_role_prob_8": 0.003759782761335373, "previous_discourse_relation": 3, "previous_discourse_relation_prob_comp": 0.00015680192154832184, "previous_discourse_relation_prob_cont": 0.006226490717381239, "previous_discourse_relation_prob_temp": 0.0001248700573341921, "previous_discourse_relation_prob_expan": 0.9934918284416199, "latter_discourse_relation": 3, "latter_discourse_relation_prob_comp": 0.000667859276290983, "latter_discourse_relation_prob_cont": 0.01975688710808754, "latter_discourse_relation_prob_temp": 0.0030580544844269753, "latter_discourse_relation_prob_expan": 0.9765172004699707}, {"sentence_id": 14, "sentence_start": 1803, "sentence_end": 2007, "sentence_text": "\"That New Year's flight past MU69 will be the farthest planetary encounter in history, happening one billion miles beyond the Pluto system - which New Horizons famously explored in July 2015,\" said NASA.", "sentence_label": "Exaggeration,Minimisation", "tokens_list": ["\"", "That", "New", "Year", "'s", "flight", "past", "MU69", "will", "be", "the", "farthest", "planetary", "encounter", "in", "history", ",", "happening", "one", "billion", "miles", "beyond", "the", "Pluto", "system", "-", "which", "New", "Horizons", "famously", "explored", "in", "July", "2015", ",", "\"", "said", "NASA", "."], "tokens_dicts_list": [{"token": "\"", "start_char": 1803, "end_char": 1804, "token_label": "NA"}, {"token": "That", "start_char": 1804, "end_char": 1808, "token_label": "NA"}, {"token": "New", "start_char": 1809, "end_char": 1812, "token_label": "NA"}, {"token": "Year", "start_char": 1813, "end_char": 1817, "token_label": "NA"}, {"token": "'s", "start_char": 1817, "end_char": 1819, "token_label": "NA"}, {"token": "flight", "start_char": 1820, "end_char": 1826, "token_label": "NA"}, {"token": "past", "start_char": 1827, "end_char": 1831, "token_label": "NA"}, {"token": "MU69", "start_char": 1832, "end_char": 1836, "token_label": "NA"}, {"token": "will", "start_char": 1837, "end_char": 1841, "token_label": "NA"}, {"token": "be", "start_char": 1842, "end_char": 1844, "token_label": "NA"}, {"token": "the", "start_char": 1845, "end_char": 1848, "token_label": "Exaggeration,Minimisation"}, {"token": "farthest", "start_char": 1849, "end_char": 1857, "token_label": "Exaggeration,Minimisation"}, {"token": "planetary", "start_char": 1858, "end_char": 1867, "token_label": "Exaggeration,Minimisation"}, {"token": "encounter", "start_char": 1868, "end_char": 1877, "token_label": "Exaggeration,Minimisation"}, {"token": "in", "start_char": 1878, "end_char": 1880, "token_label": "Exaggeration,Minimisation"}, {"token": "history", "start_char": 1881, "end_char": 1888, "token_label": "Exaggeration,Minimisation"}, {"token": ",", "start_char": 1888, "end_char": 1889, "token_label": "NA"}, {"token": "happening", "start_char": 1890, "end_char": 1899, "token_label": "NA"}, {"token": "one", "start_char": 1900, "end_char": 1903, "token_label": "NA"}, {"token": "billion", "start_char": 1904, "end_char": 1911, "token_label": "NA"}, {"token": "miles", "start_char": 1912, "end_char": 1917, "token_label": "NA"}, {"token": "beyond", "start_char": 1918, "end_char": 1924, "token_label": "NA"}, {"token": "the", "start_char": 1925, "end_char": 1928, "token_label": "NA"}, {"token": "Pluto", "start_char": 1929, "end_char": 1934, "token_label": "NA"}, {"token": "system", "start_char": 1935, "end_char": 1941, "token_label": "NA"}, {"token": "-", "start_char": 1942, "end_char": 1943, "token_label": "NA"}, {"token": "which", "start_char": 1944, "end_char": 1949, "token_label": "NA"}, {"token": "New", "start_char": 1950, "end_char": 1953, "token_label": "NA"}, {"token": "Horizons", "start_char": 1954, "end_char": 1962, "token_label": "NA"}, {"token": "famously", "start_char": 1963, "end_char": 1971, "token_label": "NA"}, {"token": "explored", "start_char": 1972, "end_char": 1980, "token_label": "NA"}, {"token": "in", "start_char": 1981, "end_char": 1983, "token_label": "NA"}, {"token": "July", "start_char": 1984, "end_char": 1988, "token_label": "NA"}, {"token": "2015", "start_char": 1989, "end_char": 1993, "token_label": "NA"}, {"token": ",", "start_char": 1993, "end_char": 1994, "token_label": "NA"}, {"token": "\"", "start_char": 1994, "end_char": 1995, "token_label": "NA"}, {"token": "said", "start_char": 1996, "end_char": 2000, "token_label": "NA"}, {"token": "NASA", "start_char": 2001, "end_char": 2005, "token_label": "NA"}, {"token": ".", "start_char": 2005, "end_char": 2006, "token_label": "NA"}], "news_discourse_role": 8, "news_discourse_role_prob_0": 0.0011606321204453707, "news_discourse_role_prob_1": 0.03925983980298042, "news_discourse_role_prob_2": 0.00473299715667963, "news_discourse_role_prob_3": 0.00660574808716774, "news_discourse_role_prob_4": 0.08361277729272842, "news_discourse_role_prob_5": 0.0039337025955319405, "news_discourse_role_prob_6": 0.0011792253935709596, "news_discourse_role_prob_7": 0.03783578425645828, "news_discourse_role_prob_8": 0.821679413318634, "previous_discourse_relation": 3, "previous_discourse_relation_prob_comp": 0.000667859276290983, "previous_discourse_relation_prob_cont": 0.01975688710808754, "previous_discourse_relation_prob_temp": 0.0030580544844269753, "previous_discourse_relation_prob_expan": 0.9765172004699707, "latter_discourse_relation": 3, "latter_discourse_relation_prob_comp": 0.008540238253772259, "latter_discourse_relation_prob_cont": 0.0376347079873085, "latter_discourse_relation_prob_temp": 0.0005878436495549977, "latter_discourse_relation_prob_expan": 0.9532372355461121}, {"sentence_id": 15, "sentence_start": 2007, "sentence_end": 2113, "sentence_text": "Fortunately, the spacecraft is healthy and functioning properly, although it is currently in hibernation.", "sentence_label": "NA", "tokens_list": ["Fortunately", ",", "the", "spacecraft", "is", "healthy", "and", "functioning", "properly", ",", "although", "it", "is", "currently", "in", "hibernation", "."], "tokens_dicts_list": [{"token": "Fortunately", "start_char": 2007, "end_char": 2018, "token_label": "NA"}, {"token": ",", "start_char": 2018, "end_char": 2019, "token_label": "NA"}, {"token": "the", "start_char": 2020, "end_char": 2023, "token_label": "NA"}, {"token": "spacecraft", "start_char": 2024, "end_char": 2034, "token_label": "NA"}, {"token": "is", "start_char": 2035, "end_char": 2037, "token_label": "NA"}, {"token": "healthy", "start_char": 2038, "end_char": 2045, "token_label": "NA"}, {"token": "and", "start_char": 2046, "end_char": 2049, "token_label": "NA"}, {"token": "functioning", "start_char": 2050, "end_char": 2061, "token_label": "NA"}, {"token": "properly", "start_char": 2062, "end_char": 2070, "token_label": "NA"}, {"token": ",", "start_char": 2070, "end_char": 2071, "token_label": "NA"}, {"token": "although", "start_char": 2072, "end_char": 2080, "token_label": "NA"}, {"token": "it", "start_char": 2081, "end_char": 2083, "token_label": "NA"}, {"token": "is", "start_char": 2084, "end_char": 2086, "token_label": "NA"}, {"token": "currently", "start_char": 2087, "end_char": 2096, "token_label": "NA"}, {"token": "in", "start_char": 2097, "end_char": 2099, "token_label": "NA"}, {"token": "hibernation", "start_char": 2100, "end_char": 2111, "token_label": "NA"}, {"token": ".", "start_char": 2111, "end_char": 2112, "token_label": "NA"}], "news_discourse_role": 4, "news_discourse_role_prob_0": 1.3995840163261164e-05, "news_discourse_role_prob_1": 0.0039344411343336105, "news_discourse_role_prob_2": 0.0037766126915812492, "news_discourse_role_prob_3": 0.006909743882715702, "news_discourse_role_prob_4": 0.9598230719566345, "news_discourse_role_prob_5": 0.0005720140761695802, "news_discourse_role_prob_6": 0.00019316644466016442, "news_discourse_role_prob_7": 0.022618094459176064, "news_discourse_role_prob_8": 0.002158813178539276, "previous_discourse_relation": 3, "previous_discourse_relation_prob_comp": 0.008540238253772259, "previous_discourse_relation_prob_cont": 0.0376347079873085, "previous_discourse_relation_prob_temp": 0.0005878436495549977, "previous_discourse_relation_prob_expan": 0.9532372355461121, "latter_discourse_relation": 3, "latter_discourse_relation_prob_comp": 0.001294026616960764, "latter_discourse_relation_prob_cont": 0.09793247282505035, "latter_discourse_relation_prob_temp": 0.0027491007931530476, "latter_discourse_relation_prob_expan": 0.8980243802070618}, {"sentence_id": 16, "sentence_start": 2113, "sentence_end": 2383, "sentence_text": "The mission controllers at the Johns Hopkins Applied Physics Laboratory in Laurel, Maryland, will bring the spacecraft out of its electronic slumber in June to begin a series of system checkouts and other activities to prepare it for the next record-breaking encounter.", "sentence_label": "Exaggeration,Minimisation", "tokens_list": ["The", "mission", "controllers", "at", "the", "Johns", "Hopkins", "Applied", "Physics", "Laboratory", "in", "Laurel", ",", "Maryland", ",", "will", "bring", "the", "spacecraft", "out", "of", "its", "electronic", "slumber", "in", "June", "to", "begin", "a", "series", "of", "system", "checkouts", "and", "other", "activities", "to", "prepare", "it", "for", "the", "next", "record-breaking", "encounter", "."], "tokens_dicts_list": [{"token": "The", "start_char": 2113, "end_char": 2116, "token_label": "NA"}, {"token": "mission", "start_char": 2117, "end_char": 2124, "token_label": "NA"}, {"token": "controllers", "start_char": 2125, "end_char": 2136, "token_label": "NA"}, {"token": "at", "start_char": 2137, "end_char": 2139, "token_label": "NA"}, {"token": "the", "start_char": 2140, "end_char": 2143, "token_label": "NA"}, {"token": "Johns", "start_char": 2144, "end_char": 2149, "token_label": "NA"}, {"token": "Hopkins", "start_char": 2150, "end_char": 2157, "token_label": "NA"}, {"token": "Applied", "start_char": 2158, "end_char": 2165, "token_label": "NA"}, {"token": "Physics", "start_char": 2166, "end_char": 2173, "token_label": "NA"}, {"token": "Laboratory", "start_char": 2174, "end_char": 2184, "token_label": "NA"}, {"token": "in", "start_char": 2185, "end_char": 2187, "token_label": "NA"}, {"token": "Laurel", "start_char": 2188, "end_char": 2194, "token_label": "NA"}, {"token": ",", "start_char": 2194, "end_char": 2195, "token_label": "NA"}, {"token": "Maryland", "start_char": 2196, "end_char": 2204, "token_label": "NA"}, {"token": ",", "start_char": 2204, "end_char": 2205, "token_label": "NA"}, {"token": "will", "start_char": 2206, "end_char": 2210, "token_label": "NA"}, {"token": "bring", "start_char": 2211, "end_char": 2216, "token_label": "NA"}, {"token": "the", "start_char": 2217, "end_char": 2220, "token_label": "NA"}, {"token": "spacecraft", "start_char": 2221, "end_char": 2231, "token_label": "NA"}, {"token": "out", "start_char": 2232, "end_char": 2235, "token_label": "NA"}, {"token": "of", "start_char": 2236, "end_char": 2238, "token_label": "NA"}, {"token": "its", "start_char": 2239, "end_char": 2242, "token_label": "NA"}, {"token": "electronic", "start_char": 2243, "end_char": 2253, "token_label": "NA"}, {"token": "slumber", "start_char": 2254, "end_char": 2261, "token_label": "NA"}, {"token": "in", "start_char": 2262, "end_char": 2264, "token_label": "NA"}, {"token": "June", "start_char": 2265, "end_char": 2269, "token_label": "NA"}, {"token": "to", "start_char": 2270, "end_char": 2272, "token_label": "NA"}, {"token": "begin", "start_char": 2273, "end_char": 2278, "token_label": "NA"}, {"token": "a", "start_char": 2279, "end_char": 2280, "token_label": "NA"}, {"token": "series", "start_char": 2281, "end_char": 2287, "token_label": "NA"}, {"token": "of", "start_char": 2288, "end_char": 2290, "token_label": "NA"}, {"token": "system", "start_char": 2291, "end_char": 2297, "token_label": "NA"}, {"token": "checkouts", "start_char": 2298, "end_char": 2307, "token_label": "NA"}, {"token": "and", "start_char": 2308, "end_char": 2311, "token_label": "NA"}, {"token": "other", "start_char": 2312, "end_char": 2317, "token_label": "NA"}, {"token": "activities", "start_char": 2318, "end_char": 2328, "token_label": "NA"}, {"token": "to", "start_char": 2329, "end_char": 2331, "token_label": "NA"}, {"token": "prepare", "start_char": 2332, "end_char": 2339, "token_label": "NA"}, {"token": "it", "start_char": 2340, "end_char": 2342, "token_label": "NA"}, {"token": "for", "start_char": 2343, "end_char": 2346, "token_label": "NA"}, {"token": "the", "start_char": 2347, "end_char": 2350, "token_label": "Exaggeration,Minimisation"}, {"token": "next", "start_char": 2351, "end_char": 2355, "token_label": "Exaggeration,Minimisation"}, {"token": "record-breaking", "start_char": 2356, "end_char": 2371, "token_label": "Exaggeration,Minimisation"}, {"token": "encounter", "start_char": 2372, "end_char": 2381, "token_label": "Exaggeration,Minimisation"}, {"token": ".", "start_char": 2381, "end_char": 2382, "token_label": "NA"}], "news_discourse_role": 8, "news_discourse_role_prob_0": 6.980221769481432e-06, "news_discourse_role_prob_1": 0.0032849344424903393, "news_discourse_role_prob_2": 0.0029370125848799944, "news_discourse_role_prob_3": 0.00019725099264178425, "news_discourse_role_prob_4": 0.026931317523121834, "news_discourse_role_prob_5": 0.00034466598299331963, "news_discourse_role_prob_6": 0.00019057112513110042, "news_discourse_role_prob_7": 0.0019529041601344943, "news_discourse_role_prob_8": 0.9641544222831726, "previous_discourse_relation": 3, "previous_discourse_relation_prob_comp": 0.001294026616960764, "previous_discourse_relation_prob_cont": 0.09793247282505035, "previous_discourse_relation_prob_temp": 0.0027491007931530476, "previous_discourse_relation_prob_expan": 0.8980243802070618, "latter_discourse_relation": -1}]}