{"file_name": "./Propaganda/json_annotations/train/article758669180.json", "num_sentences": 20, "sentences": [{"sentence_id": 0, "sentence_start": 0, "sentence_end": 39, "sentence_text": "U.S. warns of 'sonic attacks' in China", "sentence_label": "NA", "tokens_list": ["U.S.", "warns", "of", "'sonic", "attacks", "'", "in", "China"], "tokens_dicts_list": [{"token": "U.S.", "start_char": 0, "end_char": 4, "token_label": "NA"}, {"token": "warns", "start_char": 5, "end_char": 10, "token_label": "NA"}, {"token": "of", "start_char": 11, "end_char": 13, "token_label": "NA"}, {"token": "'sonic", "start_char": 14, "end_char": 20, "token_label": "NA"}, {"token": "attacks", "start_char": 21, "end_char": 28, "token_label": "NA"}, {"token": "'", "start_char": 28, "end_char": 29, "token_label": "NA"}, {"token": "in", "start_char": 30, "end_char": 32, "token_label": "NA"}, {"token": "China", "start_char": 33, "end_char": 38, "token_label": "NA"}], "news_discourse_role": 0, "news_discourse_role_prob_0": 0.7839199304580688, "news_discourse_role_prob_1": 0.18692561984062195, "news_discourse_role_prob_2": 0.005655141547322273, "news_discourse_role_prob_3": 0.011257574893534184, "news_discourse_role_prob_4": 0.005656540859490633, "news_discourse_role_prob_5": 0.0004374549607746303, "news_discourse_role_prob_6": 0.0007595012430101633, "news_discourse_role_prob_7": 0.004091008100658655, "news_discourse_role_prob_8": 0.0012971520191058517, "latter_discourse_relation": 3, "latter_discourse_relation_prob_comp": 0.0010305363684892654, "latter_discourse_relation_prob_cont": 0.046692997217178345, "latter_discourse_relation_prob_temp": 0.010493213310837746, "latter_discourse_relation_prob_expan": 0.9417831897735596, "previous_discourse_relation": -1}, {"sentence_id": 1, "sentence_start": 40, "sentence_end": 333, "sentence_text": "BEIJING -- The U.S. State Department is warning U.S. citizens in China that a government employee reported unusual \"sensations of sound and pressure\" and was later diagnosed with a mild traumatic brain injury -- a case that recalls a wave of so-called sonic attacks on U.S. diplomats in Cuba.", "sentence_label": "NA", "tokens_list": ["BEIJING", "--", "The", "U.S.", "State", "Department", "is", "warning", "U.S.", "citizens", "in", "China", "that", "a", "government", "employee", "reported", "unusual", "\"", "sensations", "of", "sound", "and", "pressure", "\"", "and", "was", "later", "diagnosed", "with", "a", "mild", "traumatic", "brain", "injury", "--", "a", "case", "that", "recalls", "a", "wave", "of", "so-called", "sonic", "attacks", "on", "U.S.", "diplomats", "in", "Cuba", "."], "tokens_dicts_list": [{"token": "BEIJING", "start_char": 40, "end_char": 47, "token_label": "NA"}, {"token": "--", "start_char": 48, "end_char": 50, "token_label": "NA"}, {"token": "The", "start_char": 51, "end_char": 54, "token_label": "NA"}, {"token": "U.S.", "start_char": 55, "end_char": 59, "token_label": "NA"}, {"token": "State", "start_char": 60, "end_char": 65, "token_label": "NA"}, {"token": "Department", "start_char": 66, "end_char": 76, "token_label": "NA"}, {"token": "is", "start_char": 77, "end_char": 79, "token_label": "NA"}, {"token": "warning", "start_char": 80, "end_char": 87, "token_label": "NA"}, {"token": "U.S.", "start_char": 88, "end_char": 92, "token_label": "NA"}, {"token": "citizens", "start_char": 93, "end_char": 101, "token_label": "NA"}, {"token": "in", "start_char": 102, "end_char": 104, "token_label": "NA"}, {"token": "China", "start_char": 105, "end_char": 110, "token_label": "NA"}, {"token": "that", "start_char": 111, "end_char": 115, "token_label": "NA"}, {"token": "a", "start_char": 116, "end_char": 117, "token_label": "NA"}, {"token": "government", "start_char": 118, "end_char": 128, "token_label": "NA"}, {"token": "employee", "start_char": 129, "end_char": 137, "token_label": "NA"}, {"token": "reported", "start_char": 138, "end_char": 146, "token_label": "NA"}, {"token": "unusual", "start_char": 147, "end_char": 154, "token_label": "NA"}, {"token": "\"", "start_char": 155, "end_char": 156, "token_label": "NA"}, {"token": "sensations", "start_char": 156, "end_char": 166, "token_label": "NA"}, {"token": "of", "start_char": 167, "end_char": 169, "token_label": "NA"}, {"token": "sound", "start_char": 170, "end_char": 175, "token_label": "NA"}, {"token": "and", "start_char": 176, "end_char": 179, "token_label": "NA"}, {"token": "pressure", "start_char": 180, "end_char": 188, "token_label": "NA"}, {"token": "\"", "start_char": 188, "end_char": 189, "token_label": "NA"}, {"token": "and", "start_char": 190, "end_char": 193, "token_label": "NA"}, {"token": "was", "start_char": 194, "end_char": 197, "token_label": "NA"}, {"token": "later", "start_char": 198, "end_char": 203, "token_label": "NA"}, {"token": "diagnosed", "start_char": 204, "end_char": 213, "token_label": "NA"}, {"token": "with", "start_char": 214, "end_char": 218, "token_label": "NA"}, {"token": "a", "start_char": 219, "end_char": 220, "token_label": "NA"}, {"token": "mild", "start_char": 221, "end_char": 225, "token_label": "NA"}, {"token": "traumatic", "start_char": 226, "end_char": 235, "token_label": "NA"}, {"token": "brain", "start_char": 236, "end_char": 241, "token_label": "NA"}, {"token": "injury", "start_char": 242, "end_char": 248, "token_label": "NA"}, {"token": "--", "start_char": 249, "end_char": 251, "token_label": "NA"}, {"token": "a", "start_char": 252, "end_char": 253, "token_label": "NA"}, {"token": "case", "start_char": 254, "end_char": 258, "token_label": "NA"}, {"token": "that", "start_char": 259, "end_char": 263, "token_label": "NA"}, {"token": "recalls", "start_char": 264, "end_char": 271, "token_label": "NA"}, {"token": "a", "start_char": 272, "end_char": 273, "token_label": "NA"}, {"token": "wave", "start_char": 274, "end_char": 278, "token_label": "NA"}, {"token": "of", "start_char": 279, "end_char": 281, "token_label": "NA"}, {"token": "so-called", "start_char": 282, "end_char": 291, "token_label": "NA"}, {"token": "sonic", "start_char": 292, "end_char": 297, "token_label": "NA"}, {"token": "attacks", "start_char": 298, "end_char": 305, "token_label": "NA"}, {"token": "on", "start_char": 306, "end_char": 308, "token_label": "NA"}, {"token": "U.S.", "start_char": 309, "end_char": 313, "token_label": "NA"}, {"token": "diplomats", "start_char": 314, "end_char": 323, "token_label": "NA"}, {"token": "in", "start_char": 324, "end_char": 326, "token_label": "NA"}, {"token": "Cuba", "start_char": 327, "end_char": 331, "token_label": "NA"}, {"token": ".", "start_char": 331, "end_char": 332, "token_label": "NA"}], "news_discourse_role": 1, "news_discourse_role_prob_0": 3.717940126080066e-05, "news_discourse_role_prob_1": 0.9997397065162659, "news_discourse_role_prob_2": 5.966928802081384e-05, "news_discourse_role_prob_3": 0.00013192021287977695, "news_discourse_role_prob_4": 2.6658157366910018e-05, "news_discourse_role_prob_5": 8.929755068720624e-08, "news_discourse_role_prob_6": 5.879065838598763e-07, "news_discourse_role_prob_7": 1.4411799611480092e-06, "news_discourse_role_prob_8": 2.7361024876881856e-06, "previous_discourse_relation": 3, "previous_discourse_relation_prob_comp": 0.0010305363684892654, "previous_discourse_relation_prob_cont": 0.046692997217178345, "previous_discourse_relation_prob_temp": 0.010493213310837746, "previous_discourse_relation_prob_expan": 0.9417831897735596, "latter_discourse_relation": 3, "latter_discourse_relation_prob_comp": 0.001575558795593679, "latter_discourse_relation_prob_cont": 0.023454206064343452, "latter_discourse_relation_prob_temp": 0.0073488624766469, "latter_discourse_relation_prob_expan": 0.9676212668418884}, {"sentence_id": 2, "sentence_start": 333, "sentence_end": 523, "sentence_text": "A health alert sent Wednesday said a U.S. government employee assigned to the southern Chinese city of Guangzhou reported \"subtle and vague, but abnormal, sensations of sound and pressure.\"", "sentence_label": "NA", "tokens_list": ["A", "health", "alert", "sent", "Wednesday", "said", "a", "U.S.", "government", "employee", "assigned", "to", "the", "southern", "Chinese", "city", "of", "Guangzhou", "reported", "\"", "subtle", "and", "vague", ",", "but", "abnormal", ",", "sensations", "of", "sound", "and", "pressure", ".", "\""], "tokens_dicts_list": [{"token": "A", "start_char": 333, "end_char": 334, "token_label": "NA"}, {"token": "health", "start_char": 335, "end_char": 341, "token_label": "NA"}, {"token": "alert", "start_char": 342, "end_char": 347, "token_label": "NA"}, {"token": "sent", "start_char": 348, "end_char": 352, "token_label": "NA"}, {"token": "Wednesday", "start_char": 353, "end_char": 362, "token_label": "NA"}, {"token": "said", "start_char": 363, "end_char": 367, "token_label": "NA"}, {"token": "a", "start_char": 368, "end_char": 369, "token_label": "NA"}, {"token": "U.S.", "start_char": 370, "end_char": 374, "token_label": "NA"}, {"token": "government", "start_char": 375, "end_char": 385, "token_label": "NA"}, {"token": "employee", "start_char": 386, "end_char": 394, "token_label": "NA"}, {"token": "assigned", "start_char": 395, "end_char": 403, "token_label": "NA"}, {"token": "to", "start_char": 404, "end_char": 406, "token_label": "NA"}, {"token": "the", "start_char": 407, "end_char": 410, "token_label": "NA"}, {"token": "southern", "start_char": 411, "end_char": 419, "token_label": "NA"}, {"token": "Chinese", "start_char": 420, "end_char": 427, "token_label": "NA"}, {"token": "city", "start_char": 428, "end_char": 432, "token_label": "NA"}, {"token": "of", "start_char": 433, "end_char": 435, "token_label": "NA"}, {"token": "Guangzhou", "start_char": 436, "end_char": 445, "token_label": "NA"}, {"token": "reported", "start_char": 446, "end_char": 454, "token_label": "NA"}, {"token": "\"", "start_char": 455, "end_char": 456, "token_label": "NA"}, {"token": "subtle", "start_char": 456, "end_char": 462, "token_label": "NA"}, {"token": "and", "start_char": 463, "end_char": 466, "token_label": "NA"}, {"token": "vague", "start_char": 467, "end_char": 472, "token_label": "NA"}, {"token": ",", "start_char": 472, "end_char": 473, "token_label": "NA"}, {"token": "but", "start_char": 474, "end_char": 477, "token_label": "NA"}, {"token": "abnormal", "start_char": 478, "end_char": 486, "token_label": "NA"}, {"token": ",", "start_char": 486, "end_char": 487, "token_label": "NA"}, {"token": "sensations", "start_char": 488, "end_char": 498, "token_label": "NA"}, {"token": "of", "start_char": 499, "end_char": 501, "token_label": "NA"}, {"token": "sound", "start_char": 502, "end_char": 507, "token_label": "NA"}, {"token": "and", "start_char": 508, "end_char": 511, "token_label": "NA"}, {"token": "pressure", "start_char": 512, "end_char": 520, "token_label": "NA"}, {"token": ".", "start_char": 520, "end_char": 521, "token_label": "NA"}, {"token": "\"", "start_char": 521, "end_char": 522, "token_label": "NA"}], "news_discourse_role": 1, "news_discourse_role_prob_0": 2.4569455490563996e-05, "news_discourse_role_prob_1": 0.9972776770591736, "news_discourse_role_prob_2": 8.68213246576488e-05, "news_discourse_role_prob_3": 0.0024757094215601683, "news_discourse_role_prob_4": 0.00012897806300316006, "news_discourse_role_prob_5": 1.860692293575994e-07, "news_discourse_role_prob_6": 1.1000413451256463e-06, "news_discourse_role_prob_7": 1.259332293557236e-06, "news_discourse_role_prob_8": 3.682395117721171e-06, "previous_discourse_relation": 3, "previous_discourse_relation_prob_comp": 0.001575558795593679, "previous_discourse_relation_prob_cont": 0.023454206064343452, "previous_discourse_relation_prob_temp": 0.0073488624766469, "previous_discourse_relation_prob_expan": 0.9676212668418884, "latter_discourse_relation": 3, "latter_discourse_relation_prob_comp": 0.04958418011665344, "latter_discourse_relation_prob_cont": 0.0005770230200141668, "latter_discourse_relation_prob_temp": 0.002764485077932477, "latter_discourse_relation_prob_expan": 0.9470742344856262}, {"sentence_id": 3, "sentence_start": 523, "sentence_end": 637, "sentence_text": "The notification said the department was not aware of any other cases inside or outside the diplomatic community.", "sentence_label": "NA", "tokens_list": ["The", "notification", "said", "the", "department", "was", "not", "aware", "of", "any", "other", "cases", "inside", "or", "outside", "the", "diplomatic", "community", "."], "tokens_dicts_list": [{"token": "The", "start_char": 523, "end_char": 526, "token_label": "NA"}, {"token": "notification", "start_char": 527, "end_char": 539, "token_label": "NA"}, {"token": "said", "start_char": 540, "end_char": 544, "token_label": "NA"}, {"token": "the", "start_char": 545, "end_char": 548, "token_label": "NA"}, {"token": "department", "start_char": 549, "end_char": 559, "token_label": "NA"}, {"token": "was", "start_char": 560, "end_char": 563, "token_label": "NA"}, {"token": "not", "start_char": 564, "end_char": 567, "token_label": "NA"}, {"token": "aware", "start_char": 568, "end_char": 573, "token_label": "NA"}, {"token": "of", "start_char": 574, "end_char": 576, "token_label": "NA"}, {"token": "any", "start_char": 577, "end_char": 580, "token_label": "NA"}, {"token": "other", "start_char": 581, "end_char": 586, "token_label": "NA"}, {"token": "cases", "start_char": 587, "end_char": 592, "token_label": "NA"}, {"token": "inside", "start_char": 593, "end_char": 599, "token_label": "NA"}, {"token": "or", "start_char": 600, "end_char": 602, "token_label": "NA"}, {"token": "outside", "start_char": 603, "end_char": 610, "token_label": "NA"}, {"token": "the", "start_char": 611, "end_char": 614, "token_label": "NA"}, {"token": "diplomatic", "start_char": 615, "end_char": 625, "token_label": "NA"}, {"token": "community", "start_char": 626, "end_char": 635, "token_label": "NA"}, {"token": ".", "start_char": 635, "end_char": 636, "token_label": "NA"}], "news_discourse_role": 4, "news_discourse_role_prob_0": 2.7425254302215762e-05, "news_discourse_role_prob_1": 0.014883802272379398, "news_discourse_role_prob_2": 0.002207788173109293, "news_discourse_role_prob_3": 0.005029438994824886, "news_discourse_role_prob_4": 0.9739710092544556, "news_discourse_role_prob_5": 5.852852336829528e-05, "news_discourse_role_prob_6": 4.862065179622732e-05, "news_discourse_role_prob_7": 0.0031524954829365015, "news_discourse_role_prob_8": 0.0006209372077137232, "previous_discourse_relation": 3, "previous_discourse_relation_prob_comp": 0.04958418011665344, "previous_discourse_relation_prob_cont": 0.0005770230200141668, "previous_discourse_relation_prob_temp": 0.002764485077932477, "previous_discourse_relation_prob_expan": 0.9470742344856262, "latter_discourse_relation": 0, "latter_discourse_relation_prob_comp": 0.8202871084213257, "latter_discourse_relation_prob_cont": 0.0265134796500206, "latter_discourse_relation_prob_temp": 0.003468648297712207, "latter_discourse_relation_prob_expan": 0.14973069727420807}, {"sentence_id": 4, "sentence_start": 637, "sentence_end": 838, "sentence_text": "But signaling the depth of their concern, the U.S. Embassy in Beijing and all five U.S. consulates in the country held town hall meetings Wednesday so employees could ask questions and raise concerns.", "sentence_label": "NA", "tokens_list": ["But", "signaling", "the", "depth", "of", "their", "concern", ",", "the", "U.S.", "Embassy", "in", "Beijing", "and", "all", "five", "U.S.", "consulates", "in", "the", "country", "held", "town", "hall", "meetings", "Wednesday", "so", "employees", "could", "ask", "questions", "and", "raise", "concerns", "."], "tokens_dicts_list": [{"token": "But", "start_char": 637, "end_char": 640, "token_label": "NA"}, {"token": "signaling", "start_char": 641, "end_char": 650, "token_label": "NA"}, {"token": "the", "start_char": 651, "end_char": 654, "token_label": "NA"}, {"token": "depth", "start_char": 655, "end_char": 660, "token_label": "NA"}, {"token": "of", "start_char": 661, "end_char": 663, "token_label": "NA"}, {"token": "their", "start_char": 664, "end_char": 669, "token_label": "NA"}, {"token": "concern", "start_char": 670, "end_char": 677, "token_label": "NA"}, {"token": ",", "start_char": 677, "end_char": 678, "token_label": "NA"}, {"token": "the", "start_char": 679, "end_char": 682, "token_label": "NA"}, {"token": "U.S.", "start_char": 683, "end_char": 687, "token_label": "NA"}, {"token": "Embassy", "start_char": 688, "end_char": 695, "token_label": "NA"}, {"token": "in", "start_char": 696, "end_char": 698, "token_label": "NA"}, {"token": "Beijing", "start_char": 699, "end_char": 706, "token_label": "NA"}, {"token": "and", "start_char": 707, "end_char": 710, "token_label": "NA"}, {"token": "all", "start_char": 711, "end_char": 714, "token_label": "NA"}, {"token": "five", "start_char": 715, "end_char": 719, "token_label": "NA"}, {"token": "U.S.", "start_char": 720, "end_char": 724, "token_label": "NA"}, {"token": "consulates", "start_char": 725, "end_char": 735, "token_label": "NA"}, {"token": "in", "start_char": 736, "end_char": 738, "token_label": "NA"}, {"token": "the", "start_char": 739, "end_char": 742, "token_label": "NA"}, {"token": "country", "start_char": 743, "end_char": 750, "token_label": "NA"}, {"token": "held", "start_char": 751, "end_char": 755, "token_label": "NA"}, {"token": "town", "start_char": 756, "end_char": 760, "token_label": "NA"}, {"token": "hall", "start_char": 761, "end_char": 765, "token_label": "NA"}, {"token": "meetings", "start_char": 766, "end_char": 774, "token_label": "NA"}, {"token": "Wednesday", "start_char": 775, "end_char": 784, "token_label": "NA"}, {"token": "so", "start_char": 785, "end_char": 787, "token_label": "NA"}, {"token": "employees", "start_char": 788, "end_char": 797, "token_label": "NA"}, {"token": "could", "start_char": 798, "end_char": 803, "token_label": "NA"}, {"token": "ask", "start_char": 804, "end_char": 807, "token_label": "NA"}, {"token": "questions", "start_char": 808, "end_char": 817, "token_label": "NA"}, {"token": "and", "start_char": 818, "end_char": 821, "token_label": "NA"}, {"token": "raise", "start_char": 822, "end_char": 827, "token_label": "NA"}, {"token": "concerns", "start_char": 828, "end_char": 836, "token_label": "NA"}, {"token": ".", "start_char": 836, "end_char": 837, "token_label": "NA"}], "news_discourse_role": 4, "news_discourse_role_prob_0": 8.708235691301525e-05, "news_discourse_role_prob_1": 0.06900486350059509, "news_discourse_role_prob_2": 0.13698497414588928, "news_discourse_role_prob_3": 0.018695808947086334, "news_discourse_role_prob_4": 0.7670714259147644, "news_discourse_role_prob_5": 0.00011487059236969799, "news_discourse_role_prob_6": 0.00012063422764185816, "news_discourse_role_prob_7": 0.0071824393235147, "news_discourse_role_prob_8": 0.0007378907757811248, "previous_discourse_relation": 0, "previous_discourse_relation_prob_comp": 0.8202871084213257, "previous_discourse_relation_prob_cont": 0.0265134796500206, "previous_discourse_relation_prob_temp": 0.003468648297712207, "previous_discourse_relation_prob_expan": 0.14973069727420807, "latter_discourse_relation": 3, "latter_discourse_relation_prob_comp": 0.00016382352623622864, "latter_discourse_relation_prob_cont": 0.0004951193113811314, "latter_discourse_relation_prob_temp": 0.0003535558935254812, "latter_discourse_relation_prob_expan": 0.9989874958992004}, {"sentence_id": 5, "sentence_start": 838, "sentence_end": 1024, "sentence_text": "State Department spokesman Heather Nauert said the United States will send a medical team to Guangzhou next week to conduct baseline medical evaluations of all employees who desire one.", "sentence_label": "NA", "tokens_list": ["State", "Department", "spokesman", "Heather", "Nauert", "said", "the", "United", "States", "will", "send", "a", "medical", "team", "to", "Guangzhou", "next", "week", "to", "conduct", "baseline", "medical", "evaluations", "of", "all", "employees", "who", "desire", "one", "."], "tokens_dicts_list": [{"token": "State", "start_char": 838, "end_char": 843, "token_label": "NA"}, {"token": "Department", "start_char": 844, "end_char": 854, "token_label": "NA"}, {"token": "spokesman", "start_char": 855, "end_char": 864, "token_label": "NA"}, {"token": "Heather", "start_char": 865, "end_char": 872, "token_label": "NA"}, {"token": "Nauert", "start_char": 873, "end_char": 879, "token_label": "NA"}, {"token": "said", "start_char": 880, "end_char": 884, "token_label": "NA"}, {"token": "the", "start_char": 885, "end_char": 888, "token_label": "NA"}, {"token": "United", "start_char": 889, "end_char": 895, "token_label": "NA"}, {"token": "States", "start_char": 896, "end_char": 902, "token_label": "NA"}, {"token": "will", "start_char": 903, "end_char": 907, "token_label": "NA"}, {"token": "send", "start_char": 908, "end_char": 912, "token_label": "NA"}, {"token": "a", "start_char": 913, "end_char": 914, "token_label": "NA"}, {"token": "medical", "start_char": 915, "end_char": 922, "token_label": "NA"}, {"token": "team", "start_char": 923, "end_char": 927, "token_label": "NA"}, {"token": "to", "start_char": 928, "end_char": 930, "token_label": "NA"}, {"token": "Guangzhou", "start_char": 931, "end_char": 940, "token_label": "NA"}, {"token": "next", "start_char": 941, "end_char": 945, "token_label": "NA"}, {"token": "week", "start_char": 946, "end_char": 950, "token_label": "NA"}, {"token": "to", "start_char": 951, "end_char": 953, "token_label": "NA"}, {"token": "conduct", "start_char": 954, "end_char": 961, "token_label": "NA"}, {"token": "baseline", "start_char": 962, "end_char": 970, "token_label": "NA"}, {"token": "medical", "start_char": 971, "end_char": 978, "token_label": "NA"}, {"token": "evaluations", "start_char": 979, "end_char": 990, "token_label": "NA"}, {"token": "of", "start_char": 991, "end_char": 993, "token_label": "NA"}, {"token": "all", "start_char": 994, "end_char": 997, "token_label": "NA"}, {"token": "employees", "start_char": 998, "end_char": 1007, "token_label": "NA"}, {"token": "who", "start_char": 1008, "end_char": 1011, "token_label": "NA"}, {"token": "desire", "start_char": 1012, "end_char": 1018, "token_label": "NA"}, {"token": "one", "start_char": 1019, "end_char": 1022, "token_label": "NA"}, {"token": ".", "start_char": 1022, "end_char": 1023, "token_label": "NA"}], "news_discourse_role": 8, "news_discourse_role_prob_0": 8.48196868901141e-05, "news_discourse_role_prob_1": 0.1204451322555542, "news_discourse_role_prob_2": 0.052082810550928116, "news_discourse_role_prob_3": 0.0011309826513752341, "news_discourse_role_prob_4": 0.06771993637084961, "news_discourse_role_prob_5": 9.437122935196385e-05, "news_discourse_role_prob_6": 0.0009469293290749192, "news_discourse_role_prob_7": 0.0018516256241127849, "news_discourse_role_prob_8": 0.755643367767334, "previous_discourse_relation": 3, "previous_discourse_relation_prob_comp": 0.00016382352623622864, "previous_discourse_relation_prob_cont": 0.0004951193113811314, "previous_discourse_relation_prob_temp": 0.0003535558935254812, "previous_discourse_relation_prob_expan": 0.9989874958992004, "latter_discourse_relation": 3, "latter_discourse_relation_prob_comp": 0.0013789304066449404, "latter_discourse_relation_prob_cont": 0.004862151574343443, "latter_discourse_relation_prob_temp": 0.0032143339049071074, "latter_discourse_relation_prob_expan": 0.9905445575714111}, {"sentence_id": 6, "sentence_start": 1024, "sentence_end": 1159, "sentence_text": "\"The department is taking this incident very seriously and is working to determine the cause and impact of the incident,\" Nauert said.", "sentence_label": "NA", "tokens_list": ["\"", "The", "department", "is", "taking", "this", "incident", "very", "seriously", "and", "is", "working", "to", "determine", "the", "cause", "and", "impact", "of", "the", "incident", ",", "\"", "Nauert", "said", "."], "tokens_dicts_list": [{"token": "\"", "start_char": 1024, "end_char": 1025, "token_label": "NA"}, {"token": "The", "start_char": 1025, "end_char": 1028, "token_label": "NA"}, {"token": "department", "start_char": 1029, "end_char": 1039, "token_label": "NA"}, {"token": "is", "start_char": 1040, "end_char": 1042, "token_label": "NA"}, {"token": "taking", "start_char": 1043, "end_char": 1049, "token_label": "NA"}, {"token": "this", "start_char": 1050, "end_char": 1054, "token_label": "NA"}, {"token": "incident", "start_char": 1055, "end_char": 1063, "token_label": "NA"}, {"token": "very", "start_char": 1064, "end_char": 1068, "token_label": "NA"}, {"token": "seriously", "start_char": 1069, "end_char": 1078, "token_label": "NA"}, {"token": "and", "start_char": 1079, "end_char": 1082, "token_label": "NA"}, {"token": "is", "start_char": 1083, "end_char": 1085, "token_label": "NA"}, {"token": "working", "start_char": 1086, "end_char": 1093, "token_label": "NA"}, {"token": "to", "start_char": 1094, "end_char": 1096, "token_label": "NA"}, {"token": "determine", "start_char": 1097, "end_char": 1106, "token_label": "NA"}, {"token": "the", "start_char": 1107, "end_char": 1110, "token_label": "NA"}, {"token": "cause", "start_char": 1111, "end_char": 1116, "token_label": "NA"}, {"token": "and", "start_char": 1117, "end_char": 1120, "token_label": "NA"}, {"token": "impact", "start_char": 1121, "end_char": 1127, "token_label": "NA"}, {"token": "of", "start_char": 1128, "end_char": 1130, "token_label": "NA"}, {"token": "the", "start_char": 1131, "end_char": 1134, "token_label": "NA"}, {"token": "incident", "start_char": 1135, "end_char": 1143, "token_label": "NA"}, {"token": ",", "start_char": 1143, "end_char": 1144, "token_label": "NA"}, {"token": "\"", "start_char": 1144, "end_char": 1145, "token_label": "NA"}, {"token": "Nauert", "start_char": 1146, "end_char": 1152, "token_label": "NA"}, {"token": "said", "start_char": 1153, "end_char": 1157, "token_label": "NA"}, {"token": ".", "start_char": 1157, "end_char": 1158, "token_label": "NA"}], "news_discourse_role": 7, "news_discourse_role_prob_0": 5.771285941591486e-05, "news_discourse_role_prob_1": 0.09690848737955093, "news_discourse_role_prob_2": 0.004166591912508011, "news_discourse_role_prob_3": 0.011776708997786045, "news_discourse_role_prob_4": 0.016683511435985565, "news_discourse_role_prob_5": 0.00013453327119350433, "news_discourse_role_prob_6": 0.0014882597606629133, "news_discourse_role_prob_7": 0.8093894124031067, "news_discourse_role_prob_8": 0.059394847601652145, "previous_discourse_relation": 3, "previous_discourse_relation_prob_comp": 0.0013789304066449404, "previous_discourse_relation_prob_cont": 0.004862151574343443, "previous_discourse_relation_prob_temp": 0.0032143339049071074, "previous_discourse_relation_prob_expan": 0.9905445575714111, "latter_discourse_relation": 3, "latter_discourse_relation_prob_comp": 0.002508756471797824, "latter_discourse_relation_prob_cont": 0.031957048922777176, "latter_discourse_relation_prob_temp": 0.003441396402195096, "latter_discourse_relation_prob_expan": 0.9620927572250366}, {"sentence_id": 7, "sentence_start": 1159, "sentence_end": 1373, "sentence_text": "Though the State Department has not linked this case to any other incident, news of unusual symptoms hitting U.S. government employees recalled a rash of incidents with U.S. and Canadian diplomats working in Cuba.", "sentence_label": "NA", "tokens_list": ["Though", "the", "State", "Department", "has", "not", "linked", "this", "case", "to", "any", "other", "incident", ",", "news", "of", "unusual", "symptoms", "hitting", "U.S.", "government", "employees", "recalled", "a", "rash", "of", "incidents", "with", "U.S.", "and", "Canadian", "diplomats", "working", "in", "Cuba", "."], "tokens_dicts_list": [{"token": "Though", "start_char": 1159, "end_char": 1165, "token_label": "NA"}, {"token": "the", "start_char": 1166, "end_char": 1169, "token_label": "NA"}, {"token": "State", "start_char": 1170, "end_char": 1175, "token_label": "NA"}, {"token": "Department", "start_char": 1176, "end_char": 1186, "token_label": "NA"}, {"token": "has", "start_char": 1187, "end_char": 1190, "token_label": "NA"}, {"token": "not", "start_char": 1191, "end_char": 1194, "token_label": "NA"}, {"token": "linked", "start_char": 1195, "end_char": 1201, "token_label": "NA"}, {"token": "this", "start_char": 1202, "end_char": 1206, "token_label": "NA"}, {"token": "case", "start_char": 1207, "end_char": 1211, "token_label": "NA"}, {"token": "to", "start_char": 1212, "end_char": 1214, "token_label": "NA"}, {"token": "any", "start_char": 1215, "end_char": 1218, "token_label": "NA"}, {"token": "other", "start_char": 1219, "end_char": 1224, "token_label": "NA"}, {"token": "incident", "start_char": 1225, "end_char": 1233, "token_label": "NA"}, {"token": ",", "start_char": 1233, "end_char": 1234, "token_label": "NA"}, {"token": "news", "start_char": 1235, "end_char": 1239, "token_label": "NA"}, {"token": "of", "start_char": 1240, "end_char": 1242, "token_label": "NA"}, {"token": "unusual", "start_char": 1243, "end_char": 1250, "token_label": "NA"}, {"token": "symptoms", "start_char": 1251, "end_char": 1259, "token_label": "NA"}, {"token": "hitting", "start_char": 1260, "end_char": 1267, "token_label": "NA"}, {"token": "U.S.", "start_char": 1268, "end_char": 1272, "token_label": "NA"}, {"token": "government", "start_char": 1273, "end_char": 1283, "token_label": "NA"}, {"token": "employees", "start_char": 1284, "end_char": 1293, "token_label": "NA"}, {"token": "recalled", "start_char": 1294, "end_char": 1302, "token_label": "NA"}, {"token": "a", "start_char": 1303, "end_char": 1304, "token_label": "NA"}, {"token": "rash", "start_char": 1305, "end_char": 1309, "token_label": "NA"}, {"token": "of", "start_char": 1310, "end_char": 1312, "token_label": "NA"}, {"token": "incidents", "start_char": 1313, "end_char": 1322, "token_label": "NA"}, {"token": "with", "start_char": 1323, "end_char": 1327, "token_label": "NA"}, {"token": "U.S.", "start_char": 1328, "end_char": 1332, "token_label": "NA"}, {"token": "and", "start_char": 1333, "end_char": 1336, "token_label": "NA"}, {"token": "Canadian", "start_char": 1337, "end_char": 1345, "token_label": "NA"}, {"token": "diplomats", "start_char": 1346, "end_char": 1355, "token_label": "NA"}, {"token": "working", "start_char": 1356, "end_char": 1363, "token_label": "NA"}, {"token": "in", "start_char": 1364, "end_char": 1366, "token_label": "NA"}, {"token": "Cuba", "start_char": 1367, "end_char": 1371, "token_label": "NA"}, {"token": ".", "start_char": 1371, "end_char": 1372, "token_label": "NA"}], "news_discourse_role": 4, "news_discourse_role_prob_0": 2.1178368115215562e-05, "news_discourse_role_prob_1": 0.003220360027626157, "news_discourse_role_prob_2": 0.0015647845575585961, "news_discourse_role_prob_3": 0.20923621952533722, "news_discourse_role_prob_4": 0.5781686305999756, "news_discourse_role_prob_5": 0.020406097173690796, "news_discourse_role_prob_6": 0.0011549117043614388, "news_discourse_role_prob_7": 0.18580633401870728, "news_discourse_role_prob_8": 0.0004214543732814491, "previous_discourse_relation": 3, "previous_discourse_relation_prob_comp": 0.002508756471797824, "previous_discourse_relation_prob_cont": 0.031957048922777176, "previous_discourse_relation_prob_temp": 0.003441396402195096, "previous_discourse_relation_prob_expan": 0.9620927572250366, "latter_discourse_relation": 3, "latter_discourse_relation_prob_comp": 4.90090787934605e-05, "latter_discourse_relation_prob_cont": 0.0042360564693808556, "latter_discourse_relation_prob_temp": 0.00014078902313485742, "latter_discourse_relation_prob_expan": 0.9955741167068481}, {"sentence_id": 8, "sentence_start": 1373, "sentence_end": 1605, "sentence_text": "The United States last year decided to withdraw a large number of embassy staff from Cuba after diplomats stationed there complained of symptoms such as hearing loss, dizziness, tinnitus, visual difficulties, headaches and fatigue.", "sentence_label": "NA", "tokens_list": ["The", "United", "States", "last", "year", "decided", "to", "withdraw", "a", "large", "number", "of", "embassy", "staff", "from", "Cuba", "after", "diplomats", "stationed", "there", "complained", "of", "symptoms", "such", "as", "hearing", "loss", ",", "dizziness", ",", "tinnitus", ",", "visual", "difficulties", ",", "headaches", "and", "fatigue", "."], "tokens_dicts_list": [{"token": "The", "start_char": 1373, "end_char": 1376, "token_label": "NA"}, {"token": "United", "start_char": 1377, "end_char": 1383, "token_label": "NA"}, {"token": "States", "start_char": 1384, "end_char": 1390, "token_label": "NA"}, {"token": "last", "start_char": 1391, "end_char": 1395, "token_label": "NA"}, {"token": "year", "start_char": 1396, "end_char": 1400, "token_label": "NA"}, {"token": "decided", "start_char": 1401, "end_char": 1408, "token_label": "NA"}, {"token": "to", "start_char": 1409, "end_char": 1411, "token_label": "NA"}, {"token": "withdraw", "start_char": 1412, "end_char": 1420, "token_label": "NA"}, {"token": "a", "start_char": 1421, "end_char": 1422, "token_label": "NA"}, {"token": "large", "start_char": 1423, "end_char": 1428, "token_label": "NA"}, {"token": "number", "start_char": 1429, "end_char": 1435, "token_label": "NA"}, {"token": "of", "start_char": 1436, "end_char": 1438, "token_label": "NA"}, {"token": "embassy", "start_char": 1439, "end_char": 1446, "token_label": "NA"}, {"token": "staff", "start_char": 1447, "end_char": 1452, "token_label": "NA"}, {"token": "from", "start_char": 1453, "end_char": 1457, "token_label": "NA"}, {"token": "Cuba", "start_char": 1458, "end_char": 1462, "token_label": "NA"}, {"token": "after", "start_char": 1463, "end_char": 1468, "token_label": "NA"}, {"token": "diplomats", "start_char": 1469, "end_char": 1478, "token_label": "NA"}, {"token": "stationed", "start_char": 1479, "end_char": 1488, "token_label": "NA"}, {"token": "there", "start_char": 1489, "end_char": 1494, "token_label": "NA"}, {"token": "complained", "start_char": 1495, "end_char": 1505, "token_label": "NA"}, {"token": "of", "start_char": 1506, "end_char": 1508, "token_label": "NA"}, {"token": "symptoms", "start_char": 1509, "end_char": 1517, "token_label": "NA"}, {"token": "such", "start_char": 1518, "end_char": 1522, "token_label": "NA"}, {"token": "as", "start_char": 1523, "end_char": 1525, "token_label": "NA"}, {"token": "hearing", "start_char": 1526, "end_char": 1533, "token_label": "NA"}, {"token": "loss", "start_char": 1534, "end_char": 1538, "token_label": "NA"}, {"token": ",", "start_char": 1538, "end_char": 1539, "token_label": "NA"}, {"token": "dizziness", "start_char": 1540, "end_char": 1549, "token_label": "NA"}, {"token": ",", "start_char": 1549, "end_char": 1550, "token_label": "NA"}, {"token": "tinnitus", "start_char": 1551, "end_char": 1559, "token_label": "NA"}, {"token": ",", "start_char": 1559, "end_char": 1560, "token_label": "NA"}, {"token": "visual", "start_char": 1561, "end_char": 1567, "token_label": "NA"}, {"token": "difficulties", "start_char": 1568, "end_char": 1580, "token_label": "NA"}, {"token": ",", "start_char": 1580, "end_char": 1581, "token_label": "NA"}, {"token": "headaches", "start_char": 1582, "end_char": 1591, "token_label": "NA"}, {"token": "and", "start_char": 1592, "end_char": 1595, "token_label": "NA"}, {"token": "fatigue", "start_char": 1596, "end_char": 1603, "token_label": "NA"}, {"token": ".", "start_char": 1603, "end_char": 1604, "token_label": "NA"}], "news_discourse_role": 5, "news_discourse_role_prob_0": 1.4176506510921172e-06, "news_discourse_role_prob_1": 4.466699465410784e-06, "news_discourse_role_prob_2": 6.02243244429701e-06, "news_discourse_role_prob_3": 0.0005858968361280859, "news_discourse_role_prob_4": 0.0011068533640354872, "news_discourse_role_prob_5": 0.9982612729072571, "news_discourse_role_prob_6": 4.134927621635143e-06, "news_discourse_role_prob_7": 2.6086387151735835e-05, "news_discourse_role_prob_8": 3.706337793119019e-06, "previous_discourse_relation": 3, "previous_discourse_relation_prob_comp": 4.90090787934605e-05, "previous_discourse_relation_prob_cont": 0.0042360564693808556, "previous_discourse_relation_prob_temp": 0.00014078902313485742, "previous_discourse_relation_prob_expan": 0.9955741167068481, "latter_discourse_relation": 2, "latter_discourse_relation_prob_comp": 0.008682865649461746, "latter_discourse_relation_prob_cont": 0.005710531957447529, "latter_discourse_relation_prob_temp": 0.7718315720558167, "latter_discourse_relation_prob_expan": 0.21377509832382202}, {"sentence_id": 9, "sentence_start": 1605, "sentence_end": 1874, "sentence_text": "The American Foreign Service Association said then that government employees had been diagnosed with \"mild traumatic brain injury and permanent hearing loss, with such additional symptoms as loss of balance, severe headaches, cognitive disruption, and brain swelling.\"", "sentence_label": "NA", "tokens_list": ["The", "American", "Foreign", "Service", "Association", "said", "then", "that", "government", "employees", "had", "been", "diagnosed", "with", "\"", "mild", "traumatic", "brain", "injury", "and", "permanent", "hearing", "loss", ",", "with", "such", "additional", "symptoms", "as", "loss", "of", "balance", ",", "severe", "headaches", ",", "cognitive", "disruption", ",", "and", "brain", "swelling", ".", "\""], "tokens_dicts_list": [{"token": "The", "start_char": 1605, "end_char": 1608, "token_label": "NA"}, {"token": "American", "start_char": 1609, "end_char": 1617, "token_label": "NA"}, {"token": "Foreign", "start_char": 1618, "end_char": 1625, "token_label": "NA"}, {"token": "Service", "start_char": 1626, "end_char": 1633, "token_label": "NA"}, {"token": "Association", "start_char": 1634, "end_char": 1645, "token_label": "NA"}, {"token": "said", "start_char": 1646, "end_char": 1650, "token_label": "NA"}, {"token": "then", "start_char": 1651, "end_char": 1655, "token_label": "NA"}, {"token": "that", "start_char": 1656, "end_char": 1660, "token_label": "NA"}, {"token": "government", "start_char": 1661, "end_char": 1671, "token_label": "NA"}, {"token": "employees", "start_char": 1672, "end_char": 1681, "token_label": "NA"}, {"token": "had", "start_char": 1682, "end_char": 1685, "token_label": "NA"}, {"token": "been", "start_char": 1686, "end_char": 1690, "token_label": "NA"}, {"token": "diagnosed", "start_char": 1691, "end_char": 1700, "token_label": "NA"}, {"token": "with", "start_char": 1701, "end_char": 1705, "token_label": "NA"}, {"token": "\"", "start_char": 1706, "end_char": 1707, "token_label": "NA"}, {"token": "mild", "start_char": 1707, "end_char": 1711, "token_label": "NA"}, {"token": "traumatic", "start_char": 1712, "end_char": 1721, "token_label": "NA"}, {"token": "brain", "start_char": 1722, "end_char": 1727, "token_label": "NA"}, {"token": "injury", "start_char": 1728, "end_char": 1734, "token_label": "NA"}, {"token": "and", "start_char": 1735, "end_char": 1738, "token_label": "NA"}, {"token": "permanent", "start_char": 1739, "end_char": 1748, "token_label": "NA"}, {"token": "hearing", "start_char": 1749, "end_char": 1756, "token_label": "NA"}, {"token": "loss", "start_char": 1757, "end_char": 1761, "token_label": "NA"}, {"token": ",", "start_char": 1761, "end_char": 1762, "token_label": "NA"}, {"token": "with", "start_char": 1763, "end_char": 1767, "token_label": "NA"}, {"token": "such", "start_char": 1768, "end_char": 1772, "token_label": "NA"}, {"token": "additional", "start_char": 1773, "end_char": 1783, "token_label": "NA"}, {"token": "symptoms", "start_char": 1784, "end_char": 1792, "token_label": "NA"}, {"token": "as", "start_char": 1793, "end_char": 1795, "token_label": "NA"}, {"token": "loss", "start_char": 1796, "end_char": 1800, "token_label": "NA"}, {"token": "of", "start_char": 1801, "end_char": 1803, "token_label": "NA"}, {"token": "balance", "start_char": 1804, "end_char": 1811, "token_label": "NA"}, {"token": ",", "start_char": 1811, "end_char": 1812, "token_label": "NA"}, {"token": "severe", "start_char": 1813, "end_char": 1819, "token_label": "NA"}, {"token": "headaches", "start_char": 1820, "end_char": 1829, "token_label": "NA"}, {"token": ",", "start_char": 1829, "end_char": 1830, "token_label": "NA"}, {"token": "cognitive", "start_char": 1831, "end_char": 1840, "token_label": "NA"}, {"token": "disruption", "start_char": 1841, "end_char": 1851, "token_label": "NA"}, {"token": ",", "start_char": 1851, "end_char": 1852, "token_label": "NA"}, {"token": "and", "start_char": 1853, "end_char": 1856, "token_label": "NA"}, {"token": "brain", "start_char": 1857, "end_char": 1862, "token_label": "NA"}, {"token": "swelling", "start_char": 1863, "end_char": 1871, "token_label": "NA"}, {"token": ".", "start_char": 1871, "end_char": 1872, "token_label": "NA"}, {"token": "\"", "start_char": 1872, "end_char": 1873, "token_label": "NA"}], "news_discourse_role": 5, "news_discourse_role_prob_0": 3.6922709114151075e-05, "news_discourse_role_prob_1": 0.0006814961670897901, "news_discourse_role_prob_2": 0.0002220405003754422, "news_discourse_role_prob_3": 0.12964650988578796, "news_discourse_role_prob_4": 0.016392892226576805, "news_discourse_role_prob_5": 0.852785587310791, "news_discourse_role_prob_6": 2.7559706722968258e-05, "news_discourse_role_prob_7": 0.0001423802023055032, "news_discourse_role_prob_8": 6.459153519244865e-05, "previous_discourse_relation": 2, "previous_discourse_relation_prob_comp": 0.008682865649461746, "previous_discourse_relation_prob_cont": 0.005710531957447529, "previous_discourse_relation_prob_temp": 0.7718315720558167, "previous_discourse_relation_prob_expan": 0.21377509832382202, "latter_discourse_relation": 0, "latter_discourse_relation_prob_comp": 0.9478217363357544, "latter_discourse_relation_prob_cont": 0.0020548782777041197, "latter_discourse_relation_prob_temp": 0.02156231552362442, "latter_discourse_relation_prob_expan": 0.028561081737279892}, {"sentence_id": 10, "sentence_start": 1874, "sentence_end": 1927, "sentence_text": "Details about the Guangzhou case are still emerging.", "sentence_label": "NA", "tokens_list": ["Details", "about", "the", "Guangzhou", "case", "are", "still", "emerging", "."], "tokens_dicts_list": [{"token": "Details", "start_char": 1874, "end_char": 1881, "token_label": "NA"}, {"token": "about", "start_char": 1882, "end_char": 1887, "token_label": "NA"}, {"token": "the", "start_char": 1888, "end_char": 1891, "token_label": "NA"}, {"token": "Guangzhou", "start_char": 1892, "end_char": 1901, "token_label": "NA"}, {"token": "case", "start_char": 1902, "end_char": 1906, "token_label": "NA"}, {"token": "are", "start_char": 1907, "end_char": 1910, "token_label": "NA"}, {"token": "still", "start_char": 1911, "end_char": 1916, "token_label": "NA"}, {"token": "emerging", "start_char": 1917, "end_char": 1925, "token_label": "NA"}, {"token": ".", "start_char": 1925, "end_char": 1926, "token_label": "NA"}], "news_discourse_role": 4, "news_discourse_role_prob_0": 2.352179762965534e-05, "news_discourse_role_prob_1": 0.0023412674199789762, "news_discourse_role_prob_2": 0.0008460285025648773, "news_discourse_role_prob_3": 0.046921804547309875, "news_discourse_role_prob_4": 0.9028668403625488, "news_discourse_role_prob_5": 0.005232969764620066, "news_discourse_role_prob_6": 0.00018037550034932792, "news_discourse_role_prob_7": 0.04092003405094147, "news_discourse_role_prob_8": 0.000667270680423826, "previous_discourse_relation": 0, "previous_discourse_relation_prob_comp": 0.9478217363357544, "previous_discourse_relation_prob_cont": 0.0020548782777041197, "previous_discourse_relation_prob_temp": 0.02156231552362442, "previous_discourse_relation_prob_expan": 0.028561081737279892, "latter_discourse_relation": 3, "latter_discourse_relation_prob_comp": 0.00016793780378066003, "latter_discourse_relation_prob_cont": 0.0002739989722613245, "latter_discourse_relation_prob_temp": 5.32339618075639e-05, "latter_discourse_relation_prob_expan": 0.999504804611206}, {"sentence_id": 11, "sentence_start": 1927, "sentence_end": 2109, "sentence_text": "Jinnie Lee, a spokesman for the U.S. Embassy in Beijing, said that from late 2017 to April 2018, a government employee assigned to Guangzhou reported a variety of physical symptoms.", "sentence_label": "NA", "tokens_list": ["Jinnie", "Lee", ",", "a", "spokesman", "for", "the", "U.S.", "Embassy", "in", "Beijing", ",", "said", "that", "from", "late", "2017", "to", "April", "2018", ",", "a", "government", "employee", "assigned", "to", "Guangzhou", "reported", "a", "variety", "of", "physical", "symptoms", "."], "tokens_dicts_list": [{"token": "Jinnie", "start_char": 1927, "end_char": 1933, "token_label": "NA"}, {"token": "Lee", "start_char": 1934, "end_char": 1937, "token_label": "NA"}, {"token": ",", "start_char": 1937, "end_char": 1938, "token_label": "NA"}, {"token": "a", "start_char": 1939, "end_char": 1940, "token_label": "NA"}, {"token": "spokesman", "start_char": 1941, "end_char": 1950, "token_label": "NA"}, {"token": "for", "start_char": 1951, "end_char": 1954, "token_label": "NA"}, {"token": "the", "start_char": 1955, "end_char": 1958, "token_label": "NA"}, {"token": "U.S.", "start_char": 1959, "end_char": 1963, "token_label": "NA"}, {"token": "Embassy", "start_char": 1964, "end_char": 1971, "token_label": "NA"}, {"token": "in", "start_char": 1972, "end_char": 1974, "token_label": "NA"}, {"token": "Beijing", "start_char": 1975, "end_char": 1982, "token_label": "NA"}, {"token": ",", "start_char": 1982, "end_char": 1983, "token_label": "NA"}, {"token": "said", "start_char": 1984, "end_char": 1988, "token_label": "NA"}, {"token": "that", "start_char": 1989, "end_char": 1993, "token_label": "NA"}, {"token": "from", "start_char": 1994, "end_char": 1998, "token_label": "NA"}, {"token": "late", "start_char": 1999, "end_char": 2003, "token_label": "NA"}, {"token": "2017", "start_char": 2004, "end_char": 2008, "token_label": "NA"}, {"token": "to", "start_char": 2009, "end_char": 2011, "token_label": "NA"}, {"token": "April", "start_char": 2012, "end_char": 2017, "token_label": "NA"}, {"token": "2018", "start_char": 2018, "end_char": 2022, "token_label": "NA"}, {"token": ",", "start_char": 2022, "end_char": 2023, "token_label": "NA"}, {"token": "a", "start_char": 2024, "end_char": 2025, "token_label": "NA"}, {"token": "government", "start_char": 2026, "end_char": 2036, "token_label": "NA"}, {"token": "employee", "start_char": 2037, "end_char": 2045, "token_label": "NA"}, {"token": "assigned", "start_char": 2046, "end_char": 2054, "token_label": "NA"}, {"token": "to", "start_char": 2055, "end_char": 2057, "token_label": "NA"}, {"token": "Guangzhou", "start_char": 2058, "end_char": 2067, "token_label": "NA"}, {"token": "reported", "start_char": 2068, "end_char": 2076, "token_label": "NA"}, {"token": "a", "start_char": 2077, "end_char": 2078, "token_label": "NA"}, {"token": "variety", "start_char": 2079, "end_char": 2086, "token_label": "NA"}, {"token": "of", "start_char": 2087, "end_char": 2089, "token_label": "NA"}, {"token": "physical", "start_char": 2090, "end_char": 2098, "token_label": "NA"}, {"token": "symptoms", "start_char": 2099, "end_char": 2107, "token_label": "NA"}, {"token": ".", "start_char": 2107, "end_char": 2108, "token_label": "NA"}], "news_discourse_role": 5, "news_discourse_role_prob_0": 1.9723007426364347e-05, "news_discourse_role_prob_1": 0.00013147323625162244, "news_discourse_role_prob_2": 5.225914719630964e-05, "news_discourse_role_prob_3": 0.006841693073511124, "news_discourse_role_prob_4": 0.003418068401515484, "news_discourse_role_prob_5": 0.9876158833503723, "news_discourse_role_prob_6": 0.0004520610673353076, "news_discourse_role_prob_7": 0.0014341406058520079, "news_discourse_role_prob_8": 3.466351699898951e-05, "previous_discourse_relation": 3, "previous_discourse_relation_prob_comp": 0.00016793780378066003, "previous_discourse_relation_prob_cont": 0.0002739989722613245, "previous_discourse_relation_prob_temp": 5.32339618075639e-05, "previous_discourse_relation_prob_expan": 0.999504804611206, "latter_discourse_relation": 1, "latter_discourse_relation_prob_comp": 0.0016406195936724544, "latter_discourse_relation_prob_cont": 0.9369572997093201, "latter_discourse_relation_prob_temp": 0.0366520993411541, "latter_discourse_relation_prob_expan": 0.024749919772148132}, {"sentence_id": 12, "sentence_start": 2109, "sentence_end": 2182, "sentence_text": "The employee was sent to the United States for evaluation and treatment.", "sentence_label": "NA", "tokens_list": ["The", "employee", "was", "sent", "to", "the", "United", "States", "for", "evaluation", "and", "treatment", "."], "tokens_dicts_list": [{"token": "The", "start_char": 2109, "end_char": 2112, "token_label": "NA"}, {"token": "employee", "start_char": 2113, "end_char": 2121, "token_label": "NA"}, {"token": "was", "start_char": 2122, "end_char": 2125, "token_label": "NA"}, {"token": "sent", "start_char": 2126, "end_char": 2130, "token_label": "NA"}, {"token": "to", "start_char": 2131, "end_char": 2133, "token_label": "NA"}, {"token": "the", "start_char": 2134, "end_char": 2137, "token_label": "NA"}, {"token": "United", "start_char": 2138, "end_char": 2144, "token_label": "NA"}, {"token": "States", "start_char": 2145, "end_char": 2151, "token_label": "NA"}, {"token": "for", "start_char": 2152, "end_char": 2155, "token_label": "NA"}, {"token": "evaluation", "start_char": 2156, "end_char": 2166, "token_label": "NA"}, {"token": "and", "start_char": 2167, "end_char": 2170, "token_label": "NA"}, {"token": "treatment", "start_char": 2171, "end_char": 2180, "token_label": "NA"}, {"token": ".", "start_char": 2180, "end_char": 2181, "token_label": "NA"}], "news_discourse_role": 5, "news_discourse_role_prob_0": 3.985910097981105e-06, "news_discourse_role_prob_1": 1.9339349819347262e-05, "news_discourse_role_prob_2": 1.0294802450516727e-05, "news_discourse_role_prob_3": 0.0027543569449335337, "news_discourse_role_prob_4": 0.0011456427164375782, "news_discourse_role_prob_5": 0.9960339665412903, "news_discourse_role_prob_6": 1.016417627397459e-05, "news_discourse_role_prob_7": 2.016851067310199e-05, "news_discourse_role_prob_8": 2.104647819578531e-06, "previous_discourse_relation": 1, "previous_discourse_relation_prob_comp": 0.0016406195936724544, "previous_discourse_relation_prob_cont": 0.9369572997093201, "previous_discourse_relation_prob_temp": 0.0366520993411541, "previous_discourse_relation_prob_expan": 0.024749919772148132, "latter_discourse_relation": 2, "latter_discourse_relation_prob_comp": 0.05093653127551079, "latter_discourse_relation_prob_cont": 0.04324910789728165, "latter_discourse_relation_prob_temp": 0.6614549160003662, "latter_discourse_relation_prob_expan": 0.24435941874980927}, {"sentence_id": 13, "sentence_start": 2182, "sentence_end": 2265, "sentence_text": "On May 18, the embassy learned that the diagnosis was mild traumatic brain injury.", "sentence_label": "NA", "tokens_list": ["On", "May", "18", ",", "the", "embassy", "learned", "that", "the", "diagnosis", "was", "mild", "traumatic", "brain", "injury", "."], "tokens_dicts_list": [{"token": "On", "start_char": 2182, "end_char": 2184, "token_label": "NA"}, {"token": "May", "start_char": 2185, "end_char": 2188, "token_label": "NA"}, {"token": "18", "start_char": 2189, "end_char": 2191, "token_label": "NA"}, {"token": ",", "start_char": 2191, "end_char": 2192, "token_label": "NA"}, {"token": "the", "start_char": 2193, "end_char": 2196, "token_label": "NA"}, {"token": "embassy", "start_char": 2197, "end_char": 2204, "token_label": "NA"}, {"token": "learned", "start_char": 2205, "end_char": 2212, "token_label": "NA"}, {"token": "that", "start_char": 2213, "end_char": 2217, "token_label": "NA"}, {"token": "the", "start_char": 2218, "end_char": 2221, "token_label": "NA"}, {"token": "diagnosis", "start_char": 2222, "end_char": 2231, "token_label": "NA"}, {"token": "was", "start_char": 2232, "end_char": 2235, "token_label": "NA"}, {"token": "mild", "start_char": 2236, "end_char": 2240, "token_label": "NA"}, {"token": "traumatic", "start_char": 2241, "end_char": 2250, "token_label": "NA"}, {"token": "brain", "start_char": 2251, "end_char": 2256, "token_label": "NA"}, {"token": "injury", "start_char": 2257, "end_char": 2263, "token_label": "NA"}, {"token": ".", "start_char": 2263, "end_char": 2264, "token_label": "NA"}], "news_discourse_role": 5, "news_discourse_role_prob_0": 2.6842066290555522e-05, "news_discourse_role_prob_1": 0.0045610456727445126, "news_discourse_role_prob_2": 0.0004886206588707864, "news_discourse_role_prob_3": 0.3205580413341522, "news_discourse_role_prob_4": 0.035114359110593796, "news_discourse_role_prob_5": 0.6384814381599426, "news_discourse_role_prob_6": 8.56364713399671e-05, "news_discourse_role_prob_7": 0.00042170044616796076, "news_discourse_role_prob_8": 0.00026229475042782724, "previous_discourse_relation": 2, "previous_discourse_relation_prob_comp": 0.05093653127551079, "previous_discourse_relation_prob_cont": 0.04324910789728165, "previous_discourse_relation_prob_temp": 0.6614549160003662, "previous_discourse_relation_prob_expan": 0.24435941874980927, "latter_discourse_relation": 3, "latter_discourse_relation_prob_comp": 0.004115602932870388, "latter_discourse_relation_prob_cont": 0.03682827576994896, "latter_discourse_relation_prob_temp": 0.011200835928320885, "latter_discourse_relation_prob_expan": 0.9478552341461182}, {"sentence_id": 14, "sentence_start": 2265, "sentence_end": 2492, "sentence_text": "\"The medical indications are very similar, and entirely consistent with, the medical indications that were taking place to Americans working in Cuba,\" Secretary of State Mike Pompeo said Wednesday during testimony in Congress.", "sentence_label": "NA", "tokens_list": ["\"", "The", "medical", "indications", "are", "very", "similar", ",", "and", "entirely", "consistent", "with", ",", "the", "medical", "indications", "that", "were", "taking", "place", "to", "Americans", "working", "in", "Cuba", ",", "\"", "Secretary", "of", "State", "Mike", "Pompeo", "said", "Wednesday", "during", "testimony", "in", "Congress", "."], "tokens_dicts_list": [{"token": "\"", "start_char": 2265, "end_char": 2266, "token_label": "NA"}, {"token": "The", "start_char": 2266, "end_char": 2269, "token_label": "NA"}, {"token": "medical", "start_char": 2270, "end_char": 2277, "token_label": "NA"}, {"token": "indications", "start_char": 2278, "end_char": 2289, "token_label": "NA"}, {"token": "are", "start_char": 2290, "end_char": 2293, "token_label": "NA"}, {"token": "very", "start_char": 2294, "end_char": 2298, "token_label": "NA"}, {"token": "similar", "start_char": 2299, "end_char": 2306, "token_label": "NA"}, {"token": ",", "start_char": 2306, "end_char": 2307, "token_label": "NA"}, {"token": "and", "start_char": 2308, "end_char": 2311, "token_label": "NA"}, {"token": "entirely", "start_char": 2312, "end_char": 2320, "token_label": "NA"}, {"token": "consistent", "start_char": 2321, "end_char": 2331, "token_label": "NA"}, {"token": "with", "start_char": 2332, "end_char": 2336, "token_label": "NA"}, {"token": ",", "start_char": 2336, "end_char": 2337, "token_label": "NA"}, {"token": "the", "start_char": 2338, "end_char": 2341, "token_label": "NA"}, {"token": "medical", "start_char": 2342, "end_char": 2349, "token_label": "NA"}, {"token": "indications", "start_char": 2350, "end_char": 2361, "token_label": "NA"}, {"token": "that", "start_char": 2362, "end_char": 2366, "token_label": "NA"}, {"token": "were", "start_char": 2367, "end_char": 2371, "token_label": "NA"}, {"token": "taking", "start_char": 2372, "end_char": 2378, "token_label": "NA"}, {"token": "place", "start_char": 2379, "end_char": 2384, "token_label": "NA"}, {"token": "to", "start_char": 2385, "end_char": 2387, "token_label": "NA"}, {"token": "Americans", "start_char": 2388, "end_char": 2397, "token_label": "NA"}, {"token": "working", "start_char": 2398, "end_char": 2405, "token_label": "NA"}, {"token": "in", "start_char": 2406, "end_char": 2408, "token_label": "NA"}, {"token": "Cuba", "start_char": 2409, "end_char": 2413, "token_label": "NA"}, {"token": ",", "start_char": 2413, "end_char": 2414, "token_label": "NA"}, {"token": "\"", "start_char": 2414, "end_char": 2415, "token_label": "NA"}, {"token": "Secretary", "start_char": 2416, "end_char": 2425, "token_label": "NA"}, {"token": "of", "start_char": 2426, "end_char": 2428, "token_label": "NA"}, {"token": "State", "start_char": 2429, "end_char": 2434, "token_label": "NA"}, {"token": "Mike", "start_char": 2435, "end_char": 2439, "token_label": "NA"}, {"token": "Pompeo", "start_char": 2440, "end_char": 2446, "token_label": "NA"}, {"token": "said", "start_char": 2447, "end_char": 2451, "token_label": "NA"}, {"token": "Wednesday", "start_char": 2452, "end_char": 2461, "token_label": "NA"}, {"token": "during", "start_char": 2462, "end_char": 2468, "token_label": "NA"}, {"token": "testimony", "start_char": 2469, "end_char": 2478, "token_label": "NA"}, {"token": "in", "start_char": 2479, "end_char": 2481, "token_label": "NA"}, {"token": "Congress", "start_char": 2482, "end_char": 2490, "token_label": "NA"}, {"token": ".", "start_char": 2490, "end_char": 2491, "token_label": "NA"}], "news_discourse_role": 7, "news_discourse_role_prob_0": 4.9326379667036235e-05, "news_discourse_role_prob_1": 0.015614272095263004, "news_discourse_role_prob_2": 0.00021232652943581343, "news_discourse_role_prob_3": 0.01952265575528145, "news_discourse_role_prob_4": 0.005867652129381895, "news_discourse_role_prob_5": 0.0009752192418090999, "news_discourse_role_prob_6": 0.0008593677775934339, "news_discourse_role_prob_7": 0.9543721079826355, "news_discourse_role_prob_8": 0.0025270211044698954, "previous_discourse_relation": 3, "previous_discourse_relation_prob_comp": 0.004115602932870388, "previous_discourse_relation_prob_cont": 0.03682827576994896, "previous_discourse_relation_prob_temp": 0.011200835928320885, "previous_discourse_relation_prob_expan": 0.9478552341461182, "latter_discourse_relation": 3, "latter_discourse_relation_prob_comp": 0.0015677219489589334, "latter_discourse_relation_prob_cont": 0.0006968477391637862, "latter_discourse_relation_prob_temp": 0.0007377357687801123, "latter_discourse_relation_prob_expan": 0.9969977140426636}, {"sentence_id": 15, "sentence_start": 2492, "sentence_end": 2603, "sentence_text": "\"The Chinese government has assured us they are also investigating and taking appropriate measures,\" Lee said.", "sentence_label": "NA", "tokens_list": ["\"", "The", "Chinese", "government", "has", "assured", "us", "they", "are", "also", "investigating", "and", "taking", "appropriate", "measures", ",", "\"", "Lee", "said", "."], "tokens_dicts_list": [{"token": "\"", "start_char": 2492, "end_char": 2493, "token_label": "NA"}, {"token": "The", "start_char": 2493, "end_char": 2496, "token_label": "NA"}, {"token": "Chinese", "start_char": 2497, "end_char": 2504, "token_label": "NA"}, {"token": "government", "start_char": 2505, "end_char": 2515, "token_label": "NA"}, {"token": "has", "start_char": 2516, "end_char": 2519, "token_label": "NA"}, {"token": "assured", "start_char": 2520, "end_char": 2527, "token_label": "NA"}, {"token": "us", "start_char": 2528, "end_char": 2530, "token_label": "NA"}, {"token": "they", "start_char": 2531, "end_char": 2535, "token_label": "NA"}, {"token": "are", "start_char": 2536, "end_char": 2539, "token_label": "NA"}, {"token": "also", "start_char": 2540, "end_char": 2544, "token_label": "NA"}, {"token": "investigating", "start_char": 2545, "end_char": 2558, "token_label": "NA"}, {"token": "and", "start_char": 2559, "end_char": 2562, "token_label": "NA"}, {"token": "taking", "start_char": 2563, "end_char": 2569, "token_label": "NA"}, {"token": "appropriate", "start_char": 2570, "end_char": 2581, "token_label": "NA"}, {"token": "measures", "start_char": 2582, "end_char": 2590, "token_label": "NA"}, {"token": ",", "start_char": 2590, "end_char": 2591, "token_label": "NA"}, {"token": "\"", "start_char": 2591, "end_char": 2592, "token_label": "NA"}, {"token": "Lee", "start_char": 2593, "end_char": 2596, "token_label": "NA"}, {"token": "said", "start_char": 2597, "end_char": 2601, "token_label": "NA"}, {"token": ".", "start_char": 2601, "end_char": 2602, "token_label": "NA"}], "news_discourse_role": 7, "news_discourse_role_prob_0": 3.235014810343273e-05, "news_discourse_role_prob_1": 0.010446188040077686, "news_discourse_role_prob_2": 0.0010037821484729648, "news_discourse_role_prob_3": 0.00590991647914052, "news_discourse_role_prob_4": 0.0241644736379385, "news_discourse_role_prob_5": 0.00020680403395090252, "news_discourse_role_prob_6": 0.00041259810677729547, "news_discourse_role_prob_7": 0.9539791941642761, "news_discourse_role_prob_8": 0.003844618331640959, "previous_discourse_relation": 3, "previous_discourse_relation_prob_comp": 0.0015677219489589334, "previous_discourse_relation_prob_cont": 0.0006968477391637862, "previous_discourse_relation_prob_temp": 0.0007377357687801123, "previous_discourse_relation_prob_expan": 0.9969977140426636, "latter_discourse_relation": 3, "latter_discourse_relation_prob_comp": 0.00046008857316337526, "latter_discourse_relation_prob_cont": 0.002496284432709217, "latter_discourse_relation_prob_temp": 0.0005527379689738154, "latter_discourse_relation_prob_expan": 0.9964908957481384}, {"sentence_id": 16, "sentence_start": 2603, "sentence_end": 2727, "sentence_text": "The health alert advised that U.S. citizens in China should consult a medical professional if they experience any symptoms.", "sentence_label": "NA", "tokens_list": ["The", "health", "alert", "advised", "that", "U.S.", "citizens", "in", "China", "should", "consult", "a", "medical", "professional", "if", "they", "experience", "any", "symptoms", "."], "tokens_dicts_list": [{"token": "The", "start_char": 2603, "end_char": 2606, "token_label": "NA"}, {"token": "health", "start_char": 2607, "end_char": 2613, "token_label": "NA"}, {"token": "alert", "start_char": 2614, "end_char": 2619, "token_label": "NA"}, {"token": "advised", "start_char": 2620, "end_char": 2627, "token_label": "NA"}, {"token": "that", "start_char": 2628, "end_char": 2632, "token_label": "NA"}, {"token": "U.S.", "start_char": 2633, "end_char": 2637, "token_label": "NA"}, {"token": "citizens", "start_char": 2638, "end_char": 2646, "token_label": "NA"}, {"token": "in", "start_char": 2647, "end_char": 2649, "token_label": "NA"}, {"token": "China", "start_char": 2650, "end_char": 2655, "token_label": "NA"}, {"token": "should", "start_char": 2656, "end_char": 2662, "token_label": "NA"}, {"token": "consult", "start_char": 2663, "end_char": 2670, "token_label": "NA"}, {"token": "a", "start_char": 2671, "end_char": 2672, "token_label": "NA"}, {"token": "medical", "start_char": 2673, "end_char": 2680, "token_label": "NA"}, {"token": "professional", "start_char": 2681, "end_char": 2693, "token_label": "NA"}, {"token": "if", "start_char": 2694, "end_char": 2696, "token_label": "NA"}, {"token": "they", "start_char": 2697, "end_char": 2701, "token_label": "NA"}, {"token": "experience", "start_char": 2702, "end_char": 2712, "token_label": "NA"}, {"token": "any", "start_char": 2713, "end_char": 2716, "token_label": "NA"}, {"token": "symptoms", "start_char": 2717, "end_char": 2725, "token_label": "NA"}, {"token": ".", "start_char": 2725, "end_char": 2726, "token_label": "NA"}], "news_discourse_role": 1, "news_discourse_role_prob_0": 0.001476389355957508, "news_discourse_role_prob_1": 0.6052266359329224, "news_discourse_role_prob_2": 0.04267347604036331, "news_discourse_role_prob_3": 0.0680108368396759, "news_discourse_role_prob_4": 0.2180112600326538, "news_discourse_role_prob_5": 0.0008397704223170877, "news_discourse_role_prob_6": 0.0003370506747160107, "news_discourse_role_prob_7": 0.03764602541923523, "news_discourse_role_prob_8": 0.025778593495488167, "previous_discourse_relation": 3, "previous_discourse_relation_prob_comp": 0.00046008857316337526, "previous_discourse_relation_prob_cont": 0.002496284432709217, "previous_discourse_relation_prob_temp": 0.0005527379689738154, "previous_discourse_relation_prob_expan": 0.9964908957481384, "latter_discourse_relation": 3, "latter_discourse_relation_prob_comp": 0.001490888767875731, "latter_discourse_relation_prob_cont": 0.0011955613736063242, "latter_discourse_relation_prob_temp": 0.0003630560531746596, "latter_discourse_relation_prob_expan": 0.9969504475593567}, {"sentence_id": 17, "sentence_start": 2727, "sentence_end": 2919, "sentence_text": "\"While in China, if you experience any unusual acute auditory or sensory phenomena accompanied by unusual sounds or piercing noises, do not attempt to locate their source,\" the alert advised.", "sentence_label": "NA", "tokens_list": ["\"", "While", "in", "China", ",", "if", "you", "experience", "any", "unusual", "acute", "auditory", "or", "sensory", "phenomena", "accompanied", "by", "unusual", "sounds", "or", "piercing", "noises", ",", "do", "not", "attempt", "to", "locate", "their", "source", ",", "\"", "the", "alert", "advised", "."], "tokens_dicts_list": [{"token": "\"", "start_char": 2727, "end_char": 2728, "token_label": "NA"}, {"token": "While", "start_char": 2728, "end_char": 2733, "token_label": "NA"}, {"token": "in", "start_char": 2734, "end_char": 2736, "token_label": "NA"}, {"token": "China", "start_char": 2737, "end_char": 2742, "token_label": "NA"}, {"token": ",", "start_char": 2742, "end_char": 2743, "token_label": "NA"}, {"token": "if", "start_char": 2744, "end_char": 2746, "token_label": "NA"}, {"token": "you", "start_char": 2747, "end_char": 2750, "token_label": "NA"}, {"token": "experience", "start_char": 2751, "end_char": 2761, "token_label": "NA"}, {"token": "any", "start_char": 2762, "end_char": 2765, "token_label": "NA"}, {"token": "unusual", "start_char": 2766, "end_char": 2773, "token_label": "NA"}, {"token": "acute", "start_char": 2774, "end_char": 2779, "token_label": "NA"}, {"token": "auditory", "start_char": 2780, "end_char": 2788, "token_label": "NA"}, {"token": "or", "start_char": 2789, "end_char": 2791, "token_label": "NA"}, {"token": "sensory", "start_char": 2792, "end_char": 2799, "token_label": "NA"}, {"token": "phenomena", "start_char": 2800, "end_char": 2809, "token_label": "NA"}, {"token": "accompanied", "start_char": 2810, "end_char": 2821, "token_label": "NA"}, {"token": "by", "start_char": 2822, "end_char": 2824, "token_label": "NA"}, {"token": "unusual", "start_char": 2825, "end_char": 2832, "token_label": "NA"}, {"token": "sounds", "start_char": 2833, "end_char": 2839, "token_label": "NA"}, {"token": "or", "start_char": 2840, "end_char": 2842, "token_label": "NA"}, {"token": "piercing", "start_char": 2843, "end_char": 2851, "token_label": "NA"}, {"token": "noises", "start_char": 2852, "end_char": 2858, "token_label": "NA"}, {"token": ",", "start_char": 2858, "end_char": 2859, "token_label": "NA"}, {"token": "do", "start_char": 2860, "end_char": 2862, "token_label": "NA"}, {"token": "not", "start_char": 2863, "end_char": 2866, "token_label": "NA"}, {"token": "attempt", "start_char": 2867, "end_char": 2874, "token_label": "NA"}, {"token": "to", "start_char": 2875, "end_char": 2877, "token_label": "NA"}, {"token": "locate", "start_char": 2878, "end_char": 2884, "token_label": "NA"}, {"token": "their", "start_char": 2885, "end_char": 2890, "token_label": "NA"}, {"token": "source", "start_char": 2891, "end_char": 2897, "token_label": "NA"}, {"token": ",", "start_char": 2897, "end_char": 2898, "token_label": "NA"}, {"token": "\"", "start_char": 2898, "end_char": 2899, "token_label": "NA"}, {"token": "the", "start_char": 2900, "end_char": 2903, "token_label": "NA"}, {"token": "alert", "start_char": 2904, "end_char": 2909, "token_label": "NA"}, {"token": "advised", "start_char": 2910, "end_char": 2917, "token_label": "NA"}, {"token": ".", "start_char": 2917, "end_char": 2918, "token_label": "NA"}], "news_discourse_role": 1, "news_discourse_role_prob_0": 0.011549276299774647, "news_discourse_role_prob_1": 0.4915541708469391, "news_discourse_role_prob_2": 0.026482760906219482, "news_discourse_role_prob_3": 0.024993974715471268, "news_discourse_role_prob_4": 0.15792135894298553, "news_discourse_role_prob_5": 0.001353933708742261, "news_discourse_role_prob_6": 0.0035804251674562693, "news_discourse_role_prob_7": 0.26024284958839417, "news_discourse_role_prob_8": 0.022321268916130066, "previous_discourse_relation": 3, "previous_discourse_relation_prob_comp": 0.001490888767875731, "previous_discourse_relation_prob_cont": 0.0011955613736063242, "previous_discourse_relation_prob_temp": 0.0003630560531746596, "previous_discourse_relation_prob_expan": 0.9969504475593567, "latter_discourse_relation": 3, "latter_discourse_relation_prob_comp": 0.009551470167934895, "latter_discourse_relation_prob_cont": 0.0008257689187303185, "latter_discourse_relation_prob_temp": 0.0019121421501040459, "latter_discourse_relation_prob_expan": 0.9877106547355652}, {"sentence_id": 18, "sentence_start": 2919, "sentence_end": 2983, "sentence_text": "\"Instead, move to a location where the sounds are not present.\"", "sentence_label": "NA", "tokens_list": ["\"", "Instead", ",", "move", "to", "a", "location", "where", "the", "sounds", "are", "not", "present", ".", "\""], "tokens_dicts_list": [{"token": "\"", "start_char": 2919, "end_char": 2920, "token_label": "NA"}, {"token": "Instead", "start_char": 2920, "end_char": 2927, "token_label": "NA"}, {"token": ",", "start_char": 2927, "end_char": 2928, "token_label": "NA"}, {"token": "move", "start_char": 2929, "end_char": 2933, "token_label": "NA"}, {"token": "to", "start_char": 2934, "end_char": 2936, "token_label": "NA"}, {"token": "a", "start_char": 2937, "end_char": 2938, "token_label": "NA"}, {"token": "location", "start_char": 2939, "end_char": 2947, "token_label": "NA"}, {"token": "where", "start_char": 2948, "end_char": 2953, "token_label": "NA"}, {"token": "the", "start_char": 2954, "end_char": 2957, "token_label": "NA"}, {"token": "sounds", "start_char": 2958, "end_char": 2964, "token_label": "NA"}, {"token": "are", "start_char": 2965, "end_char": 2968, "token_label": "NA"}, {"token": "not", "start_char": 2969, "end_char": 2972, "token_label": "NA"}, {"token": "present", "start_char": 2973, "end_char": 2980, "token_label": "NA"}, {"token": ".", "start_char": 2980, "end_char": 2981, "token_label": "NA"}, {"token": "\"", "start_char": 2981, "end_char": 2982, "token_label": "NA"}], "news_discourse_role": 4, "news_discourse_role_prob_0": 0.07075709849596024, "news_discourse_role_prob_1": 0.14367635548114777, "news_discourse_role_prob_2": 0.02995298244059086, "news_discourse_role_prob_3": 0.02409462444484234, "news_discourse_role_prob_4": 0.4036380648612976, "news_discourse_role_prob_5": 0.0022467169910669327, "news_discourse_role_prob_6": 0.013885184191167355, "news_discourse_role_prob_7": 0.2789536118507385, "news_discourse_role_prob_8": 0.03279542177915573, "previous_discourse_relation": 3, "previous_discourse_relation_prob_comp": 0.009551470167934895, "previous_discourse_relation_prob_cont": 0.0008257689187303185, "previous_discourse_relation_prob_temp": 0.0019121421501040459, "previous_discourse_relation_prob_expan": 0.9877106547355652, "latter_discourse_relation": 3, "latter_discourse_relation_prob_comp": 0.000718483526725322, "latter_discourse_relation_prob_cont": 0.008512099273502827, "latter_discourse_relation_prob_temp": 0.02752094343304634, "latter_discourse_relation_prob_expan": 0.9632484316825867}, {"sentence_id": 19, "sentence_start": 2983, "sentence_end": 3007, "sentence_text": "A Section on 05/24/2018", "sentence_label": "NA", "tokens_list": ["A", "Section", "on", "05/24/2018"], "tokens_dicts_list": [{"token": "A", "start_char": 2983, "end_char": 2984, "token_label": "NA"}, {"token": "Section", "start_char": 2985, "end_char": 2992, "token_label": "NA"}, {"token": "on", "start_char": 2993, "end_char": 2995, "token_label": "NA"}, {"token": "05/24/2018", "start_char": 2996, "end_char": 3006, "token_label": "NA"}], "news_discourse_role": 0, "news_discourse_role_prob_0": 0.9994694590568542, "news_discourse_role_prob_1": 5.396529104473302e-06, "news_discourse_role_prob_2": 3.70756424672436e-05, "news_discourse_role_prob_3": 1.0525211109779775e-05, "news_discourse_role_prob_4": 0.00044732788228429854, "news_discourse_role_prob_5": 1.5228093616315164e-05, "news_discourse_role_prob_6": 7.347095561271999e-06, "news_discourse_role_prob_7": 5.850468824064592e-06, "news_discourse_role_prob_8": 1.7601171293790685e-06, "previous_discourse_relation": 3, "previous_discourse_relation_prob_comp": 0.000718483526725322, "previous_discourse_relation_prob_cont": 0.008512099273502827, "previous_discourse_relation_prob_temp": 0.02752094343304634, "previous_discourse_relation_prob_expan": 0.9632484316825867, "latter_discourse_relation": -1}]}