{"file_name": "./Propaganda/json_annotations/train/article770945799.json", "num_sentences": 16, "sentences": [{"sentence_id": 0, "sentence_start": 0, "sentence_end": 78, "sentence_text": "Ex-Sailor Pardoned By Trump, Sues Obama And Comey For NOT Prosecuting Hillary", "sentence_label": "NA", "tokens_list": ["Ex-Sailor", "Pardoned", "By", "Trump", ",", "Sues", "Obama", "And", "Comey", "For", "NOT", "Prosecuting", "Hillary"], "tokens_dicts_list": [{"token": "Ex-Sailor", "start_char": 0, "end_char": 9, "token_label": "NA"}, {"token": "Pardoned", "start_char": 10, "end_char": 18, "token_label": "NA"}, {"token": "By", "start_char": 19, "end_char": 21, "token_label": "NA"}, {"token": "Trump", "start_char": 22, "end_char": 27, "token_label": "NA"}, {"token": ",", "start_char": 27, "end_char": 28, "token_label": "NA"}, {"token": "Sues", "start_char": 29, "end_char": 33, "token_label": "NA"}, {"token": "Obama", "start_char": 34, "end_char": 39, "token_label": "NA"}, {"token": "And", "start_char": 40, "end_char": 43, "token_label": "NA"}, {"token": "Comey", "start_char": 44, "end_char": 49, "token_label": "NA"}, {"token": "For", "start_char": 50, "end_char": 53, "token_label": "NA"}, {"token": "NOT", "start_char": 54, "end_char": 57, "token_label": "NA"}, {"token": "Prosecuting", "start_char": 58, "end_char": 69, "token_label": "NA"}, {"token": "Hillary", "start_char": 70, "end_char": 77, "token_label": "NA"}], "news_discourse_role": 0, "news_discourse_role_prob_0": 0.987331211566925, "news_discourse_role_prob_1": 0.00764797069132328, "news_discourse_role_prob_2": 0.0015320921083912253, "news_discourse_role_prob_3": 0.0002829936856869608, "news_discourse_role_prob_4": 0.002890973584726453, "news_discourse_role_prob_5": 6.515698623843491e-05, "news_discourse_role_prob_6": 9.588268585503101e-05, "news_discourse_role_prob_7": 0.00013838295126333833, "news_discourse_role_prob_8": 1.527021413494367e-05, "latter_discourse_relation": 3, "latter_discourse_relation_prob_comp": 0.006298351567238569, "latter_discourse_relation_prob_cont": 0.3975295126438141, "latter_discourse_relation_prob_temp": 0.012049613520503044, "latter_discourse_relation_prob_expan": 0.5841225385665894, "previous_discourse_relation": -1}, {"sentence_id": 1, "sentence_start": 79, "sentence_end": 300, "sentence_text": "The former Navy sailor pardoned by President Donald Trump after serving a year in federal prison for taking photos of classified sections of his submarine filed a lawsuit on Monday against Obama administration officials.", "sentence_label": "NA", "tokens_list": ["The", "former", "Navy", "sailor", "pardoned", "by", "President", "Donald", "Trump", "after", "serving", "a", "year", "in", "federal", "prison", "for", "taking", "photos", "of", "classified", "sections", "of", "his", "submarine", "filed", "a", "lawsuit", "on", "Monday", "against", "Obama", "administration", "officials", "."], "tokens_dicts_list": [{"token": "The", "start_char": 79, "end_char": 82, "token_label": "NA"}, {"token": "former", "start_char": 83, "end_char": 89, "token_label": "NA"}, {"token": "Navy", "start_char": 90, "end_char": 94, "token_label": "NA"}, {"token": "sailor", "start_char": 95, "end_char": 101, "token_label": "NA"}, {"token": "pardoned", "start_char": 102, "end_char": 110, "token_label": "NA"}, {"token": "by", "start_char": 111, "end_char": 113, "token_label": "NA"}, {"token": "President", "start_char": 114, "end_char": 123, "token_label": "NA"}, {"token": "Donald", "start_char": 124, "end_char": 130, "token_label": "NA"}, {"token": "Trump", "start_char": 131, "end_char": 136, "token_label": "NA"}, {"token": "after", "start_char": 137, "end_char": 142, "token_label": "NA"}, {"token": "serving", "start_char": 143, "end_char": 150, "token_label": "NA"}, {"token": "a", "start_char": 151, "end_char": 152, "token_label": "NA"}, {"token": "year", "start_char": 153, "end_char": 157, "token_label": "NA"}, {"token": "in", "start_char": 158, "end_char": 160, "token_label": "NA"}, {"token": "federal", "start_char": 161, "end_char": 168, "token_label": "NA"}, {"token": "prison", "start_char": 169, "end_char": 175, "token_label": "NA"}, {"token": "for", "start_char": 176, "end_char": 179, "token_label": "NA"}, {"token": "taking", "start_char": 180, "end_char": 186, "token_label": "NA"}, {"token": "photos", "start_char": 187, "end_char": 193, "token_label": "NA"}, {"token": "of", "start_char": 194, "end_char": 196, "token_label": "NA"}, {"token": "classified", "start_char": 197, "end_char": 207, "token_label": "NA"}, {"token": "sections", "start_char": 208, "end_char": 216, "token_label": "NA"}, {"token": "of", "start_char": 217, "end_char": 219, "token_label": "NA"}, {"token": "his", "start_char": 220, "end_char": 223, "token_label": "NA"}, {"token": "submarine", "start_char": 224, "end_char": 233, "token_label": "NA"}, {"token": "filed", "start_char": 234, "end_char": 239, "token_label": "NA"}, {"token": "a", "start_char": 240, "end_char": 241, "token_label": "NA"}, {"token": "lawsuit", "start_char": 242, "end_char": 249, "token_label": "NA"}, {"token": "on", "start_char": 250, "end_char": 252, "token_label": "NA"}, {"token": "Monday", "start_char": 253, "end_char": 259, "token_label": "NA"}, {"token": "against", "start_char": 260, "end_char": 267, "token_label": "NA"}, {"token": "Obama", "start_char": 268, "end_char": 273, "token_label": "NA"}, {"token": "administration", "start_char": 274, "end_char": 288, "token_label": "NA"}, {"token": "officials", "start_char": 289, "end_char": 298, "token_label": "NA"}, {"token": ".", "start_char": 298, "end_char": 299, "token_label": "NA"}], "news_discourse_role": 1, "news_discourse_role_prob_0": 0.004360597115010023, "news_discourse_role_prob_1": 0.9592028856277466, "news_discourse_role_prob_2": 0.0046795136295259, "news_discourse_role_prob_3": 0.018556907773017883, "news_discourse_role_prob_4": 0.012845262885093689, "news_discourse_role_prob_5": 9.194113226840273e-05, "news_discourse_role_prob_6": 0.00010809802915900946, "news_discourse_role_prob_7": 0.00011676653230097145, "news_discourse_role_prob_8": 3.7962370697641745e-05, "previous_discourse_relation": 3, "previous_discourse_relation_prob_comp": 0.006298351567238569, "previous_discourse_relation_prob_cont": 0.3975295126438141, "previous_discourse_relation_prob_temp": 0.012049613520503044, "previous_discourse_relation_prob_expan": 0.5841225385665894, "latter_discourse_relation": 3, "latter_discourse_relation_prob_comp": 0.00010256634413963184, "latter_discourse_relation_prob_cont": 0.002249788958579302, "latter_discourse_relation_prob_temp": 0.0008679422899149358, "latter_discourse_relation_prob_expan": 0.9967796206474304}, {"sentence_id": 2, "sentence_start": 300, "sentence_end": 453, "sentence_text": "The ex-sailor is alleging that he was subject to unequal protection of the law and cites Comey and Obama\u2019s willingness to not prosecute Hillary Clinton.", "sentence_label": "NA", "tokens_list": ["The", "ex-sailor", "is", "alleging", "that", "he", "was", "subject", "to", "unequal", "protection", "of", "the", "law", "and", "cites", "Comey", "and", "Obama\u2019s", "willingness", "to", "not", "prosecute", "Hillary", "Clinton", "."], "tokens_dicts_list": [{"token": "The", "start_char": 300, "end_char": 303, "token_label": "NA"}, {"token": "ex-sailor", "start_char": 304, "end_char": 313, "token_label": "NA"}, {"token": "is", "start_char": 314, "end_char": 316, "token_label": "NA"}, {"token": "alleging", "start_char": 317, "end_char": 325, "token_label": "NA"}, {"token": "that", "start_char": 326, "end_char": 330, "token_label": "NA"}, {"token": "he", "start_char": 331, "end_char": 333, "token_label": "NA"}, {"token": "was", "start_char": 334, "end_char": 337, "token_label": "NA"}, {"token": "subject", "start_char": 338, "end_char": 345, "token_label": "NA"}, {"token": "to", "start_char": 346, "end_char": 348, "token_label": "NA"}, {"token": "unequal", "start_char": 349, "end_char": 356, "token_label": "NA"}, {"token": "protection", "start_char": 357, "end_char": 367, "token_label": "NA"}, {"token": "of", "start_char": 368, "end_char": 370, "token_label": "NA"}, {"token": "the", "start_char": 371, "end_char": 374, "token_label": "NA"}, {"token": "law", "start_char": 375, "end_char": 378, "token_label": "NA"}, {"token": "and", "start_char": 379, "end_char": 382, "token_label": "NA"}, {"token": "cites", "start_char": 383, "end_char": 388, "token_label": "NA"}, {"token": "Comey", "start_char": 389, "end_char": 394, "token_label": "NA"}, {"token": "and", "start_char": 395, "end_char": 398, "token_label": "NA"}, {"token": "Obama\u2019s", "start_char": 399, "end_char": 406, "token_label": "NA"}, {"token": "willingness", "start_char": 407, "end_char": 418, "token_label": "NA"}, {"token": "to", "start_char": 419, "end_char": 421, "token_label": "NA"}, {"token": "not", "start_char": 422, "end_char": 425, "token_label": "NA"}, {"token": "prosecute", "start_char": 426, "end_char": 435, "token_label": "NA"}, {"token": "Hillary", "start_char": 436, "end_char": 443, "token_label": "NA"}, {"token": "Clinton", "start_char": 444, "end_char": 451, "token_label": "NA"}, {"token": ".", "start_char": 451, "end_char": 452, "token_label": "NA"}], "news_discourse_role": 1, "news_discourse_role_prob_0": 0.002512760693207383, "news_discourse_role_prob_1": 0.6267414689064026, "news_discourse_role_prob_2": 0.004325053654611111, "news_discourse_role_prob_3": 0.20589010417461395, "news_discourse_role_prob_4": 0.14135266840457916, "news_discourse_role_prob_5": 0.0008287457749247551, "news_discourse_role_prob_6": 0.0004030853451695293, "news_discourse_role_prob_7": 0.014082738198339939, "news_discourse_role_prob_8": 0.0038634170778095722, "previous_discourse_relation": 3, "previous_discourse_relation_prob_comp": 0.00010256634413963184, "previous_discourse_relation_prob_cont": 0.002249788958579302, "previous_discourse_relation_prob_temp": 0.0008679422899149358, "previous_discourse_relation_prob_expan": 0.9967796206474304, "latter_discourse_relation": 3, "latter_discourse_relation_prob_comp": 0.00925828143954277, "latter_discourse_relation_prob_cont": 0.030924031510949135, "latter_discourse_relation_prob_temp": 0.0008335091988556087, "latter_discourse_relation_prob_expan": 0.9589841365814209}, {"sentence_id": 3, "sentence_start": 453, "sentence_end": 589, "sentence_text": "Barack Obama and former FBI director James Comey let Hillary off the hook before the election, while Kristian Saucier served hard time.", "sentence_label": "NA", "tokens_list": ["Barack", "Obama", "and", "former", "FBI", "director", "James", "Comey", "let", "Hillary", "off", "the", "hook", "before", "the", "election", ",", "while", "Kristian", "Saucier", "served", "hard", "time", "."], "tokens_dicts_list": [{"token": "Barack", "start_char": 453, "end_char": 459, "token_label": "NA"}, {"token": "Obama", "start_char": 460, "end_char": 465, "token_label": "NA"}, {"token": "and", "start_char": 466, "end_char": 469, "token_label": "NA"}, {"token": "former", "start_char": 470, "end_char": 476, "token_label": "NA"}, {"token": "FBI", "start_char": 477, "end_char": 480, "token_label": "NA"}, {"token": "director", "start_char": 481, "end_char": 489, "token_label": "NA"}, {"token": "James", "start_char": 490, "end_char": 495, "token_label": "NA"}, {"token": "Comey", "start_char": 496, "end_char": 501, "token_label": "NA"}, {"token": "let", "start_char": 502, "end_char": 505, "token_label": "NA"}, {"token": "Hillary", "start_char": 506, "end_char": 513, "token_label": "NA"}, {"token": "off", "start_char": 514, "end_char": 517, "token_label": "NA"}, {"token": "the", "start_char": 518, "end_char": 521, "token_label": "NA"}, {"token": "hook", "start_char": 522, "end_char": 526, "token_label": "NA"}, {"token": "before", "start_char": 527, "end_char": 533, "token_label": "NA"}, {"token": "the", "start_char": 534, "end_char": 537, "token_label": "NA"}, {"token": "election", "start_char": 538, "end_char": 546, "token_label": "NA"}, {"token": ",", "start_char": 546, "end_char": 547, "token_label": "NA"}, {"token": "while", "start_char": 548, "end_char": 553, "token_label": "NA"}, {"token": "Kristian", "start_char": 554, "end_char": 562, "token_label": "NA"}, {"token": "Saucier", "start_char": 563, "end_char": 570, "token_label": "NA"}, {"token": "served", "start_char": 571, "end_char": 577, "token_label": "NA"}, {"token": "hard", "start_char": 578, "end_char": 582, "token_label": "NA"}, {"token": "time", "start_char": 583, "end_char": 587, "token_label": "NA"}, {"token": ".", "start_char": 587, "end_char": 588, "token_label": "NA"}], "news_discourse_role": 7, "news_discourse_role_prob_0": 0.0010717787081375718, "news_discourse_role_prob_1": 0.006984170991927385, "news_discourse_role_prob_2": 0.0021007813047617674, "news_discourse_role_prob_3": 0.3757071793079376, "news_discourse_role_prob_4": 0.07442456483840942, "news_discourse_role_prob_5": 0.03249962627887726, "news_discourse_role_prob_6": 0.0026488276198506355, "news_discourse_role_prob_7": 0.5027813911437988, "news_discourse_role_prob_8": 0.001781660714186728, "previous_discourse_relation": 3, "previous_discourse_relation_prob_comp": 0.00925828143954277, "previous_discourse_relation_prob_cont": 0.030924031510949135, "previous_discourse_relation_prob_temp": 0.0008335091988556087, "previous_discourse_relation_prob_expan": 0.9589841365814209, "latter_discourse_relation": 3, "latter_discourse_relation_prob_comp": 0.11113693565130234, "latter_discourse_relation_prob_cont": 0.02853805385529995, "latter_discourse_relation_prob_temp": 0.0034876540303230286, "latter_discourse_relation_prob_expan": 0.8568373322486877}, {"sentence_id": 4, "sentence_start": 589, "sentence_end": 715, "sentence_text": "Saucier says that that action was \u201cunfair\u201d and \u201cunequal\u201d compared to the corruption and criminal activity of Hillary Clinton.", "sentence_label": "NA", "tokens_list": ["Saucier", "says", "that", "that", "action", "was", "\u201cunfair\u201d", "and", "\u201cunequal\u201d", "compared", "to", "the", "corruption", "and", "criminal", "activity", "of", "Hillary", "Clinton", "."], "tokens_dicts_list": [{"token": "Saucier", "start_char": 589, "end_char": 596, "token_label": "NA"}, {"token": "says", "start_char": 597, "end_char": 601, "token_label": "NA"}, {"token": "that", "start_char": 602, "end_char": 606, "token_label": "NA"}, {"token": "that", "start_char": 607, "end_char": 611, "token_label": "NA"}, {"token": "action", "start_char": 612, "end_char": 618, "token_label": "NA"}, {"token": "was", "start_char": 619, "end_char": 622, "token_label": "NA"}, {"token": "\u201cunfair\u201d", "start_char": 623, "end_char": 631, "token_label": "NA"}, {"token": "and", "start_char": 632, "end_char": 635, "token_label": "NA"}, {"token": "\u201cunequal\u201d", "start_char": 636, "end_char": 645, "token_label": "NA"}, {"token": "compared", "start_char": 646, "end_char": 654, "token_label": "NA"}, {"token": "to", "start_char": 655, "end_char": 657, "token_label": "NA"}, {"token": "the", "start_char": 658, "end_char": 661, "token_label": "NA"}, {"token": "corruption", "start_char": 662, "end_char": 672, "token_label": "NA"}, {"token": "and", "start_char": 673, "end_char": 676, "token_label": "NA"}, {"token": "criminal", "start_char": 677, "end_char": 685, "token_label": "NA"}, {"token": "activity", "start_char": 686, "end_char": 694, "token_label": "NA"}, {"token": "of", "start_char": 695, "end_char": 697, "token_label": "NA"}, {"token": "Hillary", "start_char": 698, "end_char": 705, "token_label": "NA"}, {"token": "Clinton", "start_char": 706, "end_char": 713, "token_label": "NA"}, {"token": ".", "start_char": 713, "end_char": 714, "token_label": "NA"}], "news_discourse_role": 7, "news_discourse_role_prob_0": 0.00033809710294008255, "news_discourse_role_prob_1": 0.017373673617839813, "news_discourse_role_prob_2": 0.0006456189439631999, "news_discourse_role_prob_3": 0.005572062451392412, "news_discourse_role_prob_4": 0.0026066601276397705, "news_discourse_role_prob_5": 0.0008266842924058437, "news_discourse_role_prob_6": 0.003899552160874009, "news_discourse_role_prob_7": 0.9644336104393005, "news_discourse_role_prob_8": 0.004303941503167152, "previous_discourse_relation": 3, "previous_discourse_relation_prob_comp": 0.11113693565130234, "previous_discourse_relation_prob_cont": 0.02853805385529995, "previous_discourse_relation_prob_temp": 0.0034876540303230286, "previous_discourse_relation_prob_expan": 0.8568373322486877, "latter_discourse_relation": 3, "latter_discourse_relation_prob_comp": 0.0012920289300382137, "latter_discourse_relation_prob_cont": 0.0030259559862315655, "latter_discourse_relation_prob_temp": 0.0003129029646515846, "latter_discourse_relation_prob_expan": 0.995369017124176}, {"sentence_id": 5, "sentence_start": 715, "sentence_end": 922, "sentence_text": "Saucier told Fox News he was scapegoated by Obama officials who found themselves under fire for not aggressively responding to Clinton\u2019s handling of classified information through her private email servers.", "sentence_label": "Loaded_Language", "tokens_list": ["Saucier", "told", "Fox", "News", "he", "was", "scapegoated", "by", "Obama", "officials", "who", "found", "themselves", "under", "fire", "for", "not", "aggressively", "responding", "to", "Clinton\u2019s", "handling", "of", "classified", "information", "through", "her", "private", "email", "servers", "."], "tokens_dicts_list": [{"token": "Saucier", "start_char": 715, "end_char": 722, "token_label": "NA"}, {"token": "told", "start_char": 723, "end_char": 727, "token_label": "NA"}, {"token": "Fox", "start_char": 728, "end_char": 731, "token_label": "NA"}, {"token": "News", "start_char": 732, "end_char": 736, "token_label": "NA"}, {"token": "he", "start_char": 737, "end_char": 739, "token_label": "NA"}, {"token": "was", "start_char": 740, "end_char": 743, "token_label": "NA"}, {"token": "scapegoated", "start_char": 744, "end_char": 755, "token_label": "NA"}, {"token": "by", "start_char": 756, "end_char": 758, "token_label": "NA"}, {"token": "Obama", "start_char": 759, "end_char": 764, "token_label": "NA"}, {"token": "officials", "start_char": 765, "end_char": 774, "token_label": "NA"}, {"token": "who", "start_char": 775, "end_char": 778, "token_label": "NA"}, {"token": "found", "start_char": 779, "end_char": 784, "token_label": "NA"}, {"token": "themselves", "start_char": 785, "end_char": 795, "token_label": "NA"}, {"token": "under", "start_char": 796, "end_char": 801, "token_label": "NA"}, {"token": "fire", "start_char": 802, "end_char": 806, "token_label": "NA"}, {"token": "for", "start_char": 807, "end_char": 810, "token_label": "NA"}, {"token": "not", "start_char": 811, "end_char": 814, "token_label": "NA"}, {"token": "aggressively", "start_char": 815, "end_char": 827, "token_label": "Loaded_Language"}, {"token": "responding", "start_char": 828, "end_char": 838, "token_label": "NA"}, {"token": "to", "start_char": 839, "end_char": 841, "token_label": "NA"}, {"token": "Clinton\u2019s", "start_char": 842, "end_char": 851, "token_label": "NA"}, {"token": "handling", "start_char": 852, "end_char": 860, "token_label": "NA"}, {"token": "of", "start_char": 861, "end_char": 863, "token_label": "NA"}, {"token": "classified", "start_char": 864, "end_char": 874, "token_label": "NA"}, {"token": "information", "start_char": 875, "end_char": 886, "token_label": "NA"}, {"token": "through", "start_char": 887, "end_char": 894, "token_label": "NA"}, {"token": "her", "start_char": 895, "end_char": 898, "token_label": "NA"}, {"token": "private", "start_char": 899, "end_char": 906, "token_label": "NA"}, {"token": "email", "start_char": 907, "end_char": 912, "token_label": "NA"}, {"token": "servers", "start_char": 913, "end_char": 920, "token_label": "NA"}, {"token": ".", "start_char": 920, "end_char": 921, "token_label": "NA"}], "news_discourse_role": 7, "news_discourse_role_prob_0": 0.00011914248170796782, "news_discourse_role_prob_1": 0.0040573859587311745, "news_discourse_role_prob_2": 0.0005392874591052532, "news_discourse_role_prob_3": 0.008957281708717346, "news_discourse_role_prob_4": 0.002132509369403124, "news_discourse_role_prob_5": 0.0011913407361134887, "news_discourse_role_prob_6": 0.004910781513899565, "news_discourse_role_prob_7": 0.9732040166854858, "news_discourse_role_prob_8": 0.00488825049251318, "previous_discourse_relation": 3, "previous_discourse_relation_prob_comp": 0.0012920289300382137, "previous_discourse_relation_prob_cont": 0.0030259559862315655, "previous_discourse_relation_prob_temp": 0.0003129029646515846, "previous_discourse_relation_prob_expan": 0.995369017124176, "latter_discourse_relation": 3, "latter_discourse_relation_prob_comp": 0.0027109687216579914, "latter_discourse_relation_prob_cont": 0.005225788336247206, "latter_discourse_relation_prob_temp": 0.0014650579541921616, "latter_discourse_relation_prob_expan": 0.9905981421470642}, {"sentence_id": 6, "sentence_start": 922, "sentence_end": 1198, "sentence_text": "According to Fox News, Saucier\u2019s federal lawsuit alleges that the United States government was \u201coverzealous\u201d in prosecuting him for \u201cmishandling classified information\u201d while going easy on former Secretary of State Hillary Clinton for more serious violations of the same law.", "sentence_label": "Loaded_Language", "tokens_list": ["According", "to", "Fox", "News", ",", "Saucier\u2019s", "federal", "lawsuit", "alleges", "that", "the", "United", "States", "government", "was", "\u201coverzealous\u201d", "in", "prosecuting", "him", "for", "\u201cmishandling", "classified", "information\u201d", "while", "going", "easy", "on", "former", "Secretary", "of", "State", "Hillary", "Clinton", "for", "more", "serious", "violations", "of", "the", "same", "law", "."], "tokens_dicts_list": [{"token": "According", "start_char": 922, "end_char": 931, "token_label": "NA"}, {"token": "to", "start_char": 932, "end_char": 934, "token_label": "NA"}, {"token": "Fox", "start_char": 935, "end_char": 938, "token_label": "NA"}, {"token": "News", "start_char": 939, "end_char": 943, "token_label": "NA"}, {"token": ",", "start_char": 943, "end_char": 944, "token_label": "NA"}, {"token": "Saucier\u2019s", "start_char": 945, "end_char": 954, "token_label": "NA"}, {"token": "federal", "start_char": 955, "end_char": 962, "token_label": "NA"}, {"token": "lawsuit", "start_char": 963, "end_char": 970, "token_label": "NA"}, {"token": "alleges", "start_char": 971, "end_char": 978, "token_label": "NA"}, {"token": "that", "start_char": 979, "end_char": 983, "token_label": "NA"}, {"token": "the", "start_char": 984, "end_char": 987, "token_label": "NA"}, {"token": "United", "start_char": 988, "end_char": 994, "token_label": "NA"}, {"token": "States", "start_char": 995, "end_char": 1001, "token_label": "NA"}, {"token": "government", "start_char": 1002, "end_char": 1012, "token_label": "NA"}, {"token": "was", "start_char": 1013, "end_char": 1016, "token_label": "NA"}, {"token": "\u201coverzealous\u201d", "start_char": 1017, "end_char": 1030, "token_label": "Loaded_Language"}, {"token": "in", "start_char": 1031, "end_char": 1033, "token_label": "NA"}, {"token": "prosecuting", "start_char": 1034, "end_char": 1045, "token_label": "NA"}, {"token": "him", "start_char": 1046, "end_char": 1049, "token_label": "NA"}, {"token": "for", "start_char": 1050, "end_char": 1053, "token_label": "NA"}, {"token": "\u201cmishandling", "start_char": 1054, "end_char": 1066, "token_label": "NA"}, {"token": "classified", "start_char": 1067, "end_char": 1077, "token_label": "NA"}, {"token": "information\u201d", "start_char": 1078, "end_char": 1090, "token_label": "NA"}, {"token": "while", "start_char": 1091, "end_char": 1096, "token_label": "NA"}, {"token": "going", "start_char": 1097, "end_char": 1102, "token_label": "NA"}, {"token": "easy", "start_char": 1103, "end_char": 1107, "token_label": "NA"}, {"token": "on", "start_char": 1108, "end_char": 1110, "token_label": "NA"}, {"token": "former", "start_char": 1111, "end_char": 1117, "token_label": "NA"}, {"token": "Secretary", "start_char": 1118, "end_char": 1127, "token_label": "NA"}, {"token": "of", "start_char": 1128, "end_char": 1130, "token_label": "NA"}, {"token": "State", "start_char": 1131, "end_char": 1136, "token_label": "NA"}, {"token": "Hillary", "start_char": 1137, "end_char": 1144, "token_label": "NA"}, {"token": "Clinton", "start_char": 1145, "end_char": 1152, "token_label": "NA"}, {"token": "for", "start_char": 1153, "end_char": 1156, "token_label": "NA"}, {"token": "more", "start_char": 1157, "end_char": 1161, "token_label": "NA"}, {"token": "serious", "start_char": 1162, "end_char": 1169, "token_label": "NA"}, {"token": "violations", "start_char": 1170, "end_char": 1180, "token_label": "NA"}, {"token": "of", "start_char": 1181, "end_char": 1183, "token_label": "NA"}, {"token": "the", "start_char": 1184, "end_char": 1187, "token_label": "NA"}, {"token": "same", "start_char": 1188, "end_char": 1192, "token_label": "NA"}, {"token": "law", "start_char": 1193, "end_char": 1196, "token_label": "NA"}, {"token": ".", "start_char": 1196, "end_char": 1197, "token_label": "NA"}], "news_discourse_role": 1, "news_discourse_role_prob_0": 0.0005832043243572116, "news_discourse_role_prob_1": 0.7645819783210754, "news_discourse_role_prob_2": 0.002404351020231843, "news_discourse_role_prob_3": 0.11910571157932281, "news_discourse_role_prob_4": 0.04698191210627556, "news_discourse_role_prob_5": 0.0009670951403677464, "news_discourse_role_prob_6": 0.0009083813638426363, "news_discourse_role_prob_7": 0.05510260537266731, "news_discourse_role_prob_8": 0.009364789351820946, "previous_discourse_relation": 3, "previous_discourse_relation_prob_comp": 0.0027109687216579914, "previous_discourse_relation_prob_cont": 0.005225788336247206, "previous_discourse_relation_prob_temp": 0.0014650579541921616, "previous_discourse_relation_prob_expan": 0.9905981421470642, "latter_discourse_relation": 3, "latter_discourse_relation_prob_comp": 0.00017495772044640034, "latter_discourse_relation_prob_cont": 0.0006920431042090058, "latter_discourse_relation_prob_temp": 8.972685463959351e-05, "latter_discourse_relation_prob_expan": 0.9990432858467102}, {"sentence_id": 7, "sentence_start": 1198, "sentence_end": 1468, "sentence_text": "Saucier\u2019s lawsuit names as defendants former President Barack Obama, former U.S. Attorney General Loretta Lynch, former FBI Director James Comey, former FBI Deputy Director Andrew McCabe, and Peter Strzok, the FBI agent who led the inquiry into Clinton\u2019s email account.", "sentence_label": "NA", "tokens_list": ["Saucier\u2019s", "lawsuit", "names", "as", "defendants", "former", "President", "Barack", "Obama", ",", "former", "U.S.", "Attorney", "General", "Loretta", "Lynch", ",", "former", "FBI", "Director", "James", "Comey", ",", "former", "FBI", "Deputy", "Director", "Andrew", "McCabe", ",", "and", "Peter", "Strzok", ",", "the", "FBI", "agent", "who", "led", "the", "inquiry", "into", "Clinton\u2019s", "email", "account", "."], "tokens_dicts_list": [{"token": "Saucier\u2019s", "start_char": 1198, "end_char": 1207, "token_label": "NA"}, {"token": "lawsuit", "start_char": 1208, "end_char": 1215, "token_label": "NA"}, {"token": "names", "start_char": 1216, "end_char": 1221, "token_label": "NA"}, {"token": "as", "start_char": 1222, "end_char": 1224, "token_label": "NA"}, {"token": "defendants", "start_char": 1225, "end_char": 1235, "token_label": "NA"}, {"token": "former", "start_char": 1236, "end_char": 1242, "token_label": "NA"}, {"token": "President", "start_char": 1243, "end_char": 1252, "token_label": "NA"}, {"token": "Barack", "start_char": 1253, "end_char": 1259, "token_label": "NA"}, {"token": "Obama", "start_char": 1260, "end_char": 1265, "token_label": "NA"}, {"token": ",", "start_char": 1265, "end_char": 1266, "token_label": "NA"}, {"token": "former", "start_char": 1267, "end_char": 1273, "token_label": "NA"}, {"token": "U.S.", "start_char": 1274, "end_char": 1278, "token_label": "NA"}, {"token": "Attorney", "start_char": 1279, "end_char": 1287, "token_label": "NA"}, {"token": "General", "start_char": 1288, "end_char": 1295, "token_label": "NA"}, {"token": "Loretta", "start_char": 1296, "end_char": 1303, "token_label": "NA"}, {"token": "Lynch", "start_char": 1304, "end_char": 1309, "token_label": "NA"}, {"token": ",", "start_char": 1309, "end_char": 1310, "token_label": "NA"}, {"token": "former", "start_char": 1311, "end_char": 1317, "token_label": "NA"}, {"token": "FBI", "start_char": 1318, "end_char": 1321, "token_label": "NA"}, {"token": "Director", "start_char": 1322, "end_char": 1330, "token_label": "NA"}, {"token": "James", "start_char": 1331, "end_char": 1336, "token_label": "NA"}, {"token": "Comey", "start_char": 1337, "end_char": 1342, "token_label": "NA"}, {"token": ",", "start_char": 1342, "end_char": 1343, "token_label": "NA"}, {"token": "former", "start_char": 1344, "end_char": 1350, "token_label": "NA"}, {"token": "FBI", "start_char": 1351, "end_char": 1354, "token_label": "NA"}, {"token": "Deputy", "start_char": 1355, "end_char": 1361, "token_label": "NA"}, {"token": "Director", "start_char": 1362, "end_char": 1370, "token_label": "NA"}, {"token": "Andrew", "start_char": 1371, "end_char": 1377, "token_label": "NA"}, {"token": "McCabe", "start_char": 1378, "end_char": 1384, "token_label": "NA"}, {"token": ",", "start_char": 1384, "end_char": 1385, "token_label": "NA"}, {"token": "and", "start_char": 1386, "end_char": 1389, "token_label": "NA"}, {"token": "Peter", "start_char": 1390, "end_char": 1395, "token_label": "NA"}, {"token": "Strzok", "start_char": 1396, "end_char": 1402, "token_label": "NA"}, {"token": ",", "start_char": 1402, "end_char": 1403, "token_label": "NA"}, {"token": "the", "start_char": 1404, "end_char": 1407, "token_label": "NA"}, {"token": "FBI", "start_char": 1408, "end_char": 1411, "token_label": "NA"}, {"token": "agent", "start_char": 1412, "end_char": 1417, "token_label": "NA"}, {"token": "who", "start_char": 1418, "end_char": 1421, "token_label": "NA"}, {"token": "led", "start_char": 1422, "end_char": 1425, "token_label": "NA"}, {"token": "the", "start_char": 1426, "end_char": 1429, "token_label": "NA"}, {"token": "inquiry", "start_char": 1430, "end_char": 1437, "token_label": "NA"}, {"token": "into", "start_char": 1438, "end_char": 1442, "token_label": "NA"}, {"token": "Clinton\u2019s", "start_char": 1443, "end_char": 1452, "token_label": "NA"}, {"token": "email", "start_char": 1453, "end_char": 1458, "token_label": "NA"}, {"token": "account", "start_char": 1459, "end_char": 1466, "token_label": "NA"}, {"token": ".", "start_char": 1466, "end_char": 1467, "token_label": "NA"}], "news_discourse_role": 1, "news_discourse_role_prob_0": 0.0001929774443851784, "news_discourse_role_prob_1": 0.9183259010314941, "news_discourse_role_prob_2": 0.0022835785057395697, "news_discourse_role_prob_3": 0.0014118283288553357, "news_discourse_role_prob_4": 0.07684610038995743, "news_discourse_role_prob_5": 1.5621179045410827e-05, "news_discourse_role_prob_6": 2.8894806746393442e-05, "news_discourse_role_prob_7": 0.00012048392818542197, "news_discourse_role_prob_8": 0.0007745548500679433, "previous_discourse_relation": 3, "previous_discourse_relation_prob_comp": 0.00017495772044640034, "previous_discourse_relation_prob_cont": 0.0006920431042090058, "previous_discourse_relation_prob_temp": 8.972685463959351e-05, "previous_discourse_relation_prob_expan": 0.9990432858467102, "latter_discourse_relation": 3, "latter_discourse_relation_prob_comp": 0.0072588552720844746, "latter_discourse_relation_prob_cont": 0.04396909847855568, "latter_discourse_relation_prob_temp": 0.00844556838274002, "latter_discourse_relation_prob_expan": 0.9403265714645386}, {"sentence_id": 8, "sentence_start": 1468, "sentence_end": 1704, "sentence_text": "\u201cI could have just taken the pardon by President Trump and gone on with my life,\u201d Saucier said to Fox News, adding that he feels an obligation to get to the truth of what he sees as a double standard that let Clinton get off scot-free.", "sentence_label": "NA", "tokens_list": ["\u201cI", "could", "have", "just", "taken", "the", "pardon", "by", "President", "Trump", "and", "gone", "on", "with", "my", "life", ",", "\u201d", "Saucier", "said", "to", "Fox", "News", ",", "adding", "that", "he", "feels", "an", "obligation", "to", "get", "to", "the", "truth", "of", "what", "he", "sees", "as", "a", "double", "standard", "that", "let", "Clinton", "get", "off", "scot-free", "."], "tokens_dicts_list": [{"token": "\u201cI", "start_char": 1468, "end_char": 1470, "token_label": "NA"}, {"token": "could", "start_char": 1471, "end_char": 1476, "token_label": "NA"}, {"token": "have", "start_char": 1477, "end_char": 1481, "token_label": "NA"}, {"token": "just", "start_char": 1482, "end_char": 1486, "token_label": "NA"}, {"token": "taken", "start_char": 1487, "end_char": 1492, "token_label": "NA"}, {"token": "the", "start_char": 1493, "end_char": 1496, "token_label": "NA"}, {"token": "pardon", "start_char": 1497, "end_char": 1503, "token_label": "NA"}, {"token": "by", "start_char": 1504, "end_char": 1506, "token_label": "NA"}, {"token": "President", "start_char": 1507, "end_char": 1516, "token_label": "NA"}, {"token": "Trump", "start_char": 1517, "end_char": 1522, "token_label": "NA"}, {"token": "and", "start_char": 1523, "end_char": 1526, "token_label": "NA"}, {"token": "gone", "start_char": 1527, "end_char": 1531, "token_label": "NA"}, {"token": "on", "start_char": 1532, "end_char": 1534, "token_label": "NA"}, {"token": "with", "start_char": 1535, "end_char": 1539, "token_label": "NA"}, {"token": "my", "start_char": 1540, "end_char": 1542, "token_label": "NA"}, {"token": "life", "start_char": 1543, "end_char": 1547, "token_label": "NA"}, {"token": ",", "start_char": 1547, "end_char": 1548, "token_label": "NA"}, {"token": "\u201d", "start_char": 1548, "end_char": 1549, "token_label": "NA"}, {"token": "Saucier", "start_char": 1550, "end_char": 1557, "token_label": "NA"}, {"token": "said", "start_char": 1558, "end_char": 1562, "token_label": "NA"}, {"token": "to", "start_char": 1563, "end_char": 1565, "token_label": "NA"}, {"token": "Fox", "start_char": 1566, "end_char": 1569, "token_label": "NA"}, {"token": "News", "start_char": 1570, "end_char": 1574, "token_label": "NA"}, {"token": ",", "start_char": 1574, "end_char": 1575, "token_label": "NA"}, {"token": "adding", "start_char": 1576, "end_char": 1582, "token_label": "NA"}, {"token": "that", "start_char": 1583, "end_char": 1587, "token_label": "NA"}, {"token": "he", "start_char": 1588, "end_char": 1590, "token_label": "NA"}, {"token": "feels", "start_char": 1591, "end_char": 1596, "token_label": "NA"}, {"token": "an", "start_char": 1597, "end_char": 1599, "token_label": "NA"}, {"token": "obligation", "start_char": 1600, "end_char": 1610, "token_label": "NA"}, {"token": "to", "start_char": 1611, "end_char": 1613, "token_label": "NA"}, {"token": "get", "start_char": 1614, "end_char": 1617, "token_label": "NA"}, {"token": "to", "start_char": 1618, "end_char": 1620, "token_label": "NA"}, {"token": "the", "start_char": 1621, "end_char": 1624, "token_label": "NA"}, {"token": "truth", "start_char": 1625, "end_char": 1630, "token_label": "NA"}, {"token": "of", "start_char": 1631, "end_char": 1633, "token_label": "NA"}, {"token": "what", "start_char": 1634, "end_char": 1638, "token_label": "NA"}, {"token": "he", "start_char": 1639, "end_char": 1641, "token_label": "NA"}, {"token": "sees", "start_char": 1642, "end_char": 1646, "token_label": "NA"}, {"token": "as", "start_char": 1647, "end_char": 1649, "token_label": "NA"}, {"token": "a", "start_char": 1650, "end_char": 1651, "token_label": "NA"}, {"token": "double", "start_char": 1652, "end_char": 1658, "token_label": "NA"}, {"token": "standard", "start_char": 1659, "end_char": 1667, "token_label": "NA"}, {"token": "that", "start_char": 1668, "end_char": 1672, "token_label": "NA"}, {"token": "let", "start_char": 1673, "end_char": 1676, "token_label": "NA"}, {"token": "Clinton", "start_char": 1677, "end_char": 1684, "token_label": "NA"}, {"token": "get", "start_char": 1685, "end_char": 1688, "token_label": "NA"}, {"token": "off", "start_char": 1689, "end_char": 1692, "token_label": "NA"}, {"token": "scot-free", "start_char": 1693, "end_char": 1702, "token_label": "NA"}, {"token": ".", "start_char": 1702, "end_char": 1703, "token_label": "NA"}], "news_discourse_role": 7, "news_discourse_role_prob_0": 0.0001704877649899572, "news_discourse_role_prob_1": 0.006146700121462345, "news_discourse_role_prob_2": 0.0006767460727132857, "news_discourse_role_prob_3": 0.003374841995537281, "news_discourse_role_prob_4": 0.0012507785577327013, "news_discourse_role_prob_5": 0.0023966250009834766, "news_discourse_role_prob_6": 0.021986626088619232, "news_discourse_role_prob_7": 0.9529048204421997, "news_discourse_role_prob_8": 0.01109239086508751, "previous_discourse_relation": 3, "previous_discourse_relation_prob_comp": 0.0072588552720844746, "previous_discourse_relation_prob_cont": 0.04396909847855568, "previous_discourse_relation_prob_temp": 0.00844556838274002, "previous_discourse_relation_prob_expan": 0.9403265714645386, "latter_discourse_relation": 3, "latter_discourse_relation_prob_comp": 0.0006024422473274171, "latter_discourse_relation_prob_cont": 0.03148697316646576, "latter_discourse_relation_prob_temp": 0.0006524805794470012, "latter_discourse_relation_prob_expan": 0.9672581553459167}, {"sentence_id": 9, "sentence_start": 1704, "sentence_end": 1855, "sentence_text": "\u201cThe U.S. Constitution clearly states that all citizens are born with inalienable rights to be free from persecution by the government,\u201d Saucier said.", "sentence_label": "NA", "tokens_list": ["\u201cThe", "U.S.", "Constitution", "clearly", "states", "that", "all", "citizens", "are", "born", "with", "inalienable", "rights", "to", "be", "free", "from", "persecution", "by", "the", "government", ",", "\u201d", "Saucier", "said", "."], "tokens_dicts_list": [{"token": "\u201cThe", "start_char": 1704, "end_char": 1708, "token_label": "NA"}, {"token": "U.S.", "start_char": 1709, "end_char": 1713, "token_label": "NA"}, {"token": "Constitution", "start_char": 1714, "end_char": 1726, "token_label": "NA"}, {"token": "clearly", "start_char": 1727, "end_char": 1734, "token_label": "NA"}, {"token": "states", "start_char": 1735, "end_char": 1741, "token_label": "NA"}, {"token": "that", "start_char": 1742, "end_char": 1746, "token_label": "NA"}, {"token": "all", "start_char": 1747, "end_char": 1750, "token_label": "NA"}, {"token": "citizens", "start_char": 1751, "end_char": 1759, "token_label": "NA"}, {"token": "are", "start_char": 1760, "end_char": 1763, "token_label": "NA"}, {"token": "born", "start_char": 1764, "end_char": 1768, "token_label": "NA"}, {"token": "with", "start_char": 1769, "end_char": 1773, "token_label": "NA"}, {"token": "inalienable", "start_char": 1774, "end_char": 1785, "token_label": "NA"}, {"token": "rights", "start_char": 1786, "end_char": 1792, "token_label": "NA"}, {"token": "to", "start_char": 1793, "end_char": 1795, "token_label": "NA"}, {"token": "be", "start_char": 1796, "end_char": 1798, "token_label": "NA"}, {"token": "free", "start_char": 1799, "end_char": 1803, "token_label": "NA"}, {"token": "from", "start_char": 1804, "end_char": 1808, "token_label": "NA"}, {"token": "persecution", "start_char": 1809, "end_char": 1820, "token_label": "NA"}, {"token": "by", "start_char": 1821, "end_char": 1823, "token_label": "NA"}, {"token": "the", "start_char": 1824, "end_char": 1827, "token_label": "NA"}, {"token": "government", "start_char": 1828, "end_char": 1838, "token_label": "NA"}, {"token": ",", "start_char": 1838, "end_char": 1839, "token_label": "NA"}, {"token": "\u201d", "start_char": 1839, "end_char": 1840, "token_label": "NA"}, {"token": "Saucier", "start_char": 1841, "end_char": 1848, "token_label": "NA"}, {"token": "said", "start_char": 1849, "end_char": 1853, "token_label": "NA"}, {"token": ".", "start_char": 1853, "end_char": 1854, "token_label": "NA"}], "news_discourse_role": 7, "news_discourse_role_prob_0": 6.844662129878998e-05, "news_discourse_role_prob_1": 0.0015318419318646193, "news_discourse_role_prob_2": 0.00028738941182382405, "news_discourse_role_prob_3": 0.0033653038553893566, "news_discourse_role_prob_4": 0.0084762591868639, "news_discourse_role_prob_5": 0.008363358676433563, "news_discourse_role_prob_6": 0.0011986801400780678, "news_discourse_role_prob_7": 0.9747135639190674, "news_discourse_role_prob_8": 0.0019951320718973875, "previous_discourse_relation": 3, "previous_discourse_relation_prob_comp": 0.0006024422473274171, "previous_discourse_relation_prob_cont": 0.03148697316646576, "previous_discourse_relation_prob_temp": 0.0006524805794470012, "previous_discourse_relation_prob_expan": 0.9672581553459167, "latter_discourse_relation": 3, "latter_discourse_relation_prob_comp": 0.0055406359024345875, "latter_discourse_relation_prob_cont": 0.021714091300964355, "latter_discourse_relation_prob_temp": 0.0003106912481598556, "latter_discourse_relation_prob_expan": 0.9724346399307251}, {"sentence_id": 10, "sentence_start": 1855, "sentence_end": 2097, "sentence_text": "\u201cMy conviction and subsequent sentence for a minor military infraction compared to the treatment of politically connected individuals is a glaring example of a violation of the rights of all Americans to have equal protection under the law.\u201d", "sentence_label": "Flag-Waving", "tokens_list": ["\u201cMy", "conviction", "and", "subsequent", "sentence", "for", "a", "minor", "military", "infraction", "compared", "to", "the", "treatment", "of", "politically", "connected", "individuals", "is", "a", "glaring", "example", "of", "a", "violation", "of", "the", "rights", "of", "all", "Americans", "to", "have", "equal", "protection", "under", "the", "law.\u201d"], "tokens_dicts_list": [{"token": "\u201cMy", "start_char": 1855, "end_char": 1858, "token_label": "NA"}, {"token": "conviction", "start_char": 1859, "end_char": 1869, "token_label": "NA"}, {"token": "and", "start_char": 1870, "end_char": 1873, "token_label": "NA"}, {"token": "subsequent", "start_char": 1874, "end_char": 1884, "token_label": "NA"}, {"token": "sentence", "start_char": 1885, "end_char": 1893, "token_label": "NA"}, {"token": "for", "start_char": 1894, "end_char": 1897, "token_label": "NA"}, {"token": "a", "start_char": 1898, "end_char": 1899, "token_label": "NA"}, {"token": "minor", "start_char": 1900, "end_char": 1905, "token_label": "NA"}, {"token": "military", "start_char": 1906, "end_char": 1914, "token_label": "NA"}, {"token": "infraction", "start_char": 1915, "end_char": 1925, "token_label": "NA"}, {"token": "compared", "start_char": 1926, "end_char": 1934, "token_label": "NA"}, {"token": "to", "start_char": 1935, "end_char": 1937, "token_label": "NA"}, {"token": "the", "start_char": 1938, "end_char": 1941, "token_label": "NA"}, {"token": "treatment", "start_char": 1942, "end_char": 1951, "token_label": "NA"}, {"token": "of", "start_char": 1952, "end_char": 1954, "token_label": "NA"}, {"token": "politically", "start_char": 1955, "end_char": 1966, "token_label": "NA"}, {"token": "connected", "start_char": 1967, "end_char": 1976, "token_label": "NA"}, {"token": "individuals", "start_char": 1977, "end_char": 1988, "token_label": "NA"}, {"token": "is", "start_char": 1989, "end_char": 1991, "token_label": "NA"}, {"token": "a", "start_char": 1992, "end_char": 1993, "token_label": "NA"}, {"token": "glaring", "start_char": 1994, "end_char": 2001, "token_label": "Loaded_Language"}, {"token": "example", "start_char": 2002, "end_char": 2009, "token_label": "NA"}, {"token": "of", "start_char": 2010, "end_char": 2012, "token_label": "NA"}, {"token": "a", "start_char": 2013, "end_char": 2014, "token_label": "NA"}, {"token": "violation", "start_char": 2015, "end_char": 2024, "token_label": "NA"}, {"token": "of", "start_char": 2025, "end_char": 2027, "token_label": "NA"}, {"token": "the", "start_char": 2028, "end_char": 2031, "token_label": "NA"}, {"token": "rights", "start_char": 2032, "end_char": 2038, "token_label": "NA"}, {"token": "of", "start_char": 2039, "end_char": 2041, "token_label": "NA"}, {"token": "all", "start_char": 2042, "end_char": 2045, "token_label": "NA"}, {"token": "Americans", "start_char": 2046, "end_char": 2055, "token_label": "Flag-Waving"}, {"token": "to", "start_char": 2056, "end_char": 2058, "token_label": "NA"}, {"token": "have", "start_char": 2059, "end_char": 2063, "token_label": "NA"}, {"token": "equal", "start_char": 2064, "end_char": 2069, "token_label": "NA"}, {"token": "protection", "start_char": 2070, "end_char": 2080, "token_label": "NA"}, {"token": "under", "start_char": 2081, "end_char": 2086, "token_label": "NA"}, {"token": "the", "start_char": 2087, "end_char": 2090, "token_label": "NA"}, {"token": "law.\u201d", "start_char": 2091, "end_char": 2096, "token_label": "NA"}], "news_discourse_role": 7, "news_discourse_role_prob_0": 0.0018999711610376835, "news_discourse_role_prob_1": 0.08759871125221252, "news_discourse_role_prob_2": 0.0005559600540436804, "news_discourse_role_prob_3": 0.00912028830498457, "news_discourse_role_prob_4": 0.0014509607572108507, "news_discourse_role_prob_5": 0.0028578266501426697, "news_discourse_role_prob_6": 0.006535419262945652, "news_discourse_role_prob_7": 0.8828611969947815, "news_discourse_role_prob_8": 0.007119784597307444, "previous_discourse_relation": 3, "previous_discourse_relation_prob_comp": 0.0055406359024345875, "previous_discourse_relation_prob_cont": 0.021714091300964355, "previous_discourse_relation_prob_temp": 0.0003106912481598556, "previous_discourse_relation_prob_expan": 0.9724346399307251, "latter_discourse_relation": 3, "latter_discourse_relation_prob_comp": 0.0061330427415668964, "latter_discourse_relation_prob_cont": 0.14411363005638123, "latter_discourse_relation_prob_temp": 0.001993465470150113, "latter_discourse_relation_prob_expan": 0.8477599024772644}, {"sentence_id": 11, "sentence_start": 2097, "sentence_end": 2288, "sentence_text": "The former Navy sailor is acting as his own attorney after the Appellate Division of the New York State Supreme Court New York barred his lawyer, Ronald Daigle, from practicing for one year.", "sentence_label": "NA", "tokens_list": ["The", "former", "Navy", "sailor", "is", "acting", "as", "his", "own", "attorney", "after", "the", "Appellate", "Division", "of", "the", "New", "York", "State", "Supreme", "Court", "New", "York", "barred", "his", "lawyer", ",", "Ronald", "Daigle", ",", "from", "practicing", "for", "one", "year", "."], "tokens_dicts_list": [{"token": "The", "start_char": 2097, "end_char": 2100, "token_label": "NA"}, {"token": "former", "start_char": 2101, "end_char": 2107, "token_label": "NA"}, {"token": "Navy", "start_char": 2108, "end_char": 2112, "token_label": "NA"}, {"token": "sailor", "start_char": 2113, "end_char": 2119, "token_label": "NA"}, {"token": "is", "start_char": 2120, "end_char": 2122, "token_label": "NA"}, {"token": "acting", "start_char": 2123, "end_char": 2129, "token_label": "NA"}, {"token": "as", "start_char": 2130, "end_char": 2132, "token_label": "NA"}, {"token": "his", "start_char": 2133, "end_char": 2136, "token_label": "NA"}, {"token": "own", "start_char": 2137, "end_char": 2140, "token_label": "NA"}, {"token": "attorney", "start_char": 2141, "end_char": 2149, "token_label": "NA"}, {"token": "after", "start_char": 2150, "end_char": 2155, "token_label": "NA"}, {"token": "the", "start_char": 2156, "end_char": 2159, "token_label": "NA"}, {"token": "Appellate", "start_char": 2160, "end_char": 2169, "token_label": "NA"}, {"token": "Division", "start_char": 2170, "end_char": 2178, "token_label": "NA"}, {"token": "of", "start_char": 2179, "end_char": 2181, "token_label": "NA"}, {"token": "the", "start_char": 2182, "end_char": 2185, "token_label": "NA"}, {"token": "New", "start_char": 2186, "end_char": 2189, "token_label": "NA"}, {"token": "York", "start_char": 2190, "end_char": 2194, "token_label": "NA"}, {"token": "State", "start_char": 2195, "end_char": 2200, "token_label": "NA"}, {"token": "Supreme", "start_char": 2201, "end_char": 2208, "token_label": "NA"}, {"token": "Court", "start_char": 2209, "end_char": 2214, "token_label": "NA"}, {"token": "New", "start_char": 2215, "end_char": 2218, "token_label": "NA"}, {"token": "York", "start_char": 2219, "end_char": 2223, "token_label": "NA"}, {"token": "barred", "start_char": 2224, "end_char": 2230, "token_label": "NA"}, {"token": "his", "start_char": 2231, "end_char": 2234, "token_label": "NA"}, {"token": "lawyer", "start_char": 2235, "end_char": 2241, "token_label": "NA"}, {"token": ",", "start_char": 2241, "end_char": 2242, "token_label": "NA"}, {"token": "Ronald", "start_char": 2243, "end_char": 2249, "token_label": "NA"}, {"token": "Daigle", "start_char": 2250, "end_char": 2256, "token_label": "NA"}, {"token": ",", "start_char": 2256, "end_char": 2257, "token_label": "NA"}, {"token": "from", "start_char": 2258, "end_char": 2262, "token_label": "NA"}, {"token": "practicing", "start_char": 2263, "end_char": 2273, "token_label": "NA"}, {"token": "for", "start_char": 2274, "end_char": 2277, "token_label": "NA"}, {"token": "one", "start_char": 2278, "end_char": 2281, "token_label": "NA"}, {"token": "year", "start_char": 2282, "end_char": 2286, "token_label": "NA"}, {"token": ".", "start_char": 2286, "end_char": 2287, "token_label": "NA"}], "news_discourse_role": 4, "news_discourse_role_prob_0": 2.267277341161389e-05, "news_discourse_role_prob_1": 0.00113618653267622, "news_discourse_role_prob_2": 0.0024880412966012955, "news_discourse_role_prob_3": 0.0029320609755814075, "news_discourse_role_prob_4": 0.9932183623313904, "news_discourse_role_prob_5": 9.277902427129447e-05, "news_discourse_role_prob_6": 2.183399374189321e-05, "news_discourse_role_prob_7": 7.872340938774869e-05, "news_discourse_role_prob_8": 9.412658073415514e-06, "previous_discourse_relation": 3, "previous_discourse_relation_prob_comp": 0.0061330427415668964, "previous_discourse_relation_prob_cont": 0.14411363005638123, "previous_discourse_relation_prob_temp": 0.001993465470150113, "previous_discourse_relation_prob_expan": 0.8477599024772644, "latter_discourse_relation": 3, "latter_discourse_relation_prob_comp": 0.005906108301132917, "latter_discourse_relation_prob_cont": 0.06257237493991852, "latter_discourse_relation_prob_temp": 0.010909762233495712, "latter_discourse_relation_prob_expan": 0.9206117987632751}, {"sentence_id": 12, "sentence_start": 2288, "sentence_end": 2499, "sentence_text": "The court\u2019s move came just as Daigle was helping Saucier prepare to file the lawsuit, prompting the navy sailor to accuse New York officials of trying to hinder his court fight against Obama, Comey, and others.", "sentence_label": "NA", "tokens_list": ["The", "court\u2019s", "move", "came", "just", "as", "Daigle", "was", "helping", "Saucier", "prepare", "to", "file", "the", "lawsuit", ",", "prompting", "the", "navy", "sailor", "to", "accuse", "New", "York", "officials", "of", "trying", "to", "hinder", "his", "court", "fight", "against", "Obama", ",", "Comey", ",", "and", "others", "."], "tokens_dicts_list": [{"token": "The", "start_char": 2288, "end_char": 2291, "token_label": "NA"}, {"token": "court\u2019s", "start_char": 2292, "end_char": 2299, "token_label": "NA"}, {"token": "move", "start_char": 2300, "end_char": 2304, "token_label": "NA"}, {"token": "came", "start_char": 2305, "end_char": 2309, "token_label": "NA"}, {"token": "just", "start_char": 2310, "end_char": 2314, "token_label": "NA"}, {"token": "as", "start_char": 2315, "end_char": 2317, "token_label": "NA"}, {"token": "Daigle", "start_char": 2318, "end_char": 2324, "token_label": "NA"}, {"token": "was", "start_char": 2325, "end_char": 2328, "token_label": "NA"}, {"token": "helping", "start_char": 2329, "end_char": 2336, "token_label": "NA"}, {"token": "Saucier", "start_char": 2337, "end_char": 2344, "token_label": "NA"}, {"token": "prepare", "start_char": 2345, "end_char": 2352, "token_label": "NA"}, {"token": "to", "start_char": 2353, "end_char": 2355, "token_label": "NA"}, {"token": "file", "start_char": 2356, "end_char": 2360, "token_label": "NA"}, {"token": "the", "start_char": 2361, "end_char": 2364, "token_label": "NA"}, {"token": "lawsuit", "start_char": 2365, "end_char": 2372, "token_label": "NA"}, {"token": ",", "start_char": 2372, "end_char": 2373, "token_label": "NA"}, {"token": "prompting", "start_char": 2374, "end_char": 2383, "token_label": "NA"}, {"token": "the", "start_char": 2384, "end_char": 2387, "token_label": "NA"}, {"token": "navy", "start_char": 2388, "end_char": 2392, "token_label": "NA"}, {"token": "sailor", "start_char": 2393, "end_char": 2399, "token_label": "NA"}, {"token": "to", "start_char": 2400, "end_char": 2402, "token_label": "NA"}, {"token": "accuse", "start_char": 2403, "end_char": 2409, "token_label": "NA"}, {"token": "New", "start_char": 2410, "end_char": 2413, "token_label": "NA"}, {"token": "York", "start_char": 2414, "end_char": 2418, "token_label": "NA"}, {"token": "officials", "start_char": 2419, "end_char": 2428, "token_label": "NA"}, {"token": "of", "start_char": 2429, "end_char": 2431, "token_label": "NA"}, {"token": "trying", "start_char": 2432, "end_char": 2438, "token_label": "NA"}, {"token": "to", "start_char": 2439, "end_char": 2441, "token_label": "NA"}, {"token": "hinder", "start_char": 2442, "end_char": 2448, "token_label": "NA"}, {"token": "his", "start_char": 2449, "end_char": 2452, "token_label": "NA"}, {"token": "court", "start_char": 2453, "end_char": 2458, "token_label": "NA"}, {"token": "fight", "start_char": 2459, "end_char": 2464, "token_label": "NA"}, {"token": "against", "start_char": 2465, "end_char": 2472, "token_label": "NA"}, {"token": "Obama", "start_char": 2473, "end_char": 2478, "token_label": "NA"}, {"token": ",", "start_char": 2478, "end_char": 2479, "token_label": "NA"}, {"token": "Comey", "start_char": 2480, "end_char": 2485, "token_label": "NA"}, {"token": ",", "start_char": 2485, "end_char": 2486, "token_label": "NA"}, {"token": "and", "start_char": 2487, "end_char": 2490, "token_label": "NA"}, {"token": "others", "start_char": 2491, "end_char": 2497, "token_label": "NA"}, {"token": ".", "start_char": 2497, "end_char": 2498, "token_label": "NA"}], "news_discourse_role": 4, "news_discourse_role_prob_0": 2.8885198844363913e-05, "news_discourse_role_prob_1": 0.0024760745000094175, "news_discourse_role_prob_2": 0.005892041139304638, "news_discourse_role_prob_3": 0.13851231336593628, "news_discourse_role_prob_4": 0.8476331233978271, "news_discourse_role_prob_5": 0.003970110323280096, "news_discourse_role_prob_6": 9.480337030254304e-05, "news_discourse_role_prob_7": 0.0013093737652525306, "news_discourse_role_prob_8": 8.328475087182596e-05, "previous_discourse_relation": 3, "previous_discourse_relation_prob_comp": 0.005906108301132917, "previous_discourse_relation_prob_cont": 0.06257237493991852, "previous_discourse_relation_prob_temp": 0.010909762233495712, "previous_discourse_relation_prob_expan": 0.9206117987632751, "latter_discourse_relation": 3, "latter_discourse_relation_prob_comp": 0.0005899192183278501, "latter_discourse_relation_prob_cont": 0.006941563915461302, "latter_discourse_relation_prob_temp": 0.001082038041204214, "latter_discourse_relation_prob_expan": 0.9913865327835083}, {"sentence_id": 13, "sentence_start": 2499, "sentence_end": 2509, "sentence_text": "\u2013Fox News", "sentence_label": "NA", "tokens_list": ["\u2013Fox", "News"], "tokens_dicts_list": [{"token": "\u2013Fox", "start_char": 2499, "end_char": 2503, "token_label": "NA"}, {"token": "News", "start_char": 2504, "end_char": 2508, "token_label": "NA"}], "news_discourse_role": 0, "news_discourse_role_prob_0": 0.7335971593856812, "news_discourse_role_prob_1": 0.0037768196780234575, "news_discourse_role_prob_2": 0.008442998863756657, "news_discourse_role_prob_3": 0.00585423456504941, "news_discourse_role_prob_4": 0.047734737396240234, "news_discourse_role_prob_5": 0.016919856891036034, "news_discourse_role_prob_6": 0.04655475541949272, "news_discourse_role_prob_7": 0.12987521290779114, "news_discourse_role_prob_8": 0.00724410405382514, "previous_discourse_relation": 3, "previous_discourse_relation_prob_comp": 0.0005899192183278501, "previous_discourse_relation_prob_cont": 0.006941563915461302, "previous_discourse_relation_prob_temp": 0.001082038041204214, "previous_discourse_relation_prob_expan": 0.9913865327835083, "latter_discourse_relation": 3, "latter_discourse_relation_prob_comp": 0.0015913647366687655, "latter_discourse_relation_prob_cont": 0.0276425089687109, "latter_discourse_relation_prob_temp": 0.007834353484213352, "latter_discourse_relation_prob_expan": 0.9629318714141846}, {"sentence_id": 14, "sentence_start": 2509, "sentence_end": 2682, "sentence_text": "Saucier said that he realizes he had erred in taking the photos of the submarine, which he said he wanted to show only to his family so that they could see where he worked.", "sentence_label": "NA", "tokens_list": ["Saucier", "said", "that", "he", "realizes", "he", "had", "erred", "in", "taking", "the", "photos", "of", "the", "submarine", ",", "which", "he", "said", "he", "wanted", "to", "show", "only", "to", "his", "family", "so", "that", "they", "could", "see", "where", "he", "worked", "."], "tokens_dicts_list": [{"token": "Saucier", "start_char": 2509, "end_char": 2516, "token_label": "NA"}, {"token": "said", "start_char": 2517, "end_char": 2521, "token_label": "NA"}, {"token": "that", "start_char": 2522, "end_char": 2526, "token_label": "NA"}, {"token": "he", "start_char": 2527, "end_char": 2529, "token_label": "NA"}, {"token": "realizes", "start_char": 2530, "end_char": 2538, "token_label": "NA"}, {"token": "he", "start_char": 2539, "end_char": 2541, "token_label": "NA"}, {"token": "had", "start_char": 2542, "end_char": 2545, "token_label": "NA"}, {"token": "erred", "start_char": 2546, "end_char": 2551, "token_label": "NA"}, {"token": "in", "start_char": 2552, "end_char": 2554, "token_label": "NA"}, {"token": "taking", "start_char": 2555, "end_char": 2561, "token_label": "NA"}, {"token": "the", "start_char": 2562, "end_char": 2565, "token_label": "NA"}, {"token": "photos", "start_char": 2566, "end_char": 2572, "token_label": "NA"}, {"token": "of", "start_char": 2573, "end_char": 2575, "token_label": "NA"}, {"token": "the", "start_char": 2576, "end_char": 2579, "token_label": "NA"}, {"token": "submarine", "start_char": 2580, "end_char": 2589, "token_label": "NA"}, {"token": ",", "start_char": 2589, "end_char": 2590, "token_label": "NA"}, {"token": "which", "start_char": 2591, "end_char": 2596, "token_label": "NA"}, {"token": "he", "start_char": 2597, "end_char": 2599, "token_label": "NA"}, {"token": "said", "start_char": 2600, "end_char": 2604, "token_label": "NA"}, {"token": "he", "start_char": 2605, "end_char": 2607, "token_label": "NA"}, {"token": "wanted", "start_char": 2608, "end_char": 2614, "token_label": "NA"}, {"token": "to", "start_char": 2615, "end_char": 2617, "token_label": "NA"}, {"token": "show", "start_char": 2618, "end_char": 2622, "token_label": "NA"}, {"token": "only", "start_char": 2623, "end_char": 2627, "token_label": "NA"}, {"token": "to", "start_char": 2628, "end_char": 2630, "token_label": "NA"}, {"token": "his", "start_char": 2631, "end_char": 2634, "token_label": "NA"}, {"token": "family", "start_char": 2635, "end_char": 2641, "token_label": "NA"}, {"token": "so", "start_char": 2642, "end_char": 2644, "token_label": "NA"}, {"token": "that", "start_char": 2645, "end_char": 2649, "token_label": "NA"}, {"token": "they", "start_char": 2650, "end_char": 2654, "token_label": "NA"}, {"token": "could", "start_char": 2655, "end_char": 2660, "token_label": "NA"}, {"token": "see", "start_char": 2661, "end_char": 2664, "token_label": "NA"}, {"token": "where", "start_char": 2665, "end_char": 2670, "token_label": "NA"}, {"token": "he", "start_char": 2671, "end_char": 2673, "token_label": "NA"}, {"token": "worked", "start_char": 2674, "end_char": 2680, "token_label": "NA"}, {"token": ".", "start_char": 2680, "end_char": 2681, "token_label": "NA"}], "news_discourse_role": 7, "news_discourse_role_prob_0": 7.540432852692902e-05, "news_discourse_role_prob_1": 0.0015861840220168233, "news_discourse_role_prob_2": 0.0003849203058052808, "news_discourse_role_prob_3": 0.004853155929595232, "news_discourse_role_prob_4": 0.0016314672539010644, "news_discourse_role_prob_5": 0.004296435974538326, "news_discourse_role_prob_6": 0.06043108180165291, "news_discourse_role_prob_7": 0.9220564961433411, "news_discourse_role_prob_8": 0.004684924613684416, "previous_discourse_relation": 3, "previous_discourse_relation_prob_comp": 0.0015913647366687655, "previous_discourse_relation_prob_cont": 0.0276425089687109, "previous_discourse_relation_prob_temp": 0.007834353484213352, "previous_discourse_relation_prob_expan": 0.9629318714141846, "latter_discourse_relation": 3, "latter_discourse_relation_prob_comp": 0.0003505893109831959, "latter_discourse_relation_prob_cont": 0.00024880675482563674, "latter_discourse_relation_prob_temp": 0.00026064057601615787, "latter_discourse_relation_prob_expan": 0.9991399049758911}, {"sentence_id": 15, "sentence_start": 2682, "sentence_end": 2878, "sentence_text": "He has also lashed out at Obama officials, saying that his prosecution was politically motivated, prompted by sensitivity about classified information amid the scandal involving Clinton\u2019s emails.", "sentence_label": "NA", "tokens_list": ["He", "has", "also", "lashed", "out", "at", "Obama", "officials", ",", "saying", "that", "his", "prosecution", "was", "politically", "motivated", ",", "prompted", "by", "sensitivity", "about", "classified", "information", "amid", "the", "scandal", "involving", "Clinton\u2019s", "emails", "."], "tokens_dicts_list": [{"token": "He", "start_char": 2682, "end_char": 2684, "token_label": "NA"}, {"token": "has", "start_char": 2685, "end_char": 2688, "token_label": "NA"}, {"token": "also", "start_char": 2689, "end_char": 2693, "token_label": "NA"}, {"token": "lashed", "start_char": 2694, "end_char": 2700, "token_label": "NA"}, {"token": "out", "start_char": 2701, "end_char": 2704, "token_label": "NA"}, {"token": "at", "start_char": 2705, "end_char": 2707, "token_label": "NA"}, {"token": "Obama", "start_char": 2708, "end_char": 2713, "token_label": "NA"}, {"token": "officials", "start_char": 2714, "end_char": 2723, "token_label": "NA"}, {"token": ",", "start_char": 2723, "end_char": 2724, "token_label": "NA"}, {"token": "saying", "start_char": 2725, "end_char": 2731, "token_label": "NA"}, {"token": "that", "start_char": 2732, "end_char": 2736, "token_label": "NA"}, {"token": "his", "start_char": 2737, "end_char": 2740, "token_label": "NA"}, {"token": "prosecution", "start_char": 2741, "end_char": 2752, "token_label": "NA"}, {"token": "was", "start_char": 2753, "end_char": 2756, "token_label": "NA"}, {"token": "politically", "start_char": 2757, "end_char": 2768, "token_label": "NA"}, {"token": "motivated", "start_char": 2769, "end_char": 2778, "token_label": "NA"}, {"token": ",", "start_char": 2778, "end_char": 2779, "token_label": "NA"}, {"token": "prompted", "start_char": 2780, "end_char": 2788, "token_label": "NA"}, {"token": "by", "start_char": 2789, "end_char": 2791, "token_label": "NA"}, {"token": "sensitivity", "start_char": 2792, "end_char": 2803, "token_label": "NA"}, {"token": "about", "start_char": 2804, "end_char": 2809, "token_label": "NA"}, {"token": "classified", "start_char": 2810, "end_char": 2820, "token_label": "NA"}, {"token": "information", "start_char": 2821, "end_char": 2832, "token_label": "NA"}, {"token": "amid", "start_char": 2833, "end_char": 2837, "token_label": "NA"}, {"token": "the", "start_char": 2838, "end_char": 2841, "token_label": "NA"}, {"token": "scandal", "start_char": 2842, "end_char": 2849, "token_label": "NA"}, {"token": "involving", "start_char": 2850, "end_char": 2859, "token_label": "NA"}, {"token": "Clinton\u2019s", "start_char": 2860, "end_char": 2869, "token_label": "NA"}, {"token": "emails", "start_char": 2870, "end_char": 2876, "token_label": "NA"}, {"token": ".", "start_char": 2876, "end_char": 2877, "token_label": "NA"}], "news_discourse_role": 7, "news_discourse_role_prob_0": 1.3274764569359832e-05, "news_discourse_role_prob_1": 0.000563882989808917, "news_discourse_role_prob_2": 0.0003488459042273462, "news_discourse_role_prob_3": 0.004430694505572319, "news_discourse_role_prob_4": 0.009816069155931473, "news_discourse_role_prob_5": 0.0006761015974916518, "news_discourse_role_prob_6": 0.0021596536971628666, "news_discourse_role_prob_7": 0.9792218804359436, "news_discourse_role_prob_8": 0.002769631799310446, "previous_discourse_relation": 3, "previous_discourse_relation_prob_comp": 0.0003505893109831959, "previous_discourse_relation_prob_cont": 0.00024880675482563674, "previous_discourse_relation_prob_temp": 0.00026064057601615787, "previous_discourse_relation_prob_expan": 0.9991399049758911, "latter_discourse_relation": -1}]}