{"file_name": "./Propaganda/json_annotations/train/article769752554.json", "num_sentences": 21, "sentences": [{"sentence_id": 0, "sentence_start": 0, "sentence_end": 69, "sentence_text": "Texas Mom: My Son Was Attacked For Wearing A MAGA Hat At Whataburger", "sentence_label": "Slogans", "tokens_list": ["Texas", "Mom", ":", "My", "Son", "Was", "Attacked", "For", "Wearing", "A", "MAGA", "Hat", "At", "Whataburger"], "tokens_dicts_list": [{"token": "Texas", "start_char": 0, "end_char": 5, "token_label": "NA"}, {"token": "Mom", "start_char": 6, "end_char": 9, "token_label": "NA"}, {"token": ":", "start_char": 9, "end_char": 10, "token_label": "NA"}, {"token": "My", "start_char": 11, "end_char": 13, "token_label": "NA"}, {"token": "Son", "start_char": 14, "end_char": 17, "token_label": "NA"}, {"token": "Was", "start_char": 18, "end_char": 21, "token_label": "NA"}, {"token": "Attacked", "start_char": 22, "end_char": 30, "token_label": "NA"}, {"token": "For", "start_char": 31, "end_char": 34, "token_label": "NA"}, {"token": "Wearing", "start_char": 35, "end_char": 42, "token_label": "NA"}, {"token": "A", "start_char": 43, "end_char": 44, "token_label": "NA"}, {"token": "MAGA", "start_char": 45, "end_char": 49, "token_label": "Slogans"}, {"token": "Hat", "start_char": 50, "end_char": 53, "token_label": "NA"}, {"token": "At", "start_char": 54, "end_char": 56, "token_label": "NA"}, {"token": "Whataburger", "start_char": 57, "end_char": 68, "token_label": "NA"}], "news_discourse_role": 0, "news_discourse_role_prob_0": 0.9168180227279663, "news_discourse_role_prob_1": 0.0741187185049057, "news_discourse_role_prob_2": 0.002123829908668995, "news_discourse_role_prob_3": 0.003658127039670944, "news_discourse_role_prob_4": 0.0020662033930420876, "news_discourse_role_prob_5": 0.0005075262160971761, "news_discourse_role_prob_6": 0.00035314084379933774, "news_discourse_role_prob_7": 0.00032627684413455427, "news_discourse_role_prob_8": 2.8086336897104047e-05, "latter_discourse_relation": 3, "latter_discourse_relation_prob_comp": 0.0009256121120415628, "latter_discourse_relation_prob_cont": 0.008330358192324638, "latter_discourse_relation_prob_temp": 0.004512288607656956, "latter_discourse_relation_prob_expan": 0.9862317442893982, "previous_discourse_relation": -1}, {"sentence_id": 1, "sentence_start": 70, "sentence_end": 190, "sentence_text": "A Texas mother\u2019s teenage son was allegedly attacked at a Whataburger for wearing a MAGA (Make America Great Again) hat.", "sentence_label": "Slogans", "tokens_list": ["A", "Texas", "mother\u2019s", "teenage", "son", "was", "allegedly", "attacked", "at", "a", "Whataburger", "for", "wearing", "a", "MAGA", "(", "Make", "America", "Great", "Again", ")", "hat", "."], "tokens_dicts_list": [{"token": "A", "start_char": 70, "end_char": 71, "token_label": "NA"}, {"token": "Texas", "start_char": 72, "end_char": 77, "token_label": "NA"}, {"token": "mother\u2019s", "start_char": 78, "end_char": 86, "token_label": "NA"}, {"token": "teenage", "start_char": 87, "end_char": 94, "token_label": "NA"}, {"token": "son", "start_char": 95, "end_char": 98, "token_label": "NA"}, {"token": "was", "start_char": 99, "end_char": 102, "token_label": "NA"}, {"token": "allegedly", "start_char": 103, "end_char": 112, "token_label": "NA"}, {"token": "attacked", "start_char": 113, "end_char": 121, "token_label": "NA"}, {"token": "at", "start_char": 122, "end_char": 124, "token_label": "NA"}, {"token": "a", "start_char": 125, "end_char": 126, "token_label": "NA"}, {"token": "Whataburger", "start_char": 127, "end_char": 138, "token_label": "NA"}, {"token": "for", "start_char": 139, "end_char": 142, "token_label": "NA"}, {"token": "wearing", "start_char": 143, "end_char": 150, "token_label": "NA"}, {"token": "a", "start_char": 151, "end_char": 152, "token_label": "NA"}, {"token": "MAGA", "start_char": 153, "end_char": 157, "token_label": "Repetition"}, {"token": "(", "start_char": 158, "end_char": 159, "token_label": "NA"}, {"token": "Make", "start_char": 159, "end_char": 163, "token_label": "Slogans"}, {"token": "America", "start_char": 164, "end_char": 171, "token_label": "Slogans"}, {"token": "Great", "start_char": 172, "end_char": 177, "token_label": "Slogans"}, {"token": "Again", "start_char": 178, "end_char": 183, "token_label": "Slogans"}, {"token": ")", "start_char": 183, "end_char": 184, "token_label": "NA"}, {"token": "hat", "start_char": 185, "end_char": 188, "token_label": "NA"}, {"token": ".", "start_char": 188, "end_char": 189, "token_label": "NA"}], "news_discourse_role": 1, "news_discourse_role_prob_0": 0.0073311724700033665, "news_discourse_role_prob_1": 0.8860472440719604, "news_discourse_role_prob_2": 0.0045759957283735275, "news_discourse_role_prob_3": 0.09424307942390442, "news_discourse_role_prob_4": 0.0069409580901265144, "news_discourse_role_prob_5": 0.00037778058322146535, "news_discourse_role_prob_6": 0.0002154566318495199, "news_discourse_role_prob_7": 0.00023541664995718747, "news_discourse_role_prob_8": 3.286685750936158e-05, "previous_discourse_relation": 3, "previous_discourse_relation_prob_comp": 0.0009256121120415628, "previous_discourse_relation_prob_cont": 0.008330358192324638, "previous_discourse_relation_prob_temp": 0.004512288607656956, "previous_discourse_relation_prob_expan": 0.9862317442893982, "latter_discourse_relation": 3, "latter_discourse_relation_prob_comp": 0.002216609427705407, "latter_discourse_relation_prob_cont": 0.1060558333992958, "latter_discourse_relation_prob_temp": 0.029175518080592155, "latter_discourse_relation_prob_expan": 0.8625521063804626}, {"sentence_id": 2, "sentence_start": 190, "sentence_end": 273, "sentence_text": "The mother posted the video of the incident on Facebook as evidence of her claims.", "sentence_label": "NA", "tokens_list": ["The", "mother", "posted", "the", "video", "of", "the", "incident", "on", "Facebook", "as", "evidence", "of", "her", "claims", "."], "tokens_dicts_list": [{"token": "The", "start_char": 190, "end_char": 193, "token_label": "NA"}, {"token": "mother", "start_char": 194, "end_char": 200, "token_label": "NA"}, {"token": "posted", "start_char": 201, "end_char": 207, "token_label": "NA"}, {"token": "the", "start_char": 208, "end_char": 211, "token_label": "NA"}, {"token": "video", "start_char": 212, "end_char": 217, "token_label": "NA"}, {"token": "of", "start_char": 218, "end_char": 220, "token_label": "NA"}, {"token": "the", "start_char": 221, "end_char": 224, "token_label": "NA"}, {"token": "incident", "start_char": 225, "end_char": 233, "token_label": "NA"}, {"token": "on", "start_char": 234, "end_char": 236, "token_label": "NA"}, {"token": "Facebook", "start_char": 237, "end_char": 245, "token_label": "NA"}, {"token": "as", "start_char": 246, "end_char": 248, "token_label": "NA"}, {"token": "evidence", "start_char": 249, "end_char": 257, "token_label": "NA"}, {"token": "of", "start_char": 258, "end_char": 260, "token_label": "NA"}, {"token": "her", "start_char": 261, "end_char": 264, "token_label": "NA"}, {"token": "claims", "start_char": 265, "end_char": 271, "token_label": "NA"}, {"token": ".", "start_char": 271, "end_char": 272, "token_label": "NA"}], "news_discourse_role": 4, "news_discourse_role_prob_0": 0.0015239000786095858, "news_discourse_role_prob_1": 0.02945253998041153, "news_discourse_role_prob_2": 0.03471452742815018, "news_discourse_role_prob_3": 0.17882470786571503, "news_discourse_role_prob_4": 0.7467730641365051, "news_discourse_role_prob_5": 0.006294513586908579, "news_discourse_role_prob_6": 0.00040122371865436435, "news_discourse_role_prob_7": 0.0016965721733868122, "news_discourse_role_prob_8": 0.00031891086837276816, "previous_discourse_relation": 3, "previous_discourse_relation_prob_comp": 0.002216609427705407, "previous_discourse_relation_prob_cont": 0.1060558333992958, "previous_discourse_relation_prob_temp": 0.029175518080592155, "previous_discourse_relation_prob_expan": 0.8625521063804626, "latter_discourse_relation": 3, "latter_discourse_relation_prob_comp": 0.00019883326604031026, "latter_discourse_relation_prob_cont": 0.0020608725026249886, "latter_discourse_relation_prob_temp": 0.0006735930219292641, "latter_discourse_relation_prob_expan": 0.9970666766166687}, {"sentence_id": 3, "sentence_start": 273, "sentence_end": 440, "sentence_text": "The woman claimed a man became extremely angry at her teenage son and his group of friends because one of them wore a \u201cMake American Great Again\u201d hat, KENS5 reported.", "sentence_label": "Repetition", "tokens_list": ["The", "woman", "claimed", "a", "man", "became", "extremely", "angry", "at", "her", "teenage", "son", "and", "his", "group", "of", "friends", "because", "one", "of", "them", "wore", "a", "\u201cMake", "American", "Great", "Again\u201d", "hat", ",", "KENS5", "reported", "."], "tokens_dicts_list": [{"token": "The", "start_char": 273, "end_char": 276, "token_label": "NA"}, {"token": "woman", "start_char": 277, "end_char": 282, "token_label": "NA"}, {"token": "claimed", "start_char": 283, "end_char": 290, "token_label": "NA"}, {"token": "a", "start_char": 291, "end_char": 292, "token_label": "NA"}, {"token": "man", "start_char": 293, "end_char": 296, "token_label": "NA"}, {"token": "became", "start_char": 297, "end_char": 303, "token_label": "NA"}, {"token": "extremely", "start_char": 304, "end_char": 313, "token_label": "Loaded_Language"}, {"token": "angry", "start_char": 314, "end_char": 319, "token_label": "NA"}, {"token": "at", "start_char": 320, "end_char": 322, "token_label": "NA"}, {"token": "her", "start_char": 323, "end_char": 326, "token_label": "NA"}, {"token": "teenage", "start_char": 327, "end_char": 334, "token_label": "NA"}, {"token": "son", "start_char": 335, "end_char": 338, "token_label": "NA"}, {"token": "and", "start_char": 339, "end_char": 342, "token_label": "NA"}, {"token": "his", "start_char": 343, "end_char": 346, "token_label": "NA"}, {"token": "group", "start_char": 347, "end_char": 352, "token_label": "NA"}, {"token": "of", "start_char": 353, "end_char": 355, "token_label": "NA"}, {"token": "friends", "start_char": 356, "end_char": 363, "token_label": "NA"}, {"token": "because", "start_char": 364, "end_char": 371, "token_label": "NA"}, {"token": "one", "start_char": 372, "end_char": 375, "token_label": "NA"}, {"token": "of", "start_char": 376, "end_char": 378, "token_label": "NA"}, {"token": "them", "start_char": 379, "end_char": 383, "token_label": "NA"}, {"token": "wore", "start_char": 384, "end_char": 388, "token_label": "NA"}, {"token": "a", "start_char": 389, "end_char": 390, "token_label": "NA"}, {"token": "\u201cMake", "start_char": 391, "end_char": 396, "token_label": "Repetition"}, {"token": "American", "start_char": 397, "end_char": 405, "token_label": "Repetition"}, {"token": "Great", "start_char": 406, "end_char": 411, "token_label": "Repetition"}, {"token": "Again\u201d", "start_char": 412, "end_char": 418, "token_label": "Repetition"}, {"token": "hat", "start_char": 419, "end_char": 422, "token_label": "NA"}, {"token": ",", "start_char": 422, "end_char": 423, "token_label": "NA"}, {"token": "KENS5", "start_char": 424, "end_char": 429, "token_label": "NA"}, {"token": "reported", "start_char": 430, "end_char": 438, "token_label": "NA"}, {"token": ".", "start_char": 438, "end_char": 439, "token_label": "NA"}], "news_discourse_role": 3, "news_discourse_role_prob_0": 0.0002725590020418167, "news_discourse_role_prob_1": 0.012698741629719734, "news_discourse_role_prob_2": 0.005831649526953697, "news_discourse_role_prob_3": 0.8203788995742798, "news_discourse_role_prob_4": 0.05972158536314964, "news_discourse_role_prob_5": 0.027689741924405098, "news_discourse_role_prob_6": 0.004975887015461922, "news_discourse_role_prob_7": 0.06778855621814728, "news_discourse_role_prob_8": 0.0006424018647521734, "previous_discourse_relation": 3, "previous_discourse_relation_prob_comp": 0.00019883326604031026, "previous_discourse_relation_prob_cont": 0.0020608725026249886, "previous_discourse_relation_prob_temp": 0.0006735930219292641, "previous_discourse_relation_prob_expan": 0.9970666766166687, "latter_discourse_relation": 3, "latter_discourse_relation_prob_comp": 0.03682755306363106, "latter_discourse_relation_prob_cont": 0.14871081709861755, "latter_discourse_relation_prob_temp": 0.0047685024328529835, "latter_discourse_relation_prob_expan": 0.8096931576728821}, {"sentence_id": 4, "sentence_start": 440, "sentence_end": 546, "sentence_text": "The hats have become noticeable and are often an outward expression of support of President Donald Trump.", "sentence_label": "NA", "tokens_list": ["The", "hats", "have", "become", "noticeable", "and", "are", "often", "an", "outward", "expression", "of", "support", "of", "President", "Donald", "Trump", "."], "tokens_dicts_list": [{"token": "The", "start_char": 440, "end_char": 443, "token_label": "NA"}, {"token": "hats", "start_char": 444, "end_char": 448, "token_label": "NA"}, {"token": "have", "start_char": 449, "end_char": 453, "token_label": "NA"}, {"token": "become", "start_char": 454, "end_char": 460, "token_label": "NA"}, {"token": "noticeable", "start_char": 461, "end_char": 471, "token_label": "NA"}, {"token": "and", "start_char": 472, "end_char": 475, "token_label": "NA"}, {"token": "are", "start_char": 476, "end_char": 479, "token_label": "NA"}, {"token": "often", "start_char": 480, "end_char": 485, "token_label": "NA"}, {"token": "an", "start_char": 486, "end_char": 488, "token_label": "NA"}, {"token": "outward", "start_char": 489, "end_char": 496, "token_label": "NA"}, {"token": "expression", "start_char": 497, "end_char": 507, "token_label": "NA"}, {"token": "of", "start_char": 508, "end_char": 510, "token_label": "NA"}, {"token": "support", "start_char": 511, "end_char": 518, "token_label": "NA"}, {"token": "of", "start_char": 519, "end_char": 521, "token_label": "NA"}, {"token": "President", "start_char": 522, "end_char": 531, "token_label": "NA"}, {"token": "Donald", "start_char": 532, "end_char": 538, "token_label": "NA"}, {"token": "Trump", "start_char": 539, "end_char": 544, "token_label": "NA"}, {"token": ".", "start_char": 544, "end_char": 545, "token_label": "NA"}], "news_discourse_role": 7, "news_discourse_role_prob_0": 0.00010275175736751407, "news_discourse_role_prob_1": 0.00032325604115612805, "news_discourse_role_prob_2": 0.000985216349363327, "news_discourse_role_prob_3": 0.011212512850761414, "news_discourse_role_prob_4": 0.10944472253322601, "news_discourse_role_prob_5": 0.016602609306573868, "news_discourse_role_prob_6": 0.002834664424881339, "news_discourse_role_prob_7": 0.8566356301307678, "news_discourse_role_prob_8": 0.0018585353391245008, "previous_discourse_relation": 3, "previous_discourse_relation_prob_comp": 0.03682755306363106, "previous_discourse_relation_prob_cont": 0.14871081709861755, "previous_discourse_relation_prob_temp": 0.0047685024328529835, "previous_discourse_relation_prob_expan": 0.8096931576728821, "latter_discourse_relation": 3, "latter_discourse_relation_prob_comp": 0.0010027093812823296, "latter_discourse_relation_prob_cont": 0.003690654644742608, "latter_discourse_relation_prob_temp": 0.0006753783673048019, "latter_discourse_relation_prob_expan": 0.9946311712265015}, {"sentence_id": 5, "sentence_start": 546, "sentence_end": 639, "sentence_text": "The video shows the man throwing his fountain drink at the table and shouting a racial slur.", "sentence_label": "Loaded_Language", "tokens_list": ["The", "video", "shows", "the", "man", "throwing", "his", "fountain", "drink", "at", "the", "table", "and", "shouting", "a", "racial", "slur", "."], "tokens_dicts_list": [{"token": "The", "start_char": 546, "end_char": 549, "token_label": "NA"}, {"token": "video", "start_char": 550, "end_char": 555, "token_label": "NA"}, {"token": "shows", "start_char": 556, "end_char": 561, "token_label": "NA"}, {"token": "the", "start_char": 562, "end_char": 565, "token_label": "NA"}, {"token": "man", "start_char": 566, "end_char": 569, "token_label": "NA"}, {"token": "throwing", "start_char": 570, "end_char": 578, "token_label": "NA"}, {"token": "his", "start_char": 579, "end_char": 582, "token_label": "NA"}, {"token": "fountain", "start_char": 583, "end_char": 591, "token_label": "NA"}, {"token": "drink", "start_char": 592, "end_char": 597, "token_label": "NA"}, {"token": "at", "start_char": 598, "end_char": 600, "token_label": "NA"}, {"token": "the", "start_char": 601, "end_char": 604, "token_label": "NA"}, {"token": "table", "start_char": 605, "end_char": 610, "token_label": "NA"}, {"token": "and", "start_char": 611, "end_char": 614, "token_label": "NA"}, {"token": "shouting", "start_char": 615, "end_char": 623, "token_label": "NA"}, {"token": "a", "start_char": 624, "end_char": 625, "token_label": "NA"}, {"token": "racial", "start_char": 626, "end_char": 632, "token_label": "Loaded_Language"}, {"token": "slur", "start_char": 633, "end_char": 637, "token_label": "Loaded_Language"}, {"token": ".", "start_char": 637, "end_char": 638, "token_label": "NA"}], "news_discourse_role": 4, "news_discourse_role_prob_0": 0.03268788009881973, "news_discourse_role_prob_1": 0.28556832671165466, "news_discourse_role_prob_2": 0.04265829920768738, "news_discourse_role_prob_3": 0.09689509123563766, "news_discourse_role_prob_4": 0.5377669930458069, "news_discourse_role_prob_5": 0.002166187623515725, "news_discourse_role_prob_6": 0.0003551598056219518, "news_discourse_role_prob_7": 0.0011591250076889992, "news_discourse_role_prob_8": 0.0007429260294884443, "previous_discourse_relation": 3, "previous_discourse_relation_prob_comp": 0.0010027093812823296, "previous_discourse_relation_prob_cont": 0.003690654644742608, "previous_discourse_relation_prob_temp": 0.0006753783673048019, "previous_discourse_relation_prob_expan": 0.9946311712265015, "latter_discourse_relation": 3, "latter_discourse_relation_prob_comp": 0.006938109174370766, "latter_discourse_relation_prob_cont": 0.00872226245701313, "latter_discourse_relation_prob_temp": 0.016878243535757065, "latter_discourse_relation_prob_expan": 0.9674614667892456}, {"sentence_id": 6, "sentence_start": 639, "sentence_end": 940, "sentence_text": "According to Breitbart, in the mother\u2019s post on Facebook, which has since been taken down, Patricia Spittler asks for help in identifying the man she called \u201cscum bag of the year.\u201d The San Antonio CBS affiliate reported that Spittler wrote: \u201cHis friend was wearing a patriotic hat, and this happened!", "sentence_label": "Exaggeration,Minimisation", "tokens_list": ["According", "to", "Breitbart", ",", "in", "the", "mother\u2019s", "post", "on", "Facebook", ",", "which", "has", "since", "been", "taken", "down", ",", "Patricia", "Spittler", "asks", "for", "help", "in", "identifying", "the", "man", "she", "called", "\u201cscum", "bag", "of", "the", "year.\u201d", "The", "San", "Antonio", "CBS", "affiliate", "reported", "that", "Spittler", "wrote", ":", "\u201cHis", "friend", "was", "wearing", "a", "patriotic", "hat", ",", "and", "this", "happened", "!"], "tokens_dicts_list": [{"token": "According", "start_char": 639, "end_char": 648, "token_label": "NA"}, {"token": "to", "start_char": 649, "end_char": 651, "token_label": "NA"}, {"token": "Breitbart", "start_char": 652, "end_char": 661, "token_label": "NA"}, {"token": ",", "start_char": 661, "end_char": 662, "token_label": "NA"}, {"token": "in", "start_char": 663, "end_char": 665, "token_label": "NA"}, {"token": "the", "start_char": 666, "end_char": 669, "token_label": "NA"}, {"token": "mother\u2019s", "start_char": 670, "end_char": 678, "token_label": "NA"}, {"token": "post", "start_char": 679, "end_char": 683, "token_label": "NA"}, {"token": "on", "start_char": 684, "end_char": 686, "token_label": "NA"}, {"token": "Facebook", "start_char": 687, "end_char": 695, "token_label": "NA"}, {"token": ",", "start_char": 695, "end_char": 696, "token_label": "NA"}, {"token": "which", "start_char": 697, "end_char": 702, "token_label": "NA"}, {"token": "has", "start_char": 703, "end_char": 706, "token_label": "NA"}, {"token": "since", "start_char": 707, "end_char": 712, "token_label": "NA"}, {"token": "been", "start_char": 713, "end_char": 717, "token_label": "NA"}, {"token": "taken", "start_char": 718, "end_char": 723, "token_label": "NA"}, {"token": "down", "start_char": 724, "end_char": 728, "token_label": "NA"}, {"token": ",", "start_char": 728, "end_char": 729, "token_label": "NA"}, {"token": "Patricia", "start_char": 730, "end_char": 738, "token_label": "NA"}, {"token": "Spittler", "start_char": 739, "end_char": 747, "token_label": "NA"}, {"token": "asks", "start_char": 748, "end_char": 752, "token_label": "NA"}, {"token": "for", "start_char": 753, "end_char": 756, "token_label": "NA"}, {"token": "help", "start_char": 757, "end_char": 761, "token_label": "NA"}, {"token": "in", "start_char": 762, "end_char": 764, "token_label": "NA"}, {"token": "identifying", "start_char": 765, "end_char": 776, "token_label": "NA"}, {"token": "the", "start_char": 777, "end_char": 780, "token_label": "NA"}, {"token": "man", "start_char": 781, "end_char": 784, "token_label": "NA"}, {"token": "she", "start_char": 785, "end_char": 788, "token_label": "NA"}, {"token": "called", "start_char": 789, "end_char": 795, "token_label": "NA"}, {"token": "\u201cscum", "start_char": 796, "end_char": 801, "token_label": "Exaggeration,Minimisation"}, {"token": "bag", "start_char": 802, "end_char": 805, "token_label": "Exaggeration,Minimisation"}, {"token": "of", "start_char": 806, "end_char": 808, "token_label": "Exaggeration,Minimisation"}, {"token": "the", "start_char": 809, "end_char": 812, "token_label": "Exaggeration,Minimisation"}, {"token": "year.\u201d", "start_char": 813, "end_char": 819, "token_label": "Exaggeration,Minimisation"}, {"token": "The", "start_char": 820, "end_char": 823, "token_label": "NA"}, {"token": "San", "start_char": 824, "end_char": 827, "token_label": "NA"}, {"token": "Antonio", "start_char": 828, "end_char": 835, "token_label": "NA"}, {"token": "CBS", "start_char": 836, "end_char": 839, "token_label": "NA"}, {"token": "affiliate", "start_char": 840, "end_char": 849, "token_label": "NA"}, {"token": "reported", "start_char": 850, "end_char": 858, "token_label": "NA"}, {"token": "that", "start_char": 859, "end_char": 863, "token_label": "NA"}, {"token": "Spittler", "start_char": 864, "end_char": 872, "token_label": "NA"}, {"token": "wrote", "start_char": 873, "end_char": 878, "token_label": "NA"}, {"token": ":", "start_char": 878, "end_char": 879, "token_label": "NA"}, {"token": "\u201cHis", "start_char": 880, "end_char": 884, "token_label": "NA"}, {"token": "friend", "start_char": 885, "end_char": 891, "token_label": "NA"}, {"token": "was", "start_char": 892, "end_char": 895, "token_label": "NA"}, {"token": "wearing", "start_char": 896, "end_char": 903, "token_label": "NA"}, {"token": "a", "start_char": 904, "end_char": 905, "token_label": "NA"}, {"token": "patriotic", "start_char": 906, "end_char": 915, "token_label": "Flag-Waving"}, {"token": "hat", "start_char": 916, "end_char": 919, "token_label": "NA"}, {"token": ",", "start_char": 919, "end_char": 920, "token_label": "NA"}, {"token": "and", "start_char": 921, "end_char": 924, "token_label": "NA"}, {"token": "this", "start_char": 925, "end_char": 929, "token_label": "NA"}, {"token": "happened", "start_char": 930, "end_char": 938, "token_label": "NA"}, {"token": "!", "start_char": 938, "end_char": 939, "token_label": "NA"}], "news_discourse_role": 4, "news_discourse_role_prob_0": 0.008832678198814392, "news_discourse_role_prob_1": 0.04755466431379318, "news_discourse_role_prob_2": 0.17167037725448608, "news_discourse_role_prob_3": 0.01584474742412567, "news_discourse_role_prob_4": 0.6879979968070984, "news_discourse_role_prob_5": 0.006550057325512171, "news_discourse_role_prob_6": 0.01006905548274517, "news_discourse_role_prob_7": 0.048031095415353775, "news_discourse_role_prob_8": 0.0034493159037083387, "previous_discourse_relation": 3, "previous_discourse_relation_prob_comp": 0.006938109174370766, "previous_discourse_relation_prob_cont": 0.00872226245701313, "previous_discourse_relation_prob_temp": 0.016878243535757065, "previous_discourse_relation_prob_expan": 0.9674614667892456, "latter_discourse_relation": 1, "latter_discourse_relation_prob_comp": 0.060882940888404846, "latter_discourse_relation_prob_cont": 0.8729425072669983, "latter_discourse_relation_prob_temp": 0.0023976631928235292, "latter_discourse_relation_prob_expan": 0.0637768805027008}, {"sentence_id": 7, "sentence_start": 940, "sentence_end": 1144, "sentence_text": "It would be nice to know who he is for someone to let him know his actions are not okay!\u201d Spittler added: \u201cReal tough guy\u2026 approaches a group of teenagers minding their own business just having a burger!", "sentence_label": "Name_Calling,Labeling", "tokens_list": ["It", "would", "be", "nice", "to", "know", "who", "he", "is", "for", "someone", "to", "let", "him", "know", "his", "actions", "are", "not", "okay", "!", "\u201d", "Spittler", "added", ":", "\u201cReal", "tough", "guy\u2026", "approaches", "a", "group", "of", "teenagers", "minding", "their", "own", "business", "just", "having", "a", "burger", "!"], "tokens_dicts_list": [{"token": "It", "start_char": 940, "end_char": 942, "token_label": "NA"}, {"token": "would", "start_char": 943, "end_char": 948, "token_label": "NA"}, {"token": "be", "start_char": 949, "end_char": 951, "token_label": "NA"}, {"token": "nice", "start_char": 952, "end_char": 956, "token_label": "NA"}, {"token": "to", "start_char": 957, "end_char": 959, "token_label": "NA"}, {"token": "know", "start_char": 960, "end_char": 964, "token_label": "NA"}, {"token": "who", "start_char": 965, "end_char": 968, "token_label": "NA"}, {"token": "he", "start_char": 969, "end_char": 971, "token_label": "NA"}, {"token": "is", "start_char": 972, "end_char": 974, "token_label": "NA"}, {"token": "for", "start_char": 975, "end_char": 978, "token_label": "NA"}, {"token": "someone", "start_char": 979, "end_char": 986, "token_label": "NA"}, {"token": "to", "start_char": 987, "end_char": 989, "token_label": "NA"}, {"token": "let", "start_char": 990, "end_char": 993, "token_label": "NA"}, {"token": "him", "start_char": 994, "end_char": 997, "token_label": "NA"}, {"token": "know", "start_char": 998, "end_char": 1002, "token_label": "NA"}, {"token": "his", "start_char": 1003, "end_char": 1006, "token_label": "NA"}, {"token": "actions", "start_char": 1007, "end_char": 1014, "token_label": "NA"}, {"token": "are", "start_char": 1015, "end_char": 1018, "token_label": "NA"}, {"token": "not", "start_char": 1019, "end_char": 1022, "token_label": "NA"}, {"token": "okay", "start_char": 1023, "end_char": 1027, "token_label": "NA"}, {"token": "!", "start_char": 1027, "end_char": 1028, "token_label": "NA"}, {"token": "\u201d", "start_char": 1028, "end_char": 1029, "token_label": "NA"}, {"token": "Spittler", "start_char": 1030, "end_char": 1038, "token_label": "NA"}, {"token": "added", "start_char": 1039, "end_char": 1044, "token_label": "NA"}, {"token": ":", "start_char": 1044, "end_char": 1045, "token_label": "NA"}, {"token": "\u201cReal", "start_char": 1046, "end_char": 1051, "token_label": "Name_Calling,Labeling"}, {"token": "tough", "start_char": 1052, "end_char": 1057, "token_label": "Name_Calling,Labeling"}, {"token": "guy\u2026", "start_char": 1058, "end_char": 1062, "token_label": "Name_Calling,Labeling"}, {"token": "approaches", "start_char": 1063, "end_char": 1073, "token_label": "NA"}, {"token": "a", "start_char": 1074, "end_char": 1075, "token_label": "NA"}, {"token": "group", "start_char": 1076, "end_char": 1081, "token_label": "NA"}, {"token": "of", "start_char": 1082, "end_char": 1084, "token_label": "NA"}, {"token": "teenagers", "start_char": 1085, "end_char": 1094, "token_label": "NA"}, {"token": "minding", "start_char": 1095, "end_char": 1102, "token_label": "NA"}, {"token": "their", "start_char": 1103, "end_char": 1108, "token_label": "NA"}, {"token": "own", "start_char": 1109, "end_char": 1112, "token_label": "NA"}, {"token": "business", "start_char": 1113, "end_char": 1121, "token_label": "NA"}, {"token": "just", "start_char": 1122, "end_char": 1126, "token_label": "NA"}, {"token": "having", "start_char": 1127, "end_char": 1133, "token_label": "NA"}, {"token": "a", "start_char": 1134, "end_char": 1135, "token_label": "NA"}, {"token": "burger", "start_char": 1136, "end_char": 1142, "token_label": "NA"}, {"token": "!", "start_char": 1142, "end_char": 1143, "token_label": "NA"}], "news_discourse_role": 7, "news_discourse_role_prob_0": 0.00044206419261172414, "news_discourse_role_prob_1": 0.00240687420591712, "news_discourse_role_prob_2": 0.00039884622674435377, "news_discourse_role_prob_3": 0.003127861302345991, "news_discourse_role_prob_4": 0.0007356418063864112, "news_discourse_role_prob_5": 0.006301339715719223, "news_discourse_role_prob_6": 0.14826951920986176, "news_discourse_role_prob_7": 0.8341341614723206, "news_discourse_role_prob_8": 0.004183595068752766, "previous_discourse_relation": 1, "previous_discourse_relation_prob_comp": 0.060882940888404846, "previous_discourse_relation_prob_cont": 0.8729425072669983, "previous_discourse_relation_prob_temp": 0.0023976631928235292, "previous_discourse_relation_prob_expan": 0.0637768805027008, "latter_discourse_relation": 3, "latter_discourse_relation_prob_comp": 0.016139613464474678, "latter_discourse_relation_prob_cont": 0.013359572738409042, "latter_discourse_relation_prob_temp": 0.001493321731686592, "latter_discourse_relation_prob_expan": 0.9690074324607849}, {"sentence_id": 8, "sentence_start": 1144, "sentence_end": 1167, "sentence_text": "He kept his hat, too.\u201d", "sentence_label": "NA", "tokens_list": ["He", "kept", "his", "hat", ",", "too.\u201d"], "tokens_dicts_list": [{"token": "He", "start_char": 1144, "end_char": 1146, "token_label": "NA"}, {"token": "kept", "start_char": 1147, "end_char": 1151, "token_label": "NA"}, {"token": "his", "start_char": 1152, "end_char": 1155, "token_label": "NA"}, {"token": "hat", "start_char": 1156, "end_char": 1159, "token_label": "NA"}, {"token": ",", "start_char": 1159, "end_char": 1160, "token_label": "NA"}, {"token": "too.\u201d", "start_char": 1161, "end_char": 1166, "token_label": "NA"}], "news_discourse_role": 6, "news_discourse_role_prob_0": 0.0023826893884688616, "news_discourse_role_prob_1": 0.0012410379713401198, "news_discourse_role_prob_2": 0.0020167678594589233, "news_discourse_role_prob_3": 0.0035193017683923244, "news_discourse_role_prob_4": 0.01150992326438427, "news_discourse_role_prob_5": 0.02357436716556549, "news_discourse_role_prob_6": 0.6841937303543091, "news_discourse_role_prob_7": 0.26961761713027954, "news_discourse_role_prob_8": 0.0019445988582447171, "previous_discourse_relation": 3, "previous_discourse_relation_prob_comp": 0.016139613464474678, "previous_discourse_relation_prob_cont": 0.013359572738409042, "previous_discourse_relation_prob_temp": 0.001493321731686592, "previous_discourse_relation_prob_expan": 0.9690074324607849, "latter_discourse_relation": 3, "latter_discourse_relation_prob_comp": 0.07754015922546387, "latter_discourse_relation_prob_cont": 0.06737738847732544, "latter_discourse_relation_prob_temp": 0.0063718040473759174, "latter_discourse_relation_prob_expan": 0.8487106561660767}, {"sentence_id": 9, "sentence_start": 1167, "sentence_end": 1289, "sentence_text": "The video found it\u2019s way to Twitter, and it is slightly violent, so err on the side of caution if watching near children.", "sentence_label": "NA", "tokens_list": ["The", "video", "found", "it\u2019s", "way", "to", "Twitter", ",", "and", "it", "is", "slightly", "violent", ",", "so", "err", "on", "the", "side", "of", "caution", "if", "watching", "near", "children", "."], "tokens_dicts_list": [{"token": "The", "start_char": 1167, "end_char": 1170, "token_label": "NA"}, {"token": "video", "start_char": 1171, "end_char": 1176, "token_label": "NA"}, {"token": "found", "start_char": 1177, "end_char": 1182, "token_label": "NA"}, {"token": "it\u2019s", "start_char": 1183, "end_char": 1187, "token_label": "NA"}, {"token": "way", "start_char": 1188, "end_char": 1191, "token_label": "NA"}, {"token": "to", "start_char": 1192, "end_char": 1194, "token_label": "NA"}, {"token": "Twitter", "start_char": 1195, "end_char": 1202, "token_label": "NA"}, {"token": ",", "start_char": 1202, "end_char": 1203, "token_label": "NA"}, {"token": "and", "start_char": 1204, "end_char": 1207, "token_label": "NA"}, {"token": "it", "start_char": 1208, "end_char": 1210, "token_label": "NA"}, {"token": "is", "start_char": 1211, "end_char": 1213, "token_label": "NA"}, {"token": "slightly", "start_char": 1214, "end_char": 1222, "token_label": "NA"}, {"token": "violent", "start_char": 1223, "end_char": 1230, "token_label": "NA"}, {"token": ",", "start_char": 1230, "end_char": 1231, "token_label": "NA"}, {"token": "so", "start_char": 1232, "end_char": 1234, "token_label": "NA"}, {"token": "err", "start_char": 1235, "end_char": 1238, "token_label": "NA"}, {"token": "on", "start_char": 1239, "end_char": 1241, "token_label": "NA"}, {"token": "the", "start_char": 1242, "end_char": 1245, "token_label": "NA"}, {"token": "side", "start_char": 1246, "end_char": 1250, "token_label": "NA"}, {"token": "of", "start_char": 1251, "end_char": 1253, "token_label": "NA"}, {"token": "caution", "start_char": 1254, "end_char": 1261, "token_label": "NA"}, {"token": "if", "start_char": 1262, "end_char": 1264, "token_label": "NA"}, {"token": "watching", "start_char": 1265, "end_char": 1273, "token_label": "NA"}, {"token": "near", "start_char": 1274, "end_char": 1278, "token_label": "NA"}, {"token": "children", "start_char": 1279, "end_char": 1287, "token_label": "NA"}, {"token": ".", "start_char": 1287, "end_char": 1288, "token_label": "NA"}], "news_discourse_role": 4, "news_discourse_role_prob_0": 0.0045194062404334545, "news_discourse_role_prob_1": 0.0013769004726782441, "news_discourse_role_prob_2": 0.010614991188049316, "news_discourse_role_prob_3": 0.0052251508459448814, "news_discourse_role_prob_4": 0.9541619420051575, "news_discourse_role_prob_5": 0.005519692786037922, "news_discourse_role_prob_6": 0.0032954812049865723, "news_discourse_role_prob_7": 0.01399903278797865, "news_discourse_role_prob_8": 0.0012875302927568555, "previous_discourse_relation": 3, "previous_discourse_relation_prob_comp": 0.07754015922546387, "previous_discourse_relation_prob_cont": 0.06737738847732544, "previous_discourse_relation_prob_temp": 0.0063718040473759174, "previous_discourse_relation_prob_expan": 0.8487106561660767, "latter_discourse_relation": 3, "latter_discourse_relation_prob_comp": 0.0003435779071878642, "latter_discourse_relation_prob_cont": 0.0005031730397604406, "latter_discourse_relation_prob_temp": 7.08294683136046e-05, "latter_discourse_relation_prob_expan": 0.9990824460983276}, {"sentence_id": 10, "sentence_start": 1289, "sentence_end": 1347, "sentence_text": "Also be aware that there a few racial slurs in the video.", "sentence_label": "NA", "tokens_list": ["Also", "be", "aware", "that", "there", "a", "few", "racial", "slurs", "in", "the", "video", "."], "tokens_dicts_list": [{"token": "Also", "start_char": 1289, "end_char": 1293, "token_label": "NA"}, {"token": "be", "start_char": 1294, "end_char": 1296, "token_label": "NA"}, {"token": "aware", "start_char": 1297, "end_char": 1302, "token_label": "NA"}, {"token": "that", "start_char": 1303, "end_char": 1307, "token_label": "NA"}, {"token": "there", "start_char": 1308, "end_char": 1313, "token_label": "NA"}, {"token": "a", "start_char": 1314, "end_char": 1315, "token_label": "NA"}, {"token": "few", "start_char": 1316, "end_char": 1319, "token_label": "NA"}, {"token": "racial", "start_char": 1320, "end_char": 1326, "token_label": "NA"}, {"token": "slurs", "start_char": 1327, "end_char": 1332, "token_label": "NA"}, {"token": "in", "start_char": 1333, "end_char": 1335, "token_label": "NA"}, {"token": "the", "start_char": 1336, "end_char": 1339, "token_label": "NA"}, {"token": "video", "start_char": 1340, "end_char": 1345, "token_label": "NA"}, {"token": ".", "start_char": 1345, "end_char": 1346, "token_label": "NA"}], "news_discourse_role": 4, "news_discourse_role_prob_0": 0.024069894105196, "news_discourse_role_prob_1": 0.00547579862177372, "news_discourse_role_prob_2": 0.023359045386314392, "news_discourse_role_prob_3": 0.012023434974253178, "news_discourse_role_prob_4": 0.5741180181503296, "news_discourse_role_prob_5": 0.024846630170941353, "news_discourse_role_prob_6": 0.015023469924926758, "news_discourse_role_prob_7": 0.30031540989875793, "news_discourse_role_prob_8": 0.020768309012055397, "previous_discourse_relation": 3, "previous_discourse_relation_prob_comp": 0.0003435779071878642, "previous_discourse_relation_prob_cont": 0.0005031730397604406, "previous_discourse_relation_prob_temp": 7.08294683136046e-05, "previous_discourse_relation_prob_expan": 0.9990824460983276, "latter_discourse_relation": 3, "latter_discourse_relation_prob_comp": 4.457630711840466e-05, "latter_discourse_relation_prob_cont": 9.825188317336142e-05, "latter_discourse_relation_prob_temp": 1.6818359654280357e-05, "latter_discourse_relation_prob_expan": 0.9998403787612915}, {"sentence_id": 11, "sentence_start": 1347, "sentence_end": 1448, "sentence_text": "Disturbing video of young Trump Supporter having his MAGA hat stolen and a drink thrown in his face.", "sentence_label": "Name_Calling,Labeling", "tokens_list": ["Disturbing", "video", "of", "young", "Trump", "Supporter", "having", "his", "MAGA", "hat", "stolen", "and", "a", "drink", "thrown", "in", "his", "face", "."], "tokens_dicts_list": [{"token": "Disturbing", "start_char": 1347, "end_char": 1357, "token_label": "Loaded_Language"}, {"token": "video", "start_char": 1358, "end_char": 1363, "token_label": "NA"}, {"token": "of", "start_char": 1364, "end_char": 1366, "token_label": "NA"}, {"token": "young", "start_char": 1367, "end_char": 1372, "token_label": "NA"}, {"token": "Trump", "start_char": 1373, "end_char": 1378, "token_label": "Name_Calling,Labeling"}, {"token": "Supporter", "start_char": 1379, "end_char": 1388, "token_label": "Name_Calling,Labeling"}, {"token": "having", "start_char": 1389, "end_char": 1395, "token_label": "NA"}, {"token": "his", "start_char": 1396, "end_char": 1399, "token_label": "NA"}, {"token": "MAGA", "start_char": 1400, "end_char": 1404, "token_label": "Repetition"}, {"token": "hat", "start_char": 1405, "end_char": 1408, "token_label": "NA"}, {"token": "stolen", "start_char": 1409, "end_char": 1415, "token_label": "NA"}, {"token": "and", "start_char": 1416, "end_char": 1419, "token_label": "NA"}, {"token": "a", "start_char": 1420, "end_char": 1421, "token_label": "NA"}, {"token": "drink", "start_char": 1422, "end_char": 1427, "token_label": "NA"}, {"token": "thrown", "start_char": 1428, "end_char": 1434, "token_label": "NA"}, {"token": "in", "start_char": 1435, "end_char": 1437, "token_label": "NA"}, {"token": "his", "start_char": 1438, "end_char": 1441, "token_label": "NA"}, {"token": "face", "start_char": 1442, "end_char": 1446, "token_label": "NA"}, {"token": ".", "start_char": 1446, "end_char": 1447, "token_label": "NA"}], "news_discourse_role": 4, "news_discourse_role_prob_0": 0.16944822669029236, "news_discourse_role_prob_1": 0.04437858238816261, "news_discourse_role_prob_2": 0.016899513080716133, "news_discourse_role_prob_3": 0.0970950573682785, "news_discourse_role_prob_4": 0.6067246794700623, "news_discourse_role_prob_5": 0.023085683584213257, "news_discourse_role_prob_6": 0.00364362308755517, "news_discourse_role_prob_7": 0.03747430071234703, "news_discourse_role_prob_8": 0.0012503204634413123, "previous_discourse_relation": 3, "previous_discourse_relation_prob_comp": 4.457630711840466e-05, "previous_discourse_relation_prob_cont": 9.825188317336142e-05, "previous_discourse_relation_prob_temp": 1.6818359654280357e-05, "previous_discourse_relation_prob_expan": 0.9998403787612915, "latter_discourse_relation": 3, "latter_discourse_relation_prob_comp": 0.0038303574547171593, "latter_discourse_relation_prob_cont": 0.0011542843421921134, "latter_discourse_relation_prob_temp": 0.00042353678145445883, "latter_discourse_relation_prob_expan": 0.9945918917655945}, {"sentence_id": 12, "sentence_start": 1448, "sentence_end": 1571, "sentence_text": "The civility of the Left on full display\u2026 pic.twitter.com/gUzBVRpP7X \u2014 The Columbia Bugle \ud83c\uddfa\ud83c\uddf8 (@ColumbiaBugle) July 5, 2018", "sentence_label": "Exaggeration,Minimisation", "tokens_list": ["The", "civility", "of", "the", "Left", "on", "full", "display\u2026", "pic.twitter.com/gUzBVRpP7X", "\u2014", "The", "Columbia", "Bugle", "\ud83c\uddfa\ud83c\uddf8", "(", "@", "ColumbiaBugle", ")", "July", "5", ",", "2018"], "tokens_dicts_list": [{"token": "The", "start_char": 1448, "end_char": 1451, "token_label": "Exaggeration,Minimisation"}, {"token": "civility", "start_char": 1452, "end_char": 1460, "token_label": "Exaggeration,Minimisation"}, {"token": "of", "start_char": 1461, "end_char": 1463, "token_label": "Exaggeration,Minimisation"}, {"token": "the", "start_char": 1464, "end_char": 1467, "token_label": "Exaggeration,Minimisation"}, {"token": "Left", "start_char": 1468, "end_char": 1472, "token_label": "Exaggeration,Minimisation"}, {"token": "on", "start_char": 1473, "end_char": 1475, "token_label": "Exaggeration,Minimisation"}, {"token": "full", "start_char": 1476, "end_char": 1480, "token_label": "Exaggeration,Minimisation"}, {"token": "display\u2026", "start_char": 1481, "end_char": 1489, "token_label": "Exaggeration,Minimisation"}, {"token": "pic.twitter.com/gUzBVRpP7X", "start_char": 1490, "end_char": 1516, "token_label": "NA"}, {"token": "\u2014", "start_char": 1517, "end_char": 1518, "token_label": "NA"}, {"token": "The", "start_char": 1519, "end_char": 1522, "token_label": "NA"}, {"token": "Columbia", "start_char": 1523, "end_char": 1531, "token_label": "NA"}, {"token": "Bugle", "start_char": 1532, "end_char": 1537, "token_label": "NA"}, {"token": "\ud83c\uddfa\ud83c\uddf8", "start_char": 1538, "end_char": 1540, "token_label": "NA"}, {"token": "(", "start_char": 1541, "end_char": 1542, "token_label": "NA"}, {"token": "@", "start_char": 1542, "end_char": 1543, "token_label": "NA"}, {"token": "ColumbiaBugle", "start_char": 1543, "end_char": 1556, "token_label": "NA"}, {"token": ")", "start_char": 1556, "end_char": 1557, "token_label": "NA"}, {"token": "July", "start_char": 1558, "end_char": 1562, "token_label": "NA"}, {"token": "5", "start_char": 1563, "end_char": 1564, "token_label": "NA"}, {"token": ",", "start_char": 1564, "end_char": 1565, "token_label": "NA"}, {"token": "2018", "start_char": 1566, "end_char": 1570, "token_label": "NA"}], "news_discourse_role": 0, "news_discourse_role_prob_0": 0.9111706614494324, "news_discourse_role_prob_1": 0.0008915266953408718, "news_discourse_role_prob_2": 0.001844447455368936, "news_discourse_role_prob_3": 0.002328312722966075, "news_discourse_role_prob_4": 0.02689502388238907, "news_discourse_role_prob_5": 0.02307012490928173, "news_discourse_role_prob_6": 0.0014775372110307217, "news_discourse_role_prob_7": 0.03187498450279236, "news_discourse_role_prob_8": 0.000447257945779711, "previous_discourse_relation": 3, "previous_discourse_relation_prob_comp": 0.0038303574547171593, "previous_discourse_relation_prob_cont": 0.0011542843421921134, "previous_discourse_relation_prob_temp": 0.00042353678145445883, "previous_discourse_relation_prob_expan": 0.9945918917655945, "latter_discourse_relation": 3, "latter_discourse_relation_prob_comp": 0.001112153404392302, "latter_discourse_relation_prob_cont": 0.006595879793167114, "latter_discourse_relation_prob_temp": 0.014040639623999596, "latter_discourse_relation_prob_expan": 0.9782513380050659}, {"sentence_id": 13, "sentence_start": 1571, "sentence_end": 1635, "sentence_text": "As the video begins, the man says, \u201c\u2026 supporting the president.", "sentence_label": "NA", "tokens_list": ["As", "the", "video", "begins", ",", "the", "man", "says", ",", "\u201c\u2026", "supporting", "the", "president", "."], "tokens_dicts_list": [{"token": "As", "start_char": 1571, "end_char": 1573, "token_label": "NA"}, {"token": "the", "start_char": 1574, "end_char": 1577, "token_label": "NA"}, {"token": "video", "start_char": 1578, "end_char": 1583, "token_label": "NA"}, {"token": "begins", "start_char": 1584, "end_char": 1590, "token_label": "NA"}, {"token": ",", "start_char": 1590, "end_char": 1591, "token_label": "NA"}, {"token": "the", "start_char": 1592, "end_char": 1595, "token_label": "NA"}, {"token": "man", "start_char": 1596, "end_char": 1599, "token_label": "NA"}, {"token": "says", "start_char": 1600, "end_char": 1604, "token_label": "NA"}, {"token": ",", "start_char": 1604, "end_char": 1605, "token_label": "NA"}, {"token": "\u201c\u2026", "start_char": 1606, "end_char": 1608, "token_label": "NA"}, {"token": "supporting", "start_char": 1609, "end_char": 1619, "token_label": "NA"}, {"token": "the", "start_char": 1620, "end_char": 1623, "token_label": "NA"}, {"token": "president", "start_char": 1624, "end_char": 1633, "token_label": "NA"}, {"token": ".", "start_char": 1633, "end_char": 1634, "token_label": "NA"}], "news_discourse_role": 3, "news_discourse_role_prob_0": 0.020867954939603806, "news_discourse_role_prob_1": 0.03420902043581009, "news_discourse_role_prob_2": 0.007594670634716749, "news_discourse_role_prob_3": 0.6477742791175842, "news_discourse_role_prob_4": 0.13071276247501373, "news_discourse_role_prob_5": 0.09172402322292328, "news_discourse_role_prob_6": 0.012947813607752323, "news_discourse_role_prob_7": 0.05249399319291115, "news_discourse_role_prob_8": 0.0016753862146288157, "previous_discourse_relation": 3, "previous_discourse_relation_prob_comp": 0.001112153404392302, "previous_discourse_relation_prob_cont": 0.006595879793167114, "previous_discourse_relation_prob_temp": 0.014040639623999596, "previous_discourse_relation_prob_expan": 0.9782513380050659, "latter_discourse_relation": 3, "latter_discourse_relation_prob_comp": 0.03144384175539017, "latter_discourse_relation_prob_cont": 0.14957936108112335, "latter_discourse_relation_prob_temp": 0.0052794781513512135, "latter_discourse_relation_prob_expan": 0.8136972784996033}, {"sentence_id": 14, "sentence_start": 1635, "sentence_end": 1729, "sentence_text": "You ain\u2019t supporting shit nigga,\u201d and then throws the drink in the face of a 16-year-old boy.", "sentence_label": "Name_Calling,Labeling", "tokens_list": ["You", "ain\u2019t", "supporting", "shit", "nigga", ",", "\u201d", "and", "then", "throws", "the", "drink", "in", "the", "face", "of", "a", "16-year-old", "boy", "."], "tokens_dicts_list": [{"token": "You", "start_char": 1635, "end_char": 1638, "token_label": "NA"}, {"token": "ain\u2019t", "start_char": 1639, "end_char": 1644, "token_label": "NA"}, {"token": "supporting", "start_char": 1645, "end_char": 1655, "token_label": "NA"}, {"token": "shit", "start_char": 1656, "end_char": 1660, "token_label": "Name_Calling,Labeling"}, {"token": "nigga", "start_char": 1661, "end_char": 1666, "token_label": "Name_Calling,Labeling"}, {"token": ",", "start_char": 1666, "end_char": 1667, "token_label": "Name_Calling,Labeling"}, {"token": "\u201d", "start_char": 1667, "end_char": 1668, "token_label": "Name_Calling,Labeling"}, {"token": "and", "start_char": 1669, "end_char": 1672, "token_label": "NA"}, {"token": "then", "start_char": 1673, "end_char": 1677, "token_label": "NA"}, {"token": "throws", "start_char": 1678, "end_char": 1684, "token_label": "NA"}, {"token": "the", "start_char": 1685, "end_char": 1688, "token_label": "NA"}, {"token": "drink", "start_char": 1689, "end_char": 1694, "token_label": "NA"}, {"token": "in", "start_char": 1695, "end_char": 1697, "token_label": "NA"}, {"token": "the", "start_char": 1698, "end_char": 1701, "token_label": "NA"}, {"token": "face", "start_char": 1702, "end_char": 1706, "token_label": "NA"}, {"token": "of", "start_char": 1707, "end_char": 1709, "token_label": "NA"}, {"token": "a", "start_char": 1710, "end_char": 1711, "token_label": "NA"}, {"token": "16-year-old", "start_char": 1712, "end_char": 1723, "token_label": "NA"}, {"token": "boy", "start_char": 1724, "end_char": 1727, "token_label": "NA"}, {"token": ".", "start_char": 1727, "end_char": 1728, "token_label": "NA"}], "news_discourse_role": 7, "news_discourse_role_prob_0": 0.0070926472544670105, "news_discourse_role_prob_1": 0.01664729043841362, "news_discourse_role_prob_2": 0.002752952976152301, "news_discourse_role_prob_3": 0.05774259567260742, "news_discourse_role_prob_4": 0.01633121259510517, "news_discourse_role_prob_5": 0.06207949295639992, "news_discourse_role_prob_6": 0.15301169455051422, "news_discourse_role_prob_7": 0.6705316305160522, "news_discourse_role_prob_8": 0.013810510747134686, "previous_discourse_relation": 3, "previous_discourse_relation_prob_comp": 0.03144384175539017, "previous_discourse_relation_prob_cont": 0.14957936108112335, "previous_discourse_relation_prob_temp": 0.0052794781513512135, "previous_discourse_relation_prob_expan": 0.8136972784996033, "latter_discourse_relation": 2, "latter_discourse_relation_prob_comp": 0.0317847840487957, "latter_discourse_relation_prob_cont": 0.03352947533130646, "latter_discourse_relation_prob_temp": 0.8986847996711731, "latter_discourse_relation_prob_expan": 0.03600091114640236}, {"sentence_id": 15, "sentence_start": 1729, "sentence_end": 1804, "sentence_text": "With MAGA hat in hand, the man walks away saying \u201cBitch ass motherf**ker.\u201d", "sentence_label": "Loaded_Language", "tokens_list": ["With", "MAGA", "hat", "in", "hand", ",", "the", "man", "walks", "away", "saying", "\u201cBitch", "ass", "motherf**ker.\u201d"], "tokens_dicts_list": [{"token": "With", "start_char": 1729, "end_char": 1733, "token_label": "NA"}, {"token": "MAGA", "start_char": 1734, "end_char": 1738, "token_label": "Repetition"}, {"token": "hat", "start_char": 1739, "end_char": 1742, "token_label": "Repetition"}, {"token": "in", "start_char": 1743, "end_char": 1745, "token_label": "NA"}, {"token": "hand", "start_char": 1746, "end_char": 1750, "token_label": "NA"}, {"token": ",", "start_char": 1750, "end_char": 1751, "token_label": "NA"}, {"token": "the", "start_char": 1752, "end_char": 1755, "token_label": "NA"}, {"token": "man", "start_char": 1756, "end_char": 1759, "token_label": "NA"}, {"token": "walks", "start_char": 1760, "end_char": 1765, "token_label": "NA"}, {"token": "away", "start_char": 1766, "end_char": 1770, "token_label": "NA"}, {"token": "saying", "start_char": 1771, "end_char": 1777, "token_label": "NA"}, {"token": "\u201cBitch", "start_char": 1778, "end_char": 1784, "token_label": "Loaded_Language"}, {"token": "ass", "start_char": 1785, "end_char": 1788, "token_label": "Loaded_Language"}, {"token": "motherf**ker.\u201d", "start_char": 1789, "end_char": 1803, "token_label": "Loaded_Language"}], "news_discourse_role": 4, "news_discourse_role_prob_0": 0.015805158764123917, "news_discourse_role_prob_1": 0.03425552323460579, "news_discourse_role_prob_2": 0.05479707568883896, "news_discourse_role_prob_3": 0.1383838802576065, "news_discourse_role_prob_4": 0.42116111516952515, "news_discourse_role_prob_5": 0.23479978740215302, "news_discourse_role_prob_6": 0.04048607870936394, "news_discourse_role_prob_7": 0.05293538421392441, "news_discourse_role_prob_8": 0.007375999353826046, "previous_discourse_relation": 2, "previous_discourse_relation_prob_comp": 0.0317847840487957, "previous_discourse_relation_prob_cont": 0.03352947533130646, "previous_discourse_relation_prob_temp": 0.8986847996711731, "previous_discourse_relation_prob_expan": 0.03600091114640236, "latter_discourse_relation": 3, "latter_discourse_relation_prob_comp": 0.0025671038310974836, "latter_discourse_relation_prob_cont": 0.0003256490163039416, "latter_discourse_relation_prob_temp": 0.0037803351879119873, "latter_discourse_relation_prob_expan": 0.9933269023895264}, {"sentence_id": 16, "sentence_start": 1804, "sentence_end": 1918, "sentence_text": "The boy, Hunter Richard, said the man also pulled his hair while taking the hat, according to reports by News4SA.", "sentence_label": "NA", "tokens_list": ["The", "boy", ",", "Hunter", "Richard", ",", "said", "the", "man", "also", "pulled", "his", "hair", "while", "taking", "the", "hat", ",", "according", "to", "reports", "by", "News4SA", "."], "tokens_dicts_list": [{"token": "The", "start_char": 1804, "end_char": 1807, "token_label": "NA"}, {"token": "boy", "start_char": 1808, "end_char": 1811, "token_label": "NA"}, {"token": ",", "start_char": 1811, "end_char": 1812, "token_label": "NA"}, {"token": "Hunter", "start_char": 1813, "end_char": 1819, "token_label": "NA"}, {"token": "Richard", "start_char": 1820, "end_char": 1827, "token_label": "NA"}, {"token": ",", "start_char": 1827, "end_char": 1828, "token_label": "NA"}, {"token": "said", "start_char": 1829, "end_char": 1833, "token_label": "NA"}, {"token": "the", "start_char": 1834, "end_char": 1837, "token_label": "NA"}, {"token": "man", "start_char": 1838, "end_char": 1841, "token_label": "NA"}, {"token": "also", "start_char": 1842, "end_char": 1846, "token_label": "NA"}, {"token": "pulled", "start_char": 1847, "end_char": 1853, "token_label": "NA"}, {"token": "his", "start_char": 1854, "end_char": 1857, "token_label": "NA"}, {"token": "hair", "start_char": 1858, "end_char": 1862, "token_label": "NA"}, {"token": "while", "start_char": 1863, "end_char": 1868, "token_label": "NA"}, {"token": "taking", "start_char": 1869, "end_char": 1875, "token_label": "NA"}, {"token": "the", "start_char": 1876, "end_char": 1879, "token_label": "NA"}, {"token": "hat", "start_char": 1880, "end_char": 1883, "token_label": "NA"}, {"token": ",", "start_char": 1883, "end_char": 1884, "token_label": "NA"}, {"token": "according", "start_char": 1885, "end_char": 1894, "token_label": "NA"}, {"token": "to", "start_char": 1895, "end_char": 1897, "token_label": "NA"}, {"token": "reports", "start_char": 1898, "end_char": 1905, "token_label": "NA"}, {"token": "by", "start_char": 1906, "end_char": 1908, "token_label": "NA"}, {"token": "News4SA", "start_char": 1909, "end_char": 1916, "token_label": "NA"}, {"token": ".", "start_char": 1916, "end_char": 1917, "token_label": "NA"}], "news_discourse_role": 4, "news_discourse_role_prob_0": 0.0008038689848035574, "news_discourse_role_prob_1": 0.003279455006122589, "news_discourse_role_prob_2": 0.02254343032836914, "news_discourse_role_prob_3": 0.12803660333156586, "news_discourse_role_prob_4": 0.3715294897556305, "news_discourse_role_prob_5": 0.03510800004005432, "news_discourse_role_prob_6": 0.23988179862499237, "news_discourse_role_prob_7": 0.1972891092300415, "news_discourse_role_prob_8": 0.0015282629756256938, "previous_discourse_relation": 3, "previous_discourse_relation_prob_comp": 0.0025671038310974836, "previous_discourse_relation_prob_cont": 0.0003256490163039416, "previous_discourse_relation_prob_temp": 0.0037803351879119873, "previous_discourse_relation_prob_expan": 0.9933269023895264, "latter_discourse_relation": 3, "latter_discourse_relation_prob_comp": 0.008603975176811218, "latter_discourse_relation_prob_cont": 0.11409400403499603, "latter_discourse_relation_prob_temp": 0.002104826271533966, "latter_discourse_relation_prob_expan": 0.875197172164917}, {"sentence_id": 17, "sentence_start": 1918, "sentence_end": 2026, "sentence_text": "\u201cI support my President and if you don\u2019t, let\u2019s have a conversation about it instead of ripping my hat off.", "sentence_label": "Slogans", "tokens_list": ["\u201cI", "support", "my", "President", "and", "if", "you", "don\u2019t", ",", "let\u2019s", "have", "a", "conversation", "about", "it", "instead", "of", "ripping", "my", "hat", "off", "."], "tokens_dicts_list": [{"token": "\u201cI", "start_char": 1918, "end_char": 1920, "token_label": "NA"}, {"token": "support", "start_char": 1921, "end_char": 1928, "token_label": "Slogans"}, {"token": "my", "start_char": 1929, "end_char": 1931, "token_label": "Slogans"}, {"token": "President", "start_char": 1932, "end_char": 1941, "token_label": "Slogans"}, {"token": "and", "start_char": 1942, "end_char": 1945, "token_label": "Slogans"}, {"token": "if", "start_char": 1946, "end_char": 1948, "token_label": "NA"}, {"token": "you", "start_char": 1949, "end_char": 1952, "token_label": "NA"}, {"token": "don\u2019t", "start_char": 1953, "end_char": 1958, "token_label": "NA"}, {"token": ",", "start_char": 1958, "end_char": 1959, "token_label": "NA"}, {"token": "let\u2019s", "start_char": 1960, "end_char": 1965, "token_label": "NA"}, {"token": "have", "start_char": 1966, "end_char": 1970, "token_label": "NA"}, {"token": "a", "start_char": 1971, "end_char": 1972, "token_label": "NA"}, {"token": "conversation", "start_char": 1973, "end_char": 1985, "token_label": "NA"}, {"token": "about", "start_char": 1986, "end_char": 1991, "token_label": "NA"}, {"token": "it", "start_char": 1992, "end_char": 1994, "token_label": "NA"}, {"token": "instead", "start_char": 1995, "end_char": 2002, "token_label": "NA"}, {"token": "of", "start_char": 2003, "end_char": 2005, "token_label": "NA"}, {"token": "ripping", "start_char": 2006, "end_char": 2013, "token_label": "NA"}, {"token": "my", "start_char": 2014, "end_char": 2016, "token_label": "NA"}, {"token": "hat", "start_char": 2017, "end_char": 2020, "token_label": "NA"}, {"token": "off", "start_char": 2021, "end_char": 2024, "token_label": "NA"}, {"token": ".", "start_char": 2024, "end_char": 2025, "token_label": "NA"}], "news_discourse_role": 7, "news_discourse_role_prob_0": 0.0004285057366359979, "news_discourse_role_prob_1": 0.005750472191721201, "news_discourse_role_prob_2": 0.0007149636512622237, "news_discourse_role_prob_3": 0.004828440025448799, "news_discourse_role_prob_4": 0.001957126660272479, "news_discourse_role_prob_5": 0.006808068603277206, "news_discourse_role_prob_6": 0.3009974956512451, "news_discourse_role_prob_7": 0.6575800180435181, "news_discourse_role_prob_8": 0.02093491517007351, "previous_discourse_relation": 3, "previous_discourse_relation_prob_comp": 0.008603975176811218, "previous_discourse_relation_prob_cont": 0.11409400403499603, "previous_discourse_relation_prob_temp": 0.002104826271533966, "previous_discourse_relation_prob_expan": 0.875197172164917, "latter_discourse_relation": 3, "latter_discourse_relation_prob_comp": 0.015856819227337837, "latter_discourse_relation_prob_cont": 0.006524888798594475, "latter_discourse_relation_prob_temp": 0.0014641187153756618, "latter_discourse_relation_prob_expan": 0.9761541485786438}, {"sentence_id": 18, "sentence_start": 2026, "sentence_end": 2205, "sentence_text": "I just think a conversation about politics is more productive for the entire whole rather than taking my hat and yelling subjective words to me,\u201d he told the local NBC affiliate.", "sentence_label": "NA", "tokens_list": ["I", "just", "think", "a", "conversation", "about", "politics", "is", "more", "productive", "for", "the", "entire", "whole", "rather", "than", "taking", "my", "hat", "and", "yelling", "subjective", "words", "to", "me", ",", "\u201d", "he", "told", "the", "local", "NBC", "affiliate", "."], "tokens_dicts_list": [{"token": "I", "start_char": 2026, "end_char": 2027, "token_label": "NA"}, {"token": "just", "start_char": 2028, "end_char": 2032, "token_label": "NA"}, {"token": "think", "start_char": 2033, "end_char": 2038, "token_label": "NA"}, {"token": "a", "start_char": 2039, "end_char": 2040, "token_label": "NA"}, {"token": "conversation", "start_char": 2041, "end_char": 2053, "token_label": "NA"}, {"token": "about", "start_char": 2054, "end_char": 2059, "token_label": "NA"}, {"token": "politics", "start_char": 2060, "end_char": 2068, "token_label": "NA"}, {"token": "is", "start_char": 2069, "end_char": 2071, "token_label": "NA"}, {"token": "more", "start_char": 2072, "end_char": 2076, "token_label": "NA"}, {"token": "productive", "start_char": 2077, "end_char": 2087, "token_label": "NA"}, {"token": "for", "start_char": 2088, "end_char": 2091, "token_label": "NA"}, {"token": "the", "start_char": 2092, "end_char": 2095, "token_label": "NA"}, {"token": "entire", "start_char": 2096, "end_char": 2102, "token_label": "NA"}, {"token": "whole", "start_char": 2103, "end_char": 2108, "token_label": "NA"}, {"token": "rather", "start_char": 2109, "end_char": 2115, "token_label": "NA"}, {"token": "than", "start_char": 2116, "end_char": 2120, "token_label": "NA"}, {"token": "taking", "start_char": 2121, "end_char": 2127, "token_label": "NA"}, {"token": "my", "start_char": 2128, "end_char": 2130, "token_label": "NA"}, {"token": "hat", "start_char": 2131, "end_char": 2134, "token_label": "NA"}, {"token": "and", "start_char": 2135, "end_char": 2138, "token_label": "NA"}, {"token": "yelling", "start_char": 2139, "end_char": 2146, "token_label": "NA"}, {"token": "subjective", "start_char": 2147, "end_char": 2157, "token_label": "NA"}, {"token": "words", "start_char": 2158, "end_char": 2163, "token_label": "NA"}, {"token": "to", "start_char": 2164, "end_char": 2166, "token_label": "NA"}, {"token": "me", "start_char": 2167, "end_char": 2169, "token_label": "NA"}, {"token": ",", "start_char": 2169, "end_char": 2170, "token_label": "NA"}, {"token": "\u201d", "start_char": 2170, "end_char": 2171, "token_label": "NA"}, {"token": "he", "start_char": 2172, "end_char": 2174, "token_label": "NA"}, {"token": "told", "start_char": 2175, "end_char": 2179, "token_label": "NA"}, {"token": "the", "start_char": 2180, "end_char": 2183, "token_label": "NA"}, {"token": "local", "start_char": 2184, "end_char": 2189, "token_label": "NA"}, {"token": "NBC", "start_char": 2190, "end_char": 2193, "token_label": "NA"}, {"token": "affiliate", "start_char": 2194, "end_char": 2203, "token_label": "NA"}, {"token": ".", "start_char": 2203, "end_char": 2204, "token_label": "NA"}], "news_discourse_role": 7, "news_discourse_role_prob_0": 0.0002824027615133673, "news_discourse_role_prob_1": 0.0023174136877059937, "news_discourse_role_prob_2": 0.0004207636520732194, "news_discourse_role_prob_3": 0.005698624532669783, "news_discourse_role_prob_4": 0.0014950305921956897, "news_discourse_role_prob_5": 0.009441210888326168, "news_discourse_role_prob_6": 0.2207626849412918, "news_discourse_role_prob_7": 0.7499153017997742, "news_discourse_role_prob_8": 0.009666609577834606, "previous_discourse_relation": 3, "previous_discourse_relation_prob_comp": 0.015856819227337837, "previous_discourse_relation_prob_cont": 0.006524888798594475, "previous_discourse_relation_prob_temp": 0.0014641187153756618, "previous_discourse_relation_prob_expan": 0.9761541485786438, "latter_discourse_relation": 3, "latter_discourse_relation_prob_comp": 0.014922551810741425, "latter_discourse_relation_prob_cont": 0.16803677380084991, "latter_discourse_relation_prob_temp": 0.14312100410461426, "latter_discourse_relation_prob_expan": 0.673919677734375}, {"sentence_id": 19, "sentence_start": 2205, "sentence_end": 2336, "sentence_text": "A police report was filed and a man was fired for stealing the hat and the assault (throwing a drink in a Trump supporter\u2019s face.)", "sentence_label": "Name_Calling,Labeling", "tokens_list": ["A", "police", "report", "was", "filed", "and", "a", "man", "was", "fired", "for", "stealing", "the", "hat", "and", "the", "assault", "(", "throwing", "a", "drink", "in", "a", "Trump", "supporter\u2019s", "face", ".", ")"], "tokens_dicts_list": [{"token": "A", "start_char": 2205, "end_char": 2206, "token_label": "NA"}, {"token": "police", "start_char": 2207, "end_char": 2213, "token_label": "NA"}, {"token": "report", "start_char": 2214, "end_char": 2220, "token_label": "NA"}, {"token": "was", "start_char": 2221, "end_char": 2224, "token_label": "NA"}, {"token": "filed", "start_char": 2225, "end_char": 2230, "token_label": "NA"}, {"token": "and", "start_char": 2231, "end_char": 2234, "token_label": "NA"}, {"token": "a", "start_char": 2235, "end_char": 2236, "token_label": "NA"}, {"token": "man", "start_char": 2237, "end_char": 2240, "token_label": "NA"}, {"token": "was", "start_char": 2241, "end_char": 2244, "token_label": "NA"}, {"token": "fired", "start_char": 2245, "end_char": 2250, "token_label": "NA"}, {"token": "for", "start_char": 2251, "end_char": 2254, "token_label": "NA"}, {"token": "stealing", "start_char": 2255, "end_char": 2263, "token_label": "NA"}, {"token": "the", "start_char": 2264, "end_char": 2267, "token_label": "NA"}, {"token": "hat", "start_char": 2268, "end_char": 2271, "token_label": "NA"}, {"token": "and", "start_char": 2272, "end_char": 2275, "token_label": "NA"}, {"token": "the", "start_char": 2276, "end_char": 2279, "token_label": "NA"}, {"token": "assault", "start_char": 2280, "end_char": 2287, "token_label": "NA"}, {"token": "(", "start_char": 2288, "end_char": 2289, "token_label": "NA"}, {"token": "throwing", "start_char": 2289, "end_char": 2297, "token_label": "NA"}, {"token": "a", "start_char": 2298, "end_char": 2299, "token_label": "NA"}, {"token": "drink", "start_char": 2300, "end_char": 2305, "token_label": "NA"}, {"token": "in", "start_char": 2306, "end_char": 2308, "token_label": "NA"}, {"token": "a", "start_char": 2309, "end_char": 2310, "token_label": "NA"}, {"token": "Trump", "start_char": 2311, "end_char": 2316, "token_label": "Name_Calling,Labeling"}, {"token": "supporter\u2019s", "start_char": 2317, "end_char": 2328, "token_label": "Name_Calling,Labeling"}, {"token": "face", "start_char": 2329, "end_char": 2333, "token_label": "NA"}, {"token": ".", "start_char": 2333, "end_char": 2334, "token_label": "NA"}, {"token": ")", "start_char": 2334, "end_char": 2335, "token_label": "NA"}], "news_discourse_role": 4, "news_discourse_role_prob_0": 0.002781905001029372, "news_discourse_role_prob_1": 0.06440810114145279, "news_discourse_role_prob_2": 0.15263545513153076, "news_discourse_role_prob_3": 0.07071948796510696, "news_discourse_role_prob_4": 0.6787358522415161, "news_discourse_role_prob_5": 0.02744058147072792, "news_discourse_role_prob_6": 0.0009124308126047254, "news_discourse_role_prob_7": 0.0006906487396918237, "news_discourse_role_prob_8": 0.0016754993703216314, "previous_discourse_relation": 3, "previous_discourse_relation_prob_comp": 0.014922551810741425, "previous_discourse_relation_prob_cont": 0.16803677380084991, "previous_discourse_relation_prob_temp": 0.14312100410461426, "previous_discourse_relation_prob_expan": 0.673919677734375, "latter_discourse_relation": 3, "latter_discourse_relation_prob_comp": 0.11111925542354584, "latter_discourse_relation_prob_cont": 0.009554330259561539, "latter_discourse_relation_prob_temp": 0.018837740644812584, "latter_discourse_relation_prob_expan": 0.8604886531829834}, {"sentence_id": 20, "sentence_start": 2336, "sentence_end": 2476, "sentence_text": "The post below, claiming a person was fired for the actions against Richard, had been removed or made private, meaning some may not see it.", "sentence_label": "NA", "tokens_list": ["The", "post", "below", ",", "claiming", "a", "person", "was", "fired", "for", "the", "actions", "against", "Richard", ",", "had", "been", "removed", "or", "made", "private", ",", "meaning", "some", "may", "not", "see", "it", "."], "tokens_dicts_list": [{"token": "The", "start_char": 2336, "end_char": 2339, "token_label": "NA"}, {"token": "post", "start_char": 2340, "end_char": 2344, "token_label": "NA"}, {"token": "below", "start_char": 2345, "end_char": 2350, "token_label": "NA"}, {"token": ",", "start_char": 2350, "end_char": 2351, "token_label": "NA"}, {"token": "claiming", "start_char": 2352, "end_char": 2360, "token_label": "NA"}, {"token": "a", "start_char": 2361, "end_char": 2362, "token_label": "NA"}, {"token": "person", "start_char": 2363, "end_char": 2369, "token_label": "NA"}, {"token": "was", "start_char": 2370, "end_char": 2373, "token_label": "NA"}, {"token": "fired", "start_char": 2374, "end_char": 2379, "token_label": "NA"}, {"token": "for", "start_char": 2380, "end_char": 2383, "token_label": "NA"}, {"token": "the", "start_char": 2384, "end_char": 2387, "token_label": "NA"}, {"token": "actions", "start_char": 2388, "end_char": 2395, "token_label": "NA"}, {"token": "against", "start_char": 2396, "end_char": 2403, "token_label": "NA"}, {"token": "Richard", "start_char": 2404, "end_char": 2411, "token_label": "NA"}, {"token": ",", "start_char": 2411, "end_char": 2412, "token_label": "NA"}, {"token": "had", "start_char": 2413, "end_char": 2416, "token_label": "NA"}, {"token": "been", "start_char": 2417, "end_char": 2421, "token_label": "NA"}, {"token": "removed", "start_char": 2422, "end_char": 2429, "token_label": "NA"}, {"token": "or", "start_char": 2430, "end_char": 2432, "token_label": "NA"}, {"token": "made", "start_char": 2433, "end_char": 2437, "token_label": "NA"}, {"token": "private", "start_char": 2438, "end_char": 2445, "token_label": "NA"}, {"token": ",", "start_char": 2445, "end_char": 2446, "token_label": "NA"}, {"token": "meaning", "start_char": 2447, "end_char": 2454, "token_label": "NA"}, {"token": "some", "start_char": 2455, "end_char": 2459, "token_label": "NA"}, {"token": "may", "start_char": 2460, "end_char": 2463, "token_label": "NA"}, {"token": "not", "start_char": 2464, "end_char": 2467, "token_label": "NA"}, {"token": "see", "start_char": 2468, "end_char": 2471, "token_label": "NA"}, {"token": "it", "start_char": 2472, "end_char": 2474, "token_label": "NA"}, {"token": ".", "start_char": 2474, "end_char": 2475, "token_label": "NA"}], "news_discourse_role": 4, "news_discourse_role_prob_0": 0.006203504279255867, "news_discourse_role_prob_1": 0.0021321699023246765, "news_discourse_role_prob_2": 0.03523831069469452, "news_discourse_role_prob_3": 0.0007228725589811802, "news_discourse_role_prob_4": 0.9523786306381226, "news_discourse_role_prob_5": 0.0002954959054477513, "news_discourse_role_prob_6": 0.00016775094263721257, "news_discourse_role_prob_7": 0.0009371587657369673, "news_discourse_role_prob_8": 0.001923995092511177, "previous_discourse_relation": 3, "previous_discourse_relation_prob_comp": 0.11111925542354584, "previous_discourse_relation_prob_cont": 0.009554330259561539, "previous_discourse_relation_prob_temp": 0.018837740644812584, "previous_discourse_relation_prob_expan": 0.8604886531829834, "latter_discourse_relation": -1}]}