{"file_name": "./Propaganda/json_annotations/train/article729700539.json", "num_sentences": 12, "sentences": [{"sentence_id": 0, "sentence_start": 0, "sentence_end": 49, "sentence_text": "PressTV-Sun to cool down in next 30 years: Study", "sentence_label": "NA", "tokens_list": ["PressTV-Sun", "to", "cool", "down", "in", "next", "30", "years", ":", "Study"], "tokens_dicts_list": [{"token": "PressTV-Sun", "start_char": 0, "end_char": 11, "token_label": "NA"}, {"token": "to", "start_char": 12, "end_char": 14, "token_label": "NA"}, {"token": "cool", "start_char": 15, "end_char": 19, "token_label": "NA"}, {"token": "down", "start_char": 20, "end_char": 24, "token_label": "NA"}, {"token": "in", "start_char": 25, "end_char": 27, "token_label": "NA"}, {"token": "next", "start_char": 28, "end_char": 32, "token_label": "NA"}, {"token": "30", "start_char": 33, "end_char": 35, "token_label": "NA"}, {"token": "years", "start_char": 36, "end_char": 41, "token_label": "NA"}, {"token": ":", "start_char": 41, "end_char": 42, "token_label": "NA"}, {"token": "Study", "start_char": 43, "end_char": 48, "token_label": "NA"}], "news_discourse_role": 0, "news_discourse_role_prob_0": 0.6395286917686462, "news_discourse_role_prob_1": 0.3158160150051117, "news_discourse_role_prob_2": 0.0038069842848926783, "news_discourse_role_prob_3": 0.00819987803697586, "news_discourse_role_prob_4": 0.019033782184123993, "news_discourse_role_prob_5": 0.0009306311840191483, "news_discourse_role_prob_6": 0.001934052212163806, "news_discourse_role_prob_7": 0.002198532922193408, "news_discourse_role_prob_8": 0.008551402948796749, "latter_discourse_relation": 3, "latter_discourse_relation_prob_comp": 0.014298945665359497, "latter_discourse_relation_prob_cont": 0.07374342530965805, "latter_discourse_relation_prob_temp": 0.0015939247095957398, "latter_discourse_relation_prob_expan": 0.9103636741638184, "previous_discourse_relation": -1}, {"sentence_id": 1, "sentence_start": 50, "sentence_end": 179, "sentence_text": "Scientists say our Sun will likely enter a cooldown cycle as soon as 2050, but the phase has almost no effect on global warming.", "sentence_label": "NA", "tokens_list": ["Scientists", "say", "our", "Sun", "will", "likely", "enter", "a", "cooldown", "cycle", "as", "soon", "as", "2050", ",", "but", "the", "phase", "has", "almost", "no", "effect", "on", "global", "warming", "."], "tokens_dicts_list": [{"token": "Scientists", "start_char": 50, "end_char": 60, "token_label": "NA"}, {"token": "say", "start_char": 61, "end_char": 64, "token_label": "NA"}, {"token": "our", "start_char": 65, "end_char": 68, "token_label": "NA"}, {"token": "Sun", "start_char": 69, "end_char": 72, "token_label": "NA"}, {"token": "will", "start_char": 73, "end_char": 77, "token_label": "NA"}, {"token": "likely", "start_char": 78, "end_char": 84, "token_label": "NA"}, {"token": "enter", "start_char": 85, "end_char": 90, "token_label": "NA"}, {"token": "a", "start_char": 91, "end_char": 92, "token_label": "NA"}, {"token": "cooldown", "start_char": 93, "end_char": 101, "token_label": "NA"}, {"token": "cycle", "start_char": 102, "end_char": 107, "token_label": "NA"}, {"token": "as", "start_char": 108, "end_char": 110, "token_label": "NA"}, {"token": "soon", "start_char": 111, "end_char": 115, "token_label": "NA"}, {"token": "as", "start_char": 116, "end_char": 118, "token_label": "NA"}, {"token": "2050", "start_char": 119, "end_char": 123, "token_label": "NA"}, {"token": ",", "start_char": 123, "end_char": 124, "token_label": "NA"}, {"token": "but", "start_char": 125, "end_char": 128, "token_label": "NA"}, {"token": "the", "start_char": 129, "end_char": 132, "token_label": "NA"}, {"token": "phase", "start_char": 133, "end_char": 138, "token_label": "NA"}, {"token": "has", "start_char": 139, "end_char": 142, "token_label": "NA"}, {"token": "almost", "start_char": 143, "end_char": 149, "token_label": "NA"}, {"token": "no", "start_char": 150, "end_char": 152, "token_label": "NA"}, {"token": "effect", "start_char": 153, "end_char": 159, "token_label": "NA"}, {"token": "on", "start_char": 160, "end_char": 162, "token_label": "NA"}, {"token": "global", "start_char": 163, "end_char": 169, "token_label": "NA"}, {"token": "warming", "start_char": 170, "end_char": 177, "token_label": "NA"}, {"token": ".", "start_char": 177, "end_char": 178, "token_label": "NA"}], "news_discourse_role": 1, "news_discourse_role_prob_0": 0.0008348579285666347, "news_discourse_role_prob_1": 0.9236493110656738, "news_discourse_role_prob_2": 0.0012839760165661573, "news_discourse_role_prob_3": 0.03990216553211212, "news_discourse_role_prob_4": 0.008981261402368546, "news_discourse_role_prob_5": 0.0004324338224250823, "news_discourse_role_prob_6": 0.0008548320038244128, "news_discourse_role_prob_7": 0.0034934300929307938, "news_discourse_role_prob_8": 0.020567774772644043, "previous_discourse_relation": 3, "previous_discourse_relation_prob_comp": 0.014298945665359497, "previous_discourse_relation_prob_cont": 0.07374342530965805, "previous_discourse_relation_prob_temp": 0.0015939247095957398, "previous_discourse_relation_prob_expan": 0.9103636741638184, "latter_discourse_relation": 3, "latter_discourse_relation_prob_comp": 0.2682357132434845, "latter_discourse_relation_prob_cont": 0.055141691118478775, "latter_discourse_relation_prob_temp": 0.005489062517881393, "latter_discourse_relation_prob_expan": 0.6711335182189941}, {"sentence_id": 2, "sentence_start": 179, "sentence_end": 540, "sentence_text": "Physicist Dan Lubin at the University of California San Diego and two of his colleges managed to collect and observe relevant data for the past 20 years and came to the conclusion that the giant burning ball of gas in our planetary system might enter a \u201cgrand minimum\u201d period of decreased ultraviolet radiation that would last for some 11 years by mid-century.", "sentence_label": "NA", "tokens_list": ["Physicist", "Dan", "Lubin", "at", "the", "University", "of", "California", "San", "Diego", "and", "two", "of", "his", "colleges", "managed", "to", "collect", "and", "observe", "relevant", "data", "for", "the", "past", "20", "years", "and", "came", "to", "the", "conclusion", "that", "the", "giant", "burning", "ball", "of", "gas", "in", "our", "planetary", "system", "might", "enter", "a", "\u201cgrand", "minimum\u201d", "period", "of", "decreased", "ultraviolet", "radiation", "that", "would", "last", "for", "some", "11", "years", "by", "mid-century", "."], "tokens_dicts_list": [{"token": "Physicist", "start_char": 179, "end_char": 188, "token_label": "NA"}, {"token": "Dan", "start_char": 189, "end_char": 192, "token_label": "NA"}, {"token": "Lubin", "start_char": 193, "end_char": 198, "token_label": "NA"}, {"token": "at", "start_char": 199, "end_char": 201, "token_label": "NA"}, {"token": "the", "start_char": 202, "end_char": 205, "token_label": "NA"}, {"token": "University", "start_char": 206, "end_char": 216, "token_label": "NA"}, {"token": "of", "start_char": 217, "end_char": 219, "token_label": "NA"}, {"token": "California", "start_char": 220, "end_char": 230, "token_label": "NA"}, {"token": "San", "start_char": 231, "end_char": 234, "token_label": "NA"}, {"token": "Diego", "start_char": 235, "end_char": 240, "token_label": "NA"}, {"token": "and", "start_char": 241, "end_char": 244, "token_label": "NA"}, {"token": "two", "start_char": 245, "end_char": 248, "token_label": "NA"}, {"token": "of", "start_char": 249, "end_char": 251, "token_label": "NA"}, {"token": "his", "start_char": 252, "end_char": 255, "token_label": "NA"}, {"token": "colleges", "start_char": 256, "end_char": 264, "token_label": "NA"}, {"token": "managed", "start_char": 265, "end_char": 272, "token_label": "NA"}, {"token": "to", "start_char": 273, "end_char": 275, "token_label": "NA"}, {"token": "collect", "start_char": 276, "end_char": 283, "token_label": "NA"}, {"token": "and", "start_char": 284, "end_char": 287, "token_label": "NA"}, {"token": "observe", "start_char": 288, "end_char": 295, "token_label": "NA"}, {"token": "relevant", "start_char": 296, "end_char": 304, "token_label": "NA"}, {"token": "data", "start_char": 305, "end_char": 309, "token_label": "NA"}, {"token": "for", "start_char": 310, "end_char": 313, "token_label": "NA"}, {"token": "the", "start_char": 314, "end_char": 317, "token_label": "NA"}, {"token": "past", "start_char": 318, "end_char": 322, "token_label": "NA"}, {"token": "20", "start_char": 323, "end_char": 325, "token_label": "NA"}, {"token": "years", "start_char": 326, "end_char": 331, "token_label": "NA"}, {"token": "and", "start_char": 332, "end_char": 335, "token_label": "NA"}, {"token": "came", "start_char": 336, "end_char": 340, "token_label": "NA"}, {"token": "to", "start_char": 341, "end_char": 343, "token_label": "NA"}, {"token": "the", "start_char": 344, "end_char": 347, "token_label": "NA"}, {"token": "conclusion", "start_char": 348, "end_char": 358, "token_label": "NA"}, {"token": "that", "start_char": 359, "end_char": 363, "token_label": "NA"}, {"token": "the", "start_char": 364, "end_char": 367, "token_label": "NA"}, {"token": "giant", "start_char": 368, "end_char": 373, "token_label": "NA"}, {"token": "burning", "start_char": 374, "end_char": 381, "token_label": "NA"}, {"token": "ball", "start_char": 382, "end_char": 386, "token_label": "NA"}, {"token": "of", "start_char": 387, "end_char": 389, "token_label": "NA"}, {"token": "gas", "start_char": 390, "end_char": 393, "token_label": "NA"}, {"token": "in", "start_char": 394, "end_char": 396, "token_label": "NA"}, {"token": "our", "start_char": 397, "end_char": 400, "token_label": "NA"}, {"token": "planetary", "start_char": 401, "end_char": 410, "token_label": "NA"}, {"token": "system", "start_char": 411, "end_char": 417, "token_label": "NA"}, {"token": "might", "start_char": 418, "end_char": 423, "token_label": "NA"}, {"token": "enter", "start_char": 424, "end_char": 429, "token_label": "NA"}, {"token": "a", "start_char": 430, "end_char": 431, "token_label": "NA"}, {"token": "\u201cgrand", "start_char": 432, "end_char": 438, "token_label": "NA"}, {"token": "minimum\u201d", "start_char": 439, "end_char": 447, "token_label": "NA"}, {"token": "period", "start_char": 448, "end_char": 454, "token_label": "NA"}, {"token": "of", "start_char": 455, "end_char": 457, "token_label": "NA"}, {"token": "decreased", "start_char": 458, "end_char": 467, "token_label": "NA"}, {"token": "ultraviolet", "start_char": 468, "end_char": 479, "token_label": "NA"}, {"token": "radiation", "start_char": 480, "end_char": 489, "token_label": "NA"}, {"token": "that", "start_char": 490, "end_char": 494, "token_label": "NA"}, {"token": "would", "start_char": 495, "end_char": 500, "token_label": "NA"}, {"token": "last", "start_char": 501, "end_char": 505, "token_label": "NA"}, {"token": "for", "start_char": 506, "end_char": 509, "token_label": "NA"}, {"token": "some", "start_char": 510, "end_char": 514, "token_label": "NA"}, {"token": "11", "start_char": 515, "end_char": 517, "token_label": "NA"}, {"token": "years", "start_char": 518, "end_char": 523, "token_label": "NA"}, {"token": "by", "start_char": 524, "end_char": 526, "token_label": "NA"}, {"token": "mid-century", "start_char": 527, "end_char": 538, "token_label": "NA"}, {"token": ".", "start_char": 538, "end_char": 539, "token_label": "NA"}], "news_discourse_role": 3, "news_discourse_role_prob_0": 0.0006683773826807737, "news_discourse_role_prob_1": 0.10891053825616837, "news_discourse_role_prob_2": 0.0028805078472942114, "news_discourse_role_prob_3": 0.5477703213691711, "news_discourse_role_prob_4": 0.06475275754928589, "news_discourse_role_prob_5": 0.26677894592285156, "news_discourse_role_prob_6": 0.0025231074541807175, "news_discourse_role_prob_7": 0.004059469327330589, "news_discourse_role_prob_8": 0.0016560201765969396, "previous_discourse_relation": 3, "previous_discourse_relation_prob_comp": 0.2682357132434845, "previous_discourse_relation_prob_cont": 0.055141691118478775, "previous_discourse_relation_prob_temp": 0.005489062517881393, "previous_discourse_relation_prob_expan": 0.6711335182189941, "latter_discourse_relation": 3, "latter_discourse_relation_prob_comp": 0.0005064713768661022, "latter_discourse_relation_prob_cont": 0.009620023891329765, "latter_discourse_relation_prob_temp": 0.001562052289955318, "latter_discourse_relation_prob_expan": 0.9883114695549011}, {"sentence_id": 3, "sentence_start": 540, "sentence_end": 898, "sentence_text": "\u201cThe cooldown\u2026 [is] a periodic event during which the Sun\u2019s magnetism diminishes, sunspots form infrequently, and less ultraviolet radiation (UV) makes it to the surface of the planet,\u201d researchers noted in a statement earlier this week, adding that \u201cthe event is triggered at irregular intervals by random fluctuations related to the Sun\u2019s magnetic field.\u201d", "sentence_label": "NA", "tokens_list": ["\u201cThe", "cooldown\u2026", "[", "is", "]", "a", "periodic", "event", "during", "which", "the", "Sun\u2019s", "magnetism", "diminishes", ",", "sunspots", "form", "infrequently", ",", "and", "less", "ultraviolet", "radiation", "(", "UV", ")", "makes", "it", "to", "the", "surface", "of", "the", "planet", ",", "\u201d", "researchers", "noted", "in", "a", "statement", "earlier", "this", "week", ",", "adding", "that", "\u201cthe", "event", "is", "triggered", "at", "irregular", "intervals", "by", "random", "fluctuations", "related", "to", "the", "Sun\u2019s", "magnetic", "field.\u201d"], "tokens_dicts_list": [{"token": "\u201cThe", "start_char": 540, "end_char": 544, "token_label": "NA"}, {"token": "cooldown\u2026", "start_char": 545, "end_char": 554, "token_label": "NA"}, {"token": "[", "start_char": 555, "end_char": 556, "token_label": "NA"}, {"token": "is", "start_char": 556, "end_char": 558, "token_label": "NA"}, {"token": "]", "start_char": 558, "end_char": 559, "token_label": "NA"}, {"token": "a", "start_char": 560, "end_char": 561, "token_label": "NA"}, {"token": "periodic", "start_char": 562, "end_char": 570, "token_label": "NA"}, {"token": "event", "start_char": 571, "end_char": 576, "token_label": "NA"}, {"token": "during", "start_char": 577, "end_char": 583, "token_label": "NA"}, {"token": "which", "start_char": 584, "end_char": 589, "token_label": "NA"}, {"token": "the", "start_char": 590, "end_char": 593, "token_label": "NA"}, {"token": "Sun\u2019s", "start_char": 594, "end_char": 599, "token_label": "NA"}, {"token": "magnetism", "start_char": 600, "end_char": 609, "token_label": "NA"}, {"token": "diminishes", "start_char": 610, "end_char": 620, "token_label": "NA"}, {"token": ",", "start_char": 620, "end_char": 621, "token_label": "NA"}, {"token": "sunspots", "start_char": 622, "end_char": 630, "token_label": "NA"}, {"token": "form", "start_char": 631, "end_char": 635, "token_label": "NA"}, {"token": "infrequently", "start_char": 636, "end_char": 648, "token_label": "NA"}, {"token": ",", "start_char": 648, "end_char": 649, "token_label": "NA"}, {"token": "and", "start_char": 650, "end_char": 653, "token_label": "NA"}, {"token": "less", "start_char": 654, "end_char": 658, "token_label": "NA"}, {"token": "ultraviolet", "start_char": 659, "end_char": 670, "token_label": "NA"}, {"token": "radiation", "start_char": 671, "end_char": 680, "token_label": "NA"}, {"token": "(", "start_char": 681, "end_char": 682, "token_label": "NA"}, {"token": "UV", "start_char": 682, "end_char": 684, "token_label": "NA"}, {"token": ")", "start_char": 684, "end_char": 685, "token_label": "NA"}, {"token": "makes", "start_char": 686, "end_char": 691, "token_label": "NA"}, {"token": "it", "start_char": 692, "end_char": 694, "token_label": "NA"}, {"token": "to", "start_char": 695, "end_char": 697, "token_label": "NA"}, {"token": "the", "start_char": 698, "end_char": 701, "token_label": "NA"}, {"token": "surface", "start_char": 702, "end_char": 709, "token_label": "NA"}, {"token": "of", "start_char": 710, "end_char": 712, "token_label": "NA"}, {"token": "the", "start_char": 713, "end_char": 716, "token_label": "NA"}, {"token": "planet", "start_char": 717, "end_char": 723, "token_label": "NA"}, {"token": ",", "start_char": 723, "end_char": 724, "token_label": "NA"}, {"token": "\u201d", "start_char": 724, "end_char": 725, "token_label": "NA"}, {"token": "researchers", "start_char": 726, "end_char": 737, "token_label": "NA"}, {"token": "noted", "start_char": 738, "end_char": 743, "token_label": "NA"}, {"token": "in", "start_char": 744, "end_char": 746, "token_label": "NA"}, {"token": "a", "start_char": 747, "end_char": 748, "token_label": "NA"}, {"token": "statement", "start_char": 749, "end_char": 758, "token_label": "NA"}, {"token": "earlier", "start_char": 759, "end_char": 766, "token_label": "NA"}, {"token": "this", "start_char": 767, "end_char": 771, "token_label": "NA"}, {"token": "week", "start_char": 772, "end_char": 776, "token_label": "NA"}, {"token": ",", "start_char": 776, "end_char": 777, "token_label": "NA"}, {"token": "adding", "start_char": 778, "end_char": 784, "token_label": "NA"}, {"token": "that", "start_char": 785, "end_char": 789, "token_label": "NA"}, {"token": "\u201cthe", "start_char": 790, "end_char": 794, "token_label": "NA"}, {"token": "event", "start_char": 795, "end_char": 800, "token_label": "NA"}, {"token": "is", "start_char": 801, "end_char": 803, "token_label": "NA"}, {"token": "triggered", "start_char": 804, "end_char": 813, "token_label": "NA"}, {"token": "at", "start_char": 814, "end_char": 816, "token_label": "NA"}, {"token": "irregular", "start_char": 817, "end_char": 826, "token_label": "NA"}, {"token": "intervals", "start_char": 827, "end_char": 836, "token_label": "NA"}, {"token": "by", "start_char": 837, "end_char": 839, "token_label": "NA"}, {"token": "random", "start_char": 840, "end_char": 846, "token_label": "NA"}, {"token": "fluctuations", "start_char": 847, "end_char": 859, "token_label": "NA"}, {"token": "related", "start_char": 860, "end_char": 867, "token_label": "NA"}, {"token": "to", "start_char": 868, "end_char": 870, "token_label": "NA"}, {"token": "the", "start_char": 871, "end_char": 874, "token_label": "NA"}, {"token": "Sun\u2019s", "start_char": 875, "end_char": 880, "token_label": "NA"}, {"token": "magnetic", "start_char": 881, "end_char": 889, "token_label": "NA"}, {"token": "field.\u201d", "start_char": 890, "end_char": 897, "token_label": "NA"}], "news_discourse_role": 3, "news_discourse_role_prob_0": 0.0004314612306188792, "news_discourse_role_prob_1": 0.16227655112743378, "news_discourse_role_prob_2": 0.0013179603265598416, "news_discourse_role_prob_3": 0.6397058367729187, "news_discourse_role_prob_4": 0.11667590588331223, "news_discourse_role_prob_5": 0.018325794488191605, "news_discourse_role_prob_6": 0.001386307063512504, "news_discourse_role_prob_7": 0.05610004812479019, "news_discourse_role_prob_8": 0.003780143102630973, "previous_discourse_relation": 3, "previous_discourse_relation_prob_comp": 0.0005064713768661022, "previous_discourse_relation_prob_cont": 0.009620023891329765, "previous_discourse_relation_prob_temp": 0.001562052289955318, "previous_discourse_relation_prob_expan": 0.9883114695549011, "latter_discourse_relation": 3, "latter_discourse_relation_prob_comp": 0.001337965833954513, "latter_discourse_relation_prob_cont": 0.01198821235448122, "latter_discourse_relation_prob_temp": 0.0024429296609014273, "latter_discourse_relation_prob_expan": 0.9842308163642883}, {"sentence_id": 4, "sentence_start": 898, "sentence_end": 1087, "sentence_text": "The study, whose results were published in The Astrophysical Journal Letters, said the Sun is likely to be 6.9 percent cooler than its usual lowest amount of activity in the grand minimum.", "sentence_label": "NA", "tokens_list": ["The", "study", ",", "whose", "results", "were", "published", "in", "The", "Astrophysical", "Journal", "Letters", ",", "said", "the", "Sun", "is", "likely", "to", "be", "6.9", "percent", "cooler", "than", "its", "usual", "lowest", "amount", "of", "activity", "in", "the", "grand", "minimum", "."], "tokens_dicts_list": [{"token": "The", "start_char": 898, "end_char": 901, "token_label": "NA"}, {"token": "study", "start_char": 902, "end_char": 907, "token_label": "NA"}, {"token": ",", "start_char": 907, "end_char": 908, "token_label": "NA"}, {"token": "whose", "start_char": 909, "end_char": 914, "token_label": "NA"}, {"token": "results", "start_char": 915, "end_char": 922, "token_label": "NA"}, {"token": "were", "start_char": 923, "end_char": 927, "token_label": "NA"}, {"token": "published", "start_char": 928, "end_char": 937, "token_label": "NA"}, {"token": "in", "start_char": 938, "end_char": 940, "token_label": "NA"}, {"token": "The", "start_char": 941, "end_char": 944, "token_label": "NA"}, {"token": "Astrophysical", "start_char": 945, "end_char": 958, "token_label": "NA"}, {"token": "Journal", "start_char": 959, "end_char": 966, "token_label": "NA"}, {"token": "Letters", "start_char": 967, "end_char": 974, "token_label": "NA"}, {"token": ",", "start_char": 974, "end_char": 975, "token_label": "NA"}, {"token": "said", "start_char": 976, "end_char": 980, "token_label": "NA"}, {"token": "the", "start_char": 981, "end_char": 984, "token_label": "NA"}, {"token": "Sun", "start_char": 985, "end_char": 988, "token_label": "NA"}, {"token": "is", "start_char": 989, "end_char": 991, "token_label": "NA"}, {"token": "likely", "start_char": 992, "end_char": 998, "token_label": "NA"}, {"token": "to", "start_char": 999, "end_char": 1001, "token_label": "NA"}, {"token": "be", "start_char": 1002, "end_char": 1004, "token_label": "NA"}, {"token": "6.9", "start_char": 1005, "end_char": 1008, "token_label": "NA"}, {"token": "percent", "start_char": 1009, "end_char": 1016, "token_label": "NA"}, {"token": "cooler", "start_char": 1017, "end_char": 1023, "token_label": "NA"}, {"token": "than", "start_char": 1024, "end_char": 1028, "token_label": "NA"}, {"token": "its", "start_char": 1029, "end_char": 1032, "token_label": "NA"}, {"token": "usual", "start_char": 1033, "end_char": 1038, "token_label": "NA"}, {"token": "lowest", "start_char": 1039, "end_char": 1045, "token_label": "NA"}, {"token": "amount", "start_char": 1046, "end_char": 1052, "token_label": "NA"}, {"token": "of", "start_char": 1053, "end_char": 1055, "token_label": "NA"}, {"token": "activity", "start_char": 1056, "end_char": 1064, "token_label": "NA"}, {"token": "in", "start_char": 1065, "end_char": 1067, "token_label": "NA"}, {"token": "the", "start_char": 1068, "end_char": 1071, "token_label": "NA"}, {"token": "grand", "start_char": 1072, "end_char": 1077, "token_label": "NA"}, {"token": "minimum", "start_char": 1078, "end_char": 1085, "token_label": "NA"}, {"token": ".", "start_char": 1085, "end_char": 1086, "token_label": "NA"}], "news_discourse_role": 1, "news_discourse_role_prob_0": 7.676697714487091e-05, "news_discourse_role_prob_1": 0.8723670244216919, "news_discourse_role_prob_2": 0.0037895969580858946, "news_discourse_role_prob_3": 0.0035382399801164865, "news_discourse_role_prob_4": 0.015021661296486855, "news_discourse_role_prob_5": 4.929705391987227e-05, "news_discourse_role_prob_6": 0.0002695760049391538, "news_discourse_role_prob_7": 0.0008775173337198794, "news_discourse_role_prob_8": 0.10401026159524918, "previous_discourse_relation": 3, "previous_discourse_relation_prob_comp": 0.001337965833954513, "previous_discourse_relation_prob_cont": 0.01198821235448122, "previous_discourse_relation_prob_temp": 0.0024429296609014273, "previous_discourse_relation_prob_expan": 0.9842308163642883, "latter_discourse_relation": 3, "latter_discourse_relation_prob_comp": 0.0011964876903221011, "latter_discourse_relation_prob_cont": 0.02886383607983589, "latter_discourse_relation_prob_temp": 0.0005155448452569544, "latter_discourse_relation_prob_expan": 0.9694240689277649}, {"sentence_id": 5, "sentence_start": 1087, "sentence_end": 1514, "sentence_text": "According to the researchers, the cooldown phase could echo those experienced in Europe in the mid-17th century, called the \u201cMaunder Minimum,\u201d or the prolonged sunspot minimum, during which temperatures were low enough to cause London's River Thames to freeze over on a regular basis and to freeze the Baltic Sea to such an extent that Swedish troops were able to invade Denmark in 1658 on foot by marching across the sea ice.", "sentence_label": "NA", "tokens_list": ["According", "to", "the", "researchers", ",", "the", "cooldown", "phase", "could", "echo", "those", "experienced", "in", "Europe", "in", "the", "mid-17th", "century", ",", "called", "the", "\u201cMaunder", "Minimum", ",", "\u201d", "or", "the", "prolonged", "sunspot", "minimum", ",", "during", "which", "temperatures", "were", "low", "enough", "to", "cause", "London", "'s", "River", "Thames", "to", "freeze", "over", "on", "a", "regular", "basis", "and", "to", "freeze", "the", "Baltic", "Sea", "to", "such", "an", "extent", "that", "Swedish", "troops", "were", "able", "to", "invade", "Denmark", "in", "1658", "on", "foot", "by", "marching", "across", "the", "sea", "ice", "."], "tokens_dicts_list": [{"token": "According", "start_char": 1087, "end_char": 1096, "token_label": "NA"}, {"token": "to", "start_char": 1097, "end_char": 1099, "token_label": "NA"}, {"token": "the", "start_char": 1100, "end_char": 1103, "token_label": "NA"}, {"token": "researchers", "start_char": 1104, "end_char": 1115, "token_label": "NA"}, {"token": ",", "start_char": 1115, "end_char": 1116, "token_label": "NA"}, {"token": "the", "start_char": 1117, "end_char": 1120, "token_label": "NA"}, {"token": "cooldown", "start_char": 1121, "end_char": 1129, "token_label": "NA"}, {"token": "phase", "start_char": 1130, "end_char": 1135, "token_label": "NA"}, {"token": "could", "start_char": 1136, "end_char": 1141, "token_label": "NA"}, {"token": "echo", "start_char": 1142, "end_char": 1146, "token_label": "NA"}, {"token": "those", "start_char": 1147, "end_char": 1152, "token_label": "NA"}, {"token": "experienced", "start_char": 1153, "end_char": 1164, "token_label": "NA"}, {"token": "in", "start_char": 1165, "end_char": 1167, "token_label": "NA"}, {"token": "Europe", "start_char": 1168, "end_char": 1174, "token_label": "NA"}, {"token": "in", "start_char": 1175, "end_char": 1177, "token_label": "NA"}, {"token": "the", "start_char": 1178, "end_char": 1181, "token_label": "NA"}, {"token": "mid-17th", "start_char": 1182, "end_char": 1190, "token_label": "NA"}, {"token": "century", "start_char": 1191, "end_char": 1198, "token_label": "NA"}, {"token": ",", "start_char": 1198, "end_char": 1199, "token_label": "NA"}, {"token": "called", "start_char": 1200, "end_char": 1206, "token_label": "NA"}, {"token": "the", "start_char": 1207, "end_char": 1210, "token_label": "NA"}, {"token": "\u201cMaunder", "start_char": 1211, "end_char": 1219, "token_label": "NA"}, {"token": "Minimum", "start_char": 1220, "end_char": 1227, "token_label": "NA"}, {"token": ",", "start_char": 1227, "end_char": 1228, "token_label": "NA"}, {"token": "\u201d", "start_char": 1228, "end_char": 1229, "token_label": "NA"}, {"token": "or", "start_char": 1230, "end_char": 1232, "token_label": "NA"}, {"token": "the", "start_char": 1233, "end_char": 1236, "token_label": "NA"}, {"token": "prolonged", "start_char": 1237, "end_char": 1246, "token_label": "NA"}, {"token": "sunspot", "start_char": 1247, "end_char": 1254, "token_label": "NA"}, {"token": "minimum", "start_char": 1255, "end_char": 1262, "token_label": "NA"}, {"token": ",", "start_char": 1262, "end_char": 1263, "token_label": "NA"}, {"token": "during", "start_char": 1264, "end_char": 1270, "token_label": "NA"}, {"token": "which", "start_char": 1271, "end_char": 1276, "token_label": "NA"}, {"token": "temperatures", "start_char": 1277, "end_char": 1289, "token_label": "NA"}, {"token": "were", "start_char": 1290, "end_char": 1294, "token_label": "NA"}, {"token": "low", "start_char": 1295, "end_char": 1298, "token_label": "NA"}, {"token": "enough", "start_char": 1299, "end_char": 1305, "token_label": "NA"}, {"token": "to", "start_char": 1306, "end_char": 1308, "token_label": "NA"}, {"token": "cause", "start_char": 1309, "end_char": 1314, "token_label": "NA"}, {"token": "London", "start_char": 1315, "end_char": 1321, "token_label": "NA"}, {"token": "'s", "start_char": 1321, "end_char": 1323, "token_label": "NA"}, {"token": "River", "start_char": 1324, "end_char": 1329, "token_label": "NA"}, {"token": "Thames", "start_char": 1330, "end_char": 1336, "token_label": "NA"}, {"token": "to", "start_char": 1337, "end_char": 1339, "token_label": "NA"}, {"token": "freeze", "start_char": 1340, "end_char": 1346, "token_label": "NA"}, {"token": "over", "start_char": 1347, "end_char": 1351, "token_label": "NA"}, {"token": "on", "start_char": 1352, "end_char": 1354, "token_label": "NA"}, {"token": "a", "start_char": 1355, "end_char": 1356, "token_label": "NA"}, {"token": "regular", "start_char": 1357, "end_char": 1364, "token_label": "NA"}, {"token": "basis", "start_char": 1365, "end_char": 1370, "token_label": "NA"}, {"token": "and", "start_char": 1371, "end_char": 1374, "token_label": "NA"}, {"token": "to", "start_char": 1375, "end_char": 1377, "token_label": "NA"}, {"token": "freeze", "start_char": 1378, "end_char": 1384, "token_label": "NA"}, {"token": "the", "start_char": 1385, "end_char": 1388, "token_label": "NA"}, {"token": "Baltic", "start_char": 1389, "end_char": 1395, "token_label": "NA"}, {"token": "Sea", "start_char": 1396, "end_char": 1399, "token_label": "NA"}, {"token": "to", "start_char": 1400, "end_char": 1402, "token_label": "NA"}, {"token": "such", "start_char": 1403, "end_char": 1407, "token_label": "NA"}, {"token": "an", "start_char": 1408, "end_char": 1410, "token_label": "NA"}, {"token": "extent", "start_char": 1411, "end_char": 1417, "token_label": "NA"}, {"token": "that", "start_char": 1418, "end_char": 1422, "token_label": "NA"}, {"token": "Swedish", "start_char": 1423, "end_char": 1430, "token_label": "NA"}, {"token": "troops", "start_char": 1431, "end_char": 1437, "token_label": "NA"}, {"token": "were", "start_char": 1438, "end_char": 1442, "token_label": "NA"}, {"token": "able", "start_char": 1443, "end_char": 1447, "token_label": "NA"}, {"token": "to", "start_char": 1448, "end_char": 1450, "token_label": "NA"}, {"token": "invade", "start_char": 1451, "end_char": 1457, "token_label": "NA"}, {"token": "Denmark", "start_char": 1458, "end_char": 1465, "token_label": "NA"}, {"token": "in", "start_char": 1466, "end_char": 1468, "token_label": "NA"}, {"token": "1658", "start_char": 1469, "end_char": 1473, "token_label": "NA"}, {"token": "on", "start_char": 1474, "end_char": 1476, "token_label": "NA"}, {"token": "foot", "start_char": 1477, "end_char": 1481, "token_label": "NA"}, {"token": "by", "start_char": 1482, "end_char": 1484, "token_label": "NA"}, {"token": "marching", "start_char": 1485, "end_char": 1493, "token_label": "NA"}, {"token": "across", "start_char": 1494, "end_char": 1500, "token_label": "NA"}, {"token": "the", "start_char": 1501, "end_char": 1504, "token_label": "NA"}, {"token": "sea", "start_char": 1505, "end_char": 1508, "token_label": "NA"}, {"token": "ice", "start_char": 1509, "end_char": 1512, "token_label": "NA"}, {"token": ".", "start_char": 1512, "end_char": 1513, "token_label": "NA"}], "news_discourse_role": 7, "news_discourse_role_prob_0": 0.0001473971933592111, "news_discourse_role_prob_1": 0.013281076215207577, "news_discourse_role_prob_2": 0.0008297241874970496, "news_discourse_role_prob_3": 0.024313727393746376, "news_discourse_role_prob_4": 0.022596139460802078, "news_discourse_role_prob_5": 0.007219753693789244, "news_discourse_role_prob_6": 0.005827562417834997, "news_discourse_role_prob_7": 0.4796334207057953, "news_discourse_role_prob_8": 0.44615113735198975, "previous_discourse_relation": 3, "previous_discourse_relation_prob_comp": 0.0011964876903221011, "previous_discourse_relation_prob_cont": 0.02886383607983589, "previous_discourse_relation_prob_temp": 0.0005155448452569544, "previous_discourse_relation_prob_expan": 0.9694240689277649, "latter_discourse_relation": 0, "latter_discourse_relation_prob_comp": 0.9932296276092529, "latter_discourse_relation_prob_cont": 0.0005290532135404646, "latter_discourse_relation_prob_temp": 0.0005254229181446135, "latter_discourse_relation_prob_expan": 0.005715854000300169}, {"sentence_id": 6, "sentence_start": 1514, "sentence_end": 1671, "sentence_text": "However, scientists warned that it should not be assumed that the ultra-cooling of the sun would potentially prevent the negative effects of global warming.", "sentence_label": "NA", "tokens_list": ["However", ",", "scientists", "warned", "that", "it", "should", "not", "be", "assumed", "that", "the", "ultra-cooling", "of", "the", "sun", "would", "potentially", "prevent", "the", "negative", "effects", "of", "global", "warming", "."], "tokens_dicts_list": [{"token": "However", "start_char": 1514, "end_char": 1521, "token_label": "NA"}, {"token": ",", "start_char": 1521, "end_char": 1522, "token_label": "NA"}, {"token": "scientists", "start_char": 1523, "end_char": 1533, "token_label": "NA"}, {"token": "warned", "start_char": 1534, "end_char": 1540, "token_label": "NA"}, {"token": "that", "start_char": 1541, "end_char": 1545, "token_label": "NA"}, {"token": "it", "start_char": 1546, "end_char": 1548, "token_label": "NA"}, {"token": "should", "start_char": 1549, "end_char": 1555, "token_label": "NA"}, {"token": "not", "start_char": 1556, "end_char": 1559, "token_label": "NA"}, {"token": "be", "start_char": 1560, "end_char": 1562, "token_label": "NA"}, {"token": "assumed", "start_char": 1563, "end_char": 1570, "token_label": "NA"}, {"token": "that", "start_char": 1571, "end_char": 1575, "token_label": "NA"}, {"token": "the", "start_char": 1576, "end_char": 1579, "token_label": "NA"}, {"token": "ultra-cooling", "start_char": 1580, "end_char": 1593, "token_label": "NA"}, {"token": "of", "start_char": 1594, "end_char": 1596, "token_label": "NA"}, {"token": "the", "start_char": 1597, "end_char": 1600, "token_label": "NA"}, {"token": "sun", "start_char": 1601, "end_char": 1604, "token_label": "NA"}, {"token": "would", "start_char": 1605, "end_char": 1610, "token_label": "NA"}, {"token": "potentially", "start_char": 1611, "end_char": 1622, "token_label": "NA"}, {"token": "prevent", "start_char": 1623, "end_char": 1630, "token_label": "NA"}, {"token": "the", "start_char": 1631, "end_char": 1634, "token_label": "NA"}, {"token": "negative", "start_char": 1635, "end_char": 1643, "token_label": "NA"}, {"token": "effects", "start_char": 1644, "end_char": 1651, "token_label": "NA"}, {"token": "of", "start_char": 1652, "end_char": 1654, "token_label": "NA"}, {"token": "global", "start_char": 1655, "end_char": 1661, "token_label": "NA"}, {"token": "warming", "start_char": 1662, "end_char": 1669, "token_label": "NA"}, {"token": ".", "start_char": 1669, "end_char": 1670, "token_label": "NA"}], "news_discourse_role": 7, "news_discourse_role_prob_0": 4.2279392800992355e-05, "news_discourse_role_prob_1": 0.0037549566477537155, "news_discourse_role_prob_2": 0.0005470309406518936, "news_discourse_role_prob_3": 0.0028001528698951006, "news_discourse_role_prob_4": 0.018887456506490707, "news_discourse_role_prob_5": 0.000358422112185508, "news_discourse_role_prob_6": 0.005608638748526573, "news_discourse_role_prob_7": 0.6997843384742737, "news_discourse_role_prob_8": 0.26821669936180115, "previous_discourse_relation": 0, "previous_discourse_relation_prob_comp": 0.9932296276092529, "previous_discourse_relation_prob_cont": 0.0005290532135404646, "previous_discourse_relation_prob_temp": 0.0005254229181446135, "previous_discourse_relation_prob_expan": 0.005715854000300169, "latter_discourse_relation": 3, "latter_discourse_relation_prob_comp": 0.0002446927537675947, "latter_discourse_relation_prob_cont": 0.022548072040081024, "latter_discourse_relation_prob_temp": 0.00014792375441174954, "latter_discourse_relation_prob_expan": 0.9770593047142029}, {"sentence_id": 7, "sentence_start": 1671, "sentence_end": 2082, "sentence_text": "\u201cThe cooling effect of a grand minimum is only a fraction of the warming effect caused by the increasing concentration of carbon dioxide in the atmosphere,\u201d they said, adding, \u201cAfter hundreds of thousands of years of CO2 levels never exceeding 300 parts per million in air, the concentration of the greenhouse gas is now over 400 parts per million, continuing a rise that began with the Industrial Revolution.\u201d", "sentence_label": "NA", "tokens_list": ["\u201cThe", "cooling", "effect", "of", "a", "grand", "minimum", "is", "only", "a", "fraction", "of", "the", "warming", "effect", "caused", "by", "the", "increasing", "concentration", "of", "carbon", "dioxide", "in", "the", "atmosphere", ",", "\u201d", "they", "said", ",", "adding", ",", "\u201cAfter", "hundreds", "of", "thousands", "of", "years", "of", "CO2", "levels", "never", "exceeding", "300", "parts", "per", "million", "in", "air", ",", "the", "concentration", "of", "the", "greenhouse", "gas", "is", "now", "over", "400", "parts", "per", "million", ",", "continuing", "a", "rise", "that", "began", "with", "the", "Industrial", "Revolution.\u201d"], "tokens_dicts_list": [{"token": "\u201cThe", "start_char": 1671, "end_char": 1675, "token_label": "NA"}, {"token": "cooling", "start_char": 1676, "end_char": 1683, "token_label": "NA"}, {"token": "effect", "start_char": 1684, "end_char": 1690, "token_label": "NA"}, {"token": "of", "start_char": 1691, "end_char": 1693, "token_label": "NA"}, {"token": "a", "start_char": 1694, "end_char": 1695, "token_label": "NA"}, {"token": "grand", "start_char": 1696, "end_char": 1701, "token_label": "NA"}, {"token": "minimum", "start_char": 1702, "end_char": 1709, "token_label": "NA"}, {"token": "is", "start_char": 1710, "end_char": 1712, "token_label": "NA"}, {"token": "only", "start_char": 1713, "end_char": 1717, "token_label": "NA"}, {"token": "a", "start_char": 1718, "end_char": 1719, "token_label": "NA"}, {"token": "fraction", "start_char": 1720, "end_char": 1728, "token_label": "NA"}, {"token": "of", "start_char": 1729, "end_char": 1731, "token_label": "NA"}, {"token": "the", "start_char": 1732, "end_char": 1735, "token_label": "NA"}, {"token": "warming", "start_char": 1736, "end_char": 1743, "token_label": "NA"}, {"token": "effect", "start_char": 1744, "end_char": 1750, "token_label": "NA"}, {"token": "caused", "start_char": 1751, "end_char": 1757, "token_label": "NA"}, {"token": "by", "start_char": 1758, "end_char": 1760, "token_label": "NA"}, {"token": "the", "start_char": 1761, "end_char": 1764, "token_label": "NA"}, {"token": "increasing", "start_char": 1765, "end_char": 1775, "token_label": "NA"}, {"token": "concentration", "start_char": 1776, "end_char": 1789, "token_label": "NA"}, {"token": "of", "start_char": 1790, "end_char": 1792, "token_label": "NA"}, {"token": "carbon", "start_char": 1793, "end_char": 1799, "token_label": "NA"}, {"token": "dioxide", "start_char": 1800, "end_char": 1807, "token_label": "NA"}, {"token": "in", "start_char": 1808, "end_char": 1810, "token_label": "NA"}, {"token": "the", "start_char": 1811, "end_char": 1814, "token_label": "NA"}, {"token": "atmosphere", "start_char": 1815, "end_char": 1825, "token_label": "NA"}, {"token": ",", "start_char": 1825, "end_char": 1826, "token_label": "NA"}, {"token": "\u201d", "start_char": 1826, "end_char": 1827, "token_label": "NA"}, {"token": "they", "start_char": 1828, "end_char": 1832, "token_label": "NA"}, {"token": "said", "start_char": 1833, "end_char": 1837, "token_label": "NA"}, {"token": ",", "start_char": 1837, "end_char": 1838, "token_label": "NA"}, {"token": "adding", "start_char": 1839, "end_char": 1845, "token_label": "NA"}, {"token": ",", "start_char": 1845, "end_char": 1846, "token_label": "NA"}, {"token": "\u201cAfter", "start_char": 1847, "end_char": 1853, "token_label": "NA"}, {"token": "hundreds", "start_char": 1854, "end_char": 1862, "token_label": "NA"}, {"token": "of", "start_char": 1863, "end_char": 1865, "token_label": "NA"}, {"token": "thousands", "start_char": 1866, "end_char": 1875, "token_label": "NA"}, {"token": "of", "start_char": 1876, "end_char": 1878, "token_label": "NA"}, {"token": "years", "start_char": 1879, "end_char": 1884, "token_label": "NA"}, {"token": "of", "start_char": 1885, "end_char": 1887, "token_label": "NA"}, {"token": "CO2", "start_char": 1888, "end_char": 1891, "token_label": "NA"}, {"token": "levels", "start_char": 1892, "end_char": 1898, "token_label": "NA"}, {"token": "never", "start_char": 1899, "end_char": 1904, "token_label": "NA"}, {"token": "exceeding", "start_char": 1905, "end_char": 1914, "token_label": "NA"}, {"token": "300", "start_char": 1915, "end_char": 1918, "token_label": "NA"}, {"token": "parts", "start_char": 1919, "end_char": 1924, "token_label": "NA"}, {"token": "per", "start_char": 1925, "end_char": 1928, "token_label": "NA"}, {"token": "million", "start_char": 1929, "end_char": 1936, "token_label": "NA"}, {"token": "in", "start_char": 1937, "end_char": 1939, "token_label": "NA"}, {"token": "air", "start_char": 1940, "end_char": 1943, "token_label": "NA"}, {"token": ",", "start_char": 1943, "end_char": 1944, "token_label": "NA"}, {"token": "the", "start_char": 1945, "end_char": 1948, "token_label": "NA"}, {"token": "concentration", "start_char": 1949, "end_char": 1962, "token_label": "NA"}, {"token": "of", "start_char": 1963, "end_char": 1965, "token_label": "NA"}, {"token": "the", "start_char": 1966, "end_char": 1969, "token_label": "NA"}, {"token": "greenhouse", "start_char": 1970, "end_char": 1980, "token_label": "NA"}, {"token": "gas", "start_char": 1981, "end_char": 1984, "token_label": "NA"}, {"token": "is", "start_char": 1985, "end_char": 1987, "token_label": "NA"}, {"token": "now", "start_char": 1988, "end_char": 1991, "token_label": "NA"}, {"token": "over", "start_char": 1992, "end_char": 1996, "token_label": "NA"}, {"token": "400", "start_char": 1997, "end_char": 2000, "token_label": "NA"}, {"token": "parts", "start_char": 2001, "end_char": 2006, "token_label": "NA"}, {"token": "per", "start_char": 2007, "end_char": 2010, "token_label": "NA"}, {"token": "million", "start_char": 2011, "end_char": 2018, "token_label": "NA"}, {"token": ",", "start_char": 2018, "end_char": 2019, "token_label": "NA"}, {"token": "continuing", "start_char": 2020, "end_char": 2030, "token_label": "NA"}, {"token": "a", "start_char": 2031, "end_char": 2032, "token_label": "NA"}, {"token": "rise", "start_char": 2033, "end_char": 2037, "token_label": "NA"}, {"token": "that", "start_char": 2038, "end_char": 2042, "token_label": "NA"}, {"token": "began", "start_char": 2043, "end_char": 2048, "token_label": "NA"}, {"token": "with", "start_char": 2049, "end_char": 2053, "token_label": "NA"}, {"token": "the", "start_char": 2054, "end_char": 2057, "token_label": "NA"}, {"token": "Industrial", "start_char": 2058, "end_char": 2068, "token_label": "NA"}, {"token": "Revolution.\u201d", "start_char": 2069, "end_char": 2081, "token_label": "NA"}], "news_discourse_role": 7, "news_discourse_role_prob_0": 8.276760490844026e-05, "news_discourse_role_prob_1": 0.027486378327012062, "news_discourse_role_prob_2": 0.0014592570951208472, "news_discourse_role_prob_3": 0.040884003043174744, "news_discourse_role_prob_4": 0.263841450214386, "news_discourse_role_prob_5": 0.005835389252752066, "news_discourse_role_prob_6": 0.002794969594106078, "news_discourse_role_prob_7": 0.6513726115226746, "news_discourse_role_prob_8": 0.006243129726499319, "previous_discourse_relation": 3, "previous_discourse_relation_prob_comp": 0.0002446927537675947, "previous_discourse_relation_prob_cont": 0.022548072040081024, "previous_discourse_relation_prob_temp": 0.00014792375441174954, "previous_discourse_relation_prob_expan": 0.9770593047142029, "latter_discourse_relation": 3, "latter_discourse_relation_prob_comp": 0.0032845954410731792, "latter_discourse_relation_prob_cont": 0.012955139391124249, "latter_discourse_relation_prob_temp": 0.0011526973685249686, "latter_discourse_relation_prob_expan": 0.9826075434684753}, {"sentence_id": 8, "sentence_start": 2082, "sentence_end": 2230, "sentence_text": "The study estimated that the Sun\u2019s mid-century cooldown would probably only result in cooling the Earth by some 0.25 percent between 2020 and 2070.", "sentence_label": "NA", "tokens_list": ["The", "study", "estimated", "that", "the", "Sun\u2019s", "mid-century", "cooldown", "would", "probably", "only", "result", "in", "cooling", "the", "Earth", "by", "some", "0.25", "percent", "between", "2020", "and", "2070", "."], "tokens_dicts_list": [{"token": "The", "start_char": 2082, "end_char": 2085, "token_label": "NA"}, {"token": "study", "start_char": 2086, "end_char": 2091, "token_label": "NA"}, {"token": "estimated", "start_char": 2092, "end_char": 2101, "token_label": "NA"}, {"token": "that", "start_char": 2102, "end_char": 2106, "token_label": "NA"}, {"token": "the", "start_char": 2107, "end_char": 2110, "token_label": "NA"}, {"token": "Sun\u2019s", "start_char": 2111, "end_char": 2116, "token_label": "NA"}, {"token": "mid-century", "start_char": 2117, "end_char": 2128, "token_label": "NA"}, {"token": "cooldown", "start_char": 2129, "end_char": 2137, "token_label": "NA"}, {"token": "would", "start_char": 2138, "end_char": 2143, "token_label": "NA"}, {"token": "probably", "start_char": 2144, "end_char": 2152, "token_label": "NA"}, {"token": "only", "start_char": 2153, "end_char": 2157, "token_label": "NA"}, {"token": "result", "start_char": 2158, "end_char": 2164, "token_label": "NA"}, {"token": "in", "start_char": 2165, "end_char": 2167, "token_label": "NA"}, {"token": "cooling", "start_char": 2168, "end_char": 2175, "token_label": "NA"}, {"token": "the", "start_char": 2176, "end_char": 2179, "token_label": "NA"}, {"token": "Earth", "start_char": 2180, "end_char": 2185, "token_label": "NA"}, {"token": "by", "start_char": 2186, "end_char": 2188, "token_label": "NA"}, {"token": "some", "start_char": 2189, "end_char": 2193, "token_label": "NA"}, {"token": "0.25", "start_char": 2194, "end_char": 2198, "token_label": "NA"}, {"token": "percent", "start_char": 2199, "end_char": 2206, "token_label": "NA"}, {"token": "between", "start_char": 2207, "end_char": 2214, "token_label": "NA"}, {"token": "2020", "start_char": 2215, "end_char": 2219, "token_label": "NA"}, {"token": "and", "start_char": 2220, "end_char": 2223, "token_label": "NA"}, {"token": "2070", "start_char": 2224, "end_char": 2228, "token_label": "NA"}, {"token": ".", "start_char": 2228, "end_char": 2229, "token_label": "NA"}], "news_discourse_role": 8, "news_discourse_role_prob_0": 5.40077053301502e-05, "news_discourse_role_prob_1": 0.012721950188279152, "news_discourse_role_prob_2": 0.0011217528954148293, "news_discourse_role_prob_3": 0.0006854735547676682, "news_discourse_role_prob_4": 0.0029877701308578253, "news_discourse_role_prob_5": 0.00015020994760561734, "news_discourse_role_prob_6": 0.001014254754409194, "news_discourse_role_prob_7": 0.004070185124874115, "news_discourse_role_prob_8": 0.9771943688392639, "previous_discourse_relation": 3, "previous_discourse_relation_prob_comp": 0.0032845954410731792, "previous_discourse_relation_prob_cont": 0.012955139391124249, "previous_discourse_relation_prob_temp": 0.0011526973685249686, "previous_discourse_relation_prob_expan": 0.9826075434684753, "latter_discourse_relation": 1, "latter_discourse_relation_prob_comp": 0.0006356568774208426, "latter_discourse_relation_prob_cont": 0.9960259199142456, "latter_discourse_relation_prob_temp": 0.0007928357808850706, "latter_discourse_relation_prob_expan": 0.0025456154253333807}, {"sentence_id": 9, "sentence_start": 2230, "sentence_end": 2451, "sentence_text": "As a result, the temperature at the surface of our cosmic home would decrease by up to several tenths of a degree Celsius, which is not sufficient to stop global warming, but it could at least soften its effects in part.", "sentence_label": "NA", "tokens_list": ["As", "a", "result", ",", "the", "temperature", "at", "the", "surface", "of", "our", "cosmic", "home", "would", "decrease", "by", "up", "to", "several", "tenths", "of", "a", "degree", "Celsius", ",", "which", "is", "not", "sufficient", "to", "stop", "global", "warming", ",", "but", "it", "could", "at", "least", "soften", "its", "effects", "in", "part", "."], "tokens_dicts_list": [{"token": "As", "start_char": 2230, "end_char": 2232, "token_label": "NA"}, {"token": "a", "start_char": 2233, "end_char": 2234, "token_label": "NA"}, {"token": "result", "start_char": 2235, "end_char": 2241, "token_label": "NA"}, {"token": ",", "start_char": 2241, "end_char": 2242, "token_label": "NA"}, {"token": "the", "start_char": 2243, "end_char": 2246, "token_label": "NA"}, {"token": "temperature", "start_char": 2247, "end_char": 2258, "token_label": "NA"}, {"token": "at", "start_char": 2259, "end_char": 2261, "token_label": "NA"}, {"token": "the", "start_char": 2262, "end_char": 2265, "token_label": "NA"}, {"token": "surface", "start_char": 2266, "end_char": 2273, "token_label": "NA"}, {"token": "of", "start_char": 2274, "end_char": 2276, "token_label": "NA"}, {"token": "our", "start_char": 2277, "end_char": 2280, "token_label": "NA"}, {"token": "cosmic", "start_char": 2281, "end_char": 2287, "token_label": "NA"}, {"token": "home", "start_char": 2288, "end_char": 2292, "token_label": "NA"}, {"token": "would", "start_char": 2293, "end_char": 2298, "token_label": "NA"}, {"token": "decrease", "start_char": 2299, "end_char": 2307, "token_label": "NA"}, {"token": "by", "start_char": 2308, "end_char": 2310, "token_label": "NA"}, {"token": "up", "start_char": 2311, "end_char": 2313, "token_label": "NA"}, {"token": "to", "start_char": 2314, "end_char": 2316, "token_label": "NA"}, {"token": "several", "start_char": 2317, "end_char": 2324, "token_label": "NA"}, {"token": "tenths", "start_char": 2325, "end_char": 2331, "token_label": "NA"}, {"token": "of", "start_char": 2332, "end_char": 2334, "token_label": "NA"}, {"token": "a", "start_char": 2335, "end_char": 2336, "token_label": "NA"}, {"token": "degree", "start_char": 2337, "end_char": 2343, "token_label": "NA"}, {"token": "Celsius", "start_char": 2344, "end_char": 2351, "token_label": "NA"}, {"token": ",", "start_char": 2351, "end_char": 2352, "token_label": "NA"}, {"token": "which", "start_char": 2353, "end_char": 2358, "token_label": "NA"}, {"token": "is", "start_char": 2359, "end_char": 2361, "token_label": "NA"}, {"token": "not", "start_char": 2362, "end_char": 2365, "token_label": "NA"}, {"token": "sufficient", "start_char": 2366, "end_char": 2376, "token_label": "NA"}, {"token": "to", "start_char": 2377, "end_char": 2379, "token_label": "NA"}, {"token": "stop", "start_char": 2380, "end_char": 2384, "token_label": "NA"}, {"token": "global", "start_char": 2385, "end_char": 2391, "token_label": "NA"}, {"token": "warming", "start_char": 2392, "end_char": 2399, "token_label": "NA"}, {"token": ",", "start_char": 2399, "end_char": 2400, "token_label": "NA"}, {"token": "but", "start_char": 2401, "end_char": 2404, "token_label": "NA"}, {"token": "it", "start_char": 2405, "end_char": 2407, "token_label": "NA"}, {"token": "could", "start_char": 2408, "end_char": 2413, "token_label": "NA"}, {"token": "at", "start_char": 2414, "end_char": 2416, "token_label": "NA"}, {"token": "least", "start_char": 2417, "end_char": 2422, "token_label": "NA"}, {"token": "soften", "start_char": 2423, "end_char": 2429, "token_label": "NA"}, {"token": "its", "start_char": 2430, "end_char": 2433, "token_label": "NA"}, {"token": "effects", "start_char": 2434, "end_char": 2441, "token_label": "NA"}, {"token": "in", "start_char": 2442, "end_char": 2444, "token_label": "NA"}, {"token": "part", "start_char": 2445, "end_char": 2449, "token_label": "NA"}, {"token": ".", "start_char": 2449, "end_char": 2450, "token_label": "NA"}], "news_discourse_role": 8, "news_discourse_role_prob_0": 9.513236727798358e-05, "news_discourse_role_prob_1": 0.006684248335659504, "news_discourse_role_prob_2": 0.000603838125243783, "news_discourse_role_prob_3": 0.0007704028976149857, "news_discourse_role_prob_4": 0.001985137816518545, "news_discourse_role_prob_5": 0.0006228785496205091, "news_discourse_role_prob_6": 0.001551890280097723, "news_discourse_role_prob_7": 0.012554541230201721, "news_discourse_role_prob_8": 0.9751319885253906, "previous_discourse_relation": 1, "previous_discourse_relation_prob_comp": 0.0006356568774208426, "previous_discourse_relation_prob_cont": 0.9960259199142456, "previous_discourse_relation_prob_temp": 0.0007928357808850706, "previous_discourse_relation_prob_expan": 0.0025456154253333807, "latter_discourse_relation": 1, "latter_discourse_relation_prob_comp": 0.014910116791725159, "latter_discourse_relation_prob_cont": 0.7747167944908142, "latter_discourse_relation_prob_temp": 0.007813910953700542, "latter_discourse_relation_prob_expan": 0.2025591880083084}, {"sentence_id": 10, "sentence_start": 2451, "sentence_end": 2536, "sentence_text": "\u201cNow we have a benchmark from which we can perform better climate model simulations.", "sentence_label": "NA", "tokens_list": ["\u201cNow", "we", "have", "a", "benchmark", "from", "which", "we", "can", "perform", "better", "climate", "model", "simulations", "."], "tokens_dicts_list": [{"token": "\u201cNow", "start_char": 2451, "end_char": 2455, "token_label": "NA"}, {"token": "we", "start_char": 2456, "end_char": 2458, "token_label": "NA"}, {"token": "have", "start_char": 2459, "end_char": 2463, "token_label": "NA"}, {"token": "a", "start_char": 2464, "end_char": 2465, "token_label": "NA"}, {"token": "benchmark", "start_char": 2466, "end_char": 2475, "token_label": "NA"}, {"token": "from", "start_char": 2476, "end_char": 2480, "token_label": "NA"}, {"token": "which", "start_char": 2481, "end_char": 2486, "token_label": "NA"}, {"token": "we", "start_char": 2487, "end_char": 2489, "token_label": "NA"}, {"token": "can", "start_char": 2490, "end_char": 2493, "token_label": "NA"}, {"token": "perform", "start_char": 2494, "end_char": 2501, "token_label": "NA"}, {"token": "better", "start_char": 2502, "end_char": 2508, "token_label": "NA"}, {"token": "climate", "start_char": 2509, "end_char": 2516, "token_label": "NA"}, {"token": "model", "start_char": 2517, "end_char": 2522, "token_label": "NA"}, {"token": "simulations", "start_char": 2523, "end_char": 2534, "token_label": "NA"}, {"token": ".", "start_char": 2534, "end_char": 2535, "token_label": "NA"}], "news_discourse_role": 7, "news_discourse_role_prob_0": 0.00023864941613283008, "news_discourse_role_prob_1": 0.007065973710268736, "news_discourse_role_prob_2": 0.0024471618235111237, "news_discourse_role_prob_3": 0.004472792614251375, "news_discourse_role_prob_4": 0.06058556213974953, "news_discourse_role_prob_5": 0.0031308126635849476, "news_discourse_role_prob_6": 0.029293200001120567, "news_discourse_role_prob_7": 0.5661867260932922, "news_discourse_role_prob_8": 0.3265790641307831, "previous_discourse_relation": 1, "previous_discourse_relation_prob_comp": 0.014910116791725159, "previous_discourse_relation_prob_cont": 0.7747167944908142, "previous_discourse_relation_prob_temp": 0.007813910953700542, "previous_discourse_relation_prob_expan": 0.2025591880083084, "latter_discourse_relation": 1, "latter_discourse_relation_prob_comp": 4.166563303442672e-05, "latter_discourse_relation_prob_cont": 0.9966701865196228, "latter_discourse_relation_prob_temp": 0.0014422552194446325, "latter_discourse_relation_prob_expan": 0.0018458736594766378}, {"sentence_id": 11, "sentence_start": 2536, "sentence_end": 2645, "sentence_text": "We can therefore have a better idea of how changes in solar UV radiation affect climate change,\u201d said Lubin.", "sentence_label": "NA", "tokens_list": ["We", "can", "therefore", "have", "a", "better", "idea", "of", "how", "changes", "in", "solar", "UV", "radiation", "affect", "climate", "change", ",", "\u201d", "said", "Lubin", "."], "tokens_dicts_list": [{"token": "We", "start_char": 2536, "end_char": 2538, "token_label": "NA"}, {"token": "can", "start_char": 2539, "end_char": 2542, "token_label": "NA"}, {"token": "therefore", "start_char": 2543, "end_char": 2552, "token_label": "NA"}, {"token": "have", "start_char": 2553, "end_char": 2557, "token_label": "NA"}, {"token": "a", "start_char": 2558, "end_char": 2559, "token_label": "NA"}, {"token": "better", "start_char": 2560, "end_char": 2566, "token_label": "NA"}, {"token": "idea", "start_char": 2567, "end_char": 2571, "token_label": "NA"}, {"token": "of", "start_char": 2572, "end_char": 2574, "token_label": "NA"}, {"token": "how", "start_char": 2575, "end_char": 2578, "token_label": "NA"}, {"token": "changes", "start_char": 2579, "end_char": 2586, "token_label": "NA"}, {"token": "in", "start_char": 2587, "end_char": 2589, "token_label": "NA"}, {"token": "solar", "start_char": 2590, "end_char": 2595, "token_label": "NA"}, {"token": "UV", "start_char": 2596, "end_char": 2598, "token_label": "NA"}, {"token": "radiation", "start_char": 2599, "end_char": 2608, "token_label": "NA"}, {"token": "affect", "start_char": 2609, "end_char": 2615, "token_label": "NA"}, {"token": "climate", "start_char": 2616, "end_char": 2623, "token_label": "NA"}, {"token": "change", "start_char": 2624, "end_char": 2630, "token_label": "NA"}, {"token": ",", "start_char": 2630, "end_char": 2631, "token_label": "NA"}, {"token": "\u201d", "start_char": 2631, "end_char": 2632, "token_label": "NA"}, {"token": "said", "start_char": 2633, "end_char": 2637, "token_label": "NA"}, {"token": "Lubin", "start_char": 2638, "end_char": 2643, "token_label": "NA"}, {"token": ".", "start_char": 2643, "end_char": 2644, "token_label": "NA"}], "news_discourse_role": 8, "news_discourse_role_prob_0": 0.00024010300694499165, "news_discourse_role_prob_1": 0.006493731401860714, "news_discourse_role_prob_2": 0.0020134488586336374, "news_discourse_role_prob_3": 0.0016946002142503858, "news_discourse_role_prob_4": 0.0235554538667202, "news_discourse_role_prob_5": 0.0013732442166656256, "news_discourse_role_prob_6": 0.014444398693740368, "news_discourse_role_prob_7": 0.1357126384973526, "news_discourse_role_prob_8": 0.8144723176956177, "previous_discourse_relation": 1, "previous_discourse_relation_prob_comp": 4.166563303442672e-05, "previous_discourse_relation_prob_cont": 0.9966701865196228, "previous_discourse_relation_prob_temp": 0.0014422552194446325, "previous_discourse_relation_prob_expan": 0.0018458736594766378, "latter_discourse_relation": -1}]}