{"file_name": "./Propaganda/json_annotations/train/article700662577.json", "num_sentences": 27, "sentences": [{"sentence_id": 0, "sentence_start": 0, "sentence_end": 87, "sentence_text": "Puerto Rico\u2019s Power Grid Failure Is Causing A Public Health Crisis Of Epic Proportions", "sentence_label": "Loaded_Language", "tokens_list": ["Puerto", "Rico\u2019s", "Power", "Grid", "Failure", "Is", "Causing", "A", "Public", "Health", "Crisis", "Of", "Epic", "Proportions"], "tokens_dicts_list": [{"token": "Puerto", "start_char": 0, "end_char": 6, "token_label": "NA"}, {"token": "Rico\u2019s", "start_char": 7, "end_char": 13, "token_label": "NA"}, {"token": "Power", "start_char": 14, "end_char": 19, "token_label": "NA"}, {"token": "Grid", "start_char": 20, "end_char": 24, "token_label": "NA"}, {"token": "Failure", "start_char": 25, "end_char": 32, "token_label": "NA"}, {"token": "Is", "start_char": 33, "end_char": 35, "token_label": "NA"}, {"token": "Causing", "start_char": 36, "end_char": 43, "token_label": "NA"}, {"token": "A", "start_char": 44, "end_char": 45, "token_label": "NA"}, {"token": "Public", "start_char": 46, "end_char": 52, "token_label": "NA"}, {"token": "Health", "start_char": 53, "end_char": 59, "token_label": "NA"}, {"token": "Crisis", "start_char": 60, "end_char": 66, "token_label": "Loaded_Language"}, {"token": "Of", "start_char": 67, "end_char": 69, "token_label": "Loaded_Language"}, {"token": "Epic", "start_char": 70, "end_char": 74, "token_label": "Loaded_Language"}, {"token": "Proportions", "start_char": 75, "end_char": 86, "token_label": "Loaded_Language"}], "news_discourse_role": 0, "news_discourse_role_prob_0": 0.8549160361289978, "news_discourse_role_prob_1": 0.13948610424995422, "news_discourse_role_prob_2": 0.0009772138437256217, "news_discourse_role_prob_3": 0.002862087916582823, "news_discourse_role_prob_4": 0.0011892101028934121, "news_discourse_role_prob_5": 7.617541268700734e-05, "news_discourse_role_prob_6": 8.230433013522997e-05, "news_discourse_role_prob_7": 0.0003195487952325493, "news_discourse_role_prob_8": 9.134653373621404e-05, "latter_discourse_relation": 1, "latter_discourse_relation_prob_comp": 0.0020824046805500984, "latter_discourse_relation_prob_cont": 0.6574789881706238, "latter_discourse_relation_prob_temp": 0.0006825322052463889, "latter_discourse_relation_prob_expan": 0.339756041765213, "previous_discourse_relation": -1}, {"sentence_id": 1, "sentence_start": 88, "sentence_end": 234, "sentence_text": "One month after the devastating Hurricane Maria wreaked havoc on the island of Puerto Rico, the territory is still facing a public health crisis.", "sentence_label": "Loaded_Language", "tokens_list": ["One", "month", "after", "the", "devastating", "Hurricane", "Maria", "wreaked", "havoc", "on", "the", "island", "of", "Puerto", "Rico", ",", "the", "territory", "is", "still", "facing", "a", "public", "health", "crisis", "."], "tokens_dicts_list": [{"token": "One", "start_char": 88, "end_char": 91, "token_label": "NA"}, {"token": "month", "start_char": 92, "end_char": 97, "token_label": "NA"}, {"token": "after", "start_char": 98, "end_char": 103, "token_label": "NA"}, {"token": "the", "start_char": 104, "end_char": 107, "token_label": "NA"}, {"token": "devastating", "start_char": 108, "end_char": 119, "token_label": "Loaded_Language"}, {"token": "Hurricane", "start_char": 120, "end_char": 129, "token_label": "NA"}, {"token": "Maria", "start_char": 130, "end_char": 135, "token_label": "NA"}, {"token": "wreaked", "start_char": 136, "end_char": 143, "token_label": "NA"}, {"token": "havoc", "start_char": 144, "end_char": 149, "token_label": "NA"}, {"token": "on", "start_char": 150, "end_char": 152, "token_label": "NA"}, {"token": "the", "start_char": 153, "end_char": 156, "token_label": "NA"}, {"token": "island", "start_char": 157, "end_char": 163, "token_label": "NA"}, {"token": "of", "start_char": 164, "end_char": 166, "token_label": "NA"}, {"token": "Puerto", "start_char": 167, "end_char": 173, "token_label": "NA"}, {"token": "Rico", "start_char": 174, "end_char": 178, "token_label": "NA"}, {"token": ",", "start_char": 178, "end_char": 179, "token_label": "NA"}, {"token": "the", "start_char": 180, "end_char": 183, "token_label": "NA"}, {"token": "territory", "start_char": 184, "end_char": 193, "token_label": "NA"}, {"token": "is", "start_char": 194, "end_char": 196, "token_label": "NA"}, {"token": "still", "start_char": 197, "end_char": 202, "token_label": "NA"}, {"token": "facing", "start_char": 203, "end_char": 209, "token_label": "NA"}, {"token": "a", "start_char": 210, "end_char": 211, "token_label": "NA"}, {"token": "public", "start_char": 212, "end_char": 218, "token_label": "NA"}, {"token": "health", "start_char": 219, "end_char": 225, "token_label": "NA"}, {"token": "crisis", "start_char": 226, "end_char": 232, "token_label": "NA"}, {"token": ".", "start_char": 232, "end_char": 233, "token_label": "NA"}], "news_discourse_role": 1, "news_discourse_role_prob_0": 0.014635141007602215, "news_discourse_role_prob_1": 0.9393594861030579, "news_discourse_role_prob_2": 0.0053464011289179325, "news_discourse_role_prob_3": 0.023594677448272705, "news_discourse_role_prob_4": 0.015744756907224655, "news_discourse_role_prob_5": 0.00021382828708738089, "news_discourse_role_prob_6": 0.0002580592699814588, "news_discourse_role_prob_7": 0.0006407713517546654, "news_discourse_role_prob_8": 0.00020678574219346046, "previous_discourse_relation": 1, "previous_discourse_relation_prob_comp": 0.0020824046805500984, "previous_discourse_relation_prob_cont": 0.6574789881706238, "previous_discourse_relation_prob_temp": 0.0006825322052463889, "previous_discourse_relation_prob_expan": 0.339756041765213, "latter_discourse_relation": 3, "latter_discourse_relation_prob_comp": 0.00022454642748925835, "latter_discourse_relation_prob_cont": 0.000627891335170716, "latter_discourse_relation_prob_temp": 7.10470849298872e-05, "latter_discourse_relation_prob_expan": 0.9990764856338501}, {"sentence_id": 2, "sentence_start": 234, "sentence_end": 273, "sentence_text": "And it\u2019s a crisis of epic proportions.", "sentence_label": "Exaggeration,Minimisation", "tokens_list": ["And", "it\u2019s", "a", "crisis", "of", "epic", "proportions", "."], "tokens_dicts_list": [{"token": "And", "start_char": 234, "end_char": 237, "token_label": "NA"}, {"token": "it\u2019s", "start_char": 238, "end_char": 242, "token_label": "NA"}, {"token": "a", "start_char": 243, "end_char": 244, "token_label": "NA"}, {"token": "crisis", "start_char": 245, "end_char": 251, "token_label": "Exaggeration,Minimisation"}, {"token": "of", "start_char": 252, "end_char": 254, "token_label": "Exaggeration,Minimisation"}, {"token": "epic", "start_char": 255, "end_char": 259, "token_label": "Exaggeration,Minimisation"}, {"token": "proportions", "start_char": 260, "end_char": 271, "token_label": "Exaggeration,Minimisation"}, {"token": ".", "start_char": 271, "end_char": 272, "token_label": "NA"}], "news_discourse_role": 1, "news_discourse_role_prob_0": 0.022077538073062897, "news_discourse_role_prob_1": 0.9025163650512695, "news_discourse_role_prob_2": 0.00529212411493063, "news_discourse_role_prob_3": 0.027926761656999588, "news_discourse_role_prob_4": 0.0111152995377779, "news_discourse_role_prob_5": 0.000554764352273196, "news_discourse_role_prob_6": 0.0020594291854649782, "news_discourse_role_prob_7": 0.023868266493082047, "news_discourse_role_prob_8": 0.004589448682963848, "previous_discourse_relation": 3, "previous_discourse_relation_prob_comp": 0.00022454642748925835, "previous_discourse_relation_prob_cont": 0.000627891335170716, "previous_discourse_relation_prob_temp": 7.10470849298872e-05, "previous_discourse_relation_prob_expan": 0.9990764856338501, "latter_discourse_relation": 3, "latter_discourse_relation_prob_comp": 0.00013182644033804536, "latter_discourse_relation_prob_cont": 0.0032264955807477236, "latter_discourse_relation_prob_temp": 0.00014458059740718454, "latter_discourse_relation_prob_expan": 0.9964970946311951}, {"sentence_id": 3, "sentence_start": 273, "sentence_end": 483, "sentence_text": "On Friday, former Puerto Rican Governor Alejandro Garc\u00eda Padilla tweeted a photo from inside a hospital, in which scrubbed-up doctors leaned over an operating table performing surgery lit only by a flashlight.", "sentence_label": "NA", "tokens_list": ["On", "Friday", ",", "former", "Puerto", "Rican", "Governor", "Alejandro", "Garc\u00eda", "Padilla", "tweeted", "a", "photo", "from", "inside", "a", "hospital", ",", "in", "which", "scrubbed-up", "doctors", "leaned", "over", "an", "operating", "table", "performing", "surgery", "lit", "only", "by", "a", "flashlight", "."], "tokens_dicts_list": [{"token": "On", "start_char": 273, "end_char": 275, "token_label": "NA"}, {"token": "Friday", "start_char": 276, "end_char": 282, "token_label": "NA"}, {"token": ",", "start_char": 282, "end_char": 283, "token_label": "NA"}, {"token": "former", "start_char": 284, "end_char": 290, "token_label": "NA"}, {"token": "Puerto", "start_char": 291, "end_char": 297, "token_label": "NA"}, {"token": "Rican", "start_char": 298, "end_char": 303, "token_label": "NA"}, {"token": "Governor", "start_char": 304, "end_char": 312, "token_label": "NA"}, {"token": "Alejandro", "start_char": 313, "end_char": 322, "token_label": "NA"}, {"token": "Garc\u00eda", "start_char": 323, "end_char": 329, "token_label": "NA"}, {"token": "Padilla", "start_char": 330, "end_char": 337, "token_label": "NA"}, {"token": "tweeted", "start_char": 338, "end_char": 345, "token_label": "NA"}, {"token": "a", "start_char": 346, "end_char": 347, "token_label": "NA"}, {"token": "photo", "start_char": 348, "end_char": 353, "token_label": "NA"}, {"token": "from", "start_char": 354, "end_char": 358, "token_label": "NA"}, {"token": "inside", "start_char": 359, "end_char": 365, "token_label": "NA"}, {"token": "a", "start_char": 366, "end_char": 367, "token_label": "NA"}, {"token": "hospital", "start_char": 368, "end_char": 376, "token_label": "NA"}, {"token": ",", "start_char": 376, "end_char": 377, "token_label": "NA"}, {"token": "in", "start_char": 378, "end_char": 380, "token_label": "NA"}, {"token": "which", "start_char": 381, "end_char": 386, "token_label": "NA"}, {"token": "scrubbed-up", "start_char": 387, "end_char": 398, "token_label": "NA"}, {"token": "doctors", "start_char": 399, "end_char": 406, "token_label": "NA"}, {"token": "leaned", "start_char": 407, "end_char": 413, "token_label": "NA"}, {"token": "over", "start_char": 414, "end_char": 418, "token_label": "NA"}, {"token": "an", "start_char": 419, "end_char": 421, "token_label": "NA"}, {"token": "operating", "start_char": 422, "end_char": 431, "token_label": "NA"}, {"token": "table", "start_char": 432, "end_char": 437, "token_label": "NA"}, {"token": "performing", "start_char": 438, "end_char": 448, "token_label": "NA"}, {"token": "surgery", "start_char": 449, "end_char": 456, "token_label": "NA"}, {"token": "lit", "start_char": 457, "end_char": 460, "token_label": "NA"}, {"token": "only", "start_char": 461, "end_char": 465, "token_label": "NA"}, {"token": "by", "start_char": 466, "end_char": 468, "token_label": "NA"}, {"token": "a", "start_char": 469, "end_char": 470, "token_label": "NA"}, {"token": "flashlight", "start_char": 471, "end_char": 481, "token_label": "NA"}, {"token": ".", "start_char": 481, "end_char": 482, "token_label": "NA"}], "news_discourse_role": 4, "news_discourse_role_prob_0": 0.006941343657672405, "news_discourse_role_prob_1": 0.05092371255159378, "news_discourse_role_prob_2": 0.012090965174138546, "news_discourse_role_prob_3": 0.1284130960702896, "news_discourse_role_prob_4": 0.7811902165412903, "news_discourse_role_prob_5": 0.01762593351304531, "news_discourse_role_prob_6": 0.0005378242931328714, "news_discourse_role_prob_7": 0.0018414887599647045, "news_discourse_role_prob_8": 0.0004353965341579169, "previous_discourse_relation": 3, "previous_discourse_relation_prob_comp": 0.00013182644033804536, "previous_discourse_relation_prob_cont": 0.0032264955807477236, "previous_discourse_relation_prob_temp": 0.00014458059740718454, "previous_discourse_relation_prob_expan": 0.9964970946311951, "latter_discourse_relation": 3, "latter_discourse_relation_prob_comp": 0.0024857765529304743, "latter_discourse_relation_prob_cont": 0.023319631814956665, "latter_discourse_relation_prob_temp": 0.007371415849775076, "latter_discourse_relation_prob_expan": 0.9668231010437012}, {"sentence_id": 4, "sentence_start": 483, "sentence_end": 717, "sentence_text": "According to Slate, the image quickly made the rounds on the internet; it currently has almost 9,000 retweets and many speculate that that\u2019s probably because the blurry picture feels like it\u2019s worth a good deal more than 1,000 words.", "sentence_label": "Loaded_Language", "tokens_list": ["According", "to", "Slate", ",", "the", "image", "quickly", "made", "the", "rounds", "on", "the", "internet", ";", "it", "currently", "has", "almost", "9,000", "retweets", "and", "many", "speculate", "that", "that\u2019s", "probably", "because", "the", "blurry", "picture", "feels", "like", "it\u2019s", "worth", "a", "good", "deal", "more", "than", "1,000", "words", "."], "tokens_dicts_list": [{"token": "According", "start_char": 483, "end_char": 492, "token_label": "NA"}, {"token": "to", "start_char": 493, "end_char": 495, "token_label": "NA"}, {"token": "Slate", "start_char": 496, "end_char": 501, "token_label": "NA"}, {"token": ",", "start_char": 501, "end_char": 502, "token_label": "NA"}, {"token": "the", "start_char": 503, "end_char": 506, "token_label": "NA"}, {"token": "image", "start_char": 507, "end_char": 512, "token_label": "NA"}, {"token": "quickly", "start_char": 513, "end_char": 520, "token_label": "NA"}, {"token": "made", "start_char": 521, "end_char": 525, "token_label": "NA"}, {"token": "the", "start_char": 526, "end_char": 529, "token_label": "NA"}, {"token": "rounds", "start_char": 530, "end_char": 536, "token_label": "NA"}, {"token": "on", "start_char": 537, "end_char": 539, "token_label": "NA"}, {"token": "the", "start_char": 540, "end_char": 543, "token_label": "NA"}, {"token": "internet", "start_char": 544, "end_char": 552, "token_label": "NA"}, {"token": ";", "start_char": 552, "end_char": 553, "token_label": "NA"}, {"token": "it", "start_char": 554, "end_char": 556, "token_label": "NA"}, {"token": "currently", "start_char": 557, "end_char": 566, "token_label": "NA"}, {"token": "has", "start_char": 567, "end_char": 570, "token_label": "NA"}, {"token": "almost", "start_char": 571, "end_char": 577, "token_label": "NA"}, {"token": "9,000", "start_char": 578, "end_char": 583, "token_label": "NA"}, {"token": "retweets", "start_char": 584, "end_char": 592, "token_label": "NA"}, {"token": "and", "start_char": 593, "end_char": 596, "token_label": "NA"}, {"token": "many", "start_char": 597, "end_char": 601, "token_label": "NA"}, {"token": "speculate", "start_char": 602, "end_char": 611, "token_label": "NA"}, {"token": "that", "start_char": 612, "end_char": 616, "token_label": "NA"}, {"token": "that\u2019s", "start_char": 617, "end_char": 623, "token_label": "NA"}, {"token": "probably", "start_char": 624, "end_char": 632, "token_label": "NA"}, {"token": "because", "start_char": 633, "end_char": 640, "token_label": "NA"}, {"token": "the", "start_char": 641, "end_char": 644, "token_label": "Loaded_Language"}, {"token": "blurry", "start_char": 645, "end_char": 651, "token_label": "Loaded_Language"}, {"token": "picture", "start_char": 652, "end_char": 659, "token_label": "Loaded_Language"}, {"token": "feels", "start_char": 660, "end_char": 665, "token_label": "Loaded_Language"}, {"token": "like", "start_char": 666, "end_char": 670, "token_label": "Loaded_Language"}, {"token": "it\u2019s", "start_char": 671, "end_char": 675, "token_label": "Loaded_Language"}, {"token": "worth", "start_char": 676, "end_char": 681, "token_label": "Loaded_Language"}, {"token": "a", "start_char": 682, "end_char": 683, "token_label": "Loaded_Language"}, {"token": "good", "start_char": 684, "end_char": 688, "token_label": "Loaded_Language"}, {"token": "deal", "start_char": 689, "end_char": 693, "token_label": "Loaded_Language"}, {"token": "more", "start_char": 694, "end_char": 698, "token_label": "Loaded_Language"}, {"token": "than", "start_char": 699, "end_char": 703, "token_label": "Loaded_Language"}, {"token": "1,000", "start_char": 704, "end_char": 709, "token_label": "Loaded_Language"}, {"token": "words", "start_char": 710, "end_char": 715, "token_label": "Loaded_Language"}, {"token": ".", "start_char": 715, "end_char": 716, "token_label": "Loaded_Language"}], "news_discourse_role": 4, "news_discourse_role_prob_0": 0.007247288711369038, "news_discourse_role_prob_1": 0.008006471209228039, "news_discourse_role_prob_2": 0.04491768404841423, "news_discourse_role_prob_3": 0.023643972352147102, "news_discourse_role_prob_4": 0.8675349950790405, "news_discourse_role_prob_5": 0.008371016010642052, "news_discourse_role_prob_6": 0.006428933702409267, "news_discourse_role_prob_7": 0.032781049609184265, "news_discourse_role_prob_8": 0.0010685332817956805, "previous_discourse_relation": 3, "previous_discourse_relation_prob_comp": 0.0024857765529304743, "previous_discourse_relation_prob_cont": 0.023319631814956665, "previous_discourse_relation_prob_temp": 0.007371415849775076, "previous_discourse_relation_prob_expan": 0.9668231010437012, "latter_discourse_relation": 3, "latter_discourse_relation_prob_comp": 0.060823604464530945, "latter_discourse_relation_prob_cont": 0.016242295503616333, "latter_discourse_relation_prob_temp": 0.0007788461516611278, "latter_discourse_relation_prob_expan": 0.9221552014350891}, {"sentence_id": 5, "sentence_start": 717, "sentence_end": 813, "sentence_text": "It illuminates just a small sliver of the public health crisis Puerto Rico is currently facing.", "sentence_label": "NA", "tokens_list": ["It", "illuminates", "just", "a", "small", "sliver", "of", "the", "public", "health", "crisis", "Puerto", "Rico", "is", "currently", "facing", "."], "tokens_dicts_list": [{"token": "It", "start_char": 717, "end_char": 719, "token_label": "Loaded_Language"}, {"token": "illuminates", "start_char": 720, "end_char": 731, "token_label": "Loaded_Language"}, {"token": "just", "start_char": 732, "end_char": 736, "token_label": "Loaded_Language"}, {"token": "a", "start_char": 737, "end_char": 738, "token_label": "Loaded_Language"}, {"token": "small", "start_char": 739, "end_char": 744, "token_label": "Loaded_Language"}, {"token": "sliver", "start_char": 745, "end_char": 751, "token_label": "Loaded_Language"}, {"token": "of", "start_char": 752, "end_char": 754, "token_label": "Loaded_Language"}, {"token": "the", "start_char": 755, "end_char": 758, "token_label": "Loaded_Language"}, {"token": "public", "start_char": 759, "end_char": 765, "token_label": "Loaded_Language"}, {"token": "health", "start_char": 766, "end_char": 772, "token_label": "Loaded_Language"}, {"token": "crisis", "start_char": 773, "end_char": 779, "token_label": "Loaded_Language"}, {"token": "Puerto", "start_char": 780, "end_char": 786, "token_label": "NA"}, {"token": "Rico", "start_char": 787, "end_char": 791, "token_label": "NA"}, {"token": "is", "start_char": 792, "end_char": 794, "token_label": "NA"}, {"token": "currently", "start_char": 795, "end_char": 804, "token_label": "NA"}, {"token": "facing", "start_char": 805, "end_char": 811, "token_label": "NA"}, {"token": ".", "start_char": 811, "end_char": 812, "token_label": "NA"}], "news_discourse_role": 0, "news_discourse_role_prob_0": 0.3798070251941681, "news_discourse_role_prob_1": 0.024585409089922905, "news_discourse_role_prob_2": 0.008619301952421665, "news_discourse_role_prob_3": 0.02808466926217079, "news_discourse_role_prob_4": 0.1405012011528015, "news_discourse_role_prob_5": 0.02249547280371189, "news_discourse_role_prob_6": 0.05624159425497055, "news_discourse_role_prob_7": 0.3259927034378052, "news_discourse_role_prob_8": 0.013672634959220886, "previous_discourse_relation": 3, "previous_discourse_relation_prob_comp": 0.060823604464530945, "previous_discourse_relation_prob_cont": 0.016242295503616333, "previous_discourse_relation_prob_temp": 0.0007788461516611278, "previous_discourse_relation_prob_expan": 0.9221552014350891, "latter_discourse_relation": 3, "latter_discourse_relation_prob_comp": 0.0002222279435954988, "latter_discourse_relation_prob_cont": 0.0004755928530357778, "latter_discourse_relation_prob_temp": 7.620607448188821e-06, "latter_discourse_relation_prob_expan": 0.999294638633728}, {"sentence_id": 6, "sentence_start": 813, "sentence_end": 844, "sentence_text": "This is what POTUS calls a 10!", "sentence_label": "NA", "tokens_list": ["This", "is", "what", "POTUS", "calls", "a", "10", "!"], "tokens_dicts_list": [{"token": "This", "start_char": 813, "end_char": 817, "token_label": "NA"}, {"token": "is", "start_char": 818, "end_char": 820, "token_label": "NA"}, {"token": "what", "start_char": 821, "end_char": 825, "token_label": "NA"}, {"token": "POTUS", "start_char": 826, "end_char": 831, "token_label": "NA"}, {"token": "calls", "start_char": 832, "end_char": 837, "token_label": "NA"}, {"token": "a", "start_char": 838, "end_char": 839, "token_label": "NA"}, {"token": "10", "start_char": 840, "end_char": 842, "token_label": "NA"}, {"token": "!", "start_char": 842, "end_char": 843, "token_label": "NA"}], "news_discourse_role": 0, "news_discourse_role_prob_0": 0.7536132335662842, "news_discourse_role_prob_1": 0.0027995065320283175, "news_discourse_role_prob_2": 0.0023347584065049887, "news_discourse_role_prob_3": 0.005324505269527435, "news_discourse_role_prob_4": 0.0415196418762207, "news_discourse_role_prob_5": 0.022048313170671463, "news_discourse_role_prob_6": 0.06238405406475067, "news_discourse_role_prob_7": 0.10711628198623657, "news_discourse_role_prob_8": 0.0028596781194210052, "previous_discourse_relation": 3, "previous_discourse_relation_prob_comp": 0.0002222279435954988, "previous_discourse_relation_prob_cont": 0.0004755928530357778, "previous_discourse_relation_prob_temp": 7.620607448188821e-06, "previous_discourse_relation_prob_expan": 0.999294638633728, "latter_discourse_relation": 3, "latter_discourse_relation_prob_comp": 0.0002076211094390601, "latter_discourse_relation_prob_cont": 0.020172396674752235, "latter_discourse_relation_prob_temp": 0.00014894752530381083, "latter_discourse_relation_prob_expan": 0.9794710278511047}, {"sentence_id": 7, "sentence_start": 844, "sentence_end": 915, "sentence_text": "Surgery performed with cellphones as flashlights in Puerto Rico today.", "sentence_label": "NA", "tokens_list": ["Surgery", "performed", "with", "cellphones", "as", "flashlights", "in", "Puerto", "Rico", "today", "."], "tokens_dicts_list": [{"token": "Surgery", "start_char": 844, "end_char": 851, "token_label": "NA"}, {"token": "performed", "start_char": 852, "end_char": 861, "token_label": "NA"}, {"token": "with", "start_char": 862, "end_char": 866, "token_label": "NA"}, {"token": "cellphones", "start_char": 867, "end_char": 877, "token_label": "NA"}, {"token": "as", "start_char": 878, "end_char": 880, "token_label": "NA"}, {"token": "flashlights", "start_char": 881, "end_char": 892, "token_label": "NA"}, {"token": "in", "start_char": 893, "end_char": 895, "token_label": "NA"}, {"token": "Puerto", "start_char": 896, "end_char": 902, "token_label": "NA"}, {"token": "Rico", "start_char": 903, "end_char": 907, "token_label": "NA"}, {"token": "today", "start_char": 908, "end_char": 913, "token_label": "NA"}, {"token": ".", "start_char": 913, "end_char": 914, "token_label": "NA"}], "news_discourse_role": 0, "news_discourse_role_prob_0": 0.9199144840240479, "news_discourse_role_prob_1": 0.001326425583101809, "news_discourse_role_prob_2": 0.00147405790630728, "news_discourse_role_prob_3": 0.004413660615682602, "news_discourse_role_prob_4": 0.06340376287698746, "news_discourse_role_prob_5": 0.0076528275385499, "news_discourse_role_prob_6": 0.0005612148088403046, "news_discourse_role_prob_7": 0.0010751438094303012, "news_discourse_role_prob_8": 0.0001784122287062928, "previous_discourse_relation": 3, "previous_discourse_relation_prob_comp": 0.0002076211094390601, "previous_discourse_relation_prob_cont": 0.020172396674752235, "previous_discourse_relation_prob_temp": 0.00014894752530381083, "previous_discourse_relation_prob_expan": 0.9794710278511047, "latter_discourse_relation": 3, "latter_discourse_relation_prob_comp": 0.000731829961296171, "latter_discourse_relation_prob_cont": 0.0074968719854950905, "latter_discourse_relation_prob_temp": 0.0009115500724874437, "latter_discourse_relation_prob_expan": 0.9908598065376282}, {"sentence_id": 8, "sentence_start": 915, "sentence_end": 989, "sentence_text": "pic.twitter.com/5pnK5dkkE6 \u2014 Alejandro (@agarciapadilla) October 21, 2017", "sentence_label": "NA", "tokens_list": ["pic.twitter.com/5pnK5dkkE6", "\u2014", "Alejandro", "(", "@", "agarciapadilla", ")", "October", "21", ",", "2017"], "tokens_dicts_list": [{"token": "pic.twitter.com/5pnK5dkkE6", "start_char": 915, "end_char": 941, "token_label": "NA"}, {"token": "\u2014", "start_char": 942, "end_char": 943, "token_label": "NA"}, {"token": "Alejandro", "start_char": 944, "end_char": 953, "token_label": "NA"}, {"token": "(", "start_char": 954, "end_char": 955, "token_label": "NA"}, {"token": "@", "start_char": 955, "end_char": 956, "token_label": "NA"}, {"token": "agarciapadilla", "start_char": 956, "end_char": 970, "token_label": "NA"}, {"token": ")", "start_char": 970, "end_char": 971, "token_label": "NA"}, {"token": "October", "start_char": 972, "end_char": 979, "token_label": "NA"}, {"token": "21", "start_char": 980, "end_char": 982, "token_label": "NA"}, {"token": ",", "start_char": 982, "end_char": 983, "token_label": "NA"}, {"token": "2017", "start_char": 984, "end_char": 988, "token_label": "NA"}], "news_discourse_role": 0, "news_discourse_role_prob_0": 0.9998881816864014, "news_discourse_role_prob_1": 3.928928890672978e-06, "news_discourse_role_prob_2": 2.259299799334258e-05, "news_discourse_role_prob_3": 2.6864838673645863e-06, "news_discourse_role_prob_4": 5.9016809245804325e-05, "news_discourse_role_prob_5": 1.031511328619672e-05, "news_discourse_role_prob_6": 8.97345398698235e-06, "news_discourse_role_prob_7": 3.5346383810974658e-06, "news_discourse_role_prob_8": 7.578109944006428e-07, "previous_discourse_relation": 3, "previous_discourse_relation_prob_comp": 0.000731829961296171, "previous_discourse_relation_prob_cont": 0.0074968719854950905, "previous_discourse_relation_prob_temp": 0.0009115500724874437, "previous_discourse_relation_prob_expan": 0.9908598065376282, "latter_discourse_relation": 3, "latter_discourse_relation_prob_comp": 0.0026416932232677937, "latter_discourse_relation_prob_cont": 0.14240774512290955, "latter_discourse_relation_prob_temp": 0.0010768398642539978, "latter_discourse_relation_prob_expan": 0.8538736701011658}, {"sentence_id": 9, "sentence_start": 989, "sentence_end": 1136, "sentence_text": "Millions of residents still don\u2019t have access to electricity or proper health care, and bacteria in the water have exposed many people to disease.", "sentence_label": "NA", "tokens_list": ["Millions", "of", "residents", "still", "don\u2019t", "have", "access", "to", "electricity", "or", "proper", "health", "care", ",", "and", "bacteria", "in", "the", "water", "have", "exposed", "many", "people", "to", "disease", "."], "tokens_dicts_list": [{"token": "Millions", "start_char": 989, "end_char": 997, "token_label": "NA"}, {"token": "of", "start_char": 998, "end_char": 1000, "token_label": "NA"}, {"token": "residents", "start_char": 1001, "end_char": 1010, "token_label": "NA"}, {"token": "still", "start_char": 1011, "end_char": 1016, "token_label": "NA"}, {"token": "don\u2019t", "start_char": 1017, "end_char": 1022, "token_label": "NA"}, {"token": "have", "start_char": 1023, "end_char": 1027, "token_label": "NA"}, {"token": "access", "start_char": 1028, "end_char": 1034, "token_label": "NA"}, {"token": "to", "start_char": 1035, "end_char": 1037, "token_label": "NA"}, {"token": "electricity", "start_char": 1038, "end_char": 1049, "token_label": "NA"}, {"token": "or", "start_char": 1050, "end_char": 1052, "token_label": "NA"}, {"token": "proper", "start_char": 1053, "end_char": 1059, "token_label": "NA"}, {"token": "health", "start_char": 1060, "end_char": 1066, "token_label": "NA"}, {"token": "care", "start_char": 1067, "end_char": 1071, "token_label": "NA"}, {"token": ",", "start_char": 1071, "end_char": 1072, "token_label": "NA"}, {"token": "and", "start_char": 1073, "end_char": 1076, "token_label": "NA"}, {"token": "bacteria", "start_char": 1077, "end_char": 1085, "token_label": "NA"}, {"token": "in", "start_char": 1086, "end_char": 1088, "token_label": "NA"}, {"token": "the", "start_char": 1089, "end_char": 1092, "token_label": "NA"}, {"token": "water", "start_char": 1093, "end_char": 1098, "token_label": "NA"}, {"token": "have", "start_char": 1099, "end_char": 1103, "token_label": "NA"}, {"token": "exposed", "start_char": 1104, "end_char": 1111, "token_label": "NA"}, {"token": "many", "start_char": 1112, "end_char": 1116, "token_label": "NA"}, {"token": "people", "start_char": 1117, "end_char": 1123, "token_label": "NA"}, {"token": "to", "start_char": 1124, "end_char": 1126, "token_label": "NA"}, {"token": "disease", "start_char": 1127, "end_char": 1134, "token_label": "NA"}, {"token": ".", "start_char": 1134, "end_char": 1135, "token_label": "NA"}], "news_discourse_role": 4, "news_discourse_role_prob_0": 0.00042310141725465655, "news_discourse_role_prob_1": 0.06022656708955765, "news_discourse_role_prob_2": 0.034900277853012085, "news_discourse_role_prob_3": 0.06461251527070999, "news_discourse_role_prob_4": 0.7958841919898987, "news_discourse_role_prob_5": 0.0023853012826293707, "news_discourse_role_prob_6": 0.009953150525689125, "news_discourse_role_prob_7": 0.025709815323352814, "news_discourse_role_prob_8": 0.005905146710574627, "previous_discourse_relation": 3, "previous_discourse_relation_prob_comp": 0.0026416932232677937, "previous_discourse_relation_prob_cont": 0.14240774512290955, "previous_discourse_relation_prob_temp": 0.0010768398642539978, "previous_discourse_relation_prob_expan": 0.8538736701011658, "latter_discourse_relation": 3, "latter_discourse_relation_prob_comp": 0.00015530102245975286, "latter_discourse_relation_prob_cont": 0.0006861023139208555, "latter_discourse_relation_prob_temp": 5.5375498050125316e-05, "latter_discourse_relation_prob_expan": 0.9991031885147095}, {"sentence_id": 10, "sentence_start": 1136, "sentence_end": 1246, "sentence_text": "And calls for help have gone unanswered besides the few willing to travel to the devastated island privately.", "sentence_label": "Loaded_Language", "tokens_list": ["And", "calls", "for", "help", "have", "gone", "unanswered", "besides", "the", "few", "willing", "to", "travel", "to", "the", "devastated", "island", "privately", "."], "tokens_dicts_list": [{"token": "And", "start_char": 1136, "end_char": 1139, "token_label": "NA"}, {"token": "calls", "start_char": 1140, "end_char": 1145, "token_label": "NA"}, {"token": "for", "start_char": 1146, "end_char": 1149, "token_label": "NA"}, {"token": "help", "start_char": 1150, "end_char": 1154, "token_label": "NA"}, {"token": "have", "start_char": 1155, "end_char": 1159, "token_label": "NA"}, {"token": "gone", "start_char": 1160, "end_char": 1164, "token_label": "NA"}, {"token": "unanswered", "start_char": 1165, "end_char": 1175, "token_label": "NA"}, {"token": "besides", "start_char": 1176, "end_char": 1183, "token_label": "NA"}, {"token": "the", "start_char": 1184, "end_char": 1187, "token_label": "NA"}, {"token": "few", "start_char": 1188, "end_char": 1191, "token_label": "NA"}, {"token": "willing", "start_char": 1192, "end_char": 1199, "token_label": "NA"}, {"token": "to", "start_char": 1200, "end_char": 1202, "token_label": "NA"}, {"token": "travel", "start_char": 1203, "end_char": 1209, "token_label": "NA"}, {"token": "to", "start_char": 1210, "end_char": 1212, "token_label": "NA"}, {"token": "the", "start_char": 1213, "end_char": 1216, "token_label": "NA"}, {"token": "devastated", "start_char": 1217, "end_char": 1227, "token_label": "Loaded_Language"}, {"token": "island", "start_char": 1228, "end_char": 1234, "token_label": "NA"}, {"token": "privately", "start_char": 1235, "end_char": 1244, "token_label": "NA"}, {"token": ".", "start_char": 1244, "end_char": 1245, "token_label": "NA"}], "news_discourse_role": 4, "news_discourse_role_prob_0": 0.00013362713798414916, "news_discourse_role_prob_1": 0.020440079271793365, "news_discourse_role_prob_2": 0.023681640625, "news_discourse_role_prob_3": 0.015430554747581482, "news_discourse_role_prob_4": 0.925345242023468, "news_discourse_role_prob_5": 0.0004289755306672305, "news_discourse_role_prob_6": 0.0010582380928099155, "news_discourse_role_prob_7": 0.01281686406582594, "news_discourse_role_prob_8": 0.0006648420239798725, "previous_discourse_relation": 3, "previous_discourse_relation_prob_comp": 0.00015530102245975286, "previous_discourse_relation_prob_cont": 0.0006861023139208555, "previous_discourse_relation_prob_temp": 5.5375498050125316e-05, "previous_discourse_relation_prob_expan": 0.9991031885147095, "latter_discourse_relation": 3, "latter_discourse_relation_prob_comp": 0.15618102252483368, "latter_discourse_relation_prob_cont": 0.02692325972020626, "latter_discourse_relation_prob_temp": 0.002374206902459264, "latter_discourse_relation_prob_expan": 0.8145214915275574}, {"sentence_id": 11, "sentence_start": 1246, "sentence_end": 1425, "sentence_text": "Senator Martin Heinrich (D-NM) along with a handful of other lawmakers are calling on the federal government to continue to provide aid to the post-apocalyptic ravaged territory.", "sentence_label": "Exaggeration,Minimisation", "tokens_list": ["Senator", "Martin", "Heinrich", "(", "D-NM", ")", "along", "with", "a", "handful", "of", "other", "lawmakers", "are", "calling", "on", "the", "federal", "government", "to", "continue", "to", "provide", "aid", "to", "the", "post-apocalyptic", "ravaged", "territory", "."], "tokens_dicts_list": [{"token": "Senator", "start_char": 1246, "end_char": 1253, "token_label": "NA"}, {"token": "Martin", "start_char": 1254, "end_char": 1260, "token_label": "NA"}, {"token": "Heinrich", "start_char": 1261, "end_char": 1269, "token_label": "NA"}, {"token": "(", "start_char": 1270, "end_char": 1271, "token_label": "NA"}, {"token": "D-NM", "start_char": 1271, "end_char": 1275, "token_label": "NA"}, {"token": ")", "start_char": 1275, "end_char": 1276, "token_label": "NA"}, {"token": "along", "start_char": 1277, "end_char": 1282, "token_label": "NA"}, {"token": "with", "start_char": 1283, "end_char": 1287, "token_label": "NA"}, {"token": "a", "start_char": 1288, "end_char": 1289, "token_label": "NA"}, {"token": "handful", "start_char": 1290, "end_char": 1297, "token_label": "NA"}, {"token": "of", "start_char": 1298, "end_char": 1300, "token_label": "NA"}, {"token": "other", "start_char": 1301, "end_char": 1306, "token_label": "NA"}, {"token": "lawmakers", "start_char": 1307, "end_char": 1316, "token_label": "NA"}, {"token": "are", "start_char": 1317, "end_char": 1320, "token_label": "NA"}, {"token": "calling", "start_char": 1321, "end_char": 1328, "token_label": "NA"}, {"token": "on", "start_char": 1329, "end_char": 1331, "token_label": "NA"}, {"token": "the", "start_char": 1332, "end_char": 1335, "token_label": "NA"}, {"token": "federal", "start_char": 1336, "end_char": 1343, "token_label": "NA"}, {"token": "government", "start_char": 1344, "end_char": 1354, "token_label": "NA"}, {"token": "to", "start_char": 1355, "end_char": 1357, "token_label": "NA"}, {"token": "continue", "start_char": 1358, "end_char": 1366, "token_label": "NA"}, {"token": "to", "start_char": 1367, "end_char": 1369, "token_label": "NA"}, {"token": "provide", "start_char": 1370, "end_char": 1377, "token_label": "NA"}, {"token": "aid", "start_char": 1378, "end_char": 1381, "token_label": "NA"}, {"token": "to", "start_char": 1382, "end_char": 1384, "token_label": "NA"}, {"token": "the", "start_char": 1385, "end_char": 1388, "token_label": "Exaggeration,Minimisation"}, {"token": "post-apocalyptic", "start_char": 1389, "end_char": 1405, "token_label": "Exaggeration,Minimisation"}, {"token": "ravaged", "start_char": 1406, "end_char": 1413, "token_label": "Exaggeration,Minimisation"}, {"token": "territory", "start_char": 1414, "end_char": 1423, "token_label": "Exaggeration,Minimisation"}, {"token": ".", "start_char": 1423, "end_char": 1424, "token_label": "NA"}], "news_discourse_role": 7, "news_discourse_role_prob_0": 0.0007585842977277935, "news_discourse_role_prob_1": 0.09026084840297699, "news_discourse_role_prob_2": 0.10058870166540146, "news_discourse_role_prob_3": 0.0053112441673874855, "news_discourse_role_prob_4": 0.2768181264400482, "news_discourse_role_prob_5": 0.0005222648615017533, "news_discourse_role_prob_6": 0.003681149799376726, "news_discourse_role_prob_7": 0.434679239988327, "news_discourse_role_prob_8": 0.0873798355460167, "previous_discourse_relation": 3, "previous_discourse_relation_prob_comp": 0.15618102252483368, "previous_discourse_relation_prob_cont": 0.02692325972020626, "previous_discourse_relation_prob_temp": 0.002374206902459264, "previous_discourse_relation_prob_expan": 0.8145214915275574, "latter_discourse_relation": 3, "latter_discourse_relation_prob_comp": 0.0005188630311749876, "latter_discourse_relation_prob_cont": 0.12077439576387405, "latter_discourse_relation_prob_temp": 0.0011933842906728387, "latter_discourse_relation_prob_expan": 0.8775133490562439}, {"sentence_id": 12, "sentence_start": 1425, "sentence_end": 1570, "sentence_text": "\u201cEven before Hurricanes Irma and Maria hit the U.S. territories, the islands\u2019 health care system was suffering from the ongoing economic crisis.", "sentence_label": "NA", "tokens_list": ["\u201cEven", "before", "Hurricanes", "Irma", "and", "Maria", "hit", "the", "U.S.", "territories", ",", "the", "islands\u2019", "health", "care", "system", "was", "suffering", "from", "the", "ongoing", "economic", "crisis", "."], "tokens_dicts_list": [{"token": "\u201cEven", "start_char": 1425, "end_char": 1430, "token_label": "NA"}, {"token": "before", "start_char": 1431, "end_char": 1437, "token_label": "NA"}, {"token": "Hurricanes", "start_char": 1438, "end_char": 1448, "token_label": "NA"}, {"token": "Irma", "start_char": 1449, "end_char": 1453, "token_label": "NA"}, {"token": "and", "start_char": 1454, "end_char": 1457, "token_label": "NA"}, {"token": "Maria", "start_char": 1458, "end_char": 1463, "token_label": "NA"}, {"token": "hit", "start_char": 1464, "end_char": 1467, "token_label": "NA"}, {"token": "the", "start_char": 1468, "end_char": 1471, "token_label": "NA"}, {"token": "U.S.", "start_char": 1472, "end_char": 1476, "token_label": "NA"}, {"token": "territories", "start_char": 1477, "end_char": 1488, "token_label": "NA"}, {"token": ",", "start_char": 1488, "end_char": 1489, "token_label": "NA"}, {"token": "the", "start_char": 1490, "end_char": 1493, "token_label": "NA"}, {"token": "islands\u2019", "start_char": 1494, "end_char": 1502, "token_label": "NA"}, {"token": "health", "start_char": 1503, "end_char": 1509, "token_label": "NA"}, {"token": "care", "start_char": 1510, "end_char": 1514, "token_label": "NA"}, {"token": "system", "start_char": 1515, "end_char": 1521, "token_label": "NA"}, {"token": "was", "start_char": 1522, "end_char": 1525, "token_label": "NA"}, {"token": "suffering", "start_char": 1526, "end_char": 1535, "token_label": "NA"}, {"token": "from", "start_char": 1536, "end_char": 1540, "token_label": "NA"}, {"token": "the", "start_char": 1541, "end_char": 1544, "token_label": "NA"}, {"token": "ongoing", "start_char": 1545, "end_char": 1552, "token_label": "NA"}, {"token": "economic", "start_char": 1553, "end_char": 1561, "token_label": "NA"}, {"token": "crisis", "start_char": 1562, "end_char": 1568, "token_label": "NA"}, {"token": ".", "start_char": 1568, "end_char": 1569, "token_label": "NA"}], "news_discourse_role": 7, "news_discourse_role_prob_0": 5.92792930547148e-05, "news_discourse_role_prob_1": 0.017491884529590607, "news_discourse_role_prob_2": 0.004143825266510248, "news_discourse_role_prob_3": 0.21820016205310822, "news_discourse_role_prob_4": 0.25349244475364685, "news_discourse_role_prob_5": 0.1854061484336853, "news_discourse_role_prob_6": 0.00517242169007659, "news_discourse_role_prob_7": 0.3125813901424408, "news_discourse_role_prob_8": 0.003452458418905735, "previous_discourse_relation": 3, "previous_discourse_relation_prob_comp": 0.0005188630311749876, "previous_discourse_relation_prob_cont": 0.12077439576387405, "previous_discourse_relation_prob_temp": 0.0011933842906728387, "previous_discourse_relation_prob_expan": 0.8775133490562439, "latter_discourse_relation": 3, "latter_discourse_relation_prob_comp": 0.0005606697523035109, "latter_discourse_relation_prob_cont": 0.020400024950504303, "latter_discourse_relation_prob_temp": 0.0005762716755270958, "latter_discourse_relation_prob_expan": 0.9784629940986633}, {"sentence_id": 13, "sentence_start": 1570, "sentence_end": 1802, "sentence_text": "The islands are grappling with physician shortages, Medicaid programs facing an impending funding cliff, and widespread disparities in Federal health programs\u2014and that was before hurricane season,\u201d the lawmakers stated in a letter.", "sentence_label": "Appeal_to_fear-prejudice", "tokens_list": ["The", "islands", "are", "grappling", "with", "physician", "shortages", ",", "Medicaid", "programs", "facing", "an", "impending", "funding", "cliff", ",", "and", "widespread", "disparities", "in", "Federal", "health", "programs\u2014and", "that", "was", "before", "hurricane", "season", ",", "\u201d", "the", "lawmakers", "stated", "in", "a", "letter", "."], "tokens_dicts_list": [{"token": "The", "start_char": 1570, "end_char": 1573, "token_label": "Appeal_to_fear-prejudice"}, {"token": "islands", "start_char": 1574, "end_char": 1581, "token_label": "Appeal_to_fear-prejudice"}, {"token": "are", "start_char": 1582, "end_char": 1585, "token_label": "Appeal_to_fear-prejudice"}, {"token": "grappling", "start_char": 1586, "end_char": 1595, "token_label": "Appeal_to_fear-prejudice"}, {"token": "with", "start_char": 1596, "end_char": 1600, "token_label": "Appeal_to_fear-prejudice"}, {"token": "physician", "start_char": 1601, "end_char": 1610, "token_label": "Appeal_to_fear-prejudice"}, {"token": "shortages", "start_char": 1611, "end_char": 1620, "token_label": "Appeal_to_fear-prejudice"}, {"token": ",", "start_char": 1620, "end_char": 1621, "token_label": "Appeal_to_fear-prejudice"}, {"token": "Medicaid", "start_char": 1622, "end_char": 1630, "token_label": "Appeal_to_fear-prejudice"}, {"token": "programs", "start_char": 1631, "end_char": 1639, "token_label": "Appeal_to_fear-prejudice"}, {"token": "facing", "start_char": 1640, "end_char": 1646, "token_label": "Appeal_to_fear-prejudice"}, {"token": "an", "start_char": 1647, "end_char": 1649, "token_label": "Appeal_to_fear-prejudice"}, {"token": "impending", "start_char": 1650, "end_char": 1659, "token_label": "Appeal_to_fear-prejudice"}, {"token": "funding", "start_char": 1660, "end_char": 1667, "token_label": "Appeal_to_fear-prejudice"}, {"token": "cliff", "start_char": 1668, "end_char": 1673, "token_label": "Appeal_to_fear-prejudice"}, {"token": ",", "start_char": 1673, "end_char": 1674, "token_label": "Appeal_to_fear-prejudice"}, {"token": "and", "start_char": 1675, "end_char": 1678, "token_label": "Appeal_to_fear-prejudice"}, {"token": "widespread", "start_char": 1679, "end_char": 1689, "token_label": "Appeal_to_fear-prejudice"}, {"token": "disparities", "start_char": 1690, "end_char": 1701, "token_label": "Appeal_to_fear-prejudice"}, {"token": "in", "start_char": 1702, "end_char": 1704, "token_label": "Appeal_to_fear-prejudice"}, {"token": "Federal", "start_char": 1705, "end_char": 1712, "token_label": "Appeal_to_fear-prejudice"}, {"token": "health", "start_char": 1713, "end_char": 1719, "token_label": "Appeal_to_fear-prejudice"}, {"token": "programs\u2014and", "start_char": 1720, "end_char": 1732, "token_label": "Appeal_to_fear-prejudice"}, {"token": "that", "start_char": 1733, "end_char": 1737, "token_label": "Appeal_to_fear-prejudice"}, {"token": "was", "start_char": 1738, "end_char": 1741, "token_label": "Appeal_to_fear-prejudice"}, {"token": "before", "start_char": 1742, "end_char": 1748, "token_label": "Appeal_to_fear-prejudice"}, {"token": "hurricane", "start_char": 1749, "end_char": 1758, "token_label": "Appeal_to_fear-prejudice"}, {"token": "season", "start_char": 1759, "end_char": 1765, "token_label": "Appeal_to_fear-prejudice"}, {"token": ",", "start_char": 1765, "end_char": 1766, "token_label": "NA"}, {"token": "\u201d", "start_char": 1766, "end_char": 1767, "token_label": "NA"}, {"token": "the", "start_char": 1768, "end_char": 1771, "token_label": "NA"}, {"token": "lawmakers", "start_char": 1772, "end_char": 1781, "token_label": "NA"}, {"token": "stated", "start_char": 1782, "end_char": 1788, "token_label": "NA"}, {"token": "in", "start_char": 1789, "end_char": 1791, "token_label": "NA"}, {"token": "a", "start_char": 1792, "end_char": 1793, "token_label": "NA"}, {"token": "letter", "start_char": 1794, "end_char": 1800, "token_label": "NA"}, {"token": ".", "start_char": 1800, "end_char": 1801, "token_label": "NA"}], "news_discourse_role": 4, "news_discourse_role_prob_0": 0.0001949228171724826, "news_discourse_role_prob_1": 0.07689690589904785, "news_discourse_role_prob_2": 0.017878174781799316, "news_discourse_role_prob_3": 0.08992448449134827, "news_discourse_role_prob_4": 0.6420111060142517, "news_discourse_role_prob_5": 0.0036718430928885937, "news_discourse_role_prob_6": 0.00757971964776516, "news_discourse_role_prob_7": 0.14788533747196198, "news_discourse_role_prob_8": 0.013957541435956955, "previous_discourse_relation": 3, "previous_discourse_relation_prob_comp": 0.0005606697523035109, "previous_discourse_relation_prob_cont": 0.020400024950504303, "previous_discourse_relation_prob_temp": 0.0005762716755270958, "previous_discourse_relation_prob_expan": 0.9784629940986633, "latter_discourse_relation": 3, "latter_discourse_relation_prob_comp": 0.03895333409309387, "latter_discourse_relation_prob_cont": 0.06011836230754852, "latter_discourse_relation_prob_temp": 0.00507840421050787, "latter_discourse_relation_prob_expan": 0.8958498239517212}, {"sentence_id": 14, "sentence_start": 1802, "sentence_end": 1987, "sentence_text": "\u201cWe are grateful for the public health emergency declaration in Puerto Rico and the U.S. Virgin Islands, but more can and should be done to help Americans impacted by these disasters.\u201d", "sentence_label": "Flag-Waving", "tokens_list": ["\u201cWe", "are", "grateful", "for", "the", "public", "health", "emergency", "declaration", "in", "Puerto", "Rico", "and", "the", "U.S.", "Virgin", "Islands", ",", "but", "more", "can", "and", "should", "be", "done", "to", "help", "Americans", "impacted", "by", "these", "disasters.\u201d"], "tokens_dicts_list": [{"token": "\u201cWe", "start_char": 1802, "end_char": 1805, "token_label": "NA"}, {"token": "are", "start_char": 1806, "end_char": 1809, "token_label": "NA"}, {"token": "grateful", "start_char": 1810, "end_char": 1818, "token_label": "NA"}, {"token": "for", "start_char": 1819, "end_char": 1822, "token_label": "NA"}, {"token": "the", "start_char": 1823, "end_char": 1826, "token_label": "NA"}, {"token": "public", "start_char": 1827, "end_char": 1833, "token_label": "NA"}, {"token": "health", "start_char": 1834, "end_char": 1840, "token_label": "NA"}, {"token": "emergency", "start_char": 1841, "end_char": 1850, "token_label": "NA"}, {"token": "declaration", "start_char": 1851, "end_char": 1862, "token_label": "NA"}, {"token": "in", "start_char": 1863, "end_char": 1865, "token_label": "NA"}, {"token": "Puerto", "start_char": 1866, "end_char": 1872, "token_label": "NA"}, {"token": "Rico", "start_char": 1873, "end_char": 1877, "token_label": "NA"}, {"token": "and", "start_char": 1878, "end_char": 1881, "token_label": "NA"}, {"token": "the", "start_char": 1882, "end_char": 1885, "token_label": "NA"}, {"token": "U.S.", "start_char": 1886, "end_char": 1890, "token_label": "NA"}, {"token": "Virgin", "start_char": 1891, "end_char": 1897, "token_label": "NA"}, {"token": "Islands", "start_char": 1898, "end_char": 1905, "token_label": "NA"}, {"token": ",", "start_char": 1905, "end_char": 1906, "token_label": "NA"}, {"token": "but", "start_char": 1907, "end_char": 1910, "token_label": "Flag-Waving"}, {"token": "more", "start_char": 1911, "end_char": 1915, "token_label": "Flag-Waving"}, {"token": "can", "start_char": 1916, "end_char": 1919, "token_label": "Flag-Waving"}, {"token": "and", "start_char": 1920, "end_char": 1923, "token_label": "Flag-Waving"}, {"token": "should", "start_char": 1924, "end_char": 1930, "token_label": "Flag-Waving"}, {"token": "be", "start_char": 1931, "end_char": 1933, "token_label": "Flag-Waving"}, {"token": "done", "start_char": 1934, "end_char": 1938, "token_label": "Flag-Waving"}, {"token": "to", "start_char": 1939, "end_char": 1941, "token_label": "Flag-Waving"}, {"token": "help", "start_char": 1942, "end_char": 1946, "token_label": "Flag-Waving"}, {"token": "Americans", "start_char": 1947, "end_char": 1956, "token_label": "Flag-Waving"}, {"token": "impacted", "start_char": 1957, "end_char": 1965, "token_label": "Flag-Waving"}, {"token": "by", "start_char": 1966, "end_char": 1968, "token_label": "Flag-Waving"}, {"token": "these", "start_char": 1969, "end_char": 1974, "token_label": "Flag-Waving"}, {"token": "disasters.\u201d", "start_char": 1975, "end_char": 1986, "token_label": "Flag-Waving"}], "news_discourse_role": 7, "news_discourse_role_prob_0": 0.00031320512061938643, "news_discourse_role_prob_1": 0.03408369421958923, "news_discourse_role_prob_2": 0.0010783772449940443, "news_discourse_role_prob_3": 0.003952114377170801, "news_discourse_role_prob_4": 0.0018333777552470565, "news_discourse_role_prob_5": 0.0005198405706323683, "news_discourse_role_prob_6": 0.00323825073428452, "news_discourse_role_prob_7": 0.893949568271637, "news_discourse_role_prob_8": 0.06103154644370079, "previous_discourse_relation": 3, "previous_discourse_relation_prob_comp": 0.03895333409309387, "previous_discourse_relation_prob_cont": 0.06011836230754852, "previous_discourse_relation_prob_temp": 0.00507840421050787, "previous_discourse_relation_prob_expan": 0.8958498239517212, "latter_discourse_relation": 3, "latter_discourse_relation_prob_comp": 0.0023473904002457857, "latter_discourse_relation_prob_cont": 0.0026470106095075607, "latter_discourse_relation_prob_temp": 0.0006715176859870553, "latter_discourse_relation_prob_expan": 0.9943341016769409}, {"sentence_id": 15, "sentence_start": 1987, "sentence_end": 2194, "sentence_text": "The senators stressed that much of the islands\u2019 power and communication networks are out and, according to the Federal Emergency Management Agency (FEMA), it will take months before power is fully restored.", "sentence_label": "NA", "tokens_list": ["The", "senators", "stressed", "that", "much", "of", "the", "islands\u2019", "power", "and", "communication", "networks", "are", "out", "and", ",", "according", "to", "the", "Federal", "Emergency", "Management", "Agency", "(", "FEMA", ")", ",", "it", "will", "take", "months", "before", "power", "is", "fully", "restored", "."], "tokens_dicts_list": [{"token": "The", "start_char": 1987, "end_char": 1990, "token_label": "NA"}, {"token": "senators", "start_char": 1991, "end_char": 1999, "token_label": "NA"}, {"token": "stressed", "start_char": 2000, "end_char": 2008, "token_label": "NA"}, {"token": "that", "start_char": 2009, "end_char": 2013, "token_label": "NA"}, {"token": "much", "start_char": 2014, "end_char": 2018, "token_label": "NA"}, {"token": "of", "start_char": 2019, "end_char": 2021, "token_label": "NA"}, {"token": "the", "start_char": 2022, "end_char": 2025, "token_label": "NA"}, {"token": "islands\u2019", "start_char": 2026, "end_char": 2034, "token_label": "NA"}, {"token": "power", "start_char": 2035, "end_char": 2040, "token_label": "NA"}, {"token": "and", "start_char": 2041, "end_char": 2044, "token_label": "NA"}, {"token": "communication", "start_char": 2045, "end_char": 2058, "token_label": "NA"}, {"token": "networks", "start_char": 2059, "end_char": 2067, "token_label": "NA"}, {"token": "are", "start_char": 2068, "end_char": 2071, "token_label": "NA"}, {"token": "out", "start_char": 2072, "end_char": 2075, "token_label": "NA"}, {"token": "and", "start_char": 2076, "end_char": 2079, "token_label": "NA"}, {"token": ",", "start_char": 2079, "end_char": 2080, "token_label": "NA"}, {"token": "according", "start_char": 2081, "end_char": 2090, "token_label": "NA"}, {"token": "to", "start_char": 2091, "end_char": 2093, "token_label": "NA"}, {"token": "the", "start_char": 2094, "end_char": 2097, "token_label": "NA"}, {"token": "Federal", "start_char": 2098, "end_char": 2105, "token_label": "NA"}, {"token": "Emergency", "start_char": 2106, "end_char": 2115, "token_label": "NA"}, {"token": "Management", "start_char": 2116, "end_char": 2126, "token_label": "NA"}, {"token": "Agency", "start_char": 2127, "end_char": 2133, "token_label": "NA"}, {"token": "(", "start_char": 2134, "end_char": 2135, "token_label": "NA"}, {"token": "FEMA", "start_char": 2135, "end_char": 2139, "token_label": "NA"}, {"token": ")", "start_char": 2139, "end_char": 2140, "token_label": "NA"}, {"token": ",", "start_char": 2140, "end_char": 2141, "token_label": "NA"}, {"token": "it", "start_char": 2142, "end_char": 2144, "token_label": "NA"}, {"token": "will", "start_char": 2145, "end_char": 2149, "token_label": "NA"}, {"token": "take", "start_char": 2150, "end_char": 2154, "token_label": "NA"}, {"token": "months", "start_char": 2155, "end_char": 2161, "token_label": "NA"}, {"token": "before", "start_char": 2162, "end_char": 2168, "token_label": "NA"}, {"token": "power", "start_char": 2169, "end_char": 2174, "token_label": "NA"}, {"token": "is", "start_char": 2175, "end_char": 2177, "token_label": "NA"}, {"token": "fully", "start_char": 2178, "end_char": 2183, "token_label": "NA"}, {"token": "restored", "start_char": 2184, "end_char": 2192, "token_label": "NA"}, {"token": ".", "start_char": 2192, "end_char": 2193, "token_label": "NA"}], "news_discourse_role": 8, "news_discourse_role_prob_0": 7.2396592258883175e-06, "news_discourse_role_prob_1": 0.0038267604541033506, "news_discourse_role_prob_2": 0.0009981130715459585, "news_discourse_role_prob_3": 0.00036690509296022356, "news_discourse_role_prob_4": 0.012020274065434933, "news_discourse_role_prob_5": 7.174758502515033e-05, "news_discourse_role_prob_6": 0.00019442086340859532, "news_discourse_role_prob_7": 0.0016102783847600222, "news_discourse_role_prob_8": 0.9809044003486633, "previous_discourse_relation": 3, "previous_discourse_relation_prob_comp": 0.0023473904002457857, "previous_discourse_relation_prob_cont": 0.0026470106095075607, "previous_discourse_relation_prob_temp": 0.0006715176859870553, "previous_discourse_relation_prob_expan": 0.9943341016769409, "latter_discourse_relation": 3, "latter_discourse_relation_prob_comp": 0.0006428230553865433, "latter_discourse_relation_prob_cont": 0.009145242162048817, "latter_discourse_relation_prob_temp": 0.0005088860634714365, "latter_discourse_relation_prob_expan": 0.9897029995918274}, {"sentence_id": 16, "sentence_start": 2194, "sentence_end": 2292, "sentence_text": "Hospitals have been forced to prioritize patients, ration services, and forgo elective surgeries.", "sentence_label": "NA", "tokens_list": ["Hospitals", "have", "been", "forced", "to", "prioritize", "patients", ",", "ration", "services", ",", "and", "forgo", "elective", "surgeries", "."], "tokens_dicts_list": [{"token": "Hospitals", "start_char": 2194, "end_char": 2203, "token_label": "NA"}, {"token": "have", "start_char": 2204, "end_char": 2208, "token_label": "NA"}, {"token": "been", "start_char": 2209, "end_char": 2213, "token_label": "NA"}, {"token": "forced", "start_char": 2214, "end_char": 2220, "token_label": "NA"}, {"token": "to", "start_char": 2221, "end_char": 2223, "token_label": "NA"}, {"token": "prioritize", "start_char": 2224, "end_char": 2234, "token_label": "NA"}, {"token": "patients", "start_char": 2235, "end_char": 2243, "token_label": "NA"}, {"token": ",", "start_char": 2243, "end_char": 2244, "token_label": "NA"}, {"token": "ration", "start_char": 2245, "end_char": 2251, "token_label": "NA"}, {"token": "services", "start_char": 2252, "end_char": 2260, "token_label": "NA"}, {"token": ",", "start_char": 2260, "end_char": 2261, "token_label": "NA"}, {"token": "and", "start_char": 2262, "end_char": 2265, "token_label": "NA"}, {"token": "forgo", "start_char": 2266, "end_char": 2271, "token_label": "NA"}, {"token": "elective", "start_char": 2272, "end_char": 2280, "token_label": "NA"}, {"token": "surgeries", "start_char": 2281, "end_char": 2290, "token_label": "NA"}, {"token": ".", "start_char": 2290, "end_char": 2291, "token_label": "NA"}], "news_discourse_role": 4, "news_discourse_role_prob_0": 3.76410098397173e-05, "news_discourse_role_prob_1": 0.0611899271607399, "news_discourse_role_prob_2": 0.11324221640825272, "news_discourse_role_prob_3": 0.02760956808924675, "news_discourse_role_prob_4": 0.7813529372215271, "news_discourse_role_prob_5": 0.0005866583087481558, "news_discourse_role_prob_6": 0.0007115170010365546, "news_discourse_role_prob_7": 0.008239625953137875, "news_discourse_role_prob_8": 0.007029925938695669, "previous_discourse_relation": 3, "previous_discourse_relation_prob_comp": 0.0006428230553865433, "previous_discourse_relation_prob_cont": 0.009145242162048817, "previous_discourse_relation_prob_temp": 0.0005088860634714365, "previous_discourse_relation_prob_expan": 0.9897029995918274, "latter_discourse_relation": 3, "latter_discourse_relation_prob_comp": 0.0013106875121593475, "latter_discourse_relation_prob_cont": 0.006133770104497671, "latter_discourse_relation_prob_temp": 0.0005071827326901257, "latter_discourse_relation_prob_expan": 0.9920483231544495}, {"sentence_id": 17, "sentence_start": 2292, "sentence_end": 2399, "sentence_text": "The power grid\u2019s failure has caused more problems than many anticipated, like the stall of relief efforts.", "sentence_label": "NA", "tokens_list": ["The", "power", "grid\u2019s", "failure", "has", "caused", "more", "problems", "than", "many", "anticipated", ",", "like", "the", "stall", "of", "relief", "efforts", "."], "tokens_dicts_list": [{"token": "The", "start_char": 2292, "end_char": 2295, "token_label": "NA"}, {"token": "power", "start_char": 2296, "end_char": 2301, "token_label": "NA"}, {"token": "grid\u2019s", "start_char": 2302, "end_char": 2308, "token_label": "NA"}, {"token": "failure", "start_char": 2309, "end_char": 2316, "token_label": "NA"}, {"token": "has", "start_char": 2317, "end_char": 2320, "token_label": "NA"}, {"token": "caused", "start_char": 2321, "end_char": 2327, "token_label": "NA"}, {"token": "more", "start_char": 2328, "end_char": 2332, "token_label": "NA"}, {"token": "problems", "start_char": 2333, "end_char": 2341, "token_label": "NA"}, {"token": "than", "start_char": 2342, "end_char": 2346, "token_label": "NA"}, {"token": "many", "start_char": 2347, "end_char": 2351, "token_label": "NA"}, {"token": "anticipated", "start_char": 2352, "end_char": 2363, "token_label": "NA"}, {"token": ",", "start_char": 2363, "end_char": 2364, "token_label": "NA"}, {"token": "like", "start_char": 2365, "end_char": 2369, "token_label": "NA"}, {"token": "the", "start_char": 2370, "end_char": 2373, "token_label": "NA"}, {"token": "stall", "start_char": 2374, "end_char": 2379, "token_label": "NA"}, {"token": "of", "start_char": 2380, "end_char": 2382, "token_label": "NA"}, {"token": "relief", "start_char": 2383, "end_char": 2389, "token_label": "NA"}, {"token": "efforts", "start_char": 2390, "end_char": 2397, "token_label": "NA"}, {"token": ".", "start_char": 2397, "end_char": 2398, "token_label": "NA"}], "news_discourse_role": 7, "news_discourse_role_prob_0": 0.00013316846161615103, "news_discourse_role_prob_1": 0.07120291143655777, "news_discourse_role_prob_2": 0.0032626434694975615, "news_discourse_role_prob_3": 0.19314439594745636, "news_discourse_role_prob_4": 0.06675519049167633, "news_discourse_role_prob_5": 0.0022005627397447824, "news_discourse_role_prob_6": 0.0035727655049413443, "news_discourse_role_prob_7": 0.5833351016044617, "news_discourse_role_prob_8": 0.07639335095882416, "previous_discourse_relation": 3, "previous_discourse_relation_prob_comp": 0.0013106875121593475, "previous_discourse_relation_prob_cont": 0.006133770104497671, "previous_discourse_relation_prob_temp": 0.0005071827326901257, "previous_discourse_relation_prob_expan": 0.9920483231544495, "latter_discourse_relation": 3, "latter_discourse_relation_prob_comp": 0.0001516696356702596, "latter_discourse_relation_prob_cont": 0.0016007686499506235, "latter_discourse_relation_prob_temp": 7.852999260649085e-05, "latter_discourse_relation_prob_expan": 0.9981689453125}, {"sentence_id": 18, "sentence_start": 2399, "sentence_end": 2457, "sentence_text": "Without electricity, communications are non-existent too.", "sentence_label": "NA", "tokens_list": ["Without", "electricity", ",", "communications", "are", "non-existent", "too", "."], "tokens_dicts_list": [{"token": "Without", "start_char": 2399, "end_char": 2406, "token_label": "NA"}, {"token": "electricity", "start_char": 2407, "end_char": 2418, "token_label": "NA"}, {"token": ",", "start_char": 2418, "end_char": 2419, "token_label": "NA"}, {"token": "communications", "start_char": 2420, "end_char": 2434, "token_label": "NA"}, {"token": "are", "start_char": 2435, "end_char": 2438, "token_label": "NA"}, {"token": "non-existent", "start_char": 2439, "end_char": 2451, "token_label": "NA"}, {"token": "too", "start_char": 2452, "end_char": 2455, "token_label": "NA"}, {"token": ".", "start_char": 2455, "end_char": 2456, "token_label": "NA"}], "news_discourse_role": 4, "news_discourse_role_prob_0": 0.00030347469146363437, "news_discourse_role_prob_1": 0.22643354535102844, "news_discourse_role_prob_2": 0.07320423424243927, "news_discourse_role_prob_3": 0.03284374997019768, "news_discourse_role_prob_4": 0.6514436602592468, "news_discourse_role_prob_5": 0.0006190959829837084, "news_discourse_role_prob_6": 0.0049403514713048935, "news_discourse_role_prob_7": 0.003819370176643133, "news_discourse_role_prob_8": 0.006392528302967548, "previous_discourse_relation": 3, "previous_discourse_relation_prob_comp": 0.0001516696356702596, "previous_discourse_relation_prob_cont": 0.0016007686499506235, "previous_discourse_relation_prob_temp": 7.852999260649085e-05, "previous_discourse_relation_prob_expan": 0.9981689453125, "latter_discourse_relation": 3, "latter_discourse_relation_prob_comp": 0.00025043985806405544, "latter_discourse_relation_prob_cont": 0.00725117651745677, "latter_discourse_relation_prob_temp": 0.00015190496924333274, "latter_discourse_relation_prob_expan": 0.9923465251922607}, {"sentence_id": 19, "sentence_start": 2457, "sentence_end": 2655, "sentence_text": "Some 33 days after Hurricane Maria made landfall on Puerto Rico, only 23 percent of residents have electricity, according to Status.pr, which provides daily updates on basic services on the island.", "sentence_label": "NA", "tokens_list": ["Some", "33", "days", "after", "Hurricane", "Maria", "made", "landfall", "on", "Puerto", "Rico", ",", "only", "23", "percent", "of", "residents", "have", "electricity", ",", "according", "to", "Status.pr", ",", "which", "provides", "daily", "updates", "on", "basic", "services", "on", "the", "island", "."], "tokens_dicts_list": [{"token": "Some", "start_char": 2457, "end_char": 2461, "token_label": "NA"}, {"token": "33", "start_char": 2462, "end_char": 2464, "token_label": "NA"}, {"token": "days", "start_char": 2465, "end_char": 2469, "token_label": "NA"}, {"token": "after", "start_char": 2470, "end_char": 2475, "token_label": "NA"}, {"token": "Hurricane", "start_char": 2476, "end_char": 2485, "token_label": "NA"}, {"token": "Maria", "start_char": 2486, "end_char": 2491, "token_label": "NA"}, {"token": "made", "start_char": 2492, "end_char": 2496, "token_label": "NA"}, {"token": "landfall", "start_char": 2497, "end_char": 2505, "token_label": "NA"}, {"token": "on", "start_char": 2506, "end_char": 2508, "token_label": "NA"}, {"token": "Puerto", "start_char": 2509, "end_char": 2515, "token_label": "NA"}, {"token": "Rico", "start_char": 2516, "end_char": 2520, "token_label": "NA"}, {"token": ",", "start_char": 2520, "end_char": 2521, "token_label": "NA"}, {"token": "only", "start_char": 2522, "end_char": 2526, "token_label": "NA"}, {"token": "23", "start_char": 2527, "end_char": 2529, "token_label": "NA"}, {"token": "percent", "start_char": 2530, "end_char": 2537, "token_label": "NA"}, {"token": "of", "start_char": 2538, "end_char": 2540, "token_label": "NA"}, {"token": "residents", "start_char": 2541, "end_char": 2550, "token_label": "NA"}, {"token": "have", "start_char": 2551, "end_char": 2555, "token_label": "NA"}, {"token": "electricity", "start_char": 2556, "end_char": 2567, "token_label": "NA"}, {"token": ",", "start_char": 2567, "end_char": 2568, "token_label": "NA"}, {"token": "according", "start_char": 2569, "end_char": 2578, "token_label": "NA"}, {"token": "to", "start_char": 2579, "end_char": 2581, "token_label": "NA"}, {"token": "Status.pr", "start_char": 2582, "end_char": 2591, "token_label": "NA"}, {"token": ",", "start_char": 2591, "end_char": 2592, "token_label": "NA"}, {"token": "which", "start_char": 2593, "end_char": 2598, "token_label": "NA"}, {"token": "provides", "start_char": 2599, "end_char": 2607, "token_label": "NA"}, {"token": "daily", "start_char": 2608, "end_char": 2613, "token_label": "NA"}, {"token": "updates", "start_char": 2614, "end_char": 2621, "token_label": "NA"}, {"token": "on", "start_char": 2622, "end_char": 2624, "token_label": "NA"}, {"token": "basic", "start_char": 2625, "end_char": 2630, "token_label": "NA"}, {"token": "services", "start_char": 2631, "end_char": 2639, "token_label": "NA"}, {"token": "on", "start_char": 2640, "end_char": 2642, "token_label": "NA"}, {"token": "the", "start_char": 2643, "end_char": 2646, "token_label": "NA"}, {"token": "island", "start_char": 2647, "end_char": 2653, "token_label": "NA"}, {"token": ".", "start_char": 2653, "end_char": 2654, "token_label": "NA"}], "news_discourse_role": 4, "news_discourse_role_prob_0": 5.161360149941174e-06, "news_discourse_role_prob_1": 0.004052417818456888, "news_discourse_role_prob_2": 0.0027857262175530195, "news_discourse_role_prob_3": 0.004792708903551102, "news_discourse_role_prob_4": 0.9877204298973083, "news_discourse_role_prob_5": 0.0004059617640450597, "news_discourse_role_prob_6": 3.1334937375504524e-05, "news_discourse_role_prob_7": 0.00013205465802457184, "news_discourse_role_prob_8": 7.419593748636544e-05, "previous_discourse_relation": 3, "previous_discourse_relation_prob_comp": 0.00025043985806405544, "previous_discourse_relation_prob_cont": 0.00725117651745677, "previous_discourse_relation_prob_temp": 0.00015190496924333274, "previous_discourse_relation_prob_expan": 0.9923465251922607, "latter_discourse_relation": 3, "latter_discourse_relation_prob_comp": 0.021466346457600594, "latter_discourse_relation_prob_cont": 0.04466594010591507, "latter_discourse_relation_prob_temp": 0.0007278303964994848, "latter_discourse_relation_prob_expan": 0.9331398606300354}, {"sentence_id": 20, "sentence_start": 2655, "sentence_end": 2876, "sentence_text": "While there are still other problems as well, such as gas stations being slow to reopen, and roads getting badly damaged, the power grid\u2019s utter annihilation in the category 4 winds is not just a temporary inconvenience.", "sentence_label": "Exaggeration,Minimisation", "tokens_list": ["While", "there", "are", "still", "other", "problems", "as", "well", ",", "such", "as", "gas", "stations", "being", "slow", "to", "reopen", ",", "and", "roads", "getting", "badly", "damaged", ",", "the", "power", "grid\u2019s", "utter", "annihilation", "in", "the", "category", "4", "winds", "is", "not", "just", "a", "temporary", "inconvenience", "."], "tokens_dicts_list": [{"token": "While", "start_char": 2655, "end_char": 2660, "token_label": "NA"}, {"token": "there", "start_char": 2661, "end_char": 2666, "token_label": "NA"}, {"token": "are", "start_char": 2667, "end_char": 2670, "token_label": "NA"}, {"token": "still", "start_char": 2671, "end_char": 2676, "token_label": "NA"}, {"token": "other", "start_char": 2677, "end_char": 2682, "token_label": "NA"}, {"token": "problems", "start_char": 2683, "end_char": 2691, "token_label": "NA"}, {"token": "as", "start_char": 2692, "end_char": 2694, "token_label": "NA"}, {"token": "well", "start_char": 2695, "end_char": 2699, "token_label": "NA"}, {"token": ",", "start_char": 2699, "end_char": 2700, "token_label": "NA"}, {"token": "such", "start_char": 2701, "end_char": 2705, "token_label": "NA"}, {"token": "as", "start_char": 2706, "end_char": 2708, "token_label": "NA"}, {"token": "gas", "start_char": 2709, "end_char": 2712, "token_label": "NA"}, {"token": "stations", "start_char": 2713, "end_char": 2721, "token_label": "NA"}, {"token": "being", "start_char": 2722, "end_char": 2727, "token_label": "NA"}, {"token": "slow", "start_char": 2728, "end_char": 2732, "token_label": "NA"}, {"token": "to", "start_char": 2733, "end_char": 2735, "token_label": "NA"}, {"token": "reopen", "start_char": 2736, "end_char": 2742, "token_label": "NA"}, {"token": ",", "start_char": 2742, "end_char": 2743, "token_label": "NA"}, {"token": "and", "start_char": 2744, "end_char": 2747, "token_label": "NA"}, {"token": "roads", "start_char": 2748, "end_char": 2753, "token_label": "NA"}, {"token": "getting", "start_char": 2754, "end_char": 2761, "token_label": "NA"}, {"token": "badly", "start_char": 2762, "end_char": 2767, "token_label": "NA"}, {"token": "damaged", "start_char": 2768, "end_char": 2775, "token_label": "NA"}, {"token": ",", "start_char": 2775, "end_char": 2776, "token_label": "NA"}, {"token": "the", "start_char": 2777, "end_char": 2780, "token_label": "Exaggeration,Minimisation"}, {"token": "power", "start_char": 2781, "end_char": 2786, "token_label": "Exaggeration,Minimisation"}, {"token": "grid\u2019s", "start_char": 2787, "end_char": 2793, "token_label": "Exaggeration,Minimisation"}, {"token": "utter", "start_char": 2794, "end_char": 2799, "token_label": "Exaggeration,Minimisation"}, {"token": "annihilation", "start_char": 2800, "end_char": 2812, "token_label": "Exaggeration,Minimisation"}, {"token": "in", "start_char": 2813, "end_char": 2815, "token_label": "NA"}, {"token": "the", "start_char": 2816, "end_char": 2819, "token_label": "NA"}, {"token": "category", "start_char": 2820, "end_char": 2828, "token_label": "NA"}, {"token": "4", "start_char": 2829, "end_char": 2830, "token_label": "NA"}, {"token": "winds", "start_char": 2831, "end_char": 2836, "token_label": "NA"}, {"token": "is", "start_char": 2837, "end_char": 2839, "token_label": "NA"}, {"token": "not", "start_char": 2840, "end_char": 2843, "token_label": "NA"}, {"token": "just", "start_char": 2844, "end_char": 2848, "token_label": "NA"}, {"token": "a", "start_char": 2849, "end_char": 2850, "token_label": "NA"}, {"token": "temporary", "start_char": 2851, "end_char": 2860, "token_label": "NA"}, {"token": "inconvenience", "start_char": 2861, "end_char": 2874, "token_label": "NA"}, {"token": ".", "start_char": 2874, "end_char": 2875, "token_label": "NA"}], "news_discourse_role": 7, "news_discourse_role_prob_0": 0.0004232999635860324, "news_discourse_role_prob_1": 0.09479054063558578, "news_discourse_role_prob_2": 0.005564579740166664, "news_discourse_role_prob_3": 0.04547948017716408, "news_discourse_role_prob_4": 0.10745179653167725, "news_discourse_role_prob_5": 0.0014735249569639564, "news_discourse_role_prob_6": 0.006609529256820679, "news_discourse_role_prob_7": 0.49011096358299255, "news_discourse_role_prob_8": 0.24809619784355164, "previous_discourse_relation": 3, "previous_discourse_relation_prob_comp": 0.021466346457600594, "previous_discourse_relation_prob_cont": 0.04466594010591507, "previous_discourse_relation_prob_temp": 0.0007278303964994848, "previous_discourse_relation_prob_expan": 0.9331398606300354, "latter_discourse_relation": 3, "latter_discourse_relation_prob_comp": 0.0020846999250352383, "latter_discourse_relation_prob_cont": 0.07617921382188797, "latter_discourse_relation_prob_temp": 5.7366458349861205e-05, "latter_discourse_relation_prob_expan": 0.9216787219047546}, {"sentence_id": 21, "sentence_start": 2876, "sentence_end": 2994, "sentence_text": "The different ways that the lack of electricity can set off a cascade of other crises is becoming increasingly clear.", "sentence_label": "NA", "tokens_list": ["The", "different", "ways", "that", "the", "lack", "of", "electricity", "can", "set", "off", "a", "cascade", "of", "other", "crises", "is", "becoming", "increasingly", "clear", "."], "tokens_dicts_list": [{"token": "The", "start_char": 2876, "end_char": 2879, "token_label": "NA"}, {"token": "different", "start_char": 2880, "end_char": 2889, "token_label": "NA"}, {"token": "ways", "start_char": 2890, "end_char": 2894, "token_label": "NA"}, {"token": "that", "start_char": 2895, "end_char": 2899, "token_label": "NA"}, {"token": "the", "start_char": 2900, "end_char": 2903, "token_label": "NA"}, {"token": "lack", "start_char": 2904, "end_char": 2908, "token_label": "NA"}, {"token": "of", "start_char": 2909, "end_char": 2911, "token_label": "NA"}, {"token": "electricity", "start_char": 2912, "end_char": 2923, "token_label": "NA"}, {"token": "can", "start_char": 2924, "end_char": 2927, "token_label": "NA"}, {"token": "set", "start_char": 2928, "end_char": 2931, "token_label": "NA"}, {"token": "off", "start_char": 2932, "end_char": 2935, "token_label": "NA"}, {"token": "a", "start_char": 2936, "end_char": 2937, "token_label": "NA"}, {"token": "cascade", "start_char": 2938, "end_char": 2945, "token_label": "NA"}, {"token": "of", "start_char": 2946, "end_char": 2948, "token_label": "NA"}, {"token": "other", "start_char": 2949, "end_char": 2954, "token_label": "NA"}, {"token": "crises", "start_char": 2955, "end_char": 2961, "token_label": "NA"}, {"token": "is", "start_char": 2962, "end_char": 2964, "token_label": "NA"}, {"token": "becoming", "start_char": 2965, "end_char": 2973, "token_label": "NA"}, {"token": "increasingly", "start_char": 2974, "end_char": 2986, "token_label": "NA"}, {"token": "clear", "start_char": 2987, "end_char": 2992, "token_label": "NA"}, {"token": ".", "start_char": 2992, "end_char": 2993, "token_label": "NA"}], "news_discourse_role": 7, "news_discourse_role_prob_0": 0.00011088346946053207, "news_discourse_role_prob_1": 0.0756634920835495, "news_discourse_role_prob_2": 0.0032170957420021296, "news_discourse_role_prob_3": 0.10339052975177765, "news_discourse_role_prob_4": 0.30427348613739014, "news_discourse_role_prob_5": 0.004484968725591898, "news_discourse_role_prob_6": 0.0012713344767689705, "news_discourse_role_prob_7": 0.4800122082233429, "news_discourse_role_prob_8": 0.027576014399528503, "previous_discourse_relation": 3, "previous_discourse_relation_prob_comp": 0.0020846999250352383, "previous_discourse_relation_prob_cont": 0.07617921382188797, "previous_discourse_relation_prob_temp": 5.7366458349861205e-05, "previous_discourse_relation_prob_expan": 0.9216787219047546, "latter_discourse_relation": 3, "latter_discourse_relation_prob_comp": 0.00017498222587164491, "latter_discourse_relation_prob_cont": 0.01028809230774641, "latter_discourse_relation_prob_temp": 9.95857481029816e-05, "latter_discourse_relation_prob_expan": 0.9894373416900635}, {"sentence_id": 22, "sentence_start": 2994, "sentence_end": 3141, "sentence_text": "A giant government-owned hospital ship, the USNS Comfort, arrived in Puerto Rico weeks ago to help out, but many people don\u2019t know about the ship.", "sentence_label": "NA", "tokens_list": ["A", "giant", "government-owned", "hospital", "ship", ",", "the", "USNS", "Comfort", ",", "arrived", "in", "Puerto", "Rico", "weeks", "ago", "to", "help", "out", ",", "but", "many", "people", "don\u2019t", "know", "about", "the", "ship", "."], "tokens_dicts_list": [{"token": "A", "start_char": 2994, "end_char": 2995, "token_label": "NA"}, {"token": "giant", "start_char": 2996, "end_char": 3001, "token_label": "NA"}, {"token": "government-owned", "start_char": 3002, "end_char": 3018, "token_label": "NA"}, {"token": "hospital", "start_char": 3019, "end_char": 3027, "token_label": "NA"}, {"token": "ship", "start_char": 3028, "end_char": 3032, "token_label": "NA"}, {"token": ",", "start_char": 3032, "end_char": 3033, "token_label": "NA"}, {"token": "the", "start_char": 3034, "end_char": 3037, "token_label": "NA"}, {"token": "USNS", "start_char": 3038, "end_char": 3042, "token_label": "NA"}, {"token": "Comfort", "start_char": 3043, "end_char": 3050, "token_label": "NA"}, {"token": ",", "start_char": 3050, "end_char": 3051, "token_label": "NA"}, {"token": "arrived", "start_char": 3052, "end_char": 3059, "token_label": "NA"}, {"token": "in", "start_char": 3060, "end_char": 3062, "token_label": "NA"}, {"token": "Puerto", "start_char": 3063, "end_char": 3069, "token_label": "NA"}, {"token": "Rico", "start_char": 3070, "end_char": 3074, "token_label": "NA"}, {"token": "weeks", "start_char": 3075, "end_char": 3080, "token_label": "NA"}, {"token": "ago", "start_char": 3081, "end_char": 3084, "token_label": "NA"}, {"token": "to", "start_char": 3085, "end_char": 3087, "token_label": "NA"}, {"token": "help", "start_char": 3088, "end_char": 3092, "token_label": "NA"}, {"token": "out", "start_char": 3093, "end_char": 3096, "token_label": "NA"}, {"token": ",", "start_char": 3096, "end_char": 3097, "token_label": "NA"}, {"token": "but", "start_char": 3098, "end_char": 3101, "token_label": "NA"}, {"token": "many", "start_char": 3102, "end_char": 3106, "token_label": "NA"}, {"token": "people", "start_char": 3107, "end_char": 3113, "token_label": "NA"}, {"token": "don\u2019t", "start_char": 3114, "end_char": 3119, "token_label": "NA"}, {"token": "know", "start_char": 3120, "end_char": 3124, "token_label": "NA"}, {"token": "about", "start_char": 3125, "end_char": 3130, "token_label": "NA"}, {"token": "the", "start_char": 3131, "end_char": 3134, "token_label": "NA"}, {"token": "ship", "start_char": 3135, "end_char": 3139, "token_label": "NA"}, {"token": ".", "start_char": 3139, "end_char": 3140, "token_label": "NA"}], "news_discourse_role": 5, "news_discourse_role_prob_0": 3.845030005322769e-05, "news_discourse_role_prob_1": 0.0003917441063094884, "news_discourse_role_prob_2": 0.000458745431387797, "news_discourse_role_prob_3": 0.03232118859887123, "news_discourse_role_prob_4": 0.32413873076438904, "news_discourse_role_prob_5": 0.6417916417121887, "news_discourse_role_prob_6": 0.00017535508959554136, "news_discourse_role_prob_7": 0.000606275163590908, "news_discourse_role_prob_8": 7.788641232764348e-05, "previous_discourse_relation": 3, "previous_discourse_relation_prob_comp": 0.00017498222587164491, "previous_discourse_relation_prob_cont": 0.01028809230774641, "previous_discourse_relation_prob_temp": 9.95857481029816e-05, "previous_discourse_relation_prob_expan": 0.9894373416900635, "latter_discourse_relation": 3, "latter_discourse_relation_prob_comp": 0.0006181109347380698, "latter_discourse_relation_prob_cont": 0.013491208665072918, "latter_discourse_relation_prob_temp": 0.00023126455198507756, "latter_discourse_relation_prob_expan": 0.9856593608856201}, {"sentence_id": 23, "sentence_start": 3141, "sentence_end": 3195, "sentence_text": "Without electricity, most cell phone towers are down.", "sentence_label": "NA", "tokens_list": ["Without", "electricity", ",", "most", "cell", "phone", "towers", "are", "down", "."], "tokens_dicts_list": [{"token": "Without", "start_char": 3141, "end_char": 3148, "token_label": "NA"}, {"token": "electricity", "start_char": 3149, "end_char": 3160, "token_label": "NA"}, {"token": ",", "start_char": 3160, "end_char": 3161, "token_label": "NA"}, {"token": "most", "start_char": 3162, "end_char": 3166, "token_label": "NA"}, {"token": "cell", "start_char": 3167, "end_char": 3171, "token_label": "NA"}, {"token": "phone", "start_char": 3172, "end_char": 3177, "token_label": "NA"}, {"token": "towers", "start_char": 3178, "end_char": 3184, "token_label": "NA"}, {"token": "are", "start_char": 3185, "end_char": 3188, "token_label": "NA"}, {"token": "down", "start_char": 3189, "end_char": 3193, "token_label": "NA"}, {"token": ".", "start_char": 3193, "end_char": 3194, "token_label": "NA"}], "news_discourse_role": 4, "news_discourse_role_prob_0": 0.00010071723954752088, "news_discourse_role_prob_1": 0.0966591015458107, "news_discourse_role_prob_2": 0.09984038025140762, "news_discourse_role_prob_3": 0.013637677766382694, "news_discourse_role_prob_4": 0.7841676473617554, "news_discourse_role_prob_5": 0.0005477771628648043, "news_discourse_role_prob_6": 0.002660216297954321, "news_discourse_role_prob_7": 0.001552002620883286, "news_discourse_role_prob_8": 0.0008345855167135596, "previous_discourse_relation": 3, "previous_discourse_relation_prob_comp": 0.0006181109347380698, "previous_discourse_relation_prob_cont": 0.013491208665072918, "previous_discourse_relation_prob_temp": 0.00023126455198507756, "previous_discourse_relation_prob_expan": 0.9856593608856201, "latter_discourse_relation": 3, "latter_discourse_relation_prob_comp": 0.0011167217744514346, "latter_discourse_relation_prob_cont": 0.003937136847525835, "latter_discourse_relation_prob_temp": 0.00015338246885221452, "latter_discourse_relation_prob_expan": 0.9947927594184875}, {"sentence_id": 24, "sentence_start": 3195, "sentence_end": 3360, "sentence_text": "But even if communications were working, residents can\u2019t get to the port, as many of the island\u2019s roads are impassable and most are without gasoline to power a car.", "sentence_label": "NA", "tokens_list": ["But", "even", "if", "communications", "were", "working", ",", "residents", "can\u2019t", "get", "to", "the", "port", ",", "as", "many", "of", "the", "island\u2019s", "roads", "are", "impassable", "and", "most", "are", "without", "gasoline", "to", "power", "a", "car", "."], "tokens_dicts_list": [{"token": "But", "start_char": 3195, "end_char": 3198, "token_label": "NA"}, {"token": "even", "start_char": 3199, "end_char": 3203, "token_label": "NA"}, {"token": "if", "start_char": 3204, "end_char": 3206, "token_label": "NA"}, {"token": "communications", "start_char": 3207, "end_char": 3221, "token_label": "NA"}, {"token": "were", "start_char": 3222, "end_char": 3226, "token_label": "NA"}, {"token": "working", "start_char": 3227, "end_char": 3234, "token_label": "NA"}, {"token": ",", "start_char": 3234, "end_char": 3235, "token_label": "NA"}, {"token": "residents", "start_char": 3236, "end_char": 3245, "token_label": "NA"}, {"token": "can\u2019t", "start_char": 3246, "end_char": 3251, "token_label": "NA"}, {"token": "get", "start_char": 3252, "end_char": 3255, "token_label": "NA"}, {"token": "to", "start_char": 3256, "end_char": 3258, "token_label": "NA"}, {"token": "the", "start_char": 3259, "end_char": 3262, "token_label": "NA"}, {"token": "port", "start_char": 3263, "end_char": 3267, "token_label": "NA"}, {"token": ",", "start_char": 3267, "end_char": 3268, "token_label": "NA"}, {"token": "as", "start_char": 3269, "end_char": 3271, "token_label": "NA"}, {"token": "many", "start_char": 3272, "end_char": 3276, "token_label": "NA"}, {"token": "of", "start_char": 3277, "end_char": 3279, "token_label": "NA"}, {"token": "the", "start_char": 3280, "end_char": 3283, "token_label": "NA"}, {"token": "island\u2019s", "start_char": 3284, "end_char": 3292, "token_label": "NA"}, {"token": "roads", "start_char": 3293, "end_char": 3298, "token_label": "NA"}, {"token": "are", "start_char": 3299, "end_char": 3302, "token_label": "NA"}, {"token": "impassable", "start_char": 3303, "end_char": 3313, "token_label": "NA"}, {"token": "and", "start_char": 3314, "end_char": 3317, "token_label": "NA"}, {"token": "most", "start_char": 3318, "end_char": 3322, "token_label": "NA"}, {"token": "are", "start_char": 3323, "end_char": 3326, "token_label": "NA"}, {"token": "without", "start_char": 3327, "end_char": 3334, "token_label": "NA"}, {"token": "gasoline", "start_char": 3335, "end_char": 3343, "token_label": "NA"}, {"token": "to", "start_char": 3344, "end_char": 3346, "token_label": "NA"}, {"token": "power", "start_char": 3347, "end_char": 3352, "token_label": "NA"}, {"token": "a", "start_char": 3353, "end_char": 3354, "token_label": "NA"}, {"token": "car", "start_char": 3355, "end_char": 3358, "token_label": "NA"}, {"token": ".", "start_char": 3358, "end_char": 3359, "token_label": "NA"}], "news_discourse_role": 4, "news_discourse_role_prob_0": 2.319349914614577e-05, "news_discourse_role_prob_1": 0.03866833448410034, "news_discourse_role_prob_2": 0.027250731363892555, "news_discourse_role_prob_3": 0.016350381076335907, "news_discourse_role_prob_4": 0.899069607257843, "news_discourse_role_prob_5": 0.0008111486095003784, "news_discourse_role_prob_6": 0.003294222056865692, "news_discourse_role_prob_7": 0.00850690808147192, "news_discourse_role_prob_8": 0.006025421898812056, "previous_discourse_relation": 3, "previous_discourse_relation_prob_comp": 0.0011167217744514346, "previous_discourse_relation_prob_cont": 0.003937136847525835, "previous_discourse_relation_prob_temp": 0.00015338246885221452, "previous_discourse_relation_prob_expan": 0.9947927594184875, "latter_discourse_relation": 3, "latter_discourse_relation_prob_comp": 0.005439727101475, "latter_discourse_relation_prob_cont": 0.010522146709263325, "latter_discourse_relation_prob_temp": 0.0004491204454097897, "latter_discourse_relation_prob_expan": 0.9835890531539917}, {"sentence_id": 25, "sentence_start": 3360, "sentence_end": 3511, "sentence_text": "The ship has extensive space and equipment for trauma care and a large staff, but CNN reported that as of last Tuesday, only 33 of 250 beds were full.", "sentence_label": "NA", "tokens_list": ["The", "ship", "has", "extensive", "space", "and", "equipment", "for", "trauma", "care", "and", "a", "large", "staff", ",", "but", "CNN", "reported", "that", "as", "of", "last", "Tuesday", ",", "only", "33", "of", "250", "beds", "were", "full", "."], "tokens_dicts_list": [{"token": "The", "start_char": 3360, "end_char": 3363, "token_label": "NA"}, {"token": "ship", "start_char": 3364, "end_char": 3368, "token_label": "NA"}, {"token": "has", "start_char": 3369, "end_char": 3372, "token_label": "NA"}, {"token": "extensive", "start_char": 3373, "end_char": 3382, "token_label": "NA"}, {"token": "space", "start_char": 3383, "end_char": 3388, "token_label": "NA"}, {"token": "and", "start_char": 3389, "end_char": 3392, "token_label": "NA"}, {"token": "equipment", "start_char": 3393, "end_char": 3402, "token_label": "NA"}, {"token": "for", "start_char": 3403, "end_char": 3406, "token_label": "NA"}, {"token": "trauma", "start_char": 3407, "end_char": 3413, "token_label": "NA"}, {"token": "care", "start_char": 3414, "end_char": 3418, "token_label": "NA"}, {"token": "and", "start_char": 3419, "end_char": 3422, "token_label": "NA"}, {"token": "a", "start_char": 3423, "end_char": 3424, "token_label": "NA"}, {"token": "large", "start_char": 3425, "end_char": 3430, "token_label": "NA"}, {"token": "staff", "start_char": 3431, "end_char": 3436, "token_label": "NA"}, {"token": ",", "start_char": 3436, "end_char": 3437, "token_label": "NA"}, {"token": "but", "start_char": 3438, "end_char": 3441, "token_label": "NA"}, {"token": "CNN", "start_char": 3442, "end_char": 3445, "token_label": "NA"}, {"token": "reported", "start_char": 3446, "end_char": 3454, "token_label": "NA"}, {"token": "that", "start_char": 3455, "end_char": 3459, "token_label": "NA"}, {"token": "as", "start_char": 3460, "end_char": 3462, "token_label": "NA"}, {"token": "of", "start_char": 3463, "end_char": 3465, "token_label": "NA"}, {"token": "last", "start_char": 3466, "end_char": 3470, "token_label": "NA"}, {"token": "Tuesday", "start_char": 3471, "end_char": 3478, "token_label": "NA"}, {"token": ",", "start_char": 3478, "end_char": 3479, "token_label": "NA"}, {"token": "only", "start_char": 3480, "end_char": 3484, "token_label": "NA"}, {"token": "33", "start_char": 3485, "end_char": 3487, "token_label": "NA"}, {"token": "of", "start_char": 3488, "end_char": 3490, "token_label": "NA"}, {"token": "250", "start_char": 3491, "end_char": 3494, "token_label": "NA"}, {"token": "beds", "start_char": 3495, "end_char": 3499, "token_label": "NA"}, {"token": "were", "start_char": 3500, "end_char": 3504, "token_label": "NA"}, {"token": "full", "start_char": 3505, "end_char": 3509, "token_label": "NA"}, {"token": ".", "start_char": 3509, "end_char": 3510, "token_label": "NA"}], "news_discourse_role": 4, "news_discourse_role_prob_0": 3.6732799344463274e-06, "news_discourse_role_prob_1": 0.0027631460689008236, "news_discourse_role_prob_2": 0.003046971745789051, "news_discourse_role_prob_3": 0.0015104009071364999, "news_discourse_role_prob_4": 0.9919716119766235, "news_discourse_role_prob_5": 9.407969628227875e-05, "news_discourse_role_prob_6": 2.190064151363913e-05, "news_discourse_role_prob_7": 0.0003680601657833904, "news_discourse_role_prob_8": 0.0002201542811235413, "previous_discourse_relation": 3, "previous_discourse_relation_prob_comp": 0.005439727101475, "previous_discourse_relation_prob_cont": 0.010522146709263325, "previous_discourse_relation_prob_temp": 0.0004491204454097897, "previous_discourse_relation_prob_expan": 0.9835890531539917, "latter_discourse_relation": 3, "latter_discourse_relation_prob_comp": 0.0047110943123698235, "latter_discourse_relation_prob_cont": 0.18167732656002045, "latter_discourse_relation_prob_temp": 0.0004814976709894836, "latter_discourse_relation_prob_expan": 0.8131301403045654}, {"sentence_id": 26, "sentence_start": 3511, "sentence_end": 3639, "sentence_text": "The looming crisis seems to be getting worse, not better, and Puerto Rico is experiencing a medical crisis of epic proportions.", "sentence_label": "Loaded_Language", "tokens_list": ["The", "looming", "crisis", "seems", "to", "be", "getting", "worse", ",", "not", "better", ",", "and", "Puerto", "Rico", "is", "experiencing", "a", "medical", "crisis", "of", "epic", "proportions", "."], "tokens_dicts_list": [{"token": "The", "start_char": 3511, "end_char": 3514, "token_label": "NA"}, {"token": "looming", "start_char": 3515, "end_char": 3522, "token_label": "Loaded_Language"}, {"token": "crisis", "start_char": 3523, "end_char": 3529, "token_label": "Loaded_Language"}, {"token": "seems", "start_char": 3530, "end_char": 3535, "token_label": "NA"}, {"token": "to", "start_char": 3536, "end_char": 3538, "token_label": "NA"}, {"token": "be", "start_char": 3539, "end_char": 3541, "token_label": "NA"}, {"token": "getting", "start_char": 3542, "end_char": 3549, "token_label": "NA"}, {"token": "worse", "start_char": 3550, "end_char": 3555, "token_label": "NA"}, {"token": ",", "start_char": 3555, "end_char": 3556, "token_label": "NA"}, {"token": "not", "start_char": 3557, "end_char": 3560, "token_label": "NA"}, {"token": "better", "start_char": 3561, "end_char": 3567, "token_label": "NA"}, {"token": ",", "start_char": 3567, "end_char": 3568, "token_label": "NA"}, {"token": "and", "start_char": 3569, "end_char": 3572, "token_label": "NA"}, {"token": "Puerto", "start_char": 3573, "end_char": 3579, "token_label": "NA"}, {"token": "Rico", "start_char": 3580, "end_char": 3584, "token_label": "NA"}, {"token": "is", "start_char": 3585, "end_char": 3587, "token_label": "NA"}, {"token": "experiencing", "start_char": 3588, "end_char": 3600, "token_label": "NA"}, {"token": "a", "start_char": 3601, "end_char": 3602, "token_label": "NA"}, {"token": "medical", "start_char": 3603, "end_char": 3610, "token_label": "NA"}, {"token": "crisis", "start_char": 3611, "end_char": 3617, "token_label": "NA"}, {"token": "of", "start_char": 3618, "end_char": 3620, "token_label": "NA"}, {"token": "epic", "start_char": 3621, "end_char": 3625, "token_label": "NA"}, {"token": "proportions", "start_char": 3626, "end_char": 3637, "token_label": "NA"}, {"token": ".", "start_char": 3637, "end_char": 3638, "token_label": "NA"}], "news_discourse_role": 1, "news_discourse_role_prob_0": 0.00037890046951361, "news_discourse_role_prob_1": 0.6079607009887695, "news_discourse_role_prob_2": 0.004290629643946886, "news_discourse_role_prob_3": 0.12810032069683075, "news_discourse_role_prob_4": 0.033845964819192886, "news_discourse_role_prob_5": 0.0015373118221759796, "news_discourse_role_prob_6": 0.0016764532774686813, "news_discourse_role_prob_7": 0.20714367926120758, "news_discourse_role_prob_8": 0.015066095627844334, "previous_discourse_relation": 3, "previous_discourse_relation_prob_comp": 0.0047110943123698235, "previous_discourse_relation_prob_cont": 0.18167732656002045, "previous_discourse_relation_prob_temp": 0.0004814976709894836, "previous_discourse_relation_prob_expan": 0.8131301403045654, "latter_discourse_relation": -1}]}